# Created by SubDrag and the GoldenEye Setup Editor V4.4
mtllib Gun0009.mtl
#joint 0
#jointposition 0.000000 -20.375574 -74.143860
#joint 1
#jointposition -0.126130 -34.500000 -403.726105
#joint 2
#jointposition 0.000000 -20.375574 -74.143860
#joint 3
#jointposition 28.404760 -54.346611 -32.664295
#joint 4
#jointposition 50.075203 -78.841194 -10.664248
#joint 5
#jointposition 28.643808 -16.714527 20.778549
#joint 6
#jointposition 26.518341 -24.155291 60.154758
#joint 7
#jointposition 24.862719 -25.637974 87.085503
#joint 8
#jointposition 8.820322 -11.296313 21.695198
#joint 9
#jointposition 8.668717 -23.348385 71.418152
#joint 10
#jointposition 7.570724 -26.182207 98.349426
#joint 11
#jointposition -7.449821 -15.536673 21.601517
#joint 12
#jointposition -6.777197 -21.532187 62.353848
#joint 13
#jointposition -6.290760 -23.494061 85.077034
#joint 14
#jointposition -23.590879 -23.057791 21.828247
#joint 15
#jointposition -21.894306 -25.130569 56.929543
#joint 16
#jointposition -20.740978 -24.727604 74.077179
#joint 17
#jointposition 234.474915 -34.500000 -403.725983
#joint 18
#jointposition 234.348785 -20.375599 -74.143890
#joint 19
#jointposition 205.943985 -54.346600 -32.664291
#joint 20
#jointposition 184.273590 -78.841202 -10.664192
#joint 21
#jointposition 205.704987 -16.714600 20.778511
#joint 22
#jointposition 207.830490 -24.155300 60.154812
#joint 23
#jointposition 209.561584 -25.811800 87.094810
#joint 24
#jointposition 225.528473 -11.296299 21.695213
#joint 25
#jointposition 225.680069 -23.348400 71.418114
#joint 26
#jointposition 226.778076 -26.182199 98.349411
#joint 27
#jointposition 241.798599 -15.536699 21.601509
#joint 28
#jointposition 241.125977 -21.532200 62.353809
#joint 29
#jointposition 240.639542 -23.494101 85.077011
#joint 30
#jointposition 257.939697 -23.057798 21.828209
#joint 31
#jointposition 256.243103 -25.130598 56.929508
#joint 32
#jointposition 255.089798 -24.727598 74.077209
#joint 33
#jointposition 0.000000 -16.428276 -194.170227
#joint 34
#jointposition 0.000000 5.591372 -151.856934
#joint 35
#jointposition 0.000000 20.436382 64.952972
#joint 36
#jointposition 0.000000 20.436382 77.086281
#joint 37
#jointposition 0.000000 20.393639 117.270462
#joint 38
#jointposition 0.000000 2.024761 -186.953583
#joint 39
#jointposition 0.000000 5.581623 -151.168900
#joint 40
#jointposition -9.367627 14.926629 -151.169006
#joint 41
#jointposition -12.831341 2.181307 -151.169006
#joint 42
#jointposition -3.455755 -7.299593 -151.169006
#joint 43
#jointposition 9.374467 -3.771484 -151.169006
#joint 44
#jointposition 12.993500 9.294720 -151.169006
#joint 45
#jointposition 3.354248 18.478264 -151.169006
#joint 46
#jointposition 289.293457 5.581623 -151.168884
#connection 0 1
#connection 1 2
#connection 2 3
#connection 3 4
#connection 2 5
#connection 5 6
#connection 6 7
#connection 2 8
#connection 8 9
#connection 9 10
#connection 2 11
#connection 11 12
#connection 12 13
#connection 2 14
#connection 14 15
#connection 15 16
#connection 2 33
#connection 33 34
#connection 33 35
#connection 35 36
#connection 35 37
#connection 33 38
#connection 33 39
#connection 39 40
#connection 39 41
#connection 39 42
#connection 39 43
#connection 39 44
#connection 39 45
#connection 0 17
#connection 17 18
#connection 18 19
#connection 19 20
#connection 18 21
#connection 21 22
#connection 22 23
#connection 18 24
#connection 24 25
#connection 25 26
#connection 18 27
#connection 27 28
#connection 28 29
#connection 18 30
#connection 30 31
#connection 31 32
#connection 18 46
g Room02
g Room02_primary
usemtl m0TransparentCullBothClampSClampT
vt 0.968750 0.968750 0.0
vt 0.000000 0.968750 0.0
vt 0.000000 0.000000 0.0
v 0.000000 94.393639 117.270462
#joint 37
#vjoint 1
#vcolor 255.000000 255.000000 255.000000 255.000000
v -74.000000 94.393639 117.270462
#joint 37
#vjoint 2
v -74.000000 20.393639 117.270462
#joint 37
#vjoint 3
f 1/1 2/2 3/3
#fvcolorindex 1 1 1 
vt 0.968750 0.968750 0.0
vt 0.000000 0.000000 0.0
vt 0.968750 0.000000 0.0
v 0.000000 20.393639 117.270462
#joint 37
#vjoint 4
f 1/4 3/5 4/6
#fvcolorindex 1 1 1 
vt 0.968750 0.968750 0.0
vt 0.000000 0.968750 0.0
vt 0.000000 0.000000 0.0
v 0.000000 94.436386 77.086281
#joint 36
#vjoint 5
v 74.000000 94.436386 77.086281
#joint 36
#vjoint 6
v 74.000000 20.436382 77.086281
#joint 36
#vjoint 7
f 5/7 6/8 7/9
#fvcolorindex 1 1 1 
vt 0.968750 0.968750 0.0
vt 0.000000 0.000000 0.0
vt 0.968750 0.000000 0.0
v 0.000000 20.436382 77.086281
#joint 36
#vjoint 8
f 5/10 7/11 8/12
#fvcolorindex 1 1 1 
usemtl m1TransparentCullBothClampSClampT
vt 0.968750 0.968750 0.0
vt 0.000000 0.968750 0.0
vt 0.000000 0.000000 0.0
v 74.000000 94.393639 117.270462
#joint 37
#vjoint 9
f 9/13 1/14 4/15
#fvcolorindex 1 1 1 
vt 0.968750 0.968750 0.0
vt 0.000000 0.000000 0.0
vt 0.968750 0.000000 0.0
v 74.000000 20.393639 117.270462
#joint 37
#vjoint 10
f 9/16 4/17 10/18
#fvcolorindex 1 1 1 
vt 0.968750 0.968750 0.0
vt 0.000000 0.968750 0.0
vt 0.000000 0.000000 0.0
v -74.000000 94.436386 77.086281
#joint 36
#vjoint 11
f 11/19 5/20 8/21
#fvcolorindex 1 1 1 
vt 0.968750 0.968750 0.0
vt 0.000000 0.000000 0.0
vt 0.968750 0.000000 0.0
v -74.000000 20.436382 77.086281
#joint 36
#vjoint 12
f 11/22 8/23 12/24
#fvcolorindex 1 1 1 
usemtl m2TransparentCullBothClampSClampT
vt 0.968750 0.968750 0.0
vt 0.000000 0.968750 0.0
vt 0.000000 0.000000 0.0
v -74.000000 -53.606361 117.270462
#joint 37
#vjoint 13
f 4/25 3/26 13/27
#fvcolorindex 1 1 1 
vt 0.968750 0.968750 0.0
vt 0.000000 0.000000 0.0
vt 0.968750 0.000000 0.0
v 0.000000 -53.606361 117.270462
#joint 37
#vjoint 14
f 4/28 13/29 14/30
#fvcolorindex 1 1 1 
vt 0.968750 0.968750 0.0
vt 0.000000 0.968750 0.0
vt 0.000000 0.000000 0.0
v 74.000000 -53.563618 77.086281
#joint 36
#vjoint 15
f 8/31 7/32 15/33
#fvcolorindex 1 1 1 
vt 0.968750 0.968750 0.0
vt 0.000000 0.000000 0.0
vt 0.968750 0.000000 0.0
v 0.000000 -53.563618 77.086281
#joint 36
#vjoint 16
f 8/34 15/35 16/36
#fvcolorindex 1 1 1 
usemtl m3TransparentCullBothClampSClampT
vt 0.968750 0.968750 0.0
vt 0.000000 0.968750 0.0
vt 0.000000 0.000000 0.0
f 10/37 4/38 14/39
#fvcolorindex 1 1 1 
vt 0.968750 0.968750 0.0
vt 0.000000 0.000000 0.0
vt 0.968750 0.000000 0.0
v 74.000000 -53.606361 117.270462
#joint 37
#vjoint 17
f 10/40 14/41 17/42
#fvcolorindex 1 1 1 
vt 0.968750 0.968750 0.0
vt 0.000000 0.968750 0.0
vt 0.000000 0.000000 0.0
f 12/43 8/44 16/45
#fvcolorindex 1 1 1 
vt 0.968750 0.968750 0.0
vt 0.000000 0.000000 0.0
vt 0.968750 0.000000 0.0
v -74.000000 -53.563618 77.086281
#joint 36
#vjoint 18
f 12/46 16/47 18/48
#fvcolorindex 1 1 1 
g Room03
g Room03_primary
usemtl m4CullBothEnvMappingTexScaleS0.031250TexScaleT0.031250
vt 0.000000 0.000000 0.0
vt 0.000000 0.000000 0.0
vt 0.000000 0.000000 0.0
v 6.000000 32.024761 -201.953583
#joint 38
#vjoint 19
#vcolor 48.000000 117.000000 252.000000 255.000000
v 0.000000 35.024761 -189.953583
#joint 38
#vjoint 20
#vcolor 0.000000 121.000000 37.000000 255.000000
v 6.000000 29.024761 -189.953583
#joint 38
#vjoint 21
#vcolor 112.000000 49.000000 31.000000 255.000000
vn 0.377953 0.921260 1.984252
vn 0.000000 0.952756 0.291339
vn 0.881890 0.385827 0.244094
f 19/49/1 20/50/2 21/51/3
#fvcolorindex 2 3 4 
usemtl m5CullBothEnvMappingTexScaleS0.031250TexScaleT0.031250
vt 0.000000 0.000000 0.0
vt 0.000000 0.000000 0.0
vt 0.000000 0.000000 0.0
v 3.000000 26.024761 -178.953583
#joint 38
#vjoint 22
#vcolor 107.000000 67.000000 1.000000 255.000000
vn 0.881890 0.385827 0.244094
vn 0.000000 0.952756 0.291339
vn 0.842520 0.527559 0.007874
f 21/52/4 20/53/5 22/54/6
#fvcolorindex 4 3 5 
vt 0.000000 0.000000 0.0
vt 0.000000 0.000000 0.0
vt 0.000000 0.000000 0.0
v 0.000000 17.024761 -181.953583
#joint 38
#vjoint 23
#vcolor 79.000000 175.000000 200.000000 255.000000
vn 0.881890 0.385827 0.244094
vn 0.842520 0.527559 0.007874
vn 0.622047 1.377953 1.574803
f 21/55/7 22/56/8 23/57/9
#fvcolorindex 4 5 6 
usemtl m6CullBothEnvMappingTexScaleS0.031250TexScaleT0.031250
vt 0.000000 0.000000 0.0
vt 0.000000 0.000000 0.0
vt 0.000000 0.000000 0.0
v 3.000000 15.024761 -178.953583
#joint 38
#vjoint 24
#vcolor 116.000000 27.000000 214.000000 255.000000
v 3.000000 9.024761 -195.953583
#joint 38
#vjoint 25
#vcolor 55.000000 102.000000 206.000000 255.000000
#vcolor 0.000000 83.000000 161.000000 255.000000
vn 0.913386 0.212598 1.685039
vn 0.433071 0.803150 1.622047
vn 0.000000 0.653543 1.267717
f 24/58/10 25/59/11 23/60/12
#fvcolorindex 7 8 9 
vt 0.000000 0.000000 0.0
vt 0.000000 0.000000 0.0
vt 0.000000 0.000000 0.0
vn 0.913386 0.212598 1.685039
vn 0.000000 0.653543 1.267717
vn 0.842520 0.527559 0.007874
f 24/61/13 23/62/14 22/63/15
#fvcolorindex 7 9 5 
vt 0.000000 0.000000 0.0
vt 0.000000 0.000000 0.0
vt 0.000000 0.000000 0.0
v 3.000000 29.024761 -169.953583
#joint 38
#vjoint 26
#vcolor 126.000000 251.000000 8.000000 255.000000
vn 0.913386 0.212598 1.685039
vn 0.842520 0.527559 0.007874
vn 0.992126 1.976378 0.062992
f 24/64/16 22/65/17 26/66/18
#fvcolorindex 7 5 10 
usemtl m7CullBothEnvMappingTexScaleS0.031250TexScaleT0.031250
vt 0.000000 0.000000 0.0
vt 0.000000 0.000000 0.0
vt 0.000000 0.000000 0.0
v -3.000000 26.024761 -178.953583
#joint 38
#vjoint 27
#vcolor 0.000000 125.000000 20.000000 255.000000
vn 0.000000 0.984252 0.157480
vn 0.842520 0.527559 0.007874
vn 0.000000 0.952756 0.291339
f 27/67/19 22/68/20 20/69/21
#fvcolorindex 11 5 3 
usemtl m8CullBothEnvMappingTexScaleS0.031250TexScaleT0.031250
vt 0.000000 0.000000 0.0
vt 0.000000 0.000000 0.0
vt 0.000000 0.000000 0.0
v -6.000000 29.024761 -189.953583
#joint 38
#vjoint 28
#vcolor 206.000000 151.000000 207.000000 255.000000
#vcolor 0.000000 151.000000 186.000000 255.000000
vn 1.622047 1.188976 1.629921
vn 0.000000 1.188976 1.464567
vn 0.622047 1.377953 1.574803
f 28/70/22 21/71/23 23/72/24
#fvcolorindex 12 13 6 
usemtl m9CullBothEnvMappingTexScaleS0.031250TexScaleT0.031250
vt 0.000000 0.000000 0.0
vt 0.000000 0.000000 0.0
vt 0.000000 0.000000 0.0
v -3.000000 29.024761 -169.953583
#joint 38
#vjoint 29
#vcolor 193.000000 106.000000 28.000000 255.000000
#vcolor 0.000000 125.000000 22.000000 255.000000
vn 1.519685 0.834646 0.220472
vn 0.000000 0.984252 0.173228
vn 0.842520 0.527559 0.007874
f 29/73/25 26/74/26 22/75/27
#fvcolorindex 14 15 5 
vt 0.000000 0.000000 0.0
vt 0.000000 0.000000 0.0
vt 0.000000 0.000000 0.0
vn 1.519685 0.834646 0.220472
vn 0.842520 0.527559 0.007874
vn 0.000000 0.984252 0.157480
f 29/76/28 22/77/29 27/78/30
#fvcolorindex 14 5 11 
usemtl m10CullBothEnvMappingTexScaleS0.031250TexScaleT0.031250
vt 0.000000 0.000000 0.0
vt 0.000000 0.000000 0.0
vt 0.000000 0.000000 0.0
#vcolor 0.000000 133.000000 226.000000 255.000000
vn 0.000000 1.047244 1.779528
vn 0.000000 1.188976 1.464567
vn 1.622047 1.188976 1.629921
f 19/79/31 21/80/32 28/81/33
#fvcolorindex 16 13 12 
vt 0.000000 0.000000 0.0
vt 0.000000 0.000000 0.0
vt 0.000000 0.000000 0.0
v -6.000000 32.024761 -201.953583
#joint 38
#vjoint 30
vn 0.000000 1.047244 1.779528
vn 1.622047 1.188976 1.629921
vn 0.000000 1.047244 1.779528
f 19/82/34 28/83/35 30/84/36
#fvcolorindex 16 12 16 
usemtl m11CullBothEnvMappingTexScaleS0.031250TexScaleT0.031250
vt 0.000000 0.000000 0.0
vt 0.000000 0.000000 0.0
vt 0.000000 0.000000 0.0
#vcolor 208.000000 117.000000 252.000000 255.000000
vn 0.000000 0.952756 0.291339
vn 0.377953 0.921260 1.984252
vn 1.637795 0.921260 1.984252
f 20/85/37 19/86/38 30/87/39
#fvcolorindex 3 2 17 
usemtl m12CullBothEnvMappingTexScaleS0.031250TexScaleT0.031250
vt 0.000000 0.000000 0.0
vt 0.000000 0.000000 0.0
vt 0.000000 0.000000 0.0
v -3.000000 9.024761 -195.953583
#joint 38
#vjoint 31
#vcolor 201.000000 102.000000 206.000000 255.000000
vn 0.000000 0.653543 1.267717
vn 0.433071 0.803150 1.622047
vn 1.582677 0.803150 1.622047
f 23/88/40 25/89/41 31/90/42
#fvcolorindex 9 8 18 
usemtl m13CullBothEnvMappingTexScaleS0.031250TexScaleT0.031250
vt 0.000000 0.000000 0.0
vt 0.000000 0.000000 0.0
vt 0.000000 0.000000 0.0
v -3.000000 15.024761 -178.953583
#joint 38
#vjoint 32
#vcolor 134.000000 17.000000 229.000000 255.000000
vn 1.055118 0.133858 1.803150
vn 0.000000 0.653543 1.267717
vn 1.582677 0.803150 1.622047
f 32/91/43 23/92/44 31/93/45
#fvcolorindex 19 9 18 
usemtl m14CullBothEnvMappingTexScaleS0.031250TexScaleT0.031250
vt 0.000000 0.000000 0.0
vt 0.000000 0.000000 0.0
vt 0.000000 0.000000 0.0
#vcolor 170.000000 86.000000 32.000000 255.000000
vn 1.637795 0.921260 1.984252
vn 1.338583 0.677165 0.251969
vn 0.000000 0.952756 0.291339
f 30/94/46 28/95/47 20/96/48
#fvcolorindex 17 20 3 
usemtl m11CullBothEnvMappingTexScaleS0.031250TexScaleT0.031250
vt 0.000000 0.000000 0.0
vt 0.000000 0.000000 0.0
vt 0.000000 0.000000 0.0
#vcolor 130.000000 11.000000 248.000000 255.000000
vn 0.000000 0.952756 0.291339
vn 1.338583 0.677165 0.251969
vn 1.023622 0.086614 1.952756
f 20/97/49 28/98/50 27/99/51
#fvcolorindex 3 20 21 
usemtl m15CullBothEnvMappingTexScaleS0.031250TexScaleT0.031250
vt 0.000000 0.000000 0.0
vt 0.000000 0.000000 0.0
vt 0.000000 0.000000 0.0
#vcolor 139.000000 211.000000 18.000000 255.000000
vn 1.094488 1.661417 0.141732
vn 1.023622 0.086614 1.952756
vn 1.622047 1.188976 1.629921
f 23/100/52 27/101/53 28/102/54
#fvcolorindex 22 21 12 
usemtl m16CullBothEnvMappingTexScaleS0.031250TexScaleT0.031250
vt 0.000000 0.000000 0.0
vt 0.000000 0.000000 0.0
vt 0.000000 0.000000 0.0
vn 1.023622 0.086614 1.952756
vn 0.000000 0.653543 1.267717
vn 1.055118 0.133858 1.803150
f 27/103/55 23/104/56 32/105/57
#fvcolorindex 21 9 19 
usemtl m17CullBothEnvMappingTexScaleS0.031250TexScaleT0.031250
vt 0.000000 0.000000 0.0
vt 0.000000 0.000000 0.0
vt 0.000000 0.000000 0.0
#vcolor 129.000000 0.000000 0.000000 255.000000
vn 1.015748 0.000000 0.000000
vn 1.023622 0.086614 1.952756
vn 1.055118 0.133858 1.803150
f 29/106/58 27/107/59 32/108/60
#fvcolorindex 23 21 19 
usemtl m18CullBothEnvMappingTexScaleS0.031250TexScaleT0.031250
vt 0.000000 0.000000 0.0
vt 0.000000 0.000000 0.0
vt 0.000000 0.000000 0.0
v 0.000000 17.024761 -154.953583
#joint 38
#vjoint 33
#vcolor 0.000000 72.000000 104.000000 255.000000
vn 0.000000 0.984252 0.173228
vn 1.519685 0.834646 0.220472
vn 0.000000 0.566929 0.818898
f 26/109/61 29/110/62 33/111/63
#fvcolorindex 15 14 24 
usemtl m19CullBothEnvMappingTexScaleS0.031250TexScaleT0.031250
vt 0.000000 0.000000 0.0
vt 0.000000 0.000000 0.0
vt 0.000000 0.000000 0.0
#vcolor 84.000000 165.000000 22.000000 255.000000
vn 0.661417 1.299213 0.173228
vn 0.992126 1.976378 0.062992
vn 0.000000 0.566929 0.818898
f 24/112/64 26/113/65 33/114/66
#fvcolorindex 25 10 24 
usemtl m13CullBothEnvMappingTexScaleS0.031250TexScaleT0.031250
vt 0.000000 0.000000 0.0
vt 0.000000 0.000000 0.0
vt 0.000000 0.000000 0.0
vn 1.055118 0.133858 1.803150
vn 0.000000 0.566929 0.818898
vn 1.519685 0.834646 0.220472
f 32/115/67 33/116/68 29/117/69
#fvcolorindex 19 24 14 
usemtl m19CullBothEnvMappingTexScaleS0.031250TexScaleT0.031250
vt 0.000000 0.000000 0.0
vt 0.000000 0.000000 0.0
vt 0.000000 0.000000 0.0
#vcolor 0.000000 130.000000 15.000000 255.000000
vn 0.661417 1.299213 0.173228
vn 0.000000 1.023622 0.118110
vn 0.000000 1.023622 0.118110
f 24/118/70 33/119/71 32/120/72
#fvcolorindex 25 26 26 
usemtl m20CullBothEnvMappingTexScaleS0.031250TexScaleT0.031250
vt 0.000000 0.000000 0.0
vt 0.000000 0.000000 0.0
vt 0.000000 0.000000 0.0
v 9.000000 28.571724 -101.170227
#joint 33
#vjoint 34
#vcolor 110.000000 62.000000 0.000000 255.000000
v 9.000000 28.571724 -78.170227
#joint 33
#vjoint 35
v 13.000000 22.571724 -78.170227
#joint 33
#vjoint 36
#vcolor 122.000000 32.000000 0.000000 255.000000
vn 0.866142 0.488189 0.000000
vn 0.866142 0.488189 0.000000
vn 0.960630 0.251969 0.000000
f 34/121/73 35/122/74 36/123/75
#fvcolorindex 27 27 28 
vt 0.000000 0.000000 0.0
vt 0.000000 0.000000 0.0
vt 0.000000 0.000000 0.0
v 13.000000 22.571724 -101.170227
#joint 33
#vjoint 37
vn 0.866142 0.488189 0.000000
vn 0.960630 0.251969 0.000000
vn 0.960630 0.251969 0.000000
f 34/124/76 36/125/77 37/126/78
#fvcolorindex 27 28 28 
usemtl m21CullBothEnvMappingTexScaleS0.031250TexScaleT0.031250
vt 0.000000 0.000000 0.0
vt 0.000000 0.000000 0.0
vt 0.000000 0.000000 0.0
v 13.000000 14.571724 -78.170227
#joint 33
#vjoint 38
#vcolor 122.000000 224.000000 0.000000 255.000000
vn 0.960630 0.251969 0.000000
vn 0.960630 0.251969 0.000000
vn 0.960630 1.763780 0.000000
f 37/127/79 36/128/80 38/129/81
#fvcolorindex 28 28 29 
vt 0.000000 0.000000 0.0
vt 0.000000 0.000000 0.0
vt 0.000000 0.000000 0.0
v 13.000000 14.571724 -101.170227
#joint 33
#vjoint 39
vn 0.960630 0.251969 0.000000
vn 0.960630 1.763780 0.000000
vn 0.960630 1.763780 0.000000
f 37/130/82 38/131/83 39/132/84
#fvcolorindex 28 29 29 
usemtl m22CullBothEnvMappingTexScaleS0.031250TexScaleT0.031250
vt 0.000000 0.000000 0.0
vt 0.000000 0.000000 0.0
vt 0.000000 0.000000 0.0
v 9.000000 8.571724 -78.170227
#joint 33
#vjoint 40
#vcolor 110.000000 194.000000 0.000000 255.000000
vn 0.960630 1.763780 0.000000
vn 0.960630 1.763780 0.000000
vn 0.866142 1.527559 0.000000
f 39/133/85 38/134/86 40/135/87
#fvcolorindex 29 29 30 
vt 0.000000 0.000000 0.0
vt 0.000000 0.000000 0.0
vt 0.000000 0.000000 0.0
v 9.000000 8.571724 -101.170227
#joint 33
#vjoint 41
vn 0.960630 1.763780 0.000000
vn 0.866142 1.527559 0.000000
vn 0.866142 1.527559 0.000000
f 39/136/88 40/137/89 41/138/90
#fvcolorindex 29 30 30 
usemtl m23CullBothEnvMappingTexScaleS0.031250TexScaleT0.031250
vt 0.000000 0.000000 0.0
vt 0.000000 0.000000 0.0
vt 0.000000 0.000000 0.0
v -13.000000 22.571724 -101.170227
#joint 33
#vjoint 42
#vcolor 134.000000 32.000000 0.000000 255.000000
v -13.000000 22.571724 -78.170227
#joint 33
#vjoint 43
v -9.000000 28.571724 -78.170227
#joint 33
#vjoint 44
#vcolor 146.000000 62.000000 0.000000 255.000000
vn 1.055118 0.251969 0.000000
vn 1.055118 0.251969 0.000000
vn 1.149606 0.488189 0.000000
f 42/139/91 43/140/92 44/141/93
#fvcolorindex 31 31 32 
vt 0.000000 0.000000 0.0
vt 0.000000 0.000000 0.0
vt 0.000000 0.000000 0.0
v -9.000000 28.571724 -101.170227
#joint 33
#vjoint 45
vn 1.055118 0.251969 0.000000
vn 1.149606 0.488189 0.000000
vn 1.149606 0.488189 0.000000
f 42/142/94 44/143/95 45/144/96
#fvcolorindex 31 32 32 
usemtl m24CullBothEnvMappingTexScaleS0.031250TexScaleT0.031250
vt 0.000000 0.000000 0.0
vt 0.000000 0.000000 0.0
vt 0.000000 0.000000 0.0
v -13.000000 14.571724 -101.170227
#joint 33
#vjoint 46
#vcolor 134.000000 224.000000 0.000000 255.000000
v -13.000000 14.571724 -78.170227
#joint 33
#vjoint 47
vn 1.055118 1.763780 0.000000
vn 1.055118 1.763780 0.000000
vn 1.055118 0.251969 0.000000
f 46/145/97 47/146/98 43/147/99
#fvcolorindex 33 33 31 
vt 0.000000 0.000000 0.0
vt 0.000000 0.000000 0.0
vt 0.000000 0.000000 0.0
vn 1.055118 1.763780 0.000000
vn 1.055118 0.251969 0.000000
vn 1.055118 0.251969 0.000000
f 46/148/100 43/149/101 42/150/102
#fvcolorindex 33 31 31 
usemtl m25CullBothEnvMappingTexScaleS0.031250TexScaleT0.031250
vt 0.000000 0.000000 0.0
vt 0.000000 0.000000 0.0
vt 0.000000 0.000000 0.0
v -9.000000 8.571724 -101.170227
#joint 33
#vjoint 48
#vcolor 146.000000 194.000000 0.000000 255.000000
v -9.000000 8.571724 -78.170227
#joint 33
#vjoint 49
vn 1.149606 1.527559 0.000000
vn 1.149606 1.527559 0.000000
vn 1.055118 1.763780 0.000000
f 48/151/103 49/152/104 47/153/105
#fvcolorindex 34 34 33 
vt 0.000000 0.000000 0.0
vt 0.000000 0.000000 0.0
vt 0.000000 0.000000 0.0
vn 1.149606 1.527559 0.000000
vn 1.055118 1.763780 0.000000
vn 1.055118 1.763780 0.000000
f 48/154/106 47/155/107 46/156/108
#fvcolorindex 34 33 33 
usemtl m26CullBothEnvMappingTexScaleS0.031250TexScaleT0.031250
vt 0.000000 0.000000 0.0
vt 0.000000 0.000000 0.0
vt 0.000000 0.000000 0.0
v 3.000000 7.571724 64.829773
#joint 33
#vjoint 50
#vcolor 63.000000 109.000000 0.000000 255.000000
v 7.000000 5.571724 64.829773
#joint 33
#vjoint 51
#vcolor 110.000000 63.000000 0.000000 255.000000
v 7.000000 5.571724 -78.170227
#joint 33
#vjoint 52
vn 0.496063 0.858268 0.000000
vn 0.866142 0.496063 0.000000
vn 0.866142 0.496063 0.000000
f 50/157/109 51/158/110 52/159/111
#fvcolorindex 35 36 36 
vt 0.000000 0.000000 0.0
vt 0.000000 0.000000 0.0
vt 0.000000 0.000000 0.0
v 3.000000 7.571724 -78.170227
#joint 33
#vjoint 53
vn 0.496063 0.858268 0.000000
vn 0.866142 0.496063 0.000000
vn 0.496063 0.858268 0.000000
f 50/160/112 52/161/113 53/162/114
#fvcolorindex 35 36 35 
usemtl m27CullBothEnvMappingTexScaleS0.031250TexScaleT0.031250
vt 0.000000 0.000000 0.0
vt 0.000000 0.000000 0.0
vt 0.000000 0.000000 0.0
v 7.000000 -1.428276 64.829773
#joint 33
#vjoint 54
#vcolor 109.000000 193.000000 0.000000 255.000000
v 7.000000 -1.428276 -78.170227
#joint 33
#vjoint 55
vn 0.858268 1.519685 0.000000
vn 0.858268 1.519685 0.000000
vn 0.866142 0.496063 0.000000
f 54/163/115 55/164/116 52/165/117
#fvcolorindex 37 37 36 
vt 0.000000 0.000000 0.0
vt 0.000000 0.000000 0.0
vt 0.000000 0.000000 0.0
vn 0.858268 1.519685 0.000000
vn 0.866142 0.496063 0.000000
vn 0.866142 0.496063 0.000000
f 54/166/118 52/167/119 51/168/120
#fvcolorindex 37 36 36 
usemtl m28CullBothEnvMappingTexScaleS0.031250TexScaleT0.031250
vt 0.000000 0.000000 0.0
vt 0.000000 0.000000 0.0
vt 0.000000 0.000000 0.0
v 0.000000 -5.428276 64.829773
#joint 33
#vjoint 56
#vcolor 0.000000 129.000000 0.000000 255.000000
v 0.000000 -5.428276 -78.170227
#joint 33
#vjoint 57
vn 0.000000 1.015748 0.000000
vn 0.000000 1.015748 0.000000
vn 0.858268 1.519685 0.000000
f 56/169/121 57/170/122 55/171/123
#fvcolorindex 38 38 37 
vt 0.000000 0.000000 0.0
vt 0.000000 0.000000 0.0
vt 0.000000 0.000000 0.0
vn 0.000000 1.015748 0.000000
vn 0.858268 1.519685 0.000000
vn 0.858268 1.519685 0.000000
f 56/172/124 55/173/125 54/174/126
#fvcolorindex 38 37 37 
usemtl m29CullBothEnvMappingTexScaleS0.031250TexScaleT0.031250
vt 0.000000 0.000000 0.0
vt 0.000000 0.000000 0.0
vt 0.000000 0.000000 0.0
v -7.000000 -1.428276 64.829773
#joint 33
#vjoint 58
#vcolor 147.000000 193.000000 0.000000 255.000000
v -7.000000 -1.428276 -78.170227
#joint 33
#vjoint 59
vn 1.157480 1.519685 0.000000
vn 1.157480 1.519685 0.000000
vn 0.000000 1.015748 0.000000
f 58/175/127 59/176/128 57/177/129
#fvcolorindex 39 39 38 
vt 0.000000 0.000000 0.0
vt 0.000000 0.000000 0.0
vt 0.000000 0.000000 0.0
vn 1.157480 1.519685 0.000000
vn 0.000000 1.015748 0.000000
vn 0.000000 1.015748 0.000000
f 58/178/130 57/179/131 56/180/132
#fvcolorindex 39 38 38 
usemtl m30CullBothEnvMappingTexScaleS0.031250TexScaleT0.031250
vt 0.000000 0.000000 0.0
vt 0.000000 0.000000 0.0
vt 0.000000 0.000000 0.0
v -7.000000 5.571724 64.829773
#joint 33
#vjoint 60
#vcolor 146.000000 63.000000 0.000000 255.000000
v -7.000000 5.571724 -78.170227
#joint 33
#vjoint 61
vn 1.149606 0.496063 0.000000
vn 1.149606 0.496063 0.000000
vn 1.157480 1.519685 0.000000
f 60/181/133 61/182/134 59/183/135
#fvcolorindex 40 40 39 
vt 0.000000 0.000000 0.0
vt 0.000000 0.000000 0.0
vt 0.000000 0.000000 0.0
vn 1.149606 0.496063 0.000000
vn 1.157480 1.519685 0.000000
vn 1.157480 1.519685 0.000000
f 60/184/136 59/185/137 58/186/138
#fvcolorindex 40 39 39 
usemtl m31CullBothEnvMappingTexScaleS0.031250TexScaleT0.031250
vt 0.000000 0.000000 0.0
vt 0.000000 0.000000 0.0
vt 0.000000 0.000000 0.0
v -3.000000 7.571724 64.829773
#joint 33
#vjoint 62
#vcolor 193.000000 109.000000 0.000000 255.000000
v -3.000000 7.571724 -78.170227
#joint 33
#vjoint 63
vn 1.519685 0.858268 0.000000
vn 1.519685 0.858268 0.000000
vn 1.149606 0.496063 0.000000
f 62/187/139 63/188/140 61/189/141
#fvcolorindex 41 41 40 
vt 0.000000 0.000000 0.0
vt 0.000000 0.000000 0.0
vt 0.000000 0.000000 0.0
vn 1.519685 0.858268 0.000000
vn 1.149606 0.496063 0.000000
vn 1.149606 0.496063 0.000000
f 62/190/142 61/191/143 60/192/144
#fvcolorindex 41 40 40 
usemtl m21CullBothEnvMappingTexScaleS0.031250TexScaleT0.031250
vt 0.000000 0.000000 0.0
vt 0.000000 0.000000 0.0
vt 0.000000 0.000000 0.0
v 12.000000 23.571724 64.829773
#joint 33
#vjoint 64
v 12.000000 23.571724 -78.170227
#joint 33
#vjoint 65
#vcolor 87.000000 92.000000 0.000000 255.000000
vn 0.960630 0.251969 0.000000
vn 0.960630 0.251969 0.000000
vn 0.685039 0.724409 0.000000
f 64/193/145 65/194/146 35/195/147
#fvcolorindex 28 28 42 
vt 0.000000 0.000000 0.0
vt 0.000000 0.000000 0.0
vt 0.000000 0.000000 0.0
v 9.000000 28.571724 64.829773
#joint 33
#vjoint 66
vn 0.960630 0.251969 0.000000
vn 0.685039 0.724409 0.000000
vn 0.685039 0.724409 0.000000
f 64/196/148 35/197/149 66/198/150
#fvcolorindex 28 42 42 
usemtl m22CullBothEnvMappingTexScaleS0.031250TexScaleT0.031250
vt 0.000000 0.000000 0.0
vt 0.000000 0.000000 0.0
vt 0.000000 0.000000 0.0
v 12.000000 16.571724 64.829773
#joint 33
#vjoint 67
v 12.000000 16.571724 -78.170227
#joint 33
#vjoint 68
vn 0.960630 1.763780 0.000000
vn 0.960630 1.763780 0.000000
vn 0.960630 0.251969 0.000000
f 67/199/151 68/200/152 65/201/153
#fvcolorindex 29 29 28 
vt 0.000000 0.000000 0.0
vt 0.000000 0.000000 0.0
vt 0.000000 0.000000 0.0
vn 0.960630 1.763780 0.000000
vn 0.960630 0.251969 0.000000
vn 0.960630 0.251969 0.000000
f 67/202/154 65/203/155 64/204/156
#fvcolorindex 29 28 28 
usemtl m32CullBothEnvMappingTexScaleS0.031250TexScaleT0.031250
vt 0.000000 0.000000 0.0
vt 0.000000 0.000000 0.0
vt 0.000000 0.000000 0.0
v 9.000000 11.571724 64.829773
#joint 33
#vjoint 69
#vcolor 89.000000 167.000000 0.000000 255.000000
v 9.000000 11.571724 -78.170227
#joint 33
#vjoint 70
vn 0.700787 1.314961 0.000000
vn 0.700787 1.314961 0.000000
vn 0.960630 1.763780 0.000000
f 69/205/157 70/206/158 68/207/159
#fvcolorindex 43 43 29 
vt 0.000000 0.000000 0.0
vt 0.000000 0.000000 0.0
vt 0.000000 0.000000 0.0
vn 0.700787 1.314961 0.000000
vn 0.960630 1.763780 0.000000
vn 0.960630 1.763780 0.000000
f 69/208/160 68/209/161 67/210/162
#fvcolorindex 43 29 29 
usemtl m33CullBothEnvMappingTexScaleS0.031250TexScaleT0.031250
vt 0.000000 0.000000 0.0
vt 0.000000 0.000000 0.0
vt 0.000000 0.000000 0.0
#vcolor 63.000000 147.000000 0.000000 255.000000
vn 0.496063 1.157480 0.000000
vn 0.496063 1.157480 0.000000
vn 0.700787 1.314961 0.000000
f 50/211/163 53/212/164 70/213/165
#fvcolorindex 44 44 43 
vt 0.000000 0.000000 0.0
vt 0.000000 0.000000 0.0
vt 0.000000 0.000000 0.0
vn 0.496063 1.157480 0.000000
vn 0.700787 1.314961 0.000000
vn 0.700787 1.314961 0.000000
f 50/214/166 70/215/167 69/216/168
#fvcolorindex 44 43 43 
usemtl m34CullBothEnvMappingTexScaleS0.031250TexScaleT0.031250
vt 0.000000 0.000000 0.0
vt 0.000000 0.000000 0.0
vt 0.000000 0.000000 0.0
#vcolor 193.000000 147.000000 0.000000 255.000000
v -9.000000 11.571724 64.829773
#joint 33
#vjoint 71
#vcolor 167.000000 167.000000 0.000000 255.000000
v -9.000000 11.571724 -78.170227
#joint 33
#vjoint 72
vn 1.519685 1.157480 0.000000
vn 1.314961 1.314961 0.000000
vn 1.314961 1.314961 0.000000
f 62/217/169 71/218/170 72/219/171
#fvcolorindex 45 46 46 
vt 0.000000 0.000000 0.0
vt 0.000000 0.000000 0.0
vt 0.000000 0.000000 0.0
vn 1.519685 1.157480 0.000000
vn 1.314961 1.314961 0.000000
vn 1.519685 1.157480 0.000000
f 62/220/172 72/221/173 63/222/174
#fvcolorindex 45 46 45 
usemtl m24CullBothEnvMappingTexScaleS0.031250TexScaleT0.031250
vt 0.000000 0.000000 0.0
vt 0.000000 0.000000 0.0
vt 0.000000 0.000000 0.0
v -12.000000 16.571724 64.829773
#joint 33
#vjoint 73
v -12.000000 16.571724 -78.170227
#joint 33
#vjoint 74
vn 1.055118 1.763780 0.000000
vn 1.055118 1.763780 0.000000
vn 1.314961 1.314961 0.000000
f 73/223/175 74/224/176 72/225/177
#fvcolorindex 33 33 46 
vt 0.000000 0.000000 0.0
vt 0.000000 0.000000 0.0
vt 0.000000 0.000000 0.0
vn 1.055118 1.763780 0.000000
vn 1.314961 1.314961 0.000000
vn 1.314961 1.314961 0.000000
f 73/226/178 72/227/179 71/228/180
#fvcolorindex 33 46 46 
usemtl m23CullBothEnvMappingTexScaleS0.031250TexScaleT0.031250
vt 0.000000 0.000000 0.0
vt 0.000000 0.000000 0.0
vt 0.000000 0.000000 0.0
v -12.000000 23.571724 64.829773
#joint 33
#vjoint 75
v -12.000000 23.571724 -78.170227
#joint 33
#vjoint 76
vn 1.055118 0.251969 0.000000
vn 1.055118 0.251969 0.000000
vn 1.055118 1.763780 0.000000
f 75/229/181 76/230/182 74/231/183
#fvcolorindex 31 31 33 
vt 0.000000 0.000000 0.0
vt 0.000000 0.000000 0.0
vt 0.000000 0.000000 0.0
vn 1.055118 0.251969 0.000000
vn 1.055118 1.763780 0.000000
vn 1.055118 1.763780 0.000000
f 75/232/184 74/233/185 73/234/186
#fvcolorindex 31 33 33 
usemtl m35CullBothEnvMappingTexScaleS0.031250TexScaleT0.031250
vt 0.000000 0.000000 0.0
vt 0.000000 0.000000 0.0
vt 0.000000 0.000000 0.0
v -9.000000 28.571724 64.829773
#joint 33
#vjoint 77
#vcolor 169.000000 92.000000 0.000000 255.000000
vn 1.330709 0.724409 0.000000
vn 1.330709 0.724409 0.000000
vn 1.055118 0.251969 0.000000
f 77/235/187 44/236/188 76/237/189
#fvcolorindex 47 47 31 
vt 0.000000 0.000000 0.0
vt 0.000000 0.000000 0.0
vt 0.000000 0.000000 0.0
vn 1.330709 0.724409 0.000000
vn 1.055118 0.251969 0.000000
vn 1.055118 0.251969 0.000000
f 77/238/190 76/239/191 75/240/192
#fvcolorindex 47 31 31 
usemtl m36CullBothEnvMappingTexScaleS0.031250TexScaleT0.031250
vt 0.000000 0.000000 0.0
vt 0.000000 0.000000 0.0
vt 0.000000 0.000000 0.0
v 3.000000 31.571724 -72.170227
#joint 33
#vjoint 78
#vcolor 56.000000 113.000000 0.000000 255.000000
vn 0.685039 0.724409 0.000000
vn 0.685039 0.724409 0.000000
vn 0.440945 0.889764 0.000000
f 66/241/193 35/242/194 78/243/195
#fvcolorindex 42 42 48 
vt 0.000000 0.000000 0.0
vt 0.000000 0.000000 0.0
vt 0.000000 0.000000 0.0
v 3.000000 31.571724 64.829773
#joint 33
#vjoint 79
vn 0.685039 0.724409 0.000000
vn 0.440945 0.889764 0.000000
vn 0.440945 0.889764 0.000000
f 66/244/196 78/245/197 79/246/198
#fvcolorindex 42 48 48 
usemtl m35CullBothEnvMappingTexScaleS0.031250TexScaleT0.031250
vt 0.000000 0.000000 0.0
vt 0.000000 0.000000 0.0
vt 0.000000 0.000000 0.0
v -3.000000 31.571724 64.829773
#joint 33
#vjoint 80
#vcolor 200.000000 113.000000 0.000000 255.000000
vn 1.330709 0.724409 0.000000
vn 1.330709 0.724409 0.000000
vn 1.574803 0.889764 0.000000
f 44/247/199 77/248/200 80/249/201
#fvcolorindex 47 47 49 
vt 0.000000 0.000000 0.0
vt 0.000000 0.000000 0.0
vt 0.000000 0.000000 0.0
v -3.000000 31.571724 -72.170227
#joint 33
#vjoint 81
vn 1.330709 0.724409 0.000000
vn 1.574803 0.889764 0.000000
vn 1.574803 0.889764 0.000000
f 44/250/202 80/251/203 81/252/204
#fvcolorindex 47 49 49 
usemtl m37CullBothEnvMappingTexScaleS0.031250TexScaleT0.031250
vt 0.000000 0.000000 0.0
vt 0.000000 0.000000 0.0
vt 0.000000 0.000000 0.0
v 19.000000 -5.428276 -155.170227
#joint 33
#vjoint 82
#vcolor 47.000000 235.000000 141.000000 255.000000
v 9.000000 5.571724 -161.170227
#joint 33
#vjoint 83
#vcolor 47.000000 0.000000 139.000000 255.000000
v 21.000000 5.571724 -155.170227
#joint 33
#vjoint 84
#vcolor 54.000000 0.000000 142.000000 255.000000
vn 0.370079 1.850394 1.110236
vn 0.370079 0.000000 1.094488
vn 0.425197 0.000000 1.118110
f 82/253/205 83/254/206 84/255/207
#fvcolorindex 50 51 52 
usemtl m38CullBothEnvMappingTexScaleS0.031250TexScaleT0.031250
vt 0.000000 0.000000 0.0
vt 0.000000 0.000000 0.0
vt 0.000000 0.000000 0.0
v 9.000000 -18.428276 -155.170227
#joint 33
#vjoint 85
#vcolor 39.000000 227.000000 139.000000 255.000000
vn 0.307087 1.787402 1.094488
vn 0.370079 0.000000 1.094488
vn 0.370079 1.850394 1.110236
f 85/256/208 83/257/209 82/258/210
#fvcolorindex 53 51 50 
usemtl m39CullBothEnvMappingTexScaleS0.031250TexScaleT0.031250
vt 0.000000 0.000000 0.0
vt 0.000000 0.000000 0.0
vt 0.000000 0.000000 0.0
v 19.000000 15.571724 -155.170227
#joint 33
#vjoint 86
#vcolor 47.000000 21.000000 141.000000 255.000000
vn 0.370079 0.165354 1.110236
vn 0.425197 0.000000 1.118110
vn 0.370079 0.000000 1.094488
f 86/259/211 84/260/212 83/261/213
#fvcolorindex 54 52 51 
vt 0.000000 0.000000 0.0
vt 0.000000 0.000000 0.0
vt 0.000000 0.000000 0.0
v 9.000000 28.571724 -155.170227
#joint 33
#vjoint 87
#vcolor 39.000000 29.000000 139.000000 255.000000
vn 0.370079 0.165354 1.110236
vn 0.370079 0.000000 1.094488
vn 0.307087 0.228346 1.094488
f 86/262/214 83/263/215 87/264/216
#fvcolorindex 54 51 55 
usemtl m40CullBothEnvMappingTexScaleS0.031250TexScaleT0.031250
vt 0.000000 0.000000 0.0
vt 0.000000 0.000000 0.0
vt 0.000000 0.000000 0.0
v -21.000000 5.571724 -155.170227
#joint 33
#vjoint 88
#vcolor 202.000000 0.000000 142.000000 255.000000
v -9.000000 5.571724 -161.170227
#joint 33
#vjoint 89
#vcolor 209.000000 0.000000 139.000000 255.000000
v -19.000000 -5.428276 -155.170227
#joint 33
#vjoint 90
#vcolor 209.000000 235.000000 141.000000 255.000000
vn 1.590551 0.000000 1.118110
vn 1.645669 0.000000 1.094488
vn 1.645669 1.850394 1.110236
f 88/265/217 89/266/218 90/267/219
#fvcolorindex 56 57 58 
usemtl m41CullBothEnvMappingTexScaleS0.031250TexScaleT0.031250
vt 0.000000 0.000000 0.0
vt 0.000000 0.000000 0.0
vt 0.000000 0.000000 0.0
v -9.000000 -18.428276 -155.170227
#joint 33
#vjoint 91
#vcolor 217.000000 227.000000 139.000000 255.000000
vn 1.645669 1.850394 1.110236
vn 1.645669 0.000000 1.094488
vn 1.708661 1.787402 1.094488
f 90/268/220 89/269/221 91/270/222
#fvcolorindex 58 57 59 
usemtl m42CullBothEnvMappingTexScaleS0.031250TexScaleT0.031250
vt 0.000000 0.000000 0.0
vt 0.000000 0.000000 0.0
vt 0.000000 0.000000 0.0
v -19.000000 15.571724 -155.170227
#joint 33
#vjoint 92
#vcolor 209.000000 21.000000 141.000000 255.000000
vn 1.645669 0.000000 1.094488
vn 1.590551 0.000000 1.118110
vn 1.645669 0.165354 1.110236
f 89/271/223 88/272/224 92/273/225
#fvcolorindex 57 56 60 
usemtl m43CullBothEnvMappingTexScaleS0.031250TexScaleT0.031250
vt 0.000000 0.000000 0.0
vt 0.000000 0.000000 0.0
vt 0.000000 0.000000 0.0
v -9.000000 28.571724 -155.170227
#joint 33
#vjoint 93
#vcolor 217.000000 29.000000 139.000000 255.000000
vn 1.708661 0.228346 1.094488
vn 1.645669 0.000000 1.094488
vn 1.645669 0.165354 1.110236
f 93/274/226 89/275/227 92/276/228
#fvcolorindex 61 57 60 
usemtl m28CullBothEnvMappingTexScaleS0.031250TexScaleT0.031250
vt 0.000000 0.000000 0.0
vt 0.000000 0.000000 0.0
vt 0.000000 0.000000 0.0
vn 0.000000 1.015748 0.000000
vn 0.000000 1.015748 0.000000
vn 0.000000 1.015748 0.000000
f 93/277/229 87/278/230 34/279/231
#fvcolorindex 38 38 38 
vt 0.000000 0.000000 0.0
vt 0.000000 0.000000 0.0
vt 0.000000 0.000000 0.0
vn 0.000000 1.015748 0.000000
vn 0.000000 1.015748 0.000000
vn 0.000000 1.015748 0.000000
f 93/280/232 34/281/233 45/282/234
#fvcolorindex 38 38 38 
usemtl m44CullBothEnvMappingTexScaleS0.031250TexScaleT0.031250
vt 0.000000 0.000000 0.0
vt 0.000000 0.000000 0.0
vt 0.000000 0.000000 0.0
v 9.000000 -18.428276 -101.170227
#joint 33
#vjoint 94
#vcolor 0.000000 0.000000 129.000000 255.000000
v -9.000000 -18.428276 -101.170227
#joint 33
#vjoint 95
vn 0.000000 0.000000 1.015748
vn 0.000000 0.000000 1.015748
vn 0.000000 0.000000 1.015748
f 94/283/235 95/284/236 45/285/237
#fvcolorindex 62 62 62 
vt 0.000000 0.000000 0.0
vt 0.000000 0.000000 0.0
vt 0.000000 0.000000 0.0
vn 0.000000 0.000000 1.015748
vn 0.000000 0.000000 1.015748
vn 0.000000 0.000000 1.015748
f 94/286/238 45/287/239 34/288/240
#fvcolorindex 62 62 62 
usemtl m45CullBothEnvMappingTexScaleS0.031250TexScaleT0.031250
vt 0.000000 0.000000 0.0
vt 0.000000 0.000000 0.0
vt 0.000000 0.000000 0.0
#vcolor 0.000000 127.000000 0.000000 255.000000
vn 0.000000 1.000000 0.000000
vn 0.000000 1.000000 0.000000
vn 0.000000 1.000000 0.000000
f 85/289/241 91/290/242 95/291/243
#fvcolorindex 63 63 63 
vt 0.000000 0.000000 0.0
vt 0.000000 0.000000 0.0
vt 0.000000 0.000000 0.0
vn 0.000000 1.000000 0.000000
vn 0.000000 1.000000 0.000000
vn 0.000000 1.000000 0.000000
f 85/292/244 95/293/245 94/294/246
#fvcolorindex 63 63 63 
usemtl m46CullBothEnvMappingTexScaleS0.031250TexScaleT0.031250
vt 0.000000 0.000000 0.0
vt 0.000000 0.000000 0.0
vt 0.000000 0.000000 0.0
#vcolor 0.000000 0.000000 127.000000 255.000000
vn 0.000000 0.000000 1.000000
vn 0.000000 0.000000 1.000000
vn 0.000000 0.000000 1.000000
f 87/295/247 93/296/248 91/297/249
#fvcolorindex 64 64 64 
vt 0.000000 0.000000 0.0
vt 0.000000 0.000000 0.0
vt 0.000000 0.000000 0.0
vn 0.000000 0.000000 1.000000
vn 0.000000 0.000000 1.000000
vn 0.000000 0.000000 1.000000
f 87/298/250 91/299/251 85/300/252
#fvcolorindex 64 64 64 
usemtl m47CullBothEnvMappingTexScaleS0.031250TexScaleT0.031250
vt 0.000000 0.000000 0.0
vt 0.000000 0.000000 0.0
vt 0.000000 0.000000 0.0
v 6.000000 -57.428276 -119.170227
#joint 33
#vjoint 96
#vcolor 56.000000 195.000000 95.000000 255.000000
v 0.000000 -57.428276 -116.170227
#joint 33
#vjoint 97
#vcolor 0.000000 187.000000 106.000000 255.000000
v 0.000000 -69.428276 -134.170227
#joint 33
#vjoint 98
#vcolor 0.000000 135.000000 35.000000 255.000000
vn 0.440945 1.535433 0.748031
vn 0.000000 1.472441 0.834646
vn 0.000000 1.062992 0.275591
f 96/301/253 97/302/254 98/303/255
#fvcolorindex 65 66 67 
vt 0.000000 0.000000 0.0
vt 0.000000 0.000000 0.0
vt 0.000000 0.000000 0.0
v 6.000000 -66.428276 -134.170227
#joint 33
#vjoint 99
#vcolor 54.000000 147.000000 33.000000 255.000000
vn 0.440945 1.535433 0.748031
vn 0.000000 1.062992 0.275591
vn 0.425197 1.157480 0.259843
f 96/304/256 98/305/257 99/306/258
#fvcolorindex 65 67 68 
usemtl m48CullBothEnvMappingTexScaleS0.031250TexScaleT0.031250
vt 0.000000 0.000000 0.0
vt 0.000000 0.000000 0.0
vt 0.000000 0.000000 0.0
v 0.000000 -69.428276 -161.170227
#joint 33
#vjoint 100
#vcolor 0.000000 138.000000 210.000000 255.000000
vn 0.425197 1.157480 0.259843
vn 0.000000 1.062992 0.275591
vn 0.000000 1.086614 1.653543
f 99/307/259 98/308/260 100/309/261
#fvcolorindex 68 67 69 
vt 0.000000 0.000000 0.0
vt 0.000000 0.000000 0.0
vt 0.000000 0.000000 0.0
v 6.000000 -66.428276 -158.170227
#joint 33
#vjoint 101
#vcolor 69.000000 157.000000 218.000000 255.000000
vn 0.425197 1.157480 0.259843
vn 0.000000 1.086614 1.653543
vn 0.543307 1.236220 1.716535
f 99/310/262 100/311/263 101/312/264
#fvcolorindex 68 69 70 
usemtl m49CullBothEnvMappingTexScaleS0.031250TexScaleT0.031250
vt 0.000000 0.000000 0.0
vt 0.000000 0.000000 0.0
vt 0.000000 0.000000 0.0
v 0.000000 -54.428276 -176.170227
#joint 33
#vjoint 102
#vcolor 0.000000 167.000000 167.000000 255.000000
vn 0.543307 1.236220 1.716535
vn 0.000000 1.086614 1.653543
vn 0.000000 1.314961 1.314961
f 101/313/265 100/314/266 102/315/267
#fvcolorindex 70 69 71 
vt 0.000000 0.000000 0.0
vt 0.000000 0.000000 0.0
vt 0.000000 0.000000 0.0
v 6.000000 -54.428276 -170.170227
#joint 33
#vjoint 103
#vcolor 41.000000 144.000000 215.000000 255.000000
vn 0.543307 1.236220 1.716535
vn 0.000000 1.314961 1.314961
vn 0.322835 1.133858 1.692913
f 101/316/268 102/317/269 103/318/270
#fvcolorindex 70 71 72 
usemtl m50CullBothEnvMappingTexScaleS0.031250TexScaleT0.031250
vt 0.000000 0.000000 0.0
vt 0.000000 0.000000 0.0
vt 0.000000 0.000000 0.0
v -6.000000 -66.428276 -158.170227
#joint 33
#vjoint 104
#vcolor 187.000000 157.000000 218.000000 255.000000
vn 0.000000 1.314961 1.314961
vn 0.000000 1.086614 1.653543
vn 1.472441 1.236220 1.716535
f 102/319/271 100/320/272 104/321/273
#fvcolorindex 71 69 73 
vt 0.000000 0.000000 0.0
vt 0.000000 0.000000 0.0
vt 0.000000 0.000000 0.0
v -6.000000 -54.428276 -170.170227
#joint 33
#vjoint 105
#vcolor 215.000000 144.000000 215.000000 255.000000
vn 0.000000 1.314961 1.314961
vn 1.472441 1.236220 1.716535
vn 1.692913 1.133858 1.692913
f 102/322/274 104/323/275 105/324/276
#fvcolorindex 71 73 74 
usemtl m51CullBothEnvMappingTexScaleS0.031250TexScaleT0.031250
vt 0.000000 0.000000 0.0
vt 0.000000 0.000000 0.0
vt 0.000000 0.000000 0.0
v -6.000000 -66.428276 -134.170227
#joint 33
#vjoint 106
#vcolor 201.000000 146.000000 30.000000 255.000000
vn 0.000000 1.086614 1.653543
vn 0.000000 1.062992 0.275591
vn 1.582677 1.149606 0.236220
f 100/325/277 98/326/278 106/327/279
#fvcolorindex 69 67 75 
vt 0.000000 0.000000 0.0
vt 0.000000 0.000000 0.0
vt 0.000000 0.000000 0.0
vn 0.000000 1.086614 1.653543
vn 1.582677 1.149606 0.236220
vn 1.472441 1.236220 1.716535
f 100/328/280 106/329/281 104/330/282
#fvcolorindex 69 75 73 
usemtl m52CullBothEnvMappingTexScaleS0.031250TexScaleT0.031250
vt 0.000000 0.000000 0.0
vt 0.000000 0.000000 0.0
vt 0.000000 0.000000 0.0
v -6.000000 -57.428276 -119.170227
#joint 33
#vjoint 107
#vcolor 199.000000 193.000000 93.000000 255.000000
vn 0.000000 1.472441 0.834646
vn 1.566929 1.519685 0.732283
vn 1.582677 1.149606 0.236220
f 97/331/283 107/332/284 106/333/285
#fvcolorindex 66 76 75 
vt 0.000000 0.000000 0.0
vt 0.000000 0.000000 0.0
vt 0.000000 0.000000 0.0
vn 0.000000 1.472441 0.834646
vn 1.582677 1.149606 0.236220
vn 0.000000 1.062992 0.275591
f 97/334/286 106/335/287 98/336/288
#fvcolorindex 66 75 67 
usemtl m53CullBothEnvMappingTexScaleS0.031250TexScaleT0.031250
vt 0.000000 0.000000 0.0
vt 0.000000 0.000000 0.0
vt 0.000000 0.000000 0.0
v 0.000000 -36.428276 -113.170227
#joint 33
#vjoint 108
#vcolor 0.000000 182.000000 102.000000 255.000000
vn 0.000000 1.433071 0.803150
vn 0.000000 1.472441 0.834646
vn 0.440945 1.535433 0.748031
f 108/337/289 97/338/290 96/339/291
#fvcolorindex 77 66 65 
vt 0.000000 0.000000 0.0
vt 0.000000 0.000000 0.0
vt 0.000000 0.000000 0.0
v 6.000000 -36.428276 -116.170227
#joint 33
#vjoint 109
#vcolor 83.000000 194.000000 71.000000 255.000000
vn 0.000000 1.433071 0.803150
vn 0.440945 1.535433 0.748031
vn 0.653543 1.527559 0.559055
f 108/340/292 96/341/293 109/342/294
#fvcolorindex 77 65 78 
usemtl m54CullBothEnvMappingTexScaleS0.031250TexScaleT0.031250
vt 0.000000 0.000000 0.0
vt 0.000000 0.000000 0.0
vt 0.000000 0.000000 0.0
v -6.000000 -36.428276 -116.170227
#joint 33
#vjoint 110
#vcolor 180.000000 162.000000 37.000000 255.000000
vn 1.417323 1.275591 0.291339
vn 1.566929 1.519685 0.732283
vn 0.000000 1.472441 0.834646
f 110/343/295 107/344/296 97/345/297
#fvcolorindex 79 76 66 
vt 0.000000 0.000000 0.0
vt 0.000000 0.000000 0.0
vt 0.000000 0.000000 0.0
vn 1.417323 1.275591 0.291339
vn 0.000000 1.472441 0.834646
vn 0.000000 1.433071 0.803150
f 110/346/298 97/347/299 108/348/300
#fvcolorindex 79 66 77 
usemtl m55CullBothEnvMappingTexScaleS0.031250TexScaleT0.031250
vt 0.000000 0.000000 0.0
vt 0.000000 0.000000 0.0
vt 0.000000 0.000000 0.0
#vcolor 0.000000 117.000000 48.000000 255.000000
#vcolor 0.000000 48.000000 117.000000 255.000000
vn 0.000000 0.921260 0.377953
vn 0.000000 0.921260 0.377953
vn 0.000000 0.377953 0.921260
f 104/349/301 101/350/302 103/351/303
#fvcolorindex 80 80 81 
vt 0.000000 0.000000 0.0
vt 0.000000 0.000000 0.0
vt 0.000000 0.000000 0.0
vn 0.000000 0.921260 0.377953
vn 0.000000 0.377953 0.921260
vn 0.000000 0.377953 0.921260
f 104/352/304 103/353/305 105/354/306
#fvcolorindex 80 81 81 
vt 0.000000 0.000000 0.0
vt 0.000000 0.000000 0.0
vt 0.000000 0.000000 0.0
#vcolor 0.000000 122.000000 223.000000 255.000000
vn 0.000000 0.921260 0.377953
vn 0.000000 0.921260 0.377953
vn 0.000000 0.960630 1.755906
f 101/355/307 104/356/308 106/357/309
#fvcolorindex 80 80 82 
vt 0.000000 0.000000 0.0
vt 0.000000 0.000000 0.0
vt 0.000000 0.000000 0.0
vn 0.000000 0.921260 0.377953
vn 0.000000 0.960630 1.755906
vn 0.000000 0.960630 1.755906
f 101/358/310 106/359/311 99/360/312
#fvcolorindex 80 82 82 
usemtl m56CullBothEnvMappingTexScaleS0.031250TexScaleT0.031250
vt 0.000000 0.000000 0.0
vt 0.000000 0.000000 0.0
vt 0.000000 0.000000 0.0
#vcolor 0.000000 70.000000 151.000000 255.000000
vn 0.000000 0.551181 1.188976
vn 0.000000 0.551181 1.188976
vn 0.000000 0.960630 1.755906
f 107/361/313 96/362/314 99/363/315
#fvcolorindex 83 83 82 
vt 0.000000 0.000000 0.0
vt 0.000000 0.000000 0.0
vt 0.000000 0.000000 0.0
vn 0.000000 0.551181 1.188976
vn 0.000000 0.960630 1.755906
vn 0.000000 0.960630 1.755906
f 107/364/316 99/365/317 106/366/318
#fvcolorindex 83 82 82 
vt 0.000000 0.000000 0.0
vt 0.000000 0.000000 0.0
vt 0.000000 0.000000 0.0
#vcolor 0.000000 17.000000 131.000000 255.000000
vn 0.000000 0.551181 1.188976
vn 0.000000 0.551181 1.188976
vn 0.000000 0.133858 1.031496
f 96/367/319 107/368/320 110/369/321
#fvcolorindex 83 83 84 
vt 0.000000 0.000000 0.0
vt 0.000000 0.000000 0.0
vt 0.000000 0.000000 0.0
#vcolor 0.000000 208.000000 139.000000 255.000000
vn 0.000000 0.551181 1.188976
vn 0.000000 0.133858 1.031496
vn 0.000000 1.637795 1.094488
f 96/370/322 110/371/323 109/372/324
#fvcolorindex 83 84 85 
usemtl m57CullBothEnvMappingTexScaleS0.031250TexScaleT0.031250
vt 0.000000 0.000000 0.0
vt 0.000000 0.000000 0.0
vt 0.000000 0.000000 0.0
v -9.000000 -27.428276 -104.170227
#joint 33
#vjoint 111
#vcolor 195.000000 165.000000 62.000000 255.000000
v -9.000000 -27.428276 -128.170227
#joint 33
#vjoint 112
#vcolor 206.000000 144.000000 225.000000 255.000000
vn 1.535433 1.299213 0.488189
vn 1.622047 1.133858 1.771654
vn 1.417323 1.275591 0.291339
f 111/373/325 112/374/326 110/375/327
#fvcolorindex 86 87 79 
usemtl m58CullBothEnvMappingTexScaleS0.031250TexScaleT0.031250
vt 0.000000 0.000000 0.0
vt 0.000000 0.000000 0.0
vt 0.000000 0.000000 0.0
v 9.000000 -27.428276 -128.170227
#joint 33
#vjoint 113
#vcolor 50.000000 144.000000 225.000000 255.000000
v 9.000000 -27.428276 -104.170227
#joint 33
#vjoint 114
#vcolor 61.000000 165.000000 62.000000 255.000000
vn 0.653543 1.527559 0.559055
vn 0.393701 1.133858 1.771654
vn 0.480315 1.299213 0.488189
f 109/376/328 113/377/329 114/378/330
#fvcolorindex 78 88 89 
usemtl m59CullBothEnvMappingTexScaleS0.031250TexScaleT0.031250
vt 0.000000 0.000000 0.0
vt 0.000000 0.000000 0.0
vt 0.000000 0.000000 0.0
vn 1.622047 1.133858 1.771654
vn 0.393701 1.133858 1.771654
vn 0.000000 1.637795 1.094488
f 112/379/331 113/380/332 109/381/333
#fvcolorindex 87 88 85 
vt 0.000000 0.000000 0.0
vt 0.000000 0.000000 0.0
vt 0.000000 0.000000 0.0
vn 1.622047 1.133858 1.771654
vn 0.000000 1.637795 1.094488
vn 1.417323 1.275591 0.291339
f 112/382/334 109/383/335 110/384/336
#fvcolorindex 87 85 79 
usemtl m57CullBothEnvMappingTexScaleS0.031250TexScaleT0.031250
vt 0.000000 0.000000 0.0
vt 0.000000 0.000000 0.0
vt 0.000000 0.000000 0.0
vn 1.535433 1.299213 0.488189
vn 1.417323 1.275591 0.291339
vn 0.000000 1.433071 0.803150
f 111/385/337 110/386/338 108/387/339
#fvcolorindex 86 79 77 
usemtl m60CullBothEnvMappingTexScaleS0.031250TexScaleT0.031250
vt 0.000000 0.000000 0.0
vt 0.000000 0.000000 0.0
vt 0.000000 0.000000 0.0
vn 0.480315 1.299213 0.488189
vn 1.535433 1.299213 0.488189
vn 0.000000 1.433071 0.803150
f 114/388/340 111/389/341 108/390/342
#fvcolorindex 89 86 77 
vt 0.000000 0.000000 0.0
vt 0.000000 0.000000 0.0
vt 0.000000 0.000000 0.0
vn 0.480315 1.299213 0.488189
vn 0.000000 1.433071 0.803150
vn 0.653543 1.527559 0.559055
f 114/391/343 108/392/344 109/393/345
#fvcolorindex 89 77 78 
usemtl m28CullBothEnvMappingTexScaleS0.031250TexScaleT0.031250
vt 0.000000 0.000000 0.0
vt 0.000000 0.000000 0.0
vt 0.000000 0.000000 0.0
v 6.000000 -54.428276 -187.170227
#joint 33
#vjoint 115
vn 0.000000 1.015748 0.000000
vn 0.322835 1.133858 1.692913
vn 1.692913 1.133858 1.692913
f 115/394/346 103/395/347 105/396/348
#fvcolorindex 38 72 74 
vt 0.000000 0.000000 0.0
vt 0.000000 0.000000 0.0
vt 0.000000 0.000000 0.0
v -6.000000 -54.428276 -187.170227
#joint 33
#vjoint 116
vn 0.000000 1.015748 0.000000
vn 1.692913 1.133858 1.692913
vn 0.000000 1.015748 0.000000
f 115/397/349 105/398/350 116/399/351
#fvcolorindex 38 74 38 
usemtl m61CullBothEnvMappingTexScaleS0.031250TexScaleT0.031250
vt 0.000000 0.000000 0.0
vt 0.000000 0.000000 0.0
vt 0.000000 0.000000 0.0
v -9.000000 -27.428276 -155.170227
#joint 33
#vjoint 117
#vcolor 0.000000 137.000000 42.000000 255.000000
v 9.000000 -27.428276 -155.170227
#joint 33
#vjoint 118
vn 0.000000 1.078740 0.330709
vn 0.000000 1.078740 0.330709
vn 0.393701 1.133858 1.771654
f 117/400/352 118/401/353 113/402/354
#fvcolorindex 90 90 88 
vt 0.000000 0.000000 0.0
vt 0.000000 0.000000 0.0
vt 0.000000 0.000000 0.0
vn 0.000000 1.078740 0.330709
vn 0.393701 1.133858 1.771654
vn 1.622047 1.133858 1.771654
f 117/403/355 113/404/356 112/405/357
#fvcolorindex 90 88 87 
vt 0.000000 0.000000 0.0
vt 0.000000 0.000000 0.0
vt 0.000000 0.000000 0.0
v -9.000000 -39.428276 -170.170227
#joint 33
#vjoint 119
#vcolor 0.000000 201.000000 114.000000 255.000000
vn 0.000000 1.078740 0.330709
vn 0.000000 1.078740 0.330709
vn 0.000000 1.582677 0.897638
f 118/406/358 117/407/359 119/408/360
#fvcolorindex 90 90 91 
vt 0.000000 0.000000 0.0
vt 0.000000 0.000000 0.0
vt 0.000000 0.000000 0.0
v 9.000000 -39.428276 -170.170227
#joint 33
#vjoint 120
vn 0.000000 1.078740 0.330709
vn 0.000000 1.582677 0.897638
vn 0.000000 1.582677 0.897638
f 118/409/361 119/410/362 120/411/363
#fvcolorindex 90 91 91 
usemtl m62CullBothEnvMappingTexScaleS0.031250TexScaleT0.031250
vt 0.000000 0.000000 0.0
vt 0.000000 0.000000 0.0
vt 0.000000 0.000000 0.0
vn 0.000000 0.377953 0.921260
vn 0.000000 0.377953 0.921260
vn 0.000000 1.582677 0.897638
f 105/412/364 103/413/365 120/414/366
#fvcolorindex 81 81 91 
vt 0.000000 0.000000 0.0
vt 0.000000 0.000000 0.0
vt 0.000000 0.000000 0.0
vn 0.000000 0.377953 0.921260
vn 0.000000 1.582677 0.897638
vn 0.000000 1.582677 0.897638
f 105/415/367 120/416/368 119/417/369
#fvcolorindex 81 91 91 
usemtl m63CullBothEnvMappingTexScaleS0.031250TexScaleT0.031250
vt 0.000000 0.000000 0.0
vt 0.000000 0.000000 0.0
vt 0.000000 0.000000 0.0
v -3.000000 37.571724 -81.170227
#joint 33
#vjoint 121
#vcolor 184.000000 102.000000 17.000000 255.000000
v -9.000000 34.571724 -89.170227
#joint 33
#vjoint 122
#vcolor 142.000000 53.000000 10.000000 255.000000
#vcolor 146.000000 54.000000 31.000000 255.000000
vn 1.448819 0.803150 0.133858
vn 1.118110 0.417323 0.078740
vn 1.149606 0.425197 0.244094
f 121/418/370 122/419/371 44/420/372
#fvcolorindex 92 93 94 
usemtl m64CullBothEnvMappingTexScaleS0.031250TexScaleT0.031250
vt 0.000000 0.000000 0.0
vt 0.000000 0.000000 0.0
vt 0.000000 0.000000 0.0
v -9.000000 34.571724 -167.170227
#joint 33
#vjoint 123
#vcolor 137.000000 43.000000 0.000000 255.000000
vn 1.078740 0.338583 0.000000
vn 1.118110 0.417323 0.078740
vn 1.448819 0.803150 0.133858
f 123/421/373 122/422/374 121/423/375
#fvcolorindex 95 93 92 
vt 0.000000 0.000000 0.0
vt 0.000000 0.000000 0.0
vt 0.000000 0.000000 0.0
v -3.000000 37.571724 -158.170227
#joint 33
#vjoint 124
#vcolor 237.000000 124.000000 243.000000 255.000000
vn 1.078740 0.338583 0.000000
vn 1.448819 0.803150 0.133858
vn 1.866142 0.976378 1.913386
f 123/424/376 121/425/377 124/426/378
#fvcolorindex 95 92 96 
usemtl m63CullBothEnvMappingTexScaleS0.031250TexScaleT0.031250
vt 0.000000 0.000000 0.0
vt 0.000000 0.000000 0.0
vt 0.000000 0.000000 0.0
#vcolor 140.000000 41.000000 27.000000 255.000000
vn 1.448819 0.803150 0.133858
vn 1.149606 0.425197 0.244094
vn 1.102362 0.322835 0.212598
f 121/427/379 44/428/380 81/429/381
#fvcolorindex 92 94 97 
usemtl m17CullBothEnvMappingTexScaleS0.031250TexScaleT0.031250
vt 0.000000 0.000000 0.0
vt 0.000000 0.000000 0.0
vt 0.000000 0.000000 0.0
v -3.000000 37.571724 64.829773
#joint 33
#vjoint 125
vn 1.015748 0.000000 0.000000
vn 1.015748 0.000000 0.000000
vn 1.448819 0.803150 0.133858
f 80/430/382 125/431/383 121/432/384
#fvcolorindex 23 23 92 
vt 0.000000 0.000000 0.0
vt 0.000000 0.000000 0.0
vt 0.000000 0.000000 0.0
vn 1.015748 0.000000 0.000000
vn 1.448819 0.803150 0.133858
vn 1.102362 0.322835 0.212598
f 80/433/385 121/434/386 81/435/387
#fvcolorindex 23 92 97 
usemtl m44CullBothEnvMappingTexScaleS0.031250TexScaleT0.031250
vt 0.000000 0.000000 0.0
vt 0.000000 0.000000 0.0
vt 0.000000 0.000000 0.0
vn 0.000000 0.000000 1.015748
vn 0.000000 0.000000 1.015748
vn 0.000000 0.000000 1.015748
f 34/436/388 37/437/389 39/438/390
#fvcolorindex 62 62 62 
vt 0.000000 0.000000 0.0
vt 0.000000 0.000000 0.0
vt 0.000000 0.000000 0.0
vn 0.000000 0.000000 1.015748
vn 0.000000 0.000000 1.015748
vn 0.000000 0.000000 1.015748
f 34/439/391 39/440/392 41/441/393
#fvcolorindex 62 62 62 
usemtl m65CullBothEnvMappingTexScaleS0.031250TexScaleT0.031250
vt 0.000000 0.000000 0.0
vt 0.000000 0.000000 0.0
vt 0.000000 0.000000 0.0
v 0.000000 37.571724 -137.170227
#joint 33
#vjoint 126
#vcolor 137.000000 39.000000 13.000000 255.000000
v 0.000000 46.571724 -164.170227
#joint 33
#vjoint 127
v -3.000000 37.571724 -164.170227
#joint 33
#vjoint 128
vn 1.078740 0.307087 0.102362
vn 1.078740 0.307087 0.102362
vn 1.078740 0.307087 0.102362
f 126/442/394 127/443/395 128/444/396
#fvcolorindex 98 98 98 
usemtl m44CullBothEnvMappingTexScaleS0.031250TexScaleT0.031250
vt 0.000000 0.000000 0.0
vt 0.000000 0.000000 0.0
vt 0.000000 0.000000 0.0
v 3.000000 37.571724 -164.170227
#joint 33
#vjoint 129
vn 0.000000 0.000000 1.015748
vn 0.000000 0.000000 1.015748
vn 0.000000 0.000000 1.015748
f 127/445/397 129/446/398 128/447/399
#fvcolorindex 62 62 62 
usemtl m66CullBothEnvMappingTexScaleS0.031250TexScaleT0.031250
vt 0.000000 0.000000 0.0
vt 0.000000 0.000000 0.0
vt 0.000000 0.000000 0.0
#vcolor 119.000000 39.000000 13.000000 255.000000
vn 0.937008 0.307087 0.102362
vn 0.937008 0.307087 0.102362
vn 0.937008 0.307087 0.102362
f 126/448/400 129/449/401 127/450/402
#fvcolorindex 99 99 99 
usemtl m44CullBothEnvMappingTexScaleS0.031250TexScaleT0.031250
vt 0.000000 0.000000 0.0
vt 0.000000 0.000000 0.0
vt 0.000000 0.000000 0.0
vn 0.000000 0.000000 1.015748
vn 0.000000 0.000000 1.015748
vn 0.000000 0.000000 1.015748
f 48/451/403 46/452/404 42/453/405
#fvcolorindex 62 62 62 
vt 0.000000 0.000000 0.0
vt 0.000000 0.000000 0.0
vt 0.000000 0.000000 0.0
vn 0.000000 0.000000 1.015748
vn 0.000000 0.000000 1.015748
vn 0.000000 0.000000 1.015748
f 48/454/406 42/455/407 45/456/408
#fvcolorindex 62 62 62 
usemtl m46CullBothEnvMappingTexScaleS0.031250TexScaleT0.031250
vt 0.000000 0.000000 0.0
vt 0.000000 0.000000 0.0
vt 0.000000 0.000000 0.0
vn 0.000000 0.000000 1.000000
vn 0.000000 0.000000 1.000000
vn 0.000000 0.000000 1.000000
f 76/457/409 43/458/410 47/459/411
#fvcolorindex 64 64 64 
vt 0.000000 0.000000 0.0
vt 0.000000 0.000000 0.0
vt 0.000000 0.000000 0.0
vn 0.000000 0.000000 1.000000
vn 0.000000 0.000000 1.000000
vn 0.000000 0.000000 1.000000
f 76/460/412 47/461/413 74/462/414
#fvcolorindex 64 64 64 
vt 0.000000 0.000000 0.0
vt 0.000000 0.000000 0.0
vt 0.000000 0.000000 0.0
vn 0.000000 0.000000 1.000000
vn 0.000000 0.000000 1.000000
vn 0.000000 0.000000 1.000000
f 47/463/415 72/464/416 74/465/417
#fvcolorindex 64 64 64 
vt 0.000000 0.000000 0.0
vt 0.000000 0.000000 0.0
vt 0.000000 0.000000 0.0
vn 0.000000 0.000000 1.000000
vn 0.000000 0.000000 1.000000
vn 0.000000 0.000000 1.000000
f 49/466/418 72/467/419 47/468/420
#fvcolorindex 64 64 64 
vt 0.000000 0.000000 0.0
vt 0.000000 0.000000 0.0
vt 0.000000 0.000000 0.0
vn 0.000000 0.000000 1.000000
vn 0.000000 0.000000 1.000000
vn 0.000000 0.000000 1.000000
f 72/469/421 49/470/422 40/471/423
#fvcolorindex 64 64 64 
vt 0.000000 0.000000 0.0
vt 0.000000 0.000000 0.0
vt 0.000000 0.000000 0.0
vn 0.000000 0.000000 1.000000
vn 0.000000 0.000000 1.000000
vn 0.000000 0.000000 1.000000
f 72/472/424 40/473/425 70/474/426
#fvcolorindex 64 64 64 
vt 0.000000 0.000000 0.0
vt 0.000000 0.000000 0.0
vt 0.000000 0.000000 0.0
vn 0.000000 0.000000 1.000000
vn 0.000000 0.000000 1.000000
vn 0.000000 0.000000 1.000000
f 68/475/427 38/476/428 36/477/429
#fvcolorindex 64 64 64 
vt 0.000000 0.000000 0.0
vt 0.000000 0.000000 0.0
vt 0.000000 0.000000 0.0
vn 0.000000 0.000000 1.000000
vn 0.000000 0.000000 1.000000
vn 0.000000 0.000000 1.000000
f 68/478/430 36/479/431 65/480/432
#fvcolorindex 64 64 64 
vt 0.000000 0.000000 0.0
vt 0.000000 0.000000 0.0
vt 0.000000 0.000000 0.0
vn 0.000000 0.000000 1.000000
vn 0.000000 0.000000 1.000000
vn 0.000000 0.000000 1.000000
f 68/481/433 70/482/434 38/483/435
#fvcolorindex 64 64 64 
vt 0.000000 0.000000 0.0
vt 0.000000 0.000000 0.0
vt 0.000000 0.000000 0.0
vn 0.000000 0.000000 1.000000
vn 0.000000 0.000000 1.000000
vn 0.000000 0.000000 1.000000
f 38/484/436 70/485/437 40/486/438
#fvcolorindex 64 64 64 
usemtl m67CullBothEnvMappingTexScaleS0.031250TexScaleT0.031250
vt 0.000000 0.000000 0.0
vt 0.000000 0.000000 0.0
vt 0.000000 0.000000 0.0
v -9.000000 2.571724 -214.170227
#joint 33
#vjoint 130
#vcolor 0.000000 117.000000 208.000000 255.000000
v 9.000000 2.571724 -214.170227
#joint 33
#vjoint 131
v 6.000000 -3.428276 -226.170227
#joint 33
#vjoint 132
#vcolor 0.000000 113.000000 200.000000 255.000000
vn 0.000000 0.921260 1.637795
vn 0.000000 0.921260 1.637795
vn 0.000000 0.889764 1.574803
f 130/487/439 131/488/440 132/489/441
#fvcolorindex 100 100 101 
vt 0.000000 0.000000 0.0
vt 0.000000 0.000000 0.0
vt 0.000000 0.000000 0.0
v -6.000000 -3.428276 -226.170227
#joint 33
#vjoint 133
vn 0.000000 0.921260 1.637795
vn 0.000000 0.889764 1.574803
vn 0.000000 0.889764 1.574803
f 130/490/442 132/491/443 133/492/444
#fvcolorindex 100 101 101 
usemtl m46CullBothEnvMappingTexScaleS0.031250TexScaleT0.031250
vt 0.000000 0.000000 0.0
vt 0.000000 0.000000 0.0
vt 0.000000 0.000000 0.0
v -9.000000 -5.428276 -78.170227
#joint 33
#vjoint 134
#vcolor 0.000000 226.000000 123.000000 255.000000
v 9.000000 -5.428276 -78.170227
#joint 33
#vjoint 135
vn 0.000000 0.000000 1.000000
vn 0.000000 1.779528 0.968504
vn 0.000000 1.779528 0.968504
f 49/493/445 134/494/446 135/495/447
#fvcolorindex 64 102 102 
vt 0.000000 0.000000 0.0
vt 0.000000 0.000000 0.0
vt 0.000000 0.000000 0.0
vn 0.000000 0.000000 1.000000
vn 0.000000 1.779528 0.968504
vn 0.000000 0.000000 1.000000
f 49/496/448 135/497/449 40/498/450
#fvcolorindex 64 102 64 
usemtl m68CullBothEnvMappingTexScaleS0.031250TexScaleT0.031250
vt 0.000000 0.000000 0.0
vt 0.000000 0.000000 0.0
vt 0.000000 0.000000 0.0
v 3.000000 37.571724 64.829773
#joint 33
#vjoint 136
#vcolor 183.000000 174.000000 194.000000 255.000000
#vcolor 71.000000 176.000000 190.000000 255.000000
v 0.000000 46.571724 58.829773
#joint 33
#vjoint 137
#vcolor 0.000000 144.000000 198.000000 255.000000
vn 1.440945 1.370079 1.527559
vn 0.559055 1.385827 1.496063
vn 0.000000 1.133858 1.559055
f 136/499/451 125/500/452 137/501/453
#fvcolorindex 103 104 105 
usemtl m69CullBothEnvMappingTexScaleS0.031250TexScaleT0.031250
vt 0.000000 0.000000 0.0
vt 0.000000 0.000000 0.0
vt 0.000000 0.000000 0.0
v 3.000000 37.571724 40.829773
#joint 33
#vjoint 138
#vcolor 179.000000 218.000000 93.000000 255.000000
v 0.000000 43.571724 40.829773
#joint 33
#vjoint 139
v -3.000000 37.571724 40.829773
#joint 33
#vjoint 140
vn 1.409449 1.716535 0.732283
vn 1.409449 1.716535 0.732283
vn 0.000000 0.000000 1.000000
f 138/502/454 139/503/455 140/504/456
#fvcolorindex 106 106 64 
usemtl m70CullBothEnvMappingTexScaleS0.031250TexScaleT0.031250
vt 0.000000 0.000000 0.0
vt 0.000000 0.000000 0.0
vt 0.000000 0.000000 0.0
#vcolor 113.000000 200.000000 0.000000 255.000000
vn 0.889764 1.574803 0.000000
vn 0.000000 1.133858 1.559055
vn 0.559055 1.385827 1.496063
f 139/505/457 137/506/458 125/507/459
#fvcolorindex 107 105 104 
vt 0.000000 0.000000 0.0
vt 0.000000 0.000000 0.0
vt 0.000000 0.000000 0.0
vn 0.889764 1.574803 0.000000
vn 0.559055 1.385827 1.496063
vn 0.889764 1.574803 0.000000
f 139/508/460 125/509/461 140/510/462
#fvcolorindex 107 104 107 
usemtl m68CullBothEnvMappingTexScaleS0.031250TexScaleT0.031250
vt 0.000000 0.000000 0.0
vt 0.000000 0.000000 0.0
vt 0.000000 0.000000 0.0
vn 1.440945 1.370079 1.527559
vn 0.000000 1.133858 1.559055
vn 1.409449 1.716535 0.732283
f 136/511/463 137/512/464 139/513/465
#fvcolorindex 103 105 106 
vt 0.000000 0.000000 0.0
vt 0.000000 0.000000 0.0
vt 0.000000 0.000000 0.0
vn 1.440945 1.370079 1.527559
vn 1.409449 1.716535 0.732283
vn 1.409449 1.716535 0.732283
f 136/514/466 139/515/467 138/516/468
#fvcolorindex 103 106 106 
usemtl m45CullBothEnvMappingTexScaleS0.031250TexScaleT0.031250
vt 0.000000 0.000000 0.0
vt 0.000000 0.000000 0.0
vt 0.000000 0.000000 0.0
v 3.000000 37.571724 -81.170227
#joint 33
#vjoint 141
#vcolor 52.000000 113.000000 19.000000 255.000000
vn 0.000000 1.000000 0.000000
vn 0.409449 0.889764 0.149606
vn 1.448819 0.803150 0.133858
f 136/517/469 141/518/470 121/519/471
#fvcolorindex 63 108 92 
vt 0.000000 0.000000 0.0
vt 0.000000 0.000000 0.0
vt 0.000000 0.000000 0.0
vn 0.000000 1.000000 0.000000
vn 1.448819 0.803150 0.133858
vn 0.000000 1.000000 0.000000
f 136/520/472 121/521/473 125/522/474
#fvcolorindex 63 92 63 
usemtl m71CullBothEnvMappingTexScaleS0.031250TexScaleT0.031250
vt 0.000000 0.000000 0.0
vt 0.000000 0.000000 0.0
vt 0.000000 0.000000 0.0
#vcolor 116.000000 41.000000 27.000000 255.000000
#vcolor 127.000000 0.000000 0.000000 255.000000
vn 0.913386 0.322835 0.212598
vn 1.000000 0.000000 0.000000
vn 1.000000 0.000000 0.000000
f 78/523/475 141/524/476 136/525/477
#fvcolorindex 109 110 110 
vt 0.000000 0.000000 0.0
vt 0.000000 0.000000 0.0
vt 0.000000 0.000000 0.0
vn 0.913386 0.322835 0.212598
vn 1.000000 0.000000 0.000000
vn 1.000000 0.000000 0.000000
f 78/526/478 136/527/479 79/528/480
#fvcolorindex 109 110 110 
vt 0.000000 0.000000 0.0
vt 0.000000 0.000000 0.0
vt 0.000000 0.000000 0.0
#vcolor 110.000000 54.000000 31.000000 255.000000
vn 0.913386 0.322835 0.212598
vn 0.866142 0.425197 0.244094
vn 0.409449 0.889764 0.149606
f 78/529/481 35/530/482 141/531/483
#fvcolorindex 109 111 108 
usemtl m72CullBothEnvMappingTexScaleS0.031250TexScaleT0.031250
vt 0.000000 0.000000 0.0
vt 0.000000 0.000000 0.0
vt 0.000000 0.000000 0.0
v -9.000000 14.571724 -179.170227
#joint 33
#vjoint 142
#vcolor 0.000000 98.000000 176.000000 255.000000
v 9.000000 14.571724 -179.170227
#joint 33
#vjoint 143
vn 0.000000 0.771654 1.385827
vn 0.000000 0.771654 1.385827
vn 0.000000 0.921260 1.637795
f 142/532/484 143/533/485 131/534/486
#fvcolorindex 112 112 100 
vt 0.000000 0.000000 0.0
vt 0.000000 0.000000 0.0
vt 0.000000 0.000000 0.0
vn 0.000000 0.771654 1.385827
vn 0.000000 0.921260 1.637795
vn 0.000000 0.921260 1.637795
f 142/535/487 131/536/488 130/537/489
#fvcolorindex 112 100 100 
vt 0.000000 0.000000 0.0
vt 0.000000 0.000000 0.0
vt 0.000000 0.000000 0.0
v 9.000000 34.571724 -167.170227
#joint 33
#vjoint 144
#vcolor 86.000000 82.000000 215.000000 255.000000
vn 0.000000 0.771654 1.385827
vn 0.677165 0.645669 1.692913
vn 0.000000 0.771654 1.385827
f 123/538/490 144/539/491 143/540/492
#fvcolorindex 112 113 112 
vt 0.000000 0.000000 0.0
vt 0.000000 0.000000 0.0
vt 0.000000 0.000000 0.0
vn 0.000000 0.771654 1.385827
vn 0.000000 0.771654 1.385827
vn 0.000000 0.771654 1.385827
f 123/541/493 143/542/494 142/543/495
#fvcolorindex 112 112 112 
usemtl m73CullBothEnvMappingTexScaleS0.031250TexScaleT0.031250
vt 0.000000 0.000000 0.0
vt 0.000000 0.000000 0.0
vt 0.000000 0.000000 0.0
v 3.000000 37.571724 -158.170227
#joint 33
#vjoint 145
#vcolor 19.000000 124.000000 243.000000 255.000000
vn 0.409449 0.889764 0.149606
vn 0.149606 0.976378 1.913386
vn 1.866142 0.976378 1.913386
f 141/544/496 145/545/497 124/546/498
#fvcolorindex 108 114 96 
vt 0.000000 0.000000 0.0
vt 0.000000 0.000000 0.0
vt 0.000000 0.000000 0.0
vn 0.409449 0.889764 0.149606
vn 1.866142 0.976378 1.913386
vn 1.448819 0.803150 0.133858
f 141/547/499 124/548/500 121/549/501
#fvcolorindex 108 96 92 
usemtl m74CullBothEnvMappingTexScaleS0.031250TexScaleT0.031250
vt 0.000000 0.000000 0.0
vt 0.000000 0.000000 0.0
vt 0.000000 0.000000 0.0
vn 0.149606 0.976378 1.913386
vn 0.677165 0.645669 1.692913
vn 0.000000 0.771654 1.385827
f 145/550/502 144/551/503 123/552/504
#fvcolorindex 114 113 112 
vt 0.000000 0.000000 0.0
vt 0.000000 0.000000 0.0
vt 0.000000 0.000000 0.0
vn 0.149606 0.976378 1.913386
vn 0.000000 0.771654 1.385827
vn 1.866142 0.976378 1.913386
f 145/553/505 123/554/506 124/555/507
#fvcolorindex 114 112 96 
vt 0.000000 0.000000 0.0
vt 0.000000 0.000000 0.0
vt 0.000000 0.000000 0.0
v 9.000000 34.571724 -89.170227
#joint 33
#vjoint 146
#vcolor 114.000000 53.000000 10.000000 255.000000
vn 0.149606 0.976378 1.913386
vn 0.409449 0.889764 0.149606
vn 0.897638 0.417323 0.078740
f 145/556/508 141/557/509 146/558/510
#fvcolorindex 114 108 115 
vt 0.000000 0.000000 0.0
vt 0.000000 0.000000 0.0
vt 0.000000 0.000000 0.0
vn 0.149606 0.976378 1.913386
vn 0.897638 0.417323 0.078740
vn 0.677165 0.645669 1.692913
f 145/559/511 146/560/512 144/561/513
#fvcolorindex 114 115 113 
usemtl m75CullBothEnvMappingTexScaleS0.031250TexScaleT0.031250
vt 0.000000 0.000000 0.0
vt 0.000000 0.000000 0.0
vt 0.000000 0.000000 0.0
vn 0.866142 0.425197 0.244094
vn 0.897638 0.417323 0.078740
vn 0.409449 0.889764 0.149606
f 35/562/514 146/563/515 141/564/516
#fvcolorindex 111 115 108 
usemtl m76CullBothEnvMappingTexScaleS0.031250TexScaleT0.031250
vt 0.000000 0.000000 0.0
vt 0.000000 0.000000 0.0
vt 0.000000 0.000000 0.0
#vcolor 208.000000 72.000000 92.000000 255.000000
#vcolor 197.000000 74.000000 83.000000 255.000000
#vcolor 213.000000 54.000000 105.000000 255.000000
vn 1.637795 0.566929 0.724409
vn 1.551181 0.582677 0.653543
vn 1.677165 0.425197 0.826772
f 122/565/517 45/566/518 44/567/519
#fvcolorindex 116 117 118 
usemtl m77CullBothEnvMappingTexScaleS0.031250TexScaleT0.031250
vt 0.000000 0.000000 0.0
vt 0.000000 0.000000 0.0
vt 0.000000 0.000000 0.0
#vcolor 43.000000 54.000000 105.000000 255.000000
#vcolor 59.000000 74.000000 83.000000 255.000000
#vcolor 48.000000 72.000000 92.000000 255.000000
vn 0.338583 0.425197 0.826772
vn 0.464567 0.582677 0.653543
vn 0.377953 0.566929 0.724409
f 35/568/520 34/569/521 146/570/522
#fvcolorindex 119 120 121 
usemtl m78CullBothEnvMappingTexScaleS0.031250TexScaleT0.031250
vt 0.000000 0.000000 0.0
vt 0.000000 0.000000 0.0
vt 0.000000 0.000000 0.0
#vcolor 68.000000 86.000000 194.000000 255.000000
vn 0.377953 0.566929 0.724409
vn 0.464567 0.582677 0.653543
vn 0.535433 0.677165 1.527559
f 146/571/523 34/572/524 87/573/525
#fvcolorindex 121 120 122 
vt 0.000000 0.000000 0.0
vt 0.000000 0.000000 0.0
vt 0.000000 0.000000 0.0
#vcolor 55.000000 83.000000 178.000000 255.000000
vn 0.377953 0.566929 0.724409
vn 0.535433 0.677165 1.527559
vn 0.433071 0.653543 1.401575
f 146/574/526 87/575/527 144/576/528
#fvcolorindex 121 122 123 
usemtl m79CullBothEnvMappingTexScaleS0.031250TexScaleT0.031250
vt 0.000000 0.000000 0.0
vt 0.000000 0.000000 0.0
vt 0.000000 0.000000 0.0
#vcolor 201.000000 83.000000 178.000000 255.000000
#vcolor 188.000000 86.000000 194.000000 255.000000
vn 1.582677 0.653543 1.401575
vn 1.480315 0.677165 1.527559
vn 1.551181 0.582677 0.653543
f 123/577/529 93/578/530 45/579/531
#fvcolorindex 124 125 117 
vt 0.000000 0.000000 0.0
vt 0.000000 0.000000 0.0
vt 0.000000 0.000000 0.0
vn 1.582677 0.653543 1.401575
vn 1.551181 0.582677 0.653543
vn 1.637795 0.566929 0.724409
f 123/580/532 45/581/533 122/582/534
#fvcolorindex 124 117 116 
usemtl m80CullBothEnvMappingTexScaleS0.031250TexScaleT0.031250
vt 0.000000 0.000000 0.0
vt 0.000000 0.000000 0.0
vt 0.000000 0.000000 0.0
#vcolor 80.000000 192.000000 183.000000 255.000000
#vcolor 70.000000 173.000000 192.000000 255.000000
#vcolor 50.000000 171.000000 178.000000 255.000000
vn 0.629921 1.511811 1.440945
vn 0.551181 1.362205 1.511811
vn 0.393701 1.346457 1.401575
f 85/583/535 118/584/536 120/585/537
#fvcolorindex 126 127 128 
vt 0.000000 0.000000 0.0
vt 0.000000 0.000000 0.0
vt 0.000000 0.000000 0.0
v 9.000000 -18.428276 -193.170227
#joint 33
#vjoint 147
#vcolor 44.000000 221.000000 143.000000 255.000000
vn 0.629921 1.511811 1.440945
vn 0.393701 1.346457 1.401575
vn 0.346457 1.740157 1.125984
f 85/586/538 120/587/539 147/588/540
#fvcolorindex 126 128 129 
vt 0.000000 0.000000 0.0
vt 0.000000 0.000000 0.0
vt 0.000000 0.000000 0.0
#vcolor 35.000000 3.000000 135.000000 255.000000
vn 0.629921 1.511811 1.440945
vn 0.346457 1.740157 1.125984
vn 0.275591 0.023622 1.062992
f 85/589/541 147/590/542 131/591/543
#fvcolorindex 126 129 130 
vt 0.000000 0.000000 0.0
vt 0.000000 0.000000 0.0
vt 0.000000 0.000000 0.0
#vcolor 81.000000 18.000000 161.000000 255.000000
vn 0.629921 1.511811 1.440945
vn 0.275591 0.023622 1.062992
vn 0.637795 0.141732 1.267717
f 85/592/544 131/593/545 83/594/546
#fvcolorindex 126 130 131 
usemtl m81CullBothEnvMappingTexScaleS0.031250TexScaleT0.031250
vt 0.000000 0.000000 0.0
vt 0.000000 0.000000 0.0
vt 0.000000 0.000000 0.0
#vcolor 56.000000 34.000000 148.000000 255.000000
vn 0.440945 0.267717 1.165354
vn 0.637795 0.141732 1.267717
vn 0.275591 0.023622 1.062992
f 143/595/547 83/596/548 131/597/549
#fvcolorindex 132 131 130 
usemtl m82CullBothEnvMappingTexScaleS0.031250TexScaleT0.031250
vt 0.000000 0.000000 0.0
vt 0.000000 0.000000 0.0
vt 0.000000 0.000000 0.0
vn 0.535433 0.677165 1.527559
vn 0.637795 0.141732 1.267717
vn 0.440945 0.267717 1.165354
f 87/598/550 83/599/551 143/600/552
#fvcolorindex 122 131 132 
vt 0.000000 0.000000 0.0
vt 0.000000 0.000000 0.0
vt 0.000000 0.000000 0.0
vn 0.535433 0.677165 1.527559
vn 0.440945 0.267717 1.165354
vn 0.433071 0.653543 1.401575
f 87/601/553 143/602/554 144/603/555
#fvcolorindex 122 132 123 
usemtl m79CullBothEnvMappingTexScaleS0.031250TexScaleT0.031250
vt 0.000000 0.000000 0.0
vt 0.000000 0.000000 0.0
vt 0.000000 0.000000 0.0
#vcolor 200.000000 34.000000 148.000000 255.000000
vn 1.582677 0.653543 1.401575
vn 1.574803 0.267717 1.165354
vn 1.480315 0.677165 1.527559
f 123/604/556 142/605/557 93/606/558
#fvcolorindex 124 133 125 
usemtl m83CullBothEnvMappingTexScaleS0.031250TexScaleT0.031250
vt 0.000000 0.000000 0.0
vt 0.000000 0.000000 0.0
vt 0.000000 0.000000 0.0
#vcolor 175.000000 18.000000 161.000000 255.000000
vn 1.574803 0.267717 1.165354
vn 1.377953 0.141732 1.267717
vn 1.480315 0.677165 1.527559
f 142/607/559 89/608/560 93/609/561
#fvcolorindex 133 134 125 
usemtl m84CullBothEnvMappingTexScaleS0.031250TexScaleT0.031250
vt 0.000000 0.000000 0.0
vt 0.000000 0.000000 0.0
vt 0.000000 0.000000 0.0
#vcolor 221.000000 3.000000 135.000000 255.000000
vn 1.740157 0.023622 1.062992
vn 1.377953 0.141732 1.267717
vn 1.574803 0.267717 1.165354
f 130/610/562 89/611/563 142/612/564
#fvcolorindex 135 134 133 
usemtl m85CullBothEnvMappingTexScaleS0.031250TexScaleT0.031250
vt 0.000000 0.000000 0.0
vt 0.000000 0.000000 0.0
vt 0.000000 0.000000 0.0
v -9.000000 -18.428276 -193.170227
#joint 33
#vjoint 148
#vcolor 212.000000 221.000000 143.000000 255.000000
vn 1.377953 0.141732 1.267717
vn 1.740157 0.023622 1.062992
vn 1.669291 1.740157 1.125984
f 89/613/565 130/614/566 148/615/567
#fvcolorindex 134 135 136 
vt 0.000000 0.000000 0.0
vt 0.000000 0.000000 0.0
vt 0.000000 0.000000 0.0
#vcolor 176.000000 192.000000 183.000000 255.000000
vn 1.377953 0.141732 1.267717
vn 1.669291 1.740157 1.125984
vn 1.385827 1.511811 1.440945
f 89/616/568 148/617/569 91/618/570
#fvcolorindex 134 136 137 
usemtl m86CullBothEnvMappingTexScaleS0.031250TexScaleT0.031250
vt 0.000000 0.000000 0.0
vt 0.000000 0.000000 0.0
vt 0.000000 0.000000 0.0
#vcolor 206.000000 171.000000 178.000000 255.000000
#vcolor 186.000000 173.000000 192.000000 255.000000
vn 1.669291 1.740157 1.125984
vn 1.622047 1.346457 1.401575
vn 1.464567 1.362205 1.511811
f 148/619/571 119/620/572 117/621/573
#fvcolorindex 136 138 139 
vt 0.000000 0.000000 0.0
vt 0.000000 0.000000 0.0
vt 0.000000 0.000000 0.0
vn 1.669291 1.740157 1.125984
vn 1.464567 1.362205 1.511811
vn 1.385827 1.511811 1.440945
f 148/622/574 117/623/575 91/624/576
#fvcolorindex 136 139 137 
usemtl m87CullBothEnvMappingTexScaleS0.031250TexScaleT0.031250
vt 0.000000 0.000000 0.0
vt 0.000000 0.000000 0.0
vt 0.000000 0.000000 0.0
v 9.000000 -27.428276 -89.170227
#joint 33
#vjoint 149
#vcolor 51.000000 195.000000 98.000000 255.000000
vn 0.401575 1.535433 0.771654
vn 0.551181 1.362205 1.511811
vn 0.629921 1.511811 1.440945
f 149/625/577 118/626/578 85/627/579
#fvcolorindex 140 127 126 
vt 0.000000 0.000000 0.0
vt 0.000000 0.000000 0.0
vt 0.000000 0.000000 0.0
#vcolor 67.000000 203.000000 93.000000 255.000000
vn 0.401575 1.535433 0.771654
vn 0.629921 1.511811 1.440945
vn 0.527559 1.598425 0.732283
f 149/628/580 85/629/581 94/630/582
#fvcolorindex 140 126 141 
vt 0.000000 0.000000 0.0
vt 0.000000 0.000000 0.0
vt 0.000000 0.000000 0.0
#vcolor 48.000000 246.000000 116.000000 255.000000
vn 0.401575 1.535433 0.771654
vn 0.527559 1.598425 0.732283
vn 0.377953 1.937008 0.913386
f 149/631/583 94/632/584 135/633/585
#fvcolorindex 140 141 142 
usemtl m88CullBothEnvMappingTexScaleS0.031250TexScaleT0.031250
vt 0.000000 0.000000 0.0
vt 0.000000 0.000000 0.0
vt 0.000000 0.000000 0.0
#vcolor 72.000000 25.000000 100.000000 255.000000
#vcolor 48.000000 17.000000 116.000000 255.000000
vn 0.527559 1.598425 0.732283
vn 0.566929 0.196850 0.787402
vn 0.377953 0.133858 0.913386
f 94/634/586 41/635/587 40/636/588
#fvcolorindex 141 143 144 
vt 0.000000 0.000000 0.0
vt 0.000000 0.000000 0.0
vt 0.000000 0.000000 0.0
vn 0.527559 1.598425 0.732283
vn 0.377953 0.133858 0.913386
vn 0.377953 1.937008 0.913386
f 94/637/589 40/638/590 135/639/591
#fvcolorindex 141 144 142 
usemtl m89CullBothEnvMappingTexScaleS0.031250TexScaleT0.031250
vt 0.000000 0.000000 0.0
vt 0.000000 0.000000 0.0
vt 0.000000 0.000000 0.0
#vcolor 240.000000 235.000000 124.000000 255.000000
v -9.000000 -27.428276 -89.170227
#joint 33
#vjoint 150
#vcolor 240.000000 192.000000 107.000000 255.000000
#vcolor 16.000000 192.000000 107.000000 255.000000
vn 1.889764 1.850394 0.976378
vn 1.889764 1.511811 0.842520
vn 0.125984 1.511811 0.842520
f 134/640/592 150/641/593 149/642/594
#fvcolorindex 145 146 147 
vt 0.000000 0.000000 0.0
vt 0.000000 0.000000 0.0
vt 0.000000 0.000000 0.0
#vcolor 16.000000 235.000000 124.000000 255.000000
vn 1.889764 1.850394 0.976378
vn 0.125984 1.511811 0.842520
vn 0.125984 1.850394 0.976378
f 134/643/595 149/644/596 135/645/597
#fvcolorindex 145 147 148 
usemtl m90CullBothEnvMappingTexScaleS0.031250TexScaleT0.031250
vt 0.000000 0.000000 0.0
vt 0.000000 0.000000 0.0
vt 0.000000 0.000000 0.0
#vcolor 208.000000 246.000000 116.000000 255.000000
#vcolor 208.000000 17.000000 116.000000 255.000000
#vcolor 184.000000 25.000000 100.000000 255.000000
vn 1.637795 1.937008 0.913386
vn 1.637795 0.133858 0.913386
vn 1.448819 0.196850 0.787402
f 134/646/598 49/647/599 48/648/600
#fvcolorindex 149 150 151 
vt 0.000000 0.000000 0.0
vt 0.000000 0.000000 0.0
vt 0.000000 0.000000 0.0
#vcolor 189.000000 203.000000 93.000000 255.000000
vn 1.637795 1.937008 0.913386
vn 1.448819 0.196850 0.787402
vn 1.488189 1.598425 0.732283
f 134/649/601 48/650/602 95/651/603
#fvcolorindex 149 151 152 
vt 0.000000 0.000000 0.0
vt 0.000000 0.000000 0.0
vt 0.000000 0.000000 0.0
#vcolor 205.000000 195.000000 98.000000 255.000000
vn 1.637795 1.937008 0.913386
vn 1.488189 1.598425 0.732283
vn 1.614173 1.535433 0.771654
f 134/652/604 95/653/605 150/654/606
#fvcolorindex 149 152 153 
usemtl m91CullBothEnvMappingTexScaleS0.031250TexScaleT0.031250
vt 0.000000 0.000000 0.0
vt 0.000000 0.000000 0.0
vt 0.000000 0.000000 0.0
vn 1.488189 1.598425 0.732283
vn 1.385827 1.511811 1.440945
vn 1.464567 1.362205 1.511811
f 95/655/607 91/656/608 117/657/609
#fvcolorindex 152 137 139 
vt 0.000000 0.000000 0.0
vt 0.000000 0.000000 0.0
vt 0.000000 0.000000 0.0
vn 1.488189 1.598425 0.732283
vn 1.464567 1.362205 1.511811
vn 1.614173 1.535433 0.771654
f 95/658/610 117/659/611 150/660/612
#fvcolorindex 152 139 153 
usemtl m92CullBothEnvMappingTexScaleS0.031250TexScaleT0.031250
vt 0.000000 0.000000 0.0
vt 0.000000 0.000000 0.0
vt 0.000000 0.000000 0.0
#vcolor 18.000000 170.000000 91.000000 255.000000
#vcolor 238.000000 170.000000 91.000000 255.000000
#vcolor 235.000000 154.000000 71.000000 255.000000
vn 0.141732 1.338583 0.716535
vn 1.874016 1.338583 0.716535
vn 1.850394 1.212598 0.559055
f 149/661/613 150/662/614 111/663/615
#fvcolorindex 154 155 156 
vt 0.000000 0.000000 0.0
vt 0.000000 0.000000 0.0
vt 0.000000 0.000000 0.0
#vcolor 21.000000 154.000000 71.000000 255.000000
vn 0.141732 1.338583 0.716535
vn 1.850394 1.212598 0.559055
vn 0.165354 1.212598 0.559055
f 149/664/616 111/665/617 114/666/618
#fvcolorindex 154 156 157 
usemtl m93CullBoth
vt 0.345703 0.430176 0.0
vt 0.345703 0.430176 0.0
vt 0.224609 0.530273 0.0
v -6.000000 -66.428276 -202.170227
#joint 33
#vjoint 151
#vcolor 67.000000 67.000000 67.000000 255.000000
v 6.000000 -66.428276 -202.170227
#joint 33
#vjoint 152
f 151/667 152/668 115/669
#fvcolorindex 158 158 158 
vt 0.345703 0.430176 0.0
vt 0.224609 0.530273 0.0
vt 0.224609 0.530273 0.0
f 151/670 115/671 116/672
#fvcolorindex 158 158 158 
vt 0.222656 0.085449 0.0
vt 0.222656 0.085449 0.0
vt 0.345703 0.430176 0.0
v -6.000000 -113.428276 -202.170227
#joint 33
#vjoint 153
v 6.000000 -113.428276 -202.170227
#joint 33
#vjoint 154
#vcolor 137.000000 137.000000 137.000000 255.000000
f 153/673 154/674 152/675
#fvcolorindex 158 159 158 
vt 0.222656 0.085449 0.0
vt 0.345703 0.430176 0.0
vt 0.345703 0.430176 0.0
f 153/676 152/677 151/678
#fvcolorindex 158 158 158 
vt 0.331055 0.653809 0.0
vt 0.081055 0.654785 0.0
vt 0.376953 0.783203 0.0
v -15.000000 -36.428276 -193.170227
#joint 33
#vjoint 155
f 155/679 119/680 148/681
#fvcolorindex 158 158 158 
vt 0.331055 0.653809 0.0
vt 0.224609 0.530273 0.0
vt 0.042969 0.546875 0.0
f 155/682 116/683 105/684
#fvcolorindex 158 158 158 
vt 0.331055 0.653809 0.0
vt 0.042969 0.546875 0.0
vt 0.081055 0.654785 0.0
f 155/685 105/686 119/687
#fvcolorindex 158 158 158 
vt 0.482422 0.461914 0.0
vt 0.345703 0.430176 0.0
vt 0.224609 0.530273 0.0
v -15.000000 -60.428276 -214.170227
#joint 33
#vjoint 156
f 156/688 151/689 116/690
#fvcolorindex 158 158 158 
vt 0.482422 0.461914 0.0
vt 0.224609 0.530273 0.0
vt 0.331055 0.653809 0.0
f 156/691 116/692 155/693
#fvcolorindex 158 158 158 
usemtl m94CullBoth
vt 0.643555 0.914551 0.0
vt 0.688477 0.865723 0.0
vt 0.331055 0.653809 0.0
#vcolor 100.000000 100.000000 100.000000 255.000000
v -15.000000 -3.428276 -220.170227
#joint 33
#vjoint 157
f 130/694 157/695 155/696
#fvcolorindex 160 158 158 
vt 0.643555 0.914551 0.0
vt 0.331055 0.653809 0.0
vt 0.376953 0.783203 0.0
f 130/697 155/698 148/699
#fvcolorindex 160 158 158 
usemtl m93CullBoth
vt 0.837891 0.496094 0.0
vt 0.482422 0.461914 0.0
vt 0.331055 0.653809 0.0
v -15.000000 -51.428276 -247.170227
#joint 33
#vjoint 158
f 158/700 156/701 155/702
#fvcolorindex 158 158 158 
vt 0.837891 0.496094 0.0
vt 0.331055 0.653809 0.0
vt 0.688477 0.865723 0.0
f 158/703 155/704 157/705
#fvcolorindex 158 158 158 
vt 0.343750 0.074219 0.0
vt 0.222656 0.085449 0.0
vt 0.345703 0.430176 0.0
v -15.000000 -113.428276 -214.170227
#joint 33
#vjoint 159
f 159/706 153/707 151/708
#fvcolorindex 158 158 158 
vt 0.343750 0.074219 0.0
vt 0.345703 0.430176 0.0
vt 0.482422 0.461914 0.0
f 159/709 151/710 156/711
#fvcolorindex 158 158 158 
vt 0.837891 0.496094 0.0
vt 0.858398 0.026855 0.0
vt 0.343750 0.074219 0.0
v -15.000000 -113.428276 -265.170227
#joint 33
#vjoint 160
f 158/712 160/713 159/714
#fvcolorindex 158 158 158 
vt 0.837891 0.496094 0.0
vt 0.343750 0.074219 0.0
vt 0.482422 0.461914 0.0
f 158/715 159/716 156/717
#fvcolorindex 158 158 158 
vt 0.858398 0.026855 0.0
vt 0.837891 0.496094 0.0
vt 0.906250 0.512207 0.0
v -6.000000 -48.428276 -253.170227
#joint 33
#vjoint 161
#vcolor 98.000000 98.000000 98.000000 255.000000
f 160/718 158/719 161/720
#fvcolorindex 158 158 161 
vt 0.858398 0.026855 0.0
vt 0.906250 0.512207 0.0
vt 0.919922 0.020996 0.0
v -6.000000 -113.428276 -271.170227
#joint 33
#vjoint 162
#vcolor 78.000000 78.000000 78.000000 255.000000
f 160/721 161/722 162/723
#fvcolorindex 158 161 162 
usemtl m95CullBoth
vt 0.906250 0.512207 0.0
vt 0.837891 0.496094 0.0
vt 0.688477 0.865723 0.0
f 161/724 158/725 157/726
#fvcolorindex 161 158 158 
vt 0.906250 0.512207 0.0
vt 0.688477 0.865723 0.0
vt 0.749023 0.860352 0.0
#vcolor 142.000000 142.000000 142.000000 255.000000
f 161/727 157/728 133/729
#fvcolorindex 161 158 163 
vt 0.906250 0.512207 0.0
vt 0.906250 0.512207 0.0
vt 0.919922 0.020996 0.0
v 6.000000 -48.428276 -253.170227
#joint 33
#vjoint 163
#vcolor 181.000000 181.000000 181.000000 255.000000
v 6.000000 -113.428276 -271.170227
#joint 33
#vjoint 164
#vcolor 157.000000 157.000000 157.000000 255.000000
f 161/730 163/731 164/732
#fvcolorindex 161 164 165 
vt 0.906250 0.512207 0.0
vt 0.919922 0.020996 0.0
vt 0.919922 0.020996 0.0
f 161/733 164/734 162/735
#fvcolorindex 161 165 162 
usemtl m96CullBoth
vt 0.749023 0.860352 0.0
vt 0.749023 0.860352 0.0
vt 0.906250 0.512207 0.0
#vcolor 229.000000 229.000000 229.000000 255.000000
f 133/736 132/737 163/738
#fvcolorindex 163 166 164 
vt 0.749023 0.860352 0.0
vt 0.906250 0.512207 0.0
vt 0.906250 0.512207 0.0
f 133/739 163/740 161/741
#fvcolorindex 163 164 161 
usemtl m97CullBoth
vt 0.749023 0.860352 0.0
vt 0.688477 0.865723 0.0
vt 0.837891 0.496094 0.0
v 15.000000 -3.428276 -220.170227
#joint 33
#vjoint 165
#vcolor 254.000000 254.000000 254.000000 255.000000
v 15.000000 -51.428276 -247.170227
#joint 33
#vjoint 166
#vcolor 223.000000 223.000000 223.000000 255.000000
f 132/742 165/743 166/744
#fvcolorindex 166 167 168 
vt 0.749023 0.860352 0.0
vt 0.837891 0.496094 0.0
vt 0.906250 0.512207 0.0
f 132/745 166/746 163/747
#fvcolorindex 166 168 164 
vt 0.749023 0.860352 0.0
vt 0.674805 0.923828 0.0
vt 0.688477 0.865723 0.0
f 132/748 131/749 165/750
#fvcolorindex 166 167 167 
usemtl m98CullBoth
vt 0.376953 0.783203 0.0
vt 0.331055 0.653809 0.0
vt 0.688477 0.865723 0.0
#vcolor 249.000000 249.000000 249.000000 255.000000
v 15.000000 -36.428276 -193.170227
#joint 33
#vjoint 167
#vcolor 193.000000 193.000000 193.000000 255.000000
f 147/751 167/752 165/753
#fvcolorindex 169 170 167 
vt 0.376953 0.783203 0.0
vt 0.688477 0.865723 0.0
vt 0.643555 0.914551 0.0
f 147/754 165/755 131/756
#fvcolorindex 169 167 167 
vt 0.376953 0.783203 0.0
vt 0.081055 0.654785 0.0
vt 0.331055 0.653809 0.0
#vcolor 191.000000 191.000000 191.000000 255.000000
f 147/757 120/758 167/759
#fvcolorindex 169 171 170 
usemtl m99CullBoth
vt 0.919922 0.020996 0.0
vt 0.906250 0.512207 0.0
vt 0.837891 0.496094 0.0
f 164/760 163/761 166/762
#fvcolorindex 165 164 168 
vt 0.919922 0.020996 0.0
vt 0.837891 0.496094 0.0
vt 0.858398 0.026855 0.0
v 15.000000 -113.428276 -265.170227
#joint 33
#vjoint 168
#vcolor 212.000000 212.000000 212.000000 255.000000
f 164/763 166/764 168/765
#fvcolorindex 165 168 172 
usemtl m100CullBoth
vt 0.688477 0.865723 0.0
vt 0.331055 0.653809 0.0
vt 0.482422 0.461914 0.0
v 15.000000 -60.428276 -214.170227
#joint 33
#vjoint 169
f 165/766 167/767 169/768
#fvcolorindex 167 170 164 
vt 0.688477 0.865723 0.0
vt 0.482422 0.461914 0.0
vt 0.837891 0.496094 0.0
f 165/769 169/770 166/771
#fvcolorindex 167 164 168 
usemtl m101CullBoth
vt 0.482422 0.461914 0.0
vt 0.343750 0.074219 0.0
vt 0.858398 0.026855 0.0
v 15.000000 -113.428276 -214.170227
#joint 33
#vjoint 170
#vcolor 202.000000 202.000000 202.000000 255.000000
f 169/772 170/773 168/774
#fvcolorindex 164 173 172 
vt 0.482422 0.461914 0.0
vt 0.858398 0.026855 0.0
vt 0.837891 0.496094 0.0
f 169/775 168/776 166/777
#fvcolorindex 164 172 168 
vt 0.482422 0.461914 0.0
vt 0.345703 0.430176 0.0
vt 0.222656 0.085449 0.0
f 169/778 152/779 154/780
#fvcolorindex 164 158 159 
vt 0.482422 0.461914 0.0
vt 0.222656 0.085449 0.0
vt 0.343750 0.074219 0.0
f 169/781 154/782 170/783
#fvcolorindex 164 159 173 
usemtl m102CullBoth
vt 0.331055 0.653809 0.0
vt 0.224609 0.530273 0.0
vt 0.345703 0.430176 0.0
f 167/784 115/785 152/786
#fvcolorindex 170 158 158 
vt 0.331055 0.653809 0.0
vt 0.345703 0.430176 0.0
vt 0.482422 0.461914 0.0
f 167/787 152/788 169/789
#fvcolorindex 170 158 164 
usemtl m103CullBoth
vt 0.081055 0.654785 0.0
vt 0.042969 0.546875 0.0
vt 0.224609 0.530273 0.0
#vcolor 108.000000 108.000000 108.000000 255.000000
f 120/790 103/791 115/792
#fvcolorindex 171 174 158 
vt 0.081055 0.654785 0.0
vt 0.224609 0.530273 0.0
vt 0.331055 0.653809 0.0
f 120/793 115/794 167/795
#fvcolorindex 171 158 170 
usemtl m96CullBoth
vt 0.749023 0.860352 0.0
vt 0.688477 0.865723 0.0
vt 0.643555 0.914551 0.0
f 133/796 157/797 130/798
#fvcolorindex 163 158 160 
g Room05
g Room05_primary
usemtl m46CullBothEnvMappingTexScaleS0.031250TexScaleT0.031250
vt 0.000000 0.000000 0.0
vt 0.000000 0.000000 0.0
vt 0.000000 0.000000 0.0
v 0.000000 -5.428276 64.829773
#joint 33
#vjoint 171
#vcolor 0.000000 0.000000 127.000000 255.000000
v 3.000000 7.571724 64.829773
#joint 33
#vjoint 172
v -3.000000 7.571724 64.829773
#joint 33
#vjoint 173
vn 0.000000 0.000000 1.000000
vn 0.000000 0.000000 1.000000
vn 0.000000 0.000000 1.000000
f 171/799/619 172/800/620 173/801/621
#fvcolorindex 175 175 175 
vt 0.000000 0.000000 0.0
vt 0.000000 0.000000 0.0
vt 0.000000 0.000000 0.0
v 7.000000 -1.428276 64.829773
#joint 33
#vjoint 174
v 7.000000 5.571724 64.829773
#joint 33
#vjoint 175
vn 0.000000 0.000000 1.000000
vn 0.000000 0.000000 1.000000
vn 0.000000 0.000000 1.000000
f 174/802/622 175/803/623 172/804/624
#fvcolorindex 175 175 175 
vt 0.000000 0.000000 0.0
vt 0.000000 0.000000 0.0
vt 0.000000 0.000000 0.0
vn 0.000000 0.000000 1.000000
vn 0.000000 0.000000 1.000000
vn 0.000000 0.000000 1.000000
f 174/805/625 172/806/626 171/807/627
#fvcolorindex 175 175 175 
vt 0.000000 0.000000 0.0
vt 0.000000 0.000000 0.0
vt 0.000000 0.000000 0.0
v -7.000000 5.571724 64.829773
#joint 33
#vjoint 176
v -7.000000 -1.428276 64.829773
#joint 33
#vjoint 177
vn 0.000000 0.000000 1.000000
vn 0.000000 0.000000 1.000000
vn 0.000000 0.000000 1.000000
f 176/808/628 177/809/629 171/810/630
#fvcolorindex 175 175 175 
vt 0.000000 0.000000 0.0
vt 0.000000 0.000000 0.0
vt 0.000000 0.000000 0.0
vn 0.000000 0.000000 1.000000
vn 0.000000 0.000000 1.000000
vn 0.000000 0.000000 1.000000
f 176/811/631 171/812/632 173/813/633
#fvcolorindex 175 175 175 
vt 0.000000 0.000000 0.0
vt 0.000000 0.000000 0.0
vt 0.000000 0.000000 0.0
v 3.000000 37.571724 64.829773
#joint 33
#vjoint 178
v -3.000000 37.571724 64.829773
#joint 33
#vjoint 179
v -3.000000 31.571724 64.829773
#joint 33
#vjoint 180
vn 0.000000 0.000000 1.000000
vn 0.000000 0.000000 1.000000
vn 0.000000 0.000000 1.000000
f 178/814/634 179/815/635 180/816/636
#fvcolorindex 175 175 175 
vt 0.000000 0.000000 0.0
vt 0.000000 0.000000 0.0
vt 0.000000 0.000000 0.0
v 3.000000 31.571724 64.829773
#joint 33
#vjoint 181
vn 0.000000 0.000000 1.000000
vn 0.000000 0.000000 1.000000
vn 0.000000 0.000000 1.000000
f 178/817/637 180/818/638 181/819/639
#fvcolorindex 175 175 175 
usemtl m104CullBoth
vt 1.000000 0.243164 0.0
vt 0.854492 0.295410 0.0
vt 0.660156 0.297852 0.0
v 15.000000 -113.428276 -214.170227
#joint 33
#vjoint 182
#vcolor 202.000000 202.000000 202.000000 255.000000
v 6.000000 -113.428276 -202.170227
#joint 33
#vjoint 183
#vcolor 137.000000 137.000000 137.000000 255.000000
v -6.000000 -113.428276 -202.170227
#joint 33
#vjoint 184
#vcolor 67.000000 67.000000 67.000000 255.000000
f 182/820 183/821 184/822
#fvcolorindex 176 177 178 
vt 1.000000 0.243164 0.0
vt 0.660156 0.297852 0.0
vt 0.514648 0.248535 0.0
v -15.000000 -113.428276 -214.170227
#joint 33
#vjoint 185
f 182/823 184/824 185/825
#fvcolorindex 176 178 178 
usemtl m105CullBoth
vt 0.660156 0.005371 0.0
vt 0.854492 0.003418 0.0
vt 1.000000 0.026855 0.0
v -6.000000 -113.428276 -271.170227
#joint 33
#vjoint 186
#vcolor 78.000000 78.000000 78.000000 255.000000
v 6.000000 -113.428276 -271.170227
#joint 33
#vjoint 187
#vcolor 157.000000 157.000000 157.000000 255.000000
v 15.000000 -113.428276 -265.170227
#joint 33
#vjoint 188
#vcolor 212.000000 212.000000 212.000000 255.000000
f 186/826 187/827 188/828
#fvcolorindex 179 180 181 
vt 0.660156 0.005371 0.0
vt 1.000000 0.026855 0.0
vt 0.514648 0.032715 0.0
v -15.000000 -113.428276 -265.170227
#joint 33
#vjoint 189
f 186/829 188/830 189/831
#fvcolorindex 179 181 178 
usemtl m106CullBoth
vt 1.000000 0.026855 0.0
vt 1.000000 0.243164 0.0
vt 0.514648 0.248535 0.0
f 188/832 182/833 185/834
#fvcolorindex 181 176 178 
vt 1.000000 0.026855 0.0
vt 0.514648 0.248535 0.0
vt 0.514648 0.032715 0.0
f 188/835 185/836 189/837
#fvcolorindex 181 178 178 
usemtl m107CullBoth
vt 0.523438 0.509766 0.0
vt 0.373047 0.479492 0.0
vt 0.409180 0.403320 0.0
v 0.000000 19.624426 64.856140
#joint 0
#vjoint 190
#vcolor 0.000000 0.000000 0.000000 255.000000
v -12.000000 16.571724 64.829773
#joint 33
#vjoint 191
v -9.000000 11.571724 64.829773
#joint 33
#vjoint 192
f 190/838 191/839 192/840
#fvcolorindex 182 178 178 
usemtl m108CullBoth
vt 0.568359 0.660156 0.0
vt 0.496094 0.666992 0.0
vt 0.523438 0.509766 0.0
#vcolor 254.000000 254.000000 254.000000 255.000000
f 181/841 180/842 190/843
#fvcolorindex 183 183 182 
usemtl m109CullBoth
vt 0.377930 0.564453 0.0
vt 0.373047 0.479492 0.0
vt 0.523438 0.509766 0.0
v -12.000000 23.571724 64.829773
#joint 33
#vjoint 193
f 193/844 191/845 190/846
#fvcolorindex 178 178 182 
usemtl m110CullBoth
vt 0.421875 0.633789 0.0
vt 0.377930 0.564453 0.0
vt 0.523438 0.509766 0.0
v -9.000000 28.571724 64.829773
#joint 33
#vjoint 194
#vcolor 191.000000 191.000000 191.000000 255.000000
f 194/847 193/848 190/849
#fvcolorindex 184 178 182 
usemtl m111CullBoth
vt 0.496094 0.666992 0.0
vt 0.421875 0.633789 0.0
vt 0.523438 0.509766 0.0
#vcolor 240.000000 240.000000 240.000000 255.000000
f 180/850 194/851 190/852
#fvcolorindex 185 184 182 
usemtl m109CullBoth
vt 0.625977 0.384766 0.0
vt 0.668945 0.455078 0.0
vt 0.523438 0.509766 0.0
v 9.000000 11.571724 64.829773
#joint 33
#vjoint 195
v 12.000000 16.571724 64.829773
#joint 33
#vjoint 196
#vcolor 69.000000 69.000000 69.000000 255.000000
f 195/853 196/854 190/855
#fvcolorindex 178 186 182 
usemtl m112CullBoth
vt 0.638672 0.615234 0.0
vt 0.568359 0.660156 0.0
vt 0.523438 0.509766 0.0
v 9.000000 28.571724 64.829773
#joint 33
#vjoint 197
#vcolor 239.000000 241.000000 157.000000 255.000000
f 197/856 181/857 190/858
#fvcolorindex 187 183 182 
usemtl m113CullBoth
vt 0.673828 0.539062 0.0
vt 0.638672 0.615234 0.0
vt 0.523438 0.509766 0.0
v 12.000000 23.571724 64.829773
#joint 33
#vjoint 198
#vcolor 188.000000 188.000000 188.000000 255.000000
f 198/859 197/860 190/861
#fvcolorindex 188 187 182 
usemtl m114CullBoth
vt 0.668945 0.455078 0.0
vt 0.673828 0.539062 0.0
vt 0.523438 0.509766 0.0
f 196/862 198/863 190/864
#fvcolorindex 186 188 182 
usemtl m109CullBoth
vt 0.554688 0.348633 0.0
vt 0.625977 0.384766 0.0
vt 0.523438 0.509766 0.0
f 172/865 195/866 190/867
#fvcolorindex 178 178 182 
vt 0.475586 0.355469 0.0
vt 0.554688 0.348633 0.0
vt 0.523438 0.509766 0.0
f 173/868 172/869 190/870
#fvcolorindex 178 178 182 
vt 0.409180 0.403320 0.0
vt 0.475586 0.355469 0.0
vt 0.523438 0.509766 0.0
f 192/871 173/872 190/873
#fvcolorindex 178 178 182 
usemtl m115CullBoth
vt 0.488281 0.499512 0.0
vt 0.146973 0.163086 0.0
vt 0.285645 0.152832 0.0
v 0.000000 5.624426 -104.143860
#joint 0
#vjoint 199
v -19.000000 -5.408628 -103.856934
#joint 34
#vjoint 200
v -13.000000 -7.408628 -103.856934
#joint 34
#vjoint 201
f 199/874 200/875 201/876
#fvcolorindex 187 178 178 
vt 0.488281 0.499512 0.0
vt 0.285645 0.152832 0.0
vt 0.359863 0.032715 0.0
v -11.000000 -13.408628 -103.856934
#joint 34
#vjoint 202
f 199/877 201/878 202/879
#fvcolorindex 187 178 178 
usemtl m116CullBoth
vt 0.607422 0.027344 0.0
vt 0.684082 0.144531 0.0
vt 0.823242 0.148438 0.0
v 0.000000 -16.408628 -103.856934
#joint 34
#vjoint 203
v 5.000000 -12.408628 -103.856934
#joint 34
#vjoint 204
v 11.000000 -13.408628 -103.856934
#joint 34
#vjoint 205
f 203/880 204/881 205/882
#fvcolorindex 178 178 178 
vt 0.607422 0.027344 0.0
vt 0.823242 0.148438 0.0
vt 0.488281 0.499512 0.0
f 203/883 205/884 199/885
#fvcolorindex 178 178 187 
usemtl m115CullBoth
vt 0.949219 0.363770 0.0
vt 0.887207 0.490723 0.0
vt 0.951660 0.615234 0.0
v 19.000000 -5.408628 -103.856934
#joint 34
#vjoint 206
v 17.000000 0.591372 -103.856934
#joint 34
#vjoint 207
#vcolor 164.000000 164.000000 164.000000 255.000000
v 21.000000 5.591372 -103.856934
#joint 34
#vjoint 208
f 206/886 207/887 208/888
#fvcolorindex 187 189 178 
vt 0.949219 0.363770 0.0
vt 0.951660 0.615234 0.0
vt 0.488281 0.499512 0.0
f 206/889 208/890 199/891
#fvcolorindex 187 178 187 
vt 0.488281 0.499512 0.0
vt 0.830078 0.835449 0.0
vt 0.691406 0.845703 0.0
v 19.000000 15.591372 -103.856934
#joint 34
#vjoint 209
v 13.000000 17.591372 -103.856934
#joint 34
#vjoint 210
f 199/892 209/893 210/894
#fvcolorindex 187 187 183 
vt 0.488281 0.499512 0.0
vt 0.691406 0.845703 0.0
vt 0.616699 0.965820 0.0
v 11.000000 23.591372 -103.856934
#joint 34
#vjoint 211
f 199/895 210/896 211/897
#fvcolorindex 187 183 183 
vt 0.488281 0.499512 0.0
vt 0.027344 0.635254 0.0
vt 0.089844 0.507812 0.0
v -19.000000 15.591372 -103.856934
#joint 34
#vjoint 212
v -17.000000 9.591372 -103.856934
#joint 34
#vjoint 213
f 199/898 212/899 213/900
#fvcolorindex 187 178 178 
vt 0.488281 0.499512 0.0
vt 0.089844 0.507812 0.0
vt 0.024902 0.383789 0.0
v -21.000000 5.591372 -103.856934
#joint 34
#vjoint 214
f 199/901 213/902 214/903
#fvcolorindex 187 178 178 
vt 0.153320 0.850098 0.0
vt 0.488281 0.499512 0.0
vt 0.369141 0.971191 0.0
v -11.000000 23.591372 -103.856934
#joint 34
#vjoint 215
v 0.000000 26.591372 -103.856934
#joint 34
#vjoint 216
#vcolor 111.000000 111.000000 111.000000 255.000000
f 215/904 199/905 216/906
#fvcolorindex 187 187 190 
vt 0.153320 0.850098 0.0
vt 0.369141 0.971191 0.0
vt 0.292480 0.854492 0.0
v -5.000000 22.591372 -103.856934
#joint 34
#vjoint 217
#vcolor 210.000000 210.000000 210.000000 255.000000
f 215/907 216/908 217/909
#fvcolorindex 187 190 191 
vt 0.488281 0.499512 0.0
vt 0.024902 0.383789 0.0
vt 0.146973 0.163086 0.0
f 199/910 214/911 200/912
#fvcolorindex 187 178 178 
vt 0.488281 0.499512 0.0
vt 0.359863 0.032715 0.0
vt 0.607422 0.027344 0.0
f 199/913 202/914 203/915
#fvcolorindex 187 178 178 
vt 0.488281 0.499512 0.0
vt 0.823242 0.148438 0.0
vt 0.949219 0.363770 0.0
#vcolor 126.000000 126.000000 126.000000 255.000000
f 199/916 205/917 206/918
#fvcolorindex 187 178 192 
vt 0.488281 0.499512 0.0
vt 0.153320 0.850098 0.0
vt 0.027344 0.635254 0.0
#vcolor 223.000000 223.000000 223.000000 255.000000
f 199/919 215/920 212/921
#fvcolorindex 187 193 178 
vt 0.488281 0.499512 0.0
vt 0.616699 0.965820 0.0
vt 0.369141 0.971191 0.0
f 199/922 211/923 216/924
#fvcolorindex 187 183 187 
vt 0.488281 0.499512 0.0
vt 0.951660 0.615234 0.0
vt 0.830078 0.835449 0.0
f 199/925 208/926 209/927
#fvcolorindex 187 177 187 
g Room06
g Room06_primary
usemtl m117CullBothEnvMappingTexScaleS0.031250TexScaleT0.031250
vt 0.000000 0.000000 0.0
vt 0.000000 0.000000 0.0
vt 0.000000 0.000000 0.0
v 19.000000 15.591372 -103.856934
#joint 34
#vjoint 218
#vcolor 38.000000 120.000000 0.000000 255.000000
v 19.000000 15.591372 -151.856934
#joint 34
#vjoint 219
v 13.000000 17.591372 -139.856934
#joint 34
#vjoint 220
#vcolor 89.000000 89.000000 0.000000 255.000000
vn 0.299213 0.944882 0.000000
vn 0.299213 0.944882 0.000000
vn 0.700787 0.700787 0.000000
f 218/928/640 219/929/641 220/930/642
#fvcolorindex 194 194 195 
vt 0.000000 0.000000 0.0
vt 0.000000 0.000000 0.0
vt 0.000000 0.000000 0.0
v 13.000000 17.591372 -103.856934
#joint 34
#vjoint 221
vn 0.299213 0.944882 0.000000
vn 0.700787 0.700787 0.000000
vn 0.700787 0.700787 0.000000
f 218/931/643 220/932/644 221/933/645
#fvcolorindex 194 195 195 
usemtl m118CullBothEnvMappingTexScaleS0.031250TexScaleT0.031250
vt 0.000000 0.000000 0.0
vt 0.000000 0.000000 0.0
vt 0.000000 0.000000 0.0
v 11.000000 23.591372 -151.856934
#joint 34
#vjoint 222
#vcolor 120.000000 38.000000 0.000000 255.000000
vn 0.700787 0.700787 0.000000
vn 0.700787 0.700787 0.000000
vn 0.944882 0.299213 0.000000
f 221/934/646 220/935/647 222/936/648
#fvcolorindex 195 195 196 
vt 0.000000 0.000000 0.0
vt 0.000000 0.000000 0.0
vt 0.000000 0.000000 0.0
v 11.000000 23.591372 -103.856934
#joint 34
#vjoint 223
vn 0.700787 0.700787 0.000000
vn 0.944882 0.299213 0.000000
vn 0.944882 0.299213 0.000000
f 221/937/649 222/938/650 223/939/651
#fvcolorindex 195 196 196 
usemtl m119CullBothEnvMappingTexScaleS0.031250TexScaleT0.031250
vt 0.000000 0.000000 0.0
vt 0.000000 0.000000 0.0
vt 0.000000 0.000000 0.0
v 0.000000 26.591372 -151.856934
#joint 34
#vjoint 224
#vcolor 171.000000 94.000000 0.000000 255.000000
v -5.000000 22.591372 -139.856934
#joint 34
#vjoint 225
#vcolor 224.000000 122.000000 0.000000 255.000000
v -5.000000 22.591372 -103.856934
#joint 34
#vjoint 226
vn 1.346457 0.740157 0.000000
vn 1.763780 0.960630 0.000000
vn 1.763780 0.960630 0.000000
f 224/940/652 225/941/653 226/942/654
#fvcolorindex 197 198 198 
vt 0.000000 0.000000 0.0
vt 0.000000 0.000000 0.0
vt 0.000000 0.000000 0.0
v 0.000000 26.591372 -103.856934
#joint 34
#vjoint 227
vn 1.346457 0.740157 0.000000
vn 1.763780 0.960630 0.000000
vn 1.346457 0.740157 0.000000
f 224/943/655 226/944/656 227/945/657
#fvcolorindex 197 198 197 
usemtl m120CullBothEnvMappingTexScaleS0.031250TexScaleT0.031250
vt 0.000000 0.000000 0.0
vt 0.000000 0.000000 0.0
vt 0.000000 0.000000 0.0
v -11.000000 23.591372 -151.856934
#joint 34
#vjoint 228
#vcolor 26.000000 124.000000 0.000000 255.000000
v -11.000000 23.591372 -103.856934
#joint 34
#vjoint 229
vn 1.763780 0.960630 0.000000
vn 0.204724 0.976378 0.000000
vn 0.204724 0.976378 0.000000
f 225/946/658 228/947/659 229/948/660
#fvcolorindex 198 199 199 
vt 0.000000 0.000000 0.0
vt 0.000000 0.000000 0.0
vt 0.000000 0.000000 0.0
vn 1.763780 0.960630 0.000000
vn 0.204724 0.976378 0.000000
vn 1.763780 0.960630 0.000000
f 225/949/661 229/950/662 226/951/663
#fvcolorindex 198 199 198 
usemtl m121CullBothEnvMappingTexScaleS0.031250TexScaleT0.031250
vt 0.000000 0.000000 0.0
vt 0.000000 0.000000 0.0
vt 0.000000 0.000000 0.0
v -19.000000 15.591372 -103.856934
#joint 34
#vjoint 230
#vcolor 132.000000 230.000000 0.000000 255.000000
v -19.000000 15.591372 -151.856934
#joint 34
#vjoint 231
v -17.000000 9.591372 -139.856934
#joint 34
#vjoint 232
#vcolor 134.000000 32.000000 0.000000 255.000000
vn 1.039370 1.811024 0.000000
vn 1.039370 1.811024 0.000000
vn 1.055118 0.251969 0.000000
f 230/952/664 231/953/665 232/954/666
#fvcolorindex 200 200 201 
vt 0.000000 0.000000 0.0
vt 0.000000 0.000000 0.0
vt 0.000000 0.000000 0.0
v -17.000000 9.591372 -103.856934
#joint 34
#vjoint 233
vn 1.039370 1.811024 0.000000
vn 1.055118 0.251969 0.000000
vn 1.055118 0.251969 0.000000
f 230/955/667 232/956/668 233/957/669
#fvcolorindex 200 201 201 
usemtl m23CullBothEnvMappingTexScaleS0.031250TexScaleT0.031250
vt 0.000000 0.000000 0.0
vt 0.000000 0.000000 0.0
vt 0.000000 0.000000 0.0
v -21.000000 5.591372 -151.856934
#joint 34
#vjoint 234
#vcolor 162.000000 85.000000 0.000000 255.000000
v -21.000000 5.591372 -103.856934
#joint 34
#vjoint 235
vn 1.055118 0.251969 0.000000
vn 1.275591 0.669291 0.000000
vn 1.275591 0.669291 0.000000
f 232/958/670 234/959/671 235/960/672
#fvcolorindex 201 202 202 
vt 0.000000 0.000000 0.0
vt 0.000000 0.000000 0.0
vt 0.000000 0.000000 0.0
vn 1.055118 0.251969 0.000000
vn 1.275591 0.669291 0.000000
vn 1.055118 0.251969 0.000000
f 232/961/673 235/962/674 233/963/675
#fvcolorindex 201 202 201 
usemtl m122CullBothEnvMappingTexScaleS0.031250TexScaleT0.031250
vt 0.000000 0.000000 0.0
vt 0.000000 0.000000 0.0
vt 0.000000 0.000000 0.0
v -19.000000 -5.408628 -103.856934
#joint 34
#vjoint 236
#vcolor 218.000000 136.000000 0.000000 255.000000
v -19.000000 -5.408628 -151.856934
#joint 34
#vjoint 237
v -13.000000 -7.408628 -139.856934
#joint 34
#vjoint 238
#vcolor 167.000000 167.000000 0.000000 255.000000
vn 1.716535 1.070866 0.000000
vn 1.716535 1.070866 0.000000
vn 1.314961 1.314961 0.000000
f 236/964/676 237/965/677 238/966/678
#fvcolorindex 203 203 204 
vt 0.000000 0.000000 0.0
vt 0.000000 0.000000 0.0
vt 0.000000 0.000000 0.0
v -13.000000 -7.408628 -103.856934
#joint 34
#vjoint 239
vn 1.716535 1.070866 0.000000
vn 1.314961 1.314961 0.000000
vn 1.314961 1.314961 0.000000
f 236/967/679 238/968/680 239/969/681
#fvcolorindex 203 204 204 
usemtl m123CullBothEnvMappingTexScaleS0.031250TexScaleT0.031250
vt 0.000000 0.000000 0.0
vt 0.000000 0.000000 0.0
vt 0.000000 0.000000 0.0
v -11.000000 -13.408628 -151.856934
#joint 34
#vjoint 240
#vcolor 136.000000 218.000000 0.000000 255.000000
v -11.000000 -13.408628 -103.856934
#joint 34
#vjoint 241
vn 1.314961 1.314961 0.000000
vn 1.070866 1.716535 0.000000
vn 1.070866 1.716535 0.000000
f 238/970/682 240/971/683 241/972/684
#fvcolorindex 204 205 205 
vt 0.000000 0.000000 0.0
vt 0.000000 0.000000 0.0
vt 0.000000 0.000000 0.0
vn 1.314961 1.314961 0.000000
vn 1.070866 1.716535 0.000000
vn 1.314961 1.314961 0.000000
f 238/973/685 241/974/686 239/975/687
#fvcolorindex 204 205 204 
usemtl m124CullBothEnvMappingTexScaleS0.031250TexScaleT0.031250
vt 0.000000 0.000000 0.0
vt 0.000000 0.000000 0.0
vt 0.000000 0.000000 0.0
v 0.000000 -16.408628 -103.856934
#joint 34
#vjoint 242
#vcolor 85.000000 162.000000 0.000000 255.000000
v 0.000000 -16.408628 -151.856934
#joint 34
#vjoint 243
v 5.000000 -12.408628 -139.856934
#joint 34
#vjoint 244
#vcolor 32.000000 134.000000 0.000000 255.000000
vn 0.669291 1.275591 0.000000
vn 0.669291 1.275591 0.000000
vn 0.251969 1.055118 0.000000
f 242/976/688 243/977/689 244/978/690
#fvcolorindex 206 206 207 
vt 0.000000 0.000000 0.0
vt 0.000000 0.000000 0.0
vt 0.000000 0.000000 0.0
v 5.000000 -12.408628 -103.856934
#joint 34
#vjoint 245
vn 0.669291 1.275591 0.000000
vn 0.251969 1.055118 0.000000
vn 0.251969 1.055118 0.000000
f 242/979/691 244/980/692 245/981/693
#fvcolorindex 206 207 207 
usemtl m125CullBothEnvMappingTexScaleS0.031250TexScaleT0.031250
vt 0.000000 0.000000 0.0
vt 0.000000 0.000000 0.0
vt 0.000000 0.000000 0.0
v 11.000000 -13.408628 -151.856934
#joint 34
#vjoint 246
#vcolor 230.000000 132.000000 0.000000 255.000000
v 11.000000 -13.408628 -103.856934
#joint 34
#vjoint 247
vn 0.251969 1.055118 0.000000
vn 1.811024 1.039370 0.000000
vn 1.811024 1.039370 0.000000
f 244/982/694 246/983/695 247/984/696
#fvcolorindex 207 208 208 
vt 0.000000 0.000000 0.0
vt 0.000000 0.000000 0.0
vt 0.000000 0.000000 0.0
vn 0.251969 1.055118 0.000000
vn 1.811024 1.039370 0.000000
vn 0.251969 1.055118 0.000000
f 244/985/697 247/986/698 245/987/699
#fvcolorindex 207 208 207 
usemtl m126CullBothEnvMappingTexScaleS0.031250TexScaleT0.031250
vt 0.000000 0.000000 0.0
vt 0.000000 0.000000 0.0
vt 0.000000 0.000000 0.0
v 19.000000 -5.408628 -103.856934
#joint 34
#vjoint 248
#vcolor 124.000000 26.000000 0.000000 255.000000
v 19.000000 -5.408628 -151.856934
#joint 34
#vjoint 249
v 17.000000 0.591372 -139.856934
#joint 34
#vjoint 250
#vcolor 122.000000 224.000000 0.000000 255.000000
vn 0.976378 0.204724 0.000000
vn 0.976378 0.204724 0.000000
vn 0.960630 1.763780 0.000000
f 248/988/700 249/989/701 250/990/702
#fvcolorindex 209 209 210 
vt 0.000000 0.000000 0.0
vt 0.000000 0.000000 0.0
vt 0.000000 0.000000 0.0
v 17.000000 0.591372 -103.856934
#joint 34
#vjoint 251
vn 0.976378 0.204724 0.000000
vn 0.960630 1.763780 0.000000
vn 0.960630 1.763780 0.000000
f 248/991/703 250/992/704 251/993/705
#fvcolorindex 209 210 210 
usemtl m22CullBothEnvMappingTexScaleS0.031250TexScaleT0.031250
vt 0.000000 0.000000 0.0
vt 0.000000 0.000000 0.0
vt 0.000000 0.000000 0.0
v 21.000000 5.591372 -151.856934
#joint 34
#vjoint 252
#vcolor 94.000000 171.000000 0.000000 255.000000
vn 0.960630 1.763780 0.000000
vn 0.960630 1.763780 0.000000
vn 0.740157 1.346457 0.000000
f 251/994/706 250/995/707 252/996/708
#fvcolorindex 210 210 211 
vt 0.000000 0.000000 0.0
vt 0.000000 0.000000 0.0
vt 0.000000 0.000000 0.0
v 21.000000 5.591372 -103.856934
#joint 34
#vjoint 253
vn 0.960630 1.763780 0.000000
vn 0.740157 1.346457 0.000000
vn 0.740157 1.346457 0.000000
f 251/997/709 252/998/710 253/999/711
#fvcolorindex 210 211 211 
usemtl m127CullBothEnvMappingTexScaleS0.031250TexScaleT0.031250
vt 0.000000 0.000000 0.0
vt 0.000000 0.000000 0.0
vt 0.000000 0.000000 0.0
#vcolor 123.000000 227.000000 0.000000 255.000000
#vcolor 122.000000 226.000000 10.000000 255.000000
#vcolor 90.000000 88.000000 10.000000 255.000000
vn 0.968504 1.787402 0.000000
vn 0.960630 1.779528 0.078740
vn 0.708661 0.692913 0.078740
f 253/1000/712 252/1001/713 219/1002/714
#fvcolorindex 212 213 214 
vt 0.000000 0.000000 0.0
vt 0.000000 0.000000 0.0
vt 0.000000 0.000000 0.0
#vcolor 92.000000 87.000000 0.000000 255.000000
vn 0.968504 1.787402 0.000000
vn 0.708661 0.692913 0.078740
vn 0.724409 0.685039 0.000000
f 253/1003/715 219/1004/716 218/1005/717
#fvcolorindex 212 214 215 
usemtl m128CullBothEnvMappingTexScaleS0.031250TexScaleT0.031250
vt 0.000000 0.000000 0.0
vt 0.000000 0.000000 0.0
vt 0.000000 0.000000 0.0
#vcolor 226.000000 122.000000 10.000000 255.000000
#vcolor 227.000000 123.000000 0.000000 255.000000
#vcolor 87.000000 92.000000 0.000000 255.000000
vn 1.779528 0.960630 0.078740
vn 1.787402 0.968504 0.000000
vn 0.685039 0.724409 0.000000
f 224/1006/718 227/1007/719 223/1008/720
#fvcolorindex 216 217 218 
vt 0.000000 0.000000 0.0
vt 0.000000 0.000000 0.0
vt 0.000000 0.000000 0.0
#vcolor 88.000000 90.000000 10.000000 255.000000
vn 1.779528 0.960630 0.078740
vn 0.685039 0.724409 0.000000
vn 0.692913 0.708661 0.078740
f 224/1009/721 223/1010/722 222/1011/723
#fvcolorindex 216 218 219 
usemtl m129CullBothEnvMappingTexScaleS0.031250TexScaleT0.031250
vt 0.000000 0.000000 0.0
vt 0.000000 0.000000 0.0
vt 0.000000 0.000000 0.0
#vcolor 135.000000 34.000000 10.000000 255.000000
#vcolor 135.000000 35.000000 0.000000 255.000000
#vcolor 221.000000 121.000000 0.000000 255.000000
vn 1.062992 0.267717 0.078740
vn 1.062992 0.275591 0.000000
vn 1.740157 0.952756 0.000000
f 231/1012/724 230/1013/725 229/1014/726
#fvcolorindex 220 221 222 
vt 0.000000 0.000000 0.0
vt 0.000000 0.000000 0.0
vt 0.000000 0.000000 0.0
#vcolor 222.000000 121.000000 10.000000 255.000000
vn 1.062992 0.267717 0.078740
vn 1.740157 0.952756 0.000000
vn 1.748031 0.952756 0.078740
f 231/1015/727 229/1016/728 228/1017/729
#fvcolorindex 220 222 223 
usemtl m130CullBothEnvMappingTexScaleS0.031250TexScaleT0.031250
vt 0.000000 0.000000 0.0
vt 0.000000 0.000000 0.0
vt 0.000000 0.000000 0.0
#vcolor 166.000000 168.000000 10.000000 255.000000
#vcolor 164.000000 169.000000 0.000000 255.000000
#vcolor 133.000000 29.000000 0.000000 255.000000
vn 1.307087 1.322835 0.078740
vn 1.291339 1.330709 0.000000
vn 1.047244 0.228346 0.000000
f 237/1018/730 236/1019/731 235/1020/732
#fvcolorindex 224 225 226 
vt 0.000000 0.000000 0.0
vt 0.000000 0.000000 0.0
vt 0.000000 0.000000 0.0
#vcolor 134.000000 30.000000 10.000000 255.000000
vn 1.307087 1.322835 0.078740
vn 1.047244 0.228346 0.000000
vn 1.055118 0.236220 0.078740
f 237/1021/733 235/1022/734 234/1023/735
#fvcolorindex 224 226 227 
usemtl m131CullBothEnvMappingTexScaleS0.031250TexScaleT0.031250
vt 0.000000 0.000000 0.0
vt 0.000000 0.000000 0.0
vt 0.000000 0.000000 0.0
#vcolor 30.000000 134.000000 10.000000 255.000000
#vcolor 29.000000 133.000000 0.000000 255.000000
#vcolor 169.000000 164.000000 0.000000 255.000000
vn 0.236220 1.055118 0.078740
vn 0.228346 1.047244 0.000000
vn 1.330709 1.291339 0.000000
f 243/1024/736 242/1025/737 241/1026/738
#fvcolorindex 228 229 230 
vt 0.000000 0.000000 0.0
vt 0.000000 0.000000 0.0
vt 0.000000 0.000000 0.0
#vcolor 168.000000 166.000000 10.000000 255.000000
vn 0.236220 1.055118 0.078740
vn 1.330709 1.291339 0.000000
vn 1.322835 1.307087 0.078740
f 243/1027/739 241/1028/740 240/1029/741
#fvcolorindex 228 230 231 
usemtl m132CullBothEnvMappingTexScaleS0.031250TexScaleT0.031250
vt 0.000000 0.000000 0.0
vt 0.000000 0.000000 0.0
vt 0.000000 0.000000 0.0
#vcolor 34.000000 135.000000 10.000000 255.000000
#vcolor 121.000000 222.000000 10.000000 255.000000
#vcolor 121.000000 221.000000 0.000000 255.000000
vn 0.267717 1.062992 0.078740
vn 0.952756 1.748031 0.078740
vn 0.952756 1.740157 0.000000
f 246/1030/742 249/1031/743 248/1032/744
#fvcolorindex 232 233 234 
vt 0.000000 0.000000 0.0
vt 0.000000 0.000000 0.0
vt 0.000000 0.000000 0.0
#vcolor 35.000000 135.000000 0.000000 255.000000
vn 0.267717 1.062992 0.078740
vn 0.952756 1.740157 0.000000
vn 0.275591 1.062992 0.000000
f 246/1033/745 248/1034/746 247/1035/747
#fvcolorindex 232 234 235 
usemtl m133CullBothEnvMappingTexScaleS0.031250TexScaleT0.031250
vt 0.000000 0.000000 0.0
vt 0.000000 0.000000 0.0
vt 0.000000 0.000000 0.0
#vcolor 89.000000 89.000000 10.000000 255.000000
vn 0.692913 0.708661 0.078740
vn 0.700787 0.700787 0.078740
vn 0.708661 0.692913 0.078740
f 222/1036/748 220/1037/749 219/1038/750
#fvcolorindex 219 236 214 
usemtl m134CullBothEnvMappingTexScaleS0.031250TexScaleT0.031250
vt 0.000000 0.000000 0.0
vt 0.000000 0.000000 0.0
vt 0.000000 0.000000 0.0
#vcolor 122.000000 224.000000 10.000000 255.000000
vn 0.960630 1.779528 0.078740
vn 0.960630 1.763780 0.078740
vn 0.952756 1.748031 0.078740
f 252/1039/751 250/1040/752 249/1041/753
#fvcolorindex 213 237 233 
usemtl m135CullBothEnvMappingTexScaleS0.031250TexScaleT0.031250
vt 0.000000 0.000000 0.0
vt 0.000000 0.000000 0.0
vt 0.000000 0.000000 0.0
#vcolor 224.000000 122.000000 10.000000 255.000000
vn 1.748031 0.952756 0.078740
vn 1.763780 0.960630 0.078740
vn 1.779528 0.960630 0.078740
f 228/1042/754 225/1043/755 224/1044/756
#fvcolorindex 223 238 216 
usemtl m136CullBothEnvMappingTexScaleS0.031250TexScaleT0.031250
vt 0.000000 0.000000 0.0
vt 0.000000 0.000000 0.0
vt 0.000000 0.000000 0.0
#vcolor 134.000000 32.000000 10.000000 255.000000
vn 1.055118 0.236220 0.078740
vn 1.055118 0.251969 0.078740
vn 1.062992 0.267717 0.078740
f 234/1045/757 232/1046/758 231/1047/759
#fvcolorindex 227 239 220 
usemtl m137CullBothEnvMappingTexScaleS0.031250TexScaleT0.031250
vt 0.000000 0.000000 0.0
vt 0.000000 0.000000 0.0
vt 0.000000 0.000000 0.0
#vcolor 167.000000 167.000000 10.000000 255.000000
vn 1.322835 1.307087 0.078740
vn 1.314961 1.314961 0.078740
vn 1.307087 1.322835 0.078740
f 240/1048/760 238/1049/761 237/1050/762
#fvcolorindex 231 240 224 
usemtl m132CullBothEnvMappingTexScaleS0.031250TexScaleT0.031250
vt 0.000000 0.000000 0.0
vt 0.000000 0.000000 0.0
vt 0.000000 0.000000 0.0
#vcolor 32.000000 134.000000 10.000000 255.000000
vn 0.267717 1.062992 0.078740
vn 0.251969 1.055118 0.078740
vn 0.236220 1.055118 0.078740
f 246/1051/763 244/1052/764 243/1053/765
#fvcolorindex 232 241 228 
usemtl m115CullBoth
vt 0.383301 0.964355 0.0
vt 0.493164 0.501953 0.0
vt 0.629395 0.960938 0.0
#vcolor 239.000000 241.000000 157.000000 255.000000
v 0.000000 5.591372 -151.856934
#joint 34
#vjoint 254
f 222/1054 254/1055 224/1056
#fvcolorindex 242 242 242 
usemtl m138CullBoth
vt 0.838867 0.834473 0.0
vt 0.629395 0.960938 0.0
vt 0.493164 0.501953 0.0
#vcolor 254.000000 254.000000 254.000000 255.000000
f 228/1057 224/1058 254/1059
#fvcolorindex 243 242 242 
usemtl m115CullBoth
vt 0.956055 0.618652 0.0
vt 0.838867 0.834473 0.0
vt 0.493164 0.501953 0.0
f 231/1060 228/1061 254/1062
#fvcolorindex 242 243 242 
usemtl m116CullBoth
vt 0.948730 0.371582 0.0
vt 0.956055 0.618652 0.0
vt 0.493164 0.501953 0.0
#vcolor 67.000000 67.000000 67.000000 255.000000
f 234/1063 231/1064 254/1065
#fvcolorindex 244 242 242 
vt 0.819336 0.159668 0.0
vt 0.948730 0.371582 0.0
vt 0.493164 0.501953 0.0
f 237/1066 234/1067 254/1068
#fvcolorindex 244 244 242 
vt 0.603027 0.039551 0.0
vt 0.819336 0.159668 0.0
vt 0.493164 0.501953 0.0
f 240/1069 237/1070 254/1071
#fvcolorindex 244 244 242 
vt 0.356934 0.042969 0.0
vt 0.603027 0.039551 0.0
vt 0.493164 0.501953 0.0
f 243/1072 240/1073 254/1074
#fvcolorindex 244 244 242 
vt 0.147461 0.169434 0.0
vt 0.356934 0.042969 0.0
vt 0.493164 0.501953 0.0
f 246/1075 243/1076 254/1077
#fvcolorindex 244 244 242 
usemtl m139CullBoth
vt 0.030273 0.385254 0.0
vt 0.147461 0.169434 0.0
vt 0.493164 0.501953 0.0
#vcolor 133.000000 133.000000 133.000000 255.000000
f 249/1078 246/1079 254/1080
#fvcolorindex 245 244 242 
usemtl m140CullBoth
vt 0.037598 0.631836 0.0
vt 0.030273 0.385254 0.0
vt 0.493164 0.501953 0.0
#vcolor 141.000000 141.000000 141.000000 255.000000
f 252/1081 249/1082 254/1083
#fvcolorindex 246 245 242 
usemtl m115CullBoth
vt 0.166992 0.844238 0.0
vt 0.037598 0.631836 0.0
vt 0.493164 0.501953 0.0
f 219/1084 252/1085 254/1086
#fvcolorindex 242 246 242 
vt 0.383301 0.964355 0.0
vt 0.166992 0.844238 0.0
vt 0.493164 0.501953 0.0
f 222/1087 219/1088 254/1089
#fvcolorindex 242 242 242 
g Room36
g Room36_primary
usemtl m141CullBoth
vt 0.393555 0.051758 0.0
vt 0.027344 0.468750 0.0
vt 0.904297 0.274414 0.0
v 275.293457 10.581623 -151.168884
#joint 46
#vjoint 255
#vcolor 45.000000 59.000000 34.000000 255.000000
v 275.293457 18.581623 -151.168884
#joint 46
#vjoint 256
v 282.293457 8.581623 -151.168884
#joint 46
#vjoint 257
f 255/1090 256/1091 257/1092
#fvcolorindex 247 247 247 
vt 0.027344 0.468750 0.0
vt 0.311523 0.949219 0.0
vt 0.854492 0.829102 0.0
v 282.293457 20.581623 -151.168884
#joint 46
#vjoint 258
v 286.293457 14.581623 -151.168884
#joint 46
#vjoint 259
f 256/1093 258/1094 259/1095
#fvcolorindex 247 247 247 
vt 0.904297 0.274414 0.0
vt 0.027344 0.468750 0.0
vt 0.854492 0.829102 0.0
f 257/1096 256/1097 259/1098
#fvcolorindex 247 247 247 
usemtl m142CullBoth
vt 0.000000 0.688477 0.0
vt 0.000000 0.343750 0.0
vt 1.000000 0.343750 0.0
#vcolor 254.000000 254.000000 254.000000 255.000000
v 275.293457 18.581623 -117.168884
#joint 46
#vjoint 260
f 258/1099 256/1100 260/1101
#fvcolorindex 248 248 248 
vt 0.000000 0.688477 0.0
vt 1.000000 0.343750 0.0
vt 1.000000 0.688477 0.0
v 282.293457 20.581623 -117.168884
#joint 46
#vjoint 261
f 258/1102 260/1103 261/1104
#fvcolorindex 248 248 248 
vt 0.000000 0.343750 0.0
vt 0.000000 0.000000 0.0
vt 1.000000 0.000000 0.0
v 275.293457 10.581623 -117.168884
#joint 46
#vjoint 262
f 256/1105 255/1106 262/1107
#fvcolorindex 248 248 248 
vt 0.000000 0.343750 0.0
vt 1.000000 0.000000 0.0
vt 1.000000 0.343750 0.0
f 256/1108 262/1109 260/1110
#fvcolorindex 248 248 248 
vt 0.000000 0.288086 0.0
vt 0.000000 0.000000 0.0
vt 1.000000 0.000000 0.0
v 282.293457 8.581623 -117.168884
#joint 46
#vjoint 263
f 255/1111 257/1112 263/1113
#fvcolorindex 248 248 248 
vt 0.000000 0.288086 0.0
vt 1.000000 0.000000 0.0
vt 1.000000 0.288086 0.0
f 255/1114 263/1115 262/1116
#fvcolorindex 248 248 248 
vt 1.000000 0.000000 0.0
vt 1.000000 0.276367 0.0
vt 0.000000 0.276367 0.0
v 286.293457 14.581623 -117.168884
#joint 46
#vjoint 264
f 257/1117 259/1118 264/1119
#fvcolorindex 248 248 248 
vt 1.000000 0.000000 0.0
vt 0.000000 0.276367 0.0
vt 0.000000 0.000000 0.0
f 257/1120 264/1121 263/1122
#fvcolorindex 248 248 248 
vt 1.000000 0.276367 0.0
vt 1.000000 0.551758 0.0
vt 0.000000 0.551758 0.0
f 259/1123 258/1124 261/1125
#fvcolorindex 248 248 248 
vt 1.000000 0.276367 0.0
vt 0.000000 0.551758 0.0
vt 0.000000 0.276367 0.0
f 259/1126 261/1127 264/1128
#fvcolorindex 248 248 248 
usemtl m143TopFlagTransparentCullBoth
vt 0.904297 0.274414 0.0
vt 0.027344 0.468750 0.0
vt 0.854492 0.829102 0.0
f 257/1129 256/1130 259/1131
#fvcolorindex 247 247 247 
vt 0.027344 0.468750 0.0
vt 0.311523 0.949219 0.0
vt 0.854492 0.829102 0.0
f 256/1132 258/1133 259/1134
#fvcolorindex 247 247 247 
vt 0.393555 0.051758 0.0
vt 0.027344 0.468750 0.0
vt 0.904297 0.274414 0.0
f 255/1135 256/1136 257/1137
#fvcolorindex 247 247 247 
g Room38
g Room38_primary
usemtl m141CullBoth
vt 0.432617 0.037109 0.0
vt 0.014648 0.378906 0.0
vt 0.927734 0.356445 0.0
v 271.293457 -1.418377 -151.168884
#joint 46
#vjoint 265
#vcolor 45.000000 59.000000 34.000000 255.000000
v 272.293457 6.581623 -151.168884
#joint 46
#vjoint 266
v 277.293457 -4.418377 -151.168884
#joint 46
#vjoint 267
f 265/1138 266/1139 267/1140
#fvcolorindex 249 249 249 
vt 0.014648 0.378906 0.0
vt 0.251953 0.910156 0.0
vt 0.817383 0.896484 0.0
v 280.293457 7.581623 -151.168884
#joint 46
#vjoint 268
v 283.293457 0.581623 -151.168884
#joint 46
#vjoint 269
f 266/1141 268/1142 269/1143
#fvcolorindex 249 249 249 
vt 0.927734 0.356445 0.0
vt 0.014648 0.378906 0.0
vt 0.817383 0.896484 0.0
f 267/1144 266/1145 269/1146
#fvcolorindex 249 249 249 
usemtl m142CullBoth
vt 0.000000 0.668945 0.0
vt 0.000000 0.158203 0.0
vt 1.000000 0.158203 0.0
#vcolor 254.000000 254.000000 254.000000 255.000000
v 271.293457 -1.418377 -117.168884
#joint 46
#vjoint 270
f 266/1147 265/1148 270/1149
#fvcolorindex 250 250 250 
vt 0.000000 0.668945 0.0
vt 1.000000 0.158203 0.0
vt 1.000000 0.668945 0.0
v 272.293457 6.581623 -117.168884
#joint 46
#vjoint 271
f 266/1150 270/1151 271/1152
#fvcolorindex 250 250 250 
vt 0.000000 0.158203 0.0
vt 0.000000 0.000000 0.0
vt 1.000000 0.000000 0.0
v 277.293457 -4.418377 -117.168884
#joint 46
#vjoint 272
f 265/1153 267/1154 272/1155
#fvcolorindex 250 250 250 
vt 0.000000 0.158203 0.0
vt 1.000000 0.000000 0.0
vt 1.000000 0.158203 0.0
f 265/1156 272/1157 270/1158
#fvcolorindex 250 250 250 
vt 1.000000 0.000000 0.0
vt 1.000000 0.300781 0.0
vt 0.000000 0.300781 0.0
v 283.293457 0.581623 -117.168884
#joint 46
#vjoint 273
f 267/1159 269/1160 273/1161
#fvcolorindex 250 250 250 
vt 1.000000 0.000000 0.0
vt 0.000000 0.300781 0.0
vt 0.000000 0.000000 0.0
f 267/1162 273/1163 272/1164
#fvcolorindex 250 250 250 
vt 1.000000 0.000000 0.0
vt 1.000000 0.400391 0.0
vt 0.000000 0.400391 0.0
v 280.293457 7.581623 -117.168884
#joint 46
#vjoint 274
f 269/1165 268/1166 274/1167
#fvcolorindex 250 250 250 
vt 1.000000 0.000000 0.0
vt 0.000000 0.400391 0.0
vt 0.000000 0.000000 0.0
f 269/1168 274/1169 273/1170
#fvcolorindex 250 250 250 
vt 1.000000 0.400391 0.0
vt 1.000000 0.799805 0.0
vt 0.000000 0.799805 0.0
f 268/1171 266/1172 271/1173
#fvcolorindex 250 250 250 
vt 1.000000 0.400391 0.0
vt 0.000000 0.799805 0.0
vt 0.000000 0.400391 0.0
f 268/1174 271/1175 274/1176
#fvcolorindex 250 250 250 
usemtl m143TopFlagTransparentCullBoth
vt 0.927734 0.356445 0.0
vt 0.014648 0.378906 0.0
vt 0.817383 0.896484 0.0
f 267/1177 266/1178 269/1179
#fvcolorindex 249 249 249 
vt 0.014648 0.378906 0.0
vt 0.251953 0.910156 0.0
vt 0.817383 0.896484 0.0
f 266/1180 268/1181 269/1182
#fvcolorindex 249 249 249 
vt 0.432617 0.037109 0.0
vt 0.014648 0.378906 0.0
vt 0.927734 0.356445 0.0
f 265/1183 266/1184 267/1185
#fvcolorindex 249 249 249 
g Room3A
g Room3A_primary
usemtl m141CullBoth
vt 0.883789 0.250977 0.0
vt 0.375000 0.062500 0.0
vt 0.860352 0.796875 0.0
v 285.293457 -14.418377 -151.168884
#joint 46
#vjoint 275
#vcolor 45.000000 59.000000 34.000000 255.000000
v 280.293457 -9.418377 -151.168884
#joint 46
#vjoint 276
v 292.293457 -10.418377 -151.168884
#joint 46
#vjoint 277
f 275/1186 276/1187 277/1188
#fvcolorindex 251 251 251 
vt 0.037109 0.492188 0.0
vt 0.336914 0.946289 0.0
vt 0.860352 0.796875 0.0
v 283.293457 -2.418377 -151.168884
#joint 46
#vjoint 278
v 290.293457 -2.418377 -151.168884
#joint 46
#vjoint 279
f 278/1189 279/1190 277/1191
#fvcolorindex 251 251 251 
vt 0.860352 0.796875 0.0
vt 0.375000 0.062500 0.0
vt 0.037109 0.492188 0.0
f 277/1192 276/1193 278/1194
#fvcolorindex 251 251 251 
usemtl m142CullBoth
vt 0.000000 0.403320 0.0
vt 0.000000 0.000000 0.0
vt 1.000000 0.000000 0.0
#vcolor 254.000000 254.000000 254.000000 255.000000
v 285.293457 -14.418377 -117.168884
#joint 46
#vjoint 280
f 276/1195 275/1196 280/1197
#fvcolorindex 252 252 252 
vt 0.000000 0.403320 0.0
vt 1.000000 0.000000 0.0
vt 1.000000 0.403320 0.0
v 280.293457 -9.418377 -117.168884
#joint 46
#vjoint 281
f 276/1198 280/1199 281/1200
#fvcolorindex 252 252 252 
vt 1.000000 0.000000 0.0
vt 1.000000 0.146484 0.0
vt 0.000000 0.146484 0.0
v 292.293457 -10.418377 -117.168884
#joint 46
#vjoint 282
f 275/1201 277/1202 282/1203
#fvcolorindex 252 252 252 
vt 1.000000 0.000000 0.0
vt 0.000000 0.146484 0.0
vt 0.000000 0.000000 0.0
f 275/1204 282/1205 280/1206
#fvcolorindex 252 252 252 
vt 1.000000 0.000000 0.0
vt 1.000000 0.246094 0.0
vt 0.000000 0.246094 0.0
v 290.293457 -2.418377 -117.168884
#joint 46
#vjoint 283
f 277/1207 279/1208 283/1209
#fvcolorindex 252 252 252 
vt 1.000000 0.000000 0.0
vt 0.000000 0.246094 0.0
vt 0.000000 0.000000 0.0
f 277/1210 283/1211 282/1212
#fvcolorindex 252 252 252 
vt 1.000000 0.246094 0.0
vt 1.000000 0.492188 0.0
vt 0.000000 0.492188 0.0
v 283.293457 -2.418377 -117.168884
#joint 46
#vjoint 284
f 279/1213 278/1214 284/1215
#fvcolorindex 252 252 252 
vt 1.000000 0.246094 0.0
vt 0.000000 0.492188 0.0
vt 0.000000 0.246094 0.0
f 279/1216 284/1217 283/1218
#fvcolorindex 252 252 252 
vt 0.000000 0.806641 0.0
vt 0.000000 0.403320 0.0
vt 1.000000 0.403320 0.0
f 278/1219 276/1220 281/1221
#fvcolorindex 252 252 252 
vt 0.000000 0.806641 0.0
vt 1.000000 0.403320 0.0
vt 1.000000 0.806641 0.0
f 278/1222 281/1223 284/1224
#fvcolorindex 252 252 252 
usemtl m143TopFlagTransparentCullBoth
vt 0.860352 0.796875 0.0
vt 0.375000 0.062500 0.0
vt 0.037109 0.492188 0.0
f 277/1225 276/1226 278/1227
#fvcolorindex 251 251 251 
vt 0.037109 0.492188 0.0
vt 0.336914 0.946289 0.0
vt 0.860352 0.796875 0.0
f 278/1228 279/1229 277/1230
#fvcolorindex 251 251 251 
vt 0.883789 0.250977 0.0
vt 0.375000 0.062500 0.0
vt 0.860352 0.796875 0.0
f 275/1231 276/1232 277/1233
#fvcolorindex 251 251 251 
g Room3C
g Room3C_primary
usemtl m141CullBoth
vt 0.907227 0.258789 0.0
vt 0.366211 0.061523 0.0
vt 0.883789 0.800781 0.0
v 297.293457 -10.418377 -151.168884
#joint 46
#vjoint 285
#vcolor 45.000000 59.000000 34.000000 255.000000
v 292.293457 -4.418377 -151.168884
#joint 46
#vjoint 286
v 304.293457 -8.418377 -151.168884
#joint 46
#vjoint 287
f 285/1234 286/1235 287/1236
#fvcolorindex 253 253 253 
vt 0.327148 0.940430 0.0
vt 0.883789 0.800781 0.0
vt 0.007812 0.483398 0.0
v 304.293457 -0.418377 -151.168884
#joint 46
#vjoint 288
v 297.293457 1.581623 -151.168884
#joint 46
#vjoint 289
f 288/1237 287/1238 289/1239
#fvcolorindex 253 253 253 
vt 0.883789 0.800781 0.0
vt 0.366211 0.061523 0.0
vt 0.007812 0.483398 0.0
f 287/1240 286/1241 289/1242
#fvcolorindex 253 253 253 
usemtl m142CullBoth
vt 0.000000 0.249023 0.0
vt 0.000000 0.000000 0.0
vt 1.000000 0.000000 0.0
#vcolor 254.000000 254.000000 254.000000 255.000000
v 304.293457 -8.418377 -117.168884
#joint 46
#vjoint 290
f 285/1243 287/1244 290/1245
#fvcolorindex 254 254 254 
vt 0.000000 0.249023 0.0
vt 1.000000 0.000000 0.0
vt 1.000000 0.249023 0.0
v 297.293457 -10.418377 -117.168884
#joint 46
#vjoint 291
f 285/1246 290/1247 291/1248
#fvcolorindex 254 254 254 
vt 1.000000 0.000000 0.0
vt 1.000000 0.387695 0.0
vt 0.000000 0.387695 0.0
v 304.293457 -0.418377 -117.168884
#joint 46
#vjoint 292
f 287/1249 288/1250 292/1251
#fvcolorindex 254 254 254 
vt 1.000000 0.000000 0.0
vt 0.000000 0.387695 0.0
vt 0.000000 0.000000 0.0
f 287/1252 292/1253 290/1254
#fvcolorindex 254 254 254 
vt 1.000000 0.387695 0.0
vt 1.000000 0.774414 0.0
vt 0.000000 0.774414 0.0
v 297.293457 1.581623 -117.168884
#joint 46
#vjoint 293
f 288/1255 289/1256 293/1257
#fvcolorindex 254 254 254 
vt 1.000000 0.387695 0.0
vt 0.000000 0.774414 0.0
vt 0.000000 0.387695 0.0
f 288/1258 293/1259 292/1260
#fvcolorindex 254 254 254 
vt 0.000000 0.770508 0.0
vt 0.000000 0.385742 0.0
vt 1.000000 0.385742 0.0
v 292.293457 -4.418377 -117.168884
#joint 46
#vjoint 294
f 289/1261 286/1262 294/1263
#fvcolorindex 254 254 254 
vt 0.000000 0.770508 0.0
vt 1.000000 0.385742 0.0
vt 1.000000 0.770508 0.0
f 289/1264 294/1265 293/1266
#fvcolorindex 254 254 254 
vt 0.000000 0.385742 0.0
vt 0.000000 0.000000 0.0
vt 1.000000 0.000000 0.0
f 286/1267 285/1268 291/1269
#fvcolorindex 254 254 254 
vt 0.000000 0.385742 0.0
vt 1.000000 0.000000 0.0
vt 1.000000 0.385742 0.0
f 286/1270 291/1271 294/1272
#fvcolorindex 254 254 254 
usemtl m143TopFlagTransparentCullBoth
vt 0.883789 0.800781 0.0
vt 0.366211 0.061523 0.0
vt 0.007812 0.483398 0.0
f 287/1273 286/1274 289/1275
#fvcolorindex 253 253 253 
vt 0.327148 0.940430 0.0
vt 0.883789 0.800781 0.0
vt 0.007812 0.483398 0.0
f 288/1276 287/1277 289/1278
#fvcolorindex 253 253 253 
vt 0.907227 0.258789 0.0
vt 0.366211 0.061523 0.0
vt 0.883789 0.800781 0.0
f 285/1279 286/1280 287/1281
#fvcolorindex 253 253 253 
g Room3E
g Room3E_primary
usemtl m141CullBoth
vt 0.314453 0.964844 0.0
vt 0.840820 0.822266 0.0
vt 0.032227 0.482422 0.0
v 308.293457 11.581623 -151.168884
#joint 46
#vjoint 295
#vcolor 45.000000 59.000000 34.000000 255.000000
v 306.293457 3.581623 -151.168884
#joint 46
#vjoint 296
v 301.293457 15.581623 -151.168884
#joint 46
#vjoint 297
f 295/1282 296/1283 297/1284
#fvcolorindex 255 255 255 
vt 0.882812 0.251953 0.0
vt 0.383789 0.041016 0.0
vt 0.840820 0.822266 0.0
v 299.293457 2.581623 -151.168884
#joint 46
#vjoint 298
v 296.293457 9.581623 -151.168884
#joint 46
#vjoint 299
f 298/1285 299/1286 296/1287
#fvcolorindex 255 255 255 
vt 0.840820 0.822266 0.0
vt 0.383789 0.041016 0.0
vt 0.032227 0.482422 0.0
f 296/1288 299/1289 297/1290
#fvcolorindex 255 255 255 
usemtl m142CullBoth
vt 1.000000 0.000000 0.0
vt 1.000000 0.366211 0.0
vt 0.000000 0.366211 0.0
#vcolor 254.000000 254.000000 254.000000 255.000000
v 308.293457 11.581623 -117.168884
#joint 46
#vjoint 300
f 296/1291 295/1292 300/1293
#fvcolorindex 256 256 256 
vt 1.000000 0.000000 0.0
vt 0.000000 0.366211 0.0
vt 0.000000 0.000000 0.0
v 306.293457 3.581623 -117.168884
#joint 46
#vjoint 301
f 296/1294 300/1295 301/1296
#fvcolorindex 256 256 256 
vt 1.000000 0.366211 0.0
vt 1.000000 0.732422 0.0
vt 0.000000 0.732422 0.0
v 301.293457 15.581623 -117.168884
#joint 46
#vjoint 302
f 295/1297 297/1298 302/1299
#fvcolorindex 256 256 256 
vt 1.000000 0.366211 0.0
vt 0.000000 0.732422 0.0
vt 0.000000 0.366211 0.0
f 295/1300 302/1301 300/1302
#fvcolorindex 256 256 256 
vt 0.000000 0.769531 0.0
vt 0.000000 0.384766 0.0
vt 1.000000 0.384766 0.0
v 296.293457 9.581623 -117.168884
#joint 46
#vjoint 303
f 297/1303 299/1304 303/1305
#fvcolorindex 256 256 256 
vt 0.000000 0.769531 0.0
vt 1.000000 0.384766 0.0
vt 1.000000 0.769531 0.0
f 297/1306 303/1307 302/1308
#fvcolorindex 256 256 256 
vt 0.000000 0.384766 0.0
vt 0.000000 0.000000 0.0
vt 1.000000 0.000000 0.0
v 299.293457 2.581623 -117.168884
#joint 46
#vjoint 304
f 299/1309 298/1310 304/1311
#fvcolorindex 256 256 256 
vt 0.000000 0.384766 0.0
vt 1.000000 0.000000 0.0
vt 1.000000 0.384766 0.0
f 299/1312 304/1313 303/1314
#fvcolorindex 256 256 256 
vt 0.000000 0.290039 0.0
vt 0.000000 0.000000 0.0
vt 1.000000 0.000000 0.0
f 298/1315 296/1316 301/1317
#fvcolorindex 256 256 256 
vt 0.000000 0.290039 0.0
vt 1.000000 0.000000 0.0
vt 1.000000 0.290039 0.0
f 298/1318 301/1319 304/1320
#fvcolorindex 256 256 256 
usemtl m143TopFlagTransparentCullBoth
vt 0.840820 0.822266 0.0
vt 0.383789 0.041016 0.0
vt 0.032227 0.482422 0.0
f 296/1321 299/1322 297/1323
#fvcolorindex 255 255 255 
vt 0.882812 0.251953 0.0
vt 0.383789 0.041016 0.0
vt 0.840820 0.822266 0.0
f 298/1324 299/1325 296/1326
#fvcolorindex 255 255 255 
vt 0.314453 0.964844 0.0
vt 0.840820 0.822266 0.0
vt 0.032227 0.482422 0.0
f 295/1327 296/1328 297/1329
#fvcolorindex 255 255 255 
g Room40
g Room40_primary
usemtl m141CullBoth
vt 0.887695 0.256836 0.0
vt 0.376953 0.062500 0.0
vt 0.841797 0.801758 0.0
v 288.293457 13.581623 -151.168884
#joint 46
#vjoint 305
#vcolor 45.000000 59.000000 34.000000 255.000000
v 287.293457 20.581623 -151.168884
#joint 46
#vjoint 306
v 296.293457 12.581623 -151.168884
#joint 46
#vjoint 307
f 305/1330 306/1331 307/1332
#fvcolorindex 257 257 257 
vt 0.016602 0.487305 0.0
vt 0.303711 0.944336 0.0
vt 0.841797 0.801758 0.0
v 293.293457 24.581623 -151.168884
#joint 46
#vjoint 308
v 299.293457 19.581623 -151.168884
#joint 46
#vjoint 309
f 308/1333 309/1334 307/1335
#fvcolorindex 257 257 257 
vt 0.841797 0.801758 0.0
vt 0.376953 0.062500 0.0
vt 0.016602 0.487305 0.0
f 307/1336 306/1337 308/1338
#fvcolorindex 257 257 257 
usemtl m142CullBoth
vt 1.000000 0.377930 0.0
vt 1.000000 0.755859 0.0
vt 0.000000 0.755859 0.0
#vcolor 254.000000 254.000000 254.000000 255.000000
v 293.293457 24.581623 -117.168884
#joint 46
#vjoint 310
f 309/1339 308/1340 310/1341
#fvcolorindex 258 258 258 
vt 1.000000 0.377930 0.0
vt 0.000000 0.755859 0.0
vt 0.000000 0.377930 0.0
v 299.293457 19.581623 -117.168884
#joint 46
#vjoint 311
f 309/1342 310/1343 311/1344
#fvcolorindex 258 258 258 
vt 0.000000 0.790039 0.0
vt 0.000000 0.394531 0.0
vt 1.000000 0.394531 0.0
v 287.293457 20.581623 -117.168884
#joint 46
#vjoint 312
f 308/1345 306/1346 312/1347
#fvcolorindex 258 258 258 
vt 0.000000 0.790039 0.0
vt 1.000000 0.394531 0.0
vt 1.000000 0.790039 0.0
f 308/1348 312/1349 310/1350
#fvcolorindex 258 258 258 
vt 0.000000 0.394531 0.0
vt 0.000000 0.000000 0.0
vt 1.000000 0.000000 0.0
v 288.293457 13.581623 -117.168884
#joint 46
#vjoint 313
f 306/1351 305/1352 313/1353
#fvcolorindex 258 258 258 
vt 0.000000 0.394531 0.0
vt 1.000000 0.000000 0.0
vt 1.000000 0.394531 0.0
f 306/1354 313/1355 312/1356
#fvcolorindex 258 258 258 
vt 0.000000 0.250977 0.0
vt 0.000000 0.000000 0.0
vt 1.000000 0.000000 0.0
v 296.293457 12.581623 -117.168884
#joint 46
#vjoint 314
f 305/1357 307/1358 314/1359
#fvcolorindex 258 258 258 
vt 0.000000 0.250977 0.0
vt 1.000000 0.000000 0.0
vt 1.000000 0.250977 0.0
f 305/1360 314/1361 313/1362
#fvcolorindex 258 258 258 
vt 1.000000 0.000000 0.0
vt 1.000000 0.377930 0.0
vt 0.000000 0.377930 0.0
f 307/1363 309/1364 311/1365
#fvcolorindex 258 258 258 
vt 1.000000 0.000000 0.0
vt 0.000000 0.377930 0.0
vt 0.000000 0.000000 0.0
f 307/1366 311/1367 314/1368
#fvcolorindex 258 258 258 
usemtl m143TopFlagTransparentCullBoth
vt 0.841797 0.801758 0.0
vt 0.376953 0.062500 0.0
vt 0.016602 0.487305 0.0
f 307/1369 306/1370 308/1371
#fvcolorindex 257 257 257 
vt 0.016602 0.487305 0.0
vt 0.303711 0.944336 0.0
vt 0.841797 0.801758 0.0
f 308/1372 309/1373 307/1374
#fvcolorindex 257 257 257 
vt 0.887695 0.256836 0.0
vt 0.376953 0.062500 0.0
vt 0.841797 0.801758 0.0
f 305/1375 306/1376 307/1377
#fvcolorindex 257 257 257 
