# Created by SubDrag and the GoldenEye Setup Editor V4.4
mtllib Gun0018.mtl
#joint 0
#jointposition 0.000000 -20.375574 -74.143860
#joint 1
#jointposition -0.126130 -34.500000 -403.726105
#joint 2
#jointposition 0.000000 -20.375574 -74.143860
#joint 3
#jointposition 28.404760 -54.346611 -32.664295
#joint 4
#jointposition 50.075203 -78.841194 -10.664248
#joint 5
#jointposition 28.643808 -16.714527 20.778549
#joint 6
#jointposition 26.518341 -24.155291 60.154758
#joint 7
#jointposition 24.787155 -25.811726 87.094780
#joint 8
#jointposition 8.820322 -11.296313 21.695198
#joint 9
#jointposition 8.668717 -23.348385 71.418152
#joint 10
#jointposition 7.570724 -26.182207 98.349426
#joint 11
#jointposition -7.449821 -15.536673 21.601517
#joint 12
#jointposition -6.777197 -21.532187 62.353848
#joint 13
#jointposition -6.290760 -23.494061 85.077034
#joint 14
#jointposition -23.590879 -23.057791 21.828247
#joint 15
#jointposition -21.894306 -25.130569 56.929543
#joint 16
#jointposition -20.740978 -24.727604 74.077179
#joint 17
#jointposition 234.474915 -34.500000 -403.725983
#joint 18
#jointposition 234.348785 -20.375599 -74.143890
#joint 19
#jointposition 205.943985 -54.346600 -32.664291
#joint 20
#jointposition 184.273590 -78.841202 -10.664192
#joint 21
#jointposition 205.704987 -16.714600 20.778511
#joint 22
#jointposition 207.830490 -24.155300 60.154812
#joint 23
#jointposition 209.561584 -25.811800 87.094810
#joint 24
#jointposition 225.528473 -11.296299 21.695213
#joint 25
#jointposition 225.680069 -23.348400 71.418114
#joint 26
#jointposition 226.778076 -26.182199 98.349411
#joint 27
#jointposition 241.798599 -15.536699 21.601509
#joint 28
#jointposition 241.125977 -21.532200 62.353809
#joint 29
#jointposition 240.639542 -23.494101 85.077011
#joint 30
#jointposition 257.939697 -23.057798 21.828209
#joint 31
#jointposition 256.243103 -25.130598 56.929508
#joint 32
#jointposition 255.089798 -24.727598 74.077209
#joint 33
#jointposition 87.008568 -45.703575 157.734039
#joint 34
#jointposition 87.008568 32.532013 232.667313
#joint 35
#jointposition 87.008568 32.532013 206.096954
#joint 36
#jointposition 87.008598 32.532013 250.123016
#joint 37
#jointposition 380.987518 32.532013 206.096954
#connection 0 1
#connection 1 2
#connection 2 3
#connection 3 4
#connection 2 5
#connection 5 6
#connection 6 7
#connection 2 8
#connection 8 9
#connection 9 10
#connection 2 11
#connection 11 12
#connection 12 13
#connection 2 14
#connection 14 15
#connection 15 16
#connection 2 33
#connection 33 34
#connection 33 35
#connection 33 36
#connection 0 17
#connection 17 18
#connection 18 19
#connection 19 20
#connection 18 21
#connection 21 22
#connection 22 23
#connection 18 24
#connection 24 25
#connection 25 26
#connection 18 27
#connection 27 28
#connection 28 29
#connection 18 30
#connection 30 31
#connection 31 32
#connection 18 37
g Room02
g Room02_primary
usemtl m0MirrorT
vt 0.737305 1.097656 0.0
vt 0.641602 1.002930 0.0
vt -0.313477 1.199219 0.0
v 368.987518 12.532013 129.096954
#joint 37
#vjoint 1
#vcolor 254.000000 254.000000 254.000000 255.000000
v 380.987518 9.532013 129.096954
#joint 37
#vjoint 2
v 380.987518 -1.467987 140.096954
#joint 37
#vjoint 3
f 1/1 2/2 3/3
#fvcolorindex 1 1 1 
vt 0.737305 1.097656 0.0
vt -0.313477 1.199219 0.0
vt -0.170898 1.337891 0.0
v 363.987518 2.532013 140.096954
#joint 37
#vjoint 4
f 1/4 3/5 4/6
#fvcolorindex 1 1 1 
vt -0.313477 1.199219 0.0
vt 0.641602 1.002930 0.0
vt 0.574219 0.801758 0.0
v 391.987518 12.532013 129.096954
#joint 37
#vjoint 5
f 3/7 2/8 5/9
#fvcolorindex 1 1 1 
vt -0.313477 1.199219 0.0
vt 0.574219 0.801758 0.0
vt -0.412109 0.904297 0.0
v 397.987518 3.532013 140.096954
#joint 37
#vjoint 6
f 3/10 5/11 6/12
#fvcolorindex 1 1 1 
vt -0.024414 1.286133 0.0
vt 0.837891 1.061523 0.0
vt 0.737305 1.097656 0.0
v 351.987518 15.532013 140.096954
#joint 37
#vjoint 7
v 360.987518 20.532013 129.096954
#joint 37
#vjoint 8
f 7/13 8/14 1/15
#fvcolorindex 1 1 1 
vt -0.024414 1.286133 0.0
vt 0.737305 1.097656 0.0
vt -0.170898 1.337891 0.0
f 7/16 1/17 4/18
#fvcolorindex 1 1 1 
vt 0.088867 1.054688 0.0
vt 0.915039 0.904297 0.0
vt 0.837891 1.061523 0.0
v 346.987518 31.532013 140.096954
#joint 37
#vjoint 9
v 357.987518 31.532013 129.096954
#joint 37
#vjoint 10
f 9/19 10/20 8/21
#fvcolorindex 1 1 1 
vt 0.088867 1.054688 0.0
vt 0.837891 1.061523 0.0
vt -0.024414 1.286133 0.0
f 9/22 8/23 7/24
#fvcolorindex 1 1 1 
vt -0.412109 0.904297 0.0
vt 0.574219 0.801758 0.0
vt 0.554688 0.549805 0.0
v 400.987518 20.532013 129.096954
#joint 37
#vjoint 11
f 6/25 5/26 11/27
#fvcolorindex 1 1 1 
vt -0.412109 0.904297 0.0
vt 0.554688 0.549805 0.0
vt -0.440430 0.534180 0.0
v 409.987518 15.532013 140.096954
#joint 37
#vjoint 12
f 6/28 11/29 12/30
#fvcolorindex 1 1 1 
vt -0.440430 0.534180 0.0
vt 0.554688 0.549805 0.0
vt 0.587891 0.313477 0.0
v 403.987518 32.532013 129.096954
#joint 37
#vjoint 13
f 12/31 11/32 13/33
#fvcolorindex 1 1 1 
vt -0.440430 0.534180 0.0
vt 0.587891 0.313477 0.0
vt -0.391602 0.187500 0.0
v 413.987518 32.532013 140.096954
#joint 37
#vjoint 14
f 12/34 13/35 14/36
#fvcolorindex 1 1 1 
vt -0.391602 0.187500 0.0
vt 0.587891 0.313477 0.0
vt 0.664062 0.156250 0.0
v 399.987518 43.532013 129.096954
#joint 37
#vjoint 15
f 14/37 13/38 15/39
#fvcolorindex 1 1 1 
vt -0.391602 0.187500 0.0
vt 0.664062 0.156250 0.0
vt -0.279297 -0.042969 0.0
v 409.987518 48.532013 140.096954
#joint 37
#vjoint 16
f 14/40 15/41 16/42
#fvcolorindex 1 1 1 
vt -0.279297 -0.042969 0.0
vt 0.664062 0.156250 0.0
vt 0.764648 0.121094 0.0
v 391.987518 51.532013 129.096954
#joint 37
#vjoint 17
f 16/43 15/44 17/45
#fvcolorindex 1 1 1 
vt -0.279297 -0.042969 0.0
vt 0.764648 0.121094 0.0
vt -0.131836 -0.095703 0.0
v 396.987518 61.532013 140.096954
#joint 37
#vjoint 18
f 16/46 17/47 18/48
#fvcolorindex 1 1 1 
vt 0.764648 0.121094 0.0
vt 0.861328 0.215820 0.0
vt 0.009766 0.043945 0.0
v 380.987518 54.532013 129.096954
#joint 37
#vjoint 19
v 379.987518 65.532013 140.096954
#joint 37
#vjoint 20
f 17/49 19/50 20/51
#fvcolorindex 1 1 1 
vt 0.764648 0.121094 0.0
vt 0.009766 0.043945 0.0
vt -0.131836 -0.095703 0.0
f 17/52 20/53 18/54
#fvcolorindex 1 1 1 
vt 0.928711 0.416016 0.0
vt 0.108398 0.337891 0.0
vt 0.009766 0.043945 0.0
v 368.987518 51.532013 129.096954
#joint 37
#vjoint 21
v 363.987518 60.532013 140.096954
#joint 37
#vjoint 22
f 21/55 22/56 20/57
#fvcolorindex 1 1 1 
vt 0.928711 0.416016 0.0
vt 0.009766 0.043945 0.0
vt 0.861328 0.215820 0.0
f 21/58 20/59 19/60
#fvcolorindex 1 1 1 
vt 0.948242 0.667969 0.0
vt 0.915039 0.904297 0.0
vt 0.088867 1.054688 0.0
v 360.987518 43.532013 129.096954
#joint 37
#vjoint 23
f 23/61 10/62 9/63
#fvcolorindex 1 1 1 
vt 0.948242 0.667969 0.0
vt 0.088867 1.054688 0.0
vt 0.137695 0.708008 0.0
v 351.987518 48.532013 140.096954
#joint 37
#vjoint 24
f 23/64 9/65 24/66
#fvcolorindex 1 1 1 
vt 0.928711 0.416016 0.0
vt 0.948242 0.667969 0.0
vt 0.137695 0.708008 0.0
f 21/67 23/68 24/69
#fvcolorindex 1 1 1 
vt 0.928711 0.416016 0.0
vt 0.137695 0.708008 0.0
vt 0.108398 0.337891 0.0
f 21/70 24/71 22/72
#fvcolorindex 1 1 1 
vt 7.678711 0.777344 0.0
vt 6.775391 0.777344 0.0
vt 6.750977 0.000000 0.0
v 380.987518 9.532013 206.096954
#joint 37
#vjoint 25
f 4/73 3/74 25/75
#fvcolorindex 1 1 1 
vt 7.678711 0.777344 0.0
vt 6.750977 0.000000 0.0
vt 7.658203 0.000000 0.0
v 369.987518 12.532013 206.096954
#joint 37
#vjoint 26
f 4/76 25/77 26/78
#fvcolorindex 1 1 1 
vt 8.582031 0.777344 0.0
vt 7.678711 0.777344 0.0
vt 7.658203 0.000000 0.0
f 7/79 4/80 26/81
#fvcolorindex 1 1 1 
vt 8.582031 0.777344 0.0
vt 7.658203 0.000000 0.0
vt 8.570312 0.000000 0.0
v 361.987518 20.532013 206.096954
#joint 37
#vjoint 27
f 7/82 26/83 27/84
#fvcolorindex 1 1 1 
vt 9.485352 0.777344 0.0
vt 8.582031 0.777344 0.0
vt 8.570312 0.000000 0.0
f 9/85 7/86 27/87
#fvcolorindex 1 1 1 
vt 9.485352 0.777344 0.0
vt 8.570312 0.000000 0.0
vt 9.485352 0.000000 0.0
v 358.987518 31.532013 206.096954
#joint 37
#vjoint 28
f 9/88 27/89 28/90
#fvcolorindex 1 1 1 
vt 10.388672 0.777344 0.0
vt 9.485352 0.777344 0.0
vt 9.485352 0.000000 0.0
f 24/91 9/92 28/93
#fvcolorindex 1 1 1 
vt 10.388672 0.777344 0.0
vt 9.485352 0.000000 0.0
vt 10.401367 0.000000 0.0
v 361.987518 43.532013 206.096954
#joint 37
#vjoint 29
f 24/94 28/95 29/96
#fvcolorindex 1 1 1 
vt 11.291992 0.777344 0.0
vt 10.388672 0.777344 0.0
vt 10.401367 0.000000 0.0
f 22/97 24/98 29/99
#fvcolorindex 1 1 1 
vt 11.291992 0.777344 0.0
vt 10.401367 0.000000 0.0
vt 11.313477 0.000000 0.0
v 369.987518 51.532013 206.096954
#joint 37
#vjoint 30
f 22/100 29/101 30/102
#fvcolorindex 1 1 1 
vt 1.355469 0.777344 0.0
vt 0.452148 0.777344 0.0
vt 0.472656 0.000000 0.0
f 20/103 22/104 30/105
#fvcolorindex 1 1 1 
vt 1.355469 0.777344 0.0
vt 0.472656 0.000000 0.0
vt 1.378906 0.000000 0.0
v 380.987518 54.532013 206.096954
#joint 37
#vjoint 31
f 20/106 30/107 31/108
#fvcolorindex 1 1 1 
vt 2.258789 0.777344 0.0
vt 1.355469 0.777344 0.0
vt 1.378906 0.000000 0.0
f 18/109 20/110 31/111
#fvcolorindex 1 1 1 
vt 2.258789 0.777344 0.0
vt 1.378906 0.000000 0.0
vt 2.279297 0.000000 0.0
v 391.987518 51.532013 206.096954
#joint 37
#vjoint 32
f 18/112 31/113 32/114
#fvcolorindex 1 1 1 
vt 3.162109 0.777344 0.0
vt 2.258789 0.777344 0.0
vt 2.279297 0.000000 0.0
f 16/115 18/116 32/117
#fvcolorindex 1 1 1 
vt 3.162109 0.777344 0.0
vt 2.279297 0.000000 0.0
vt 3.173828 0.000000 0.0
v 399.987518 43.532013 206.096954
#joint 37
#vjoint 33
f 16/118 32/119 33/120
#fvcolorindex 1 1 1 
vt 4.065430 0.777344 0.0
vt 3.162109 0.777344 0.0
vt 3.173828 0.000000 0.0
f 14/121 16/122 33/123
#fvcolorindex 1 1 1 
vt 4.065430 0.777344 0.0
vt 3.173828 0.000000 0.0
vt 4.065430 0.000000 0.0
v 402.987518 32.532013 206.096954
#joint 37
#vjoint 34
f 14/124 33/125 34/126
#fvcolorindex 1 1 1 
vt 4.968750 0.777344 0.0
vt 4.065430 0.777344 0.0
vt 4.065430 0.000000 0.0
f 12/127 14/128 34/129
#fvcolorindex 1 1 1 
vt 4.968750 0.777344 0.0
vt 4.065430 0.000000 0.0
vt 4.957031 0.000000 0.0
v 399.987518 21.532013 206.096954
#joint 37
#vjoint 35
f 12/130 34/131 35/132
#fvcolorindex 1 1 1 
vt 5.872070 0.777344 0.0
vt 4.968750 0.777344 0.0
vt 4.957031 0.000000 0.0
f 6/133 12/134 35/135
#fvcolorindex 1 1 1 
vt 5.872070 0.777344 0.0
vt 4.957031 0.000000 0.0
vt 5.851562 0.000000 0.0
v 391.987518 12.532013 206.096954
#joint 37
#vjoint 36
f 6/136 35/137 36/138
#fvcolorindex 1 1 1 
vt 6.775391 0.777344 0.0
vt 5.872070 0.777344 0.0
vt 5.851562 0.000000 0.0
f 3/139 6/140 36/141
#fvcolorindex 1 1 1 
vt 6.775391 0.777344 0.0
vt 5.851562 0.000000 0.0
vt 6.750977 0.000000 0.0
f 3/142 36/143 25/144
#fvcolorindex 1 1 1 
vt 3.622070 1.000000 0.0
vt 2.817383 1.000000 0.0
vt 3.219727 0.000000 0.0
v 427.987518 32.532013 232.096954
#joint 37
#vjoint 37
v 420.987518 55.532013 232.096954
#joint 37
#vjoint 38
v 380.987518 32.532013 332.096954
#joint 37
#vjoint 39
f 37/145 38/146 39/147
#fvcolorindex 1 1 1 
vt 4.427734 1.000000 0.0
vt 3.622070 1.000000 0.0
vt 4.025391 0.000000 0.0
v 421.987518 8.532013 232.096954
#joint 37
#vjoint 40
f 40/148 37/149 39/150
#fvcolorindex 1 1 1 
vt 5.232422 1.000000 0.0
vt 4.427734 1.000000 0.0
vt 4.830078 0.000000 0.0
v 403.987518 -8.467987 232.096954
#joint 37
#vjoint 41
f 41/151 40/152 39/153
#fvcolorindex 1 1 1 
vt 6.037109 1.000000 0.0
vt 5.232422 1.000000 0.0
vt 5.634766 0.000000 0.0
v 380.987518 -14.467987 232.096954
#joint 37
#vjoint 42
f 42/154 41/155 39/156
#fvcolorindex 1 1 1 
vt 6.842773 1.000000 0.0
vt 6.037109 1.000000 0.0
vt 6.440430 0.000000 0.0
v 356.987518 -8.467987 232.096954
#joint 37
#vjoint 43
f 43/157 42/158 39/159
#fvcolorindex 1 1 1 
vt 7.647461 1.000000 0.0
vt 6.842773 1.000000 0.0
vt 7.245117 0.000000 0.0
v 339.987518 8.532013 232.096954
#joint 37
#vjoint 44
f 44/160 43/161 39/162
#fvcolorindex 1 1 1 
vt 8.452148 1.000000 0.0
vt 7.647461 1.000000 0.0
vt 8.049805 0.000000 0.0
v 333.987518 31.532013 232.096954
#joint 37
#vjoint 45
f 45/163 44/164 39/165
#fvcolorindex 1 1 1 
vt 9.257812 1.000000 0.0
vt 8.452148 1.000000 0.0
vt 8.854492 0.000000 0.0
v 339.987518 55.532013 232.096954
#joint 37
#vjoint 46
f 46/166 45/167 39/168
#fvcolorindex 1 1 1 
vt 10.062500 1.000000 0.0
vt 9.257812 1.000000 0.0
vt 9.660156 0.000000 0.0
v 356.987518 72.532013 232.096954
#joint 37
#vjoint 47
f 47/169 46/170 39/171
#fvcolorindex 1 1 1 
vt 1.207031 1.000000 0.0
vt 0.402344 1.000000 0.0
vt 0.804688 0.000000 0.0
v 379.987518 79.532013 232.096954
#joint 37
#vjoint 48
f 48/172 47/173 39/174
#fvcolorindex 1 1 1 
vt 2.012695 1.000000 0.0
vt 1.207031 1.000000 0.0
vt 1.610352 0.000000 0.0
v 403.987518 72.532013 232.096954
#joint 37
#vjoint 49
f 49/175 48/176 39/177
#fvcolorindex 1 1 1 
vt 2.817383 1.000000 0.0
vt 2.012695 1.000000 0.0
vt 2.415039 0.000000 0.0
f 38/178 49/179 39/180
#fvcolorindex 1 1 1 
usemtl m1CullBoth
vt 0.000000 0.000000 0.0
vt 0.917969 0.777832 0.0
vt 1.000000 0.000000 0.0
v 379.987518 79.532013 140.096954
#joint 37
#vjoint 50
f 20/181 31/182 50/183
#fvcolorindex 1 1 1 
vt 0.882812 0.000000 0.0
vt 0.912109 0.756836 0.0
vt 0.140625 0.000000 0.0
v 333.987518 33.532013 140.096954
#joint 37
#vjoint 51
f 51/184 28/185 9/186
#fvcolorindex 1 1 1 
vt 0.172852 0.000000 0.0
vt 0.911133 0.746582 0.0
vt 0.882812 0.000000 0.0
v 427.987518 30.532013 140.096954
#joint 37
#vjoint 52
f 14/187 34/188 52/189
#fvcolorindex 1 1 1 
usemtl m2
vt -0.408203 1.323730 0.0
vt -0.393555 1.246582 0.0
vt -0.147461 1.246094 0.0
f 33/190 32/191 49/192
#fvcolorindex 1 1 1 
vt -0.408203 1.323730 0.0
vt -0.147461 1.246094 0.0
vt -0.177734 1.409668 0.0
f 33/193 49/194 38/195
#fvcolorindex 1 1 1 
vt 0.001953 1.247070 0.0
vt -0.243164 1.246582 0.0
vt -0.256836 1.168945 0.0
f 49/196 32/197 31/198
#fvcolorindex 1 1 1 
vt 0.001953 1.247070 0.0
vt -0.256836 1.168945 0.0
vt -0.025391 1.083008 0.0
f 49/199 31/200 48/201
#fvcolorindex 1 1 1 
vt -0.391602 0.997070 0.0
vt -0.144531 0.997070 0.0
vt -0.174805 1.160645 0.0
f 30/202 47/203 48/204
#fvcolorindex 1 1 1 
vt -0.391602 0.997070 0.0
vt -0.174805 1.160645 0.0
vt -0.406250 1.074219 0.0
f 30/205 48/206 31/207
#fvcolorindex 1 1 1 
vt 0.006836 0.997070 0.0
vt -0.240234 0.997070 0.0
vt -0.253906 0.919922 0.0
f 47/208 30/209 29/210
#fvcolorindex 1 1 1 
vt 0.006836 0.997070 0.0
vt -0.253906 0.919922 0.0
vt -0.021484 0.833496 0.0
f 47/211 29/212 46/213
#fvcolorindex 1 1 1 
vt -0.039062 1.011230 0.0
vt -0.271484 0.924805 0.0
vt -0.256836 0.847656 0.0
f 46/214 29/215 28/216
#fvcolorindex 1 1 1 
vt -0.039062 1.011230 0.0
vt -0.256836 0.847656 0.0
vt -0.008789 0.847656 0.0
f 46/217 28/218 45/219
#fvcolorindex 1 1 1 
vt 0.008789 0.747559 0.0
vt -0.239258 0.747559 0.0
vt -0.252930 0.670410 0.0
f 45/220 28/221 27/222
#fvcolorindex 1 1 1 
vt 0.008789 0.747559 0.0
vt -0.252930 0.670410 0.0
vt -0.020508 0.583984 0.0
f 45/223 27/224 44/225
#fvcolorindex 1 1 1 
vt -0.039062 0.762207 0.0
vt -0.271484 0.675781 0.0
vt -0.257812 0.598145 0.0
f 44/226 27/227 26/228
#fvcolorindex 1 1 1 
vt -0.039062 0.762207 0.0
vt -0.257812 0.598145 0.0
vt -0.010742 0.598145 0.0
f 44/229 26/230 43/231
#fvcolorindex 1 1 1 
vt 0.006836 0.498047 0.0
vt -0.240234 0.498047 0.0
vt -0.254883 0.420898 0.0
f 43/232 26/233 25/234
#fvcolorindex 1 1 1 
vt 0.006836 0.498047 0.0
vt -0.254883 0.420898 0.0
vt -0.024414 0.334473 0.0
f 43/235 25/236 42/237
#fvcolorindex 1 1 1 
vt -0.042969 0.512695 0.0
vt -0.273438 0.426758 0.0
vt -0.260742 0.349121 0.0
f 42/238 25/239 36/240
#fvcolorindex 1 1 1 
vt -0.042969 0.512695 0.0
vt -0.260742 0.349121 0.0
vt -0.014648 0.349121 0.0
f 42/241 36/242 41/243
#fvcolorindex 1 1 1 
vt -0.416992 0.124512 0.0
vt -0.187500 0.038086 0.0
vt -0.156250 0.201660 0.0
f 35/244 40/245 41/246
#fvcolorindex 1 1 1 
vt -0.416992 0.124512 0.0
vt -0.156250 0.201660 0.0
vt -0.402344 0.202148 0.0
f 35/247 41/248 36/249
#fvcolorindex 1 1 1 
vt -0.047852 0.263672 0.0
vt -0.276367 0.177246 0.0
vt -0.262695 0.100098 0.0
f 40/250 35/251 34/252
#fvcolorindex 1 1 1 
vt -0.047852 0.263672 0.0
vt -0.262695 0.100098 0.0
vt -0.017578 0.100098 0.0
f 40/253 34/254 37/255
#fvcolorindex 1 1 1 
vt -0.394531 0.000000 0.0
vt -0.408203 -0.077148 0.0
vt -0.178711 -0.163574 0.0
f 34/256 33/257 38/258
#fvcolorindex 1 1 1 
vt -0.394531 0.000000 0.0
vt -0.178711 -0.163574 0.0
vt -0.149414 0.000000 0.0
f 34/259 38/260 37/261
#fvcolorindex 1 1 1 
usemtl m3
vt 10.986328 1.000000 0.0
vt 14.125000 1.000000 0.0
vt 12.555664 0.000000 0.0
v 380.987518 32.532013 141.096954
#joint 37
#vjoint 53
f 15/262 13/263 53/264
#fvcolorindex 1 1 1 
vt 14.125000 1.000000 0.0
vt 17.263672 1.000000 0.0
vt 15.694336 0.000000 0.0
f 13/265 11/266 53/267
#fvcolorindex 1 1 1 
vt 17.263672 1.000000 0.0
vt 20.403320 1.000000 0.0
vt 18.833008 0.000000 0.0
f 11/268 5/269 53/270
#fvcolorindex 1 1 1 
vt 20.403320 1.000000 0.0
vt 23.541992 1.000000 0.0
vt 21.972656 0.000000 0.0
f 5/271 2/272 53/273
#fvcolorindex 1 1 1 
vt 23.541992 1.000000 0.0
vt 26.680664 1.000000 0.0
vt 25.111328 0.000000 0.0
f 2/274 1/275 53/276
#fvcolorindex 1 1 1 
vt 26.680664 1.000000 0.0
vt 29.819336 1.000000 0.0
vt 28.250000 0.000000 0.0
f 1/277 8/278 53/279
#fvcolorindex 1 1 1 
vt 28.819336 1.000000 0.0
vt 31.958984 1.000000 0.0
vt 30.388672 0.000000 0.0
f 8/280 10/281 53/282
#fvcolorindex 1 1 1 
vt 27.958984 1.000000 0.0
vt 31.097656 1.000000 0.0
vt 29.528320 0.000000 0.0
f 10/283 23/284 53/285
#fvcolorindex 1 1 1 
vt 28.097656 1.000000 0.0
vt 31.236328 1.000000 0.0
vt 29.666992 0.000000 0.0
f 23/286 21/287 53/288
#fvcolorindex 1 1 1 
vt 1.569336 1.000000 0.0
vt 4.708008 1.000000 0.0
vt 3.138672 0.000000 0.0
f 21/289 19/290 53/291
#fvcolorindex 1 1 1 
vt 4.708008 1.000000 0.0
vt 7.847656 1.000000 0.0
vt 6.277344 0.000000 0.0
f 19/292 17/293 53/294
#fvcolorindex 1 1 1 
vt 7.847656 1.000000 0.0
vt 10.986328 1.000000 0.0
vt 9.416992 0.000000 0.0
f 17/295 15/296 53/297
#fvcolorindex 1 1 1 
g Room03
g Room03_primary
usemtl m4
vt -1.852539 -0.041992 0.0
vt -0.852539 -0.041992 0.0
vt 0.000000 0.000000 0.0
v 87.008568 -24.703575 474.734039
#joint 33
#vjoint 54
#vcolor 226.000000 226.000000 226.000000 255.000000
v 47.008568 -7.703575 474.734039
#joint 33
#vjoint 55
#vcolor 249.000000 249.000000 249.000000 255.000000
v 11.008568 3.296425 476.734039
#joint 33
#vjoint 56
#vcolor 254.000000 254.000000 254.000000 255.000000
f 54/298 55/299 56/300
#fvcolorindex 2 3 4 
usemtl m5
vt 1.878906 0.949707 0.0
vt 1.970703 0.000000 0.0
vt 1.000000 0.000000 0.0
v 11.008568 0.296425 216.734039
#joint 33
#vjoint 57
#vcolor 84.000000 84.000000 84.000000 255.000000
v 20.008568 2.296425 73.734039
#joint 33
#vjoint 58
#vcolor 79.000000 79.000000 79.000000 255.000000
v 20.008568 -54.703575 73.734039
#joint 33
#vjoint 59
#vcolor 82.000000 82.000000 82.000000 255.000000
f 57/301 58/302 59/303
#fvcolorindex 5 6 7 
usemtl m6
vt 1.000000 0.000000 0.0
vt 1.219727 0.929199 0.0
vt 1.878906 0.949707 0.0
v 9.008568 -38.703575 212.734039
#joint 33
#vjoint 60
#vcolor 96.000000 96.000000 96.000000 255.000000
f 59/304 60/305 57/306
#fvcolorindex 7 8 5 
usemtl m7
vt 0.697266 -0.000488 0.0
vt 0.876953 1.216797 0.0
vt 0.229492 1.470703 0.0
v 24.008568 6.296425 73.734039
#joint 33
#vjoint 61
#vcolor 191.000000 191.000000 191.000000 255.000000
#vcolor 221.000000 221.000000 221.000000 255.000000
v 22.008568 6.296425 246.734039
#joint 33
#vjoint 62
f 61/307 57/308 62/309
#fvcolorindex 9 10 10 
vt 0.697266 -0.000488 0.0
vt 0.958008 -0.000977 0.0
vt 0.876953 1.216797 0.0
f 61/310 58/311 57/312
#fvcolorindex 9 9 10 
vt 0.403320 -0.000488 0.0
vt 0.229492 1.470703 0.0
vt -0.021484 1.222168 0.0
v 26.008568 10.296425 73.734039
#joint 33
#vjoint 63
v 26.008568 10.296425 216.734039
#joint 33
#vjoint 64
#vcolor 139.000000 139.000000 139.000000 255.000000
f 63/313 62/314 64/315
#fvcolorindex 9 10 11 
vt 0.403320 -0.000488 0.0
vt 0.697266 -0.000488 0.0
vt 0.229492 1.470703 0.0
f 63/316 61/317 62/318
#fvcolorindex 9 9 10 
usemtl m8
vt 0.071289 0.000000 0.0
vt 0.403320 -0.000488 0.0
vt -0.021484 1.222168 0.0
v 24.008568 17.296425 73.734039
#joint 33
#vjoint 65
#vcolor 118.000000 118.000000 118.000000 255.000000
f 65/319 63/320 64/321
#fvcolorindex 12 9 11 
usemtl m9
vt -1.000000 -0.020020 0.0
vt 0.000000 0.012695 0.0
vt -1.313477 0.012695 0.0
v 26.008568 10.296425 338.734039
#joint 33
#vjoint 66
#vcolor 182.000000 182.000000 182.000000 255.000000
f 62/322 66/323 64/324
#fvcolorindex 10 13 11 
vt -1.000000 -0.020020 0.0
vt 0.000000 -0.020020 0.0
vt 0.000000 0.012695 0.0
v 22.008568 6.296425 338.734039
#joint 33
#vjoint 67
f 62/325 67/326 66/327
#fvcolorindex 10 4 13 
usemtl m10
vt -0.024414 1.304199 0.0
vt 0.046875 0.004395 0.0
vt 0.758789 0.071289 0.0
v 22.008568 32.296425 328.734039
#joint 33
#vjoint 68
#vcolor 242.000000 242.000000 242.000000 255.000000
f 64/328 66/329 68/330
#fvcolorindex 11 13 14 
usemtl m2
vt 0.641602 2.203613 0.0
vt 0.123047 2.817383 0.0
vt -0.024414 1.304199 0.0
v 22.008568 32.296425 128.734039
#joint 33
#vjoint 69
f 69/331 65/332 64/333
#fvcolorindex 4 12 11 
vt 0.641602 2.203613 0.0
vt -0.024414 1.304199 0.0
vt 0.693359 1.256836 0.0
v 22.008568 32.296425 216.734039
#joint 33
#vjoint 70
f 69/334 64/335 70/336
#fvcolorindex 4 11 12 
usemtl m10
vt -0.024414 1.304199 0.0
vt 0.758789 0.071289 0.0
vt 0.693359 1.256836 0.0
f 64/337 68/338 70/339
#fvcolorindex 11 14 12 
usemtl m11
vt 0.978516 0.366211 0.0
vt 0.070312 0.340820 0.0
vt 0.361328 0.810547 0.0
v -21.991432 -93.703575 425.734039
#joint 33
#vjoint 71
#vcolor 67.000000 67.000000 67.000000 255.000000
v 11.008568 3.296425 427.734039
#joint 33
#vjoint 72
v 9.008568 -25.703575 361.734039
#joint 33
#vjoint 73
f 71/340 72/341 73/342
#fvcolorindex 15 15 15 
vt 0.978516 0.366211 0.0
vt 0.973633 0.136719 0.0
vt 0.070312 0.340820 0.0
v -26.991432 -93.703575 457.734039
#joint 33
#vjoint 74
f 71/343 74/344 72/345
#fvcolorindex 15 15 15 
vt 0.973633 0.136719 0.0
vt 0.038086 0.000000 0.0
vt 0.070312 0.340820 0.0
#vcolor 157.000000 157.000000 157.000000 255.000000
f 74/346 56/347 72/348
#fvcolorindex 15 16 15 
usemtl m12
vt 0.960938 0.000000 0.0
vt 0.038086 0.000000 0.0
vt 0.973633 0.136719 0.0
v -26.991432 -93.703575 476.734039
#joint 33
#vjoint 75
#vcolor 127.000000 127.000000 127.000000 255.000000
f 75/349 56/350 74/351
#fvcolorindex 17 16 15 
usemtl m13
vt 1.538086 1.636719 0.0
vt 1.629883 1.838867 0.0
vt 1.551758 1.929688 0.0
v 158.008575 -64.703575 285.734039
#joint 33
#vjoint 76
#vcolor 112.000000 112.000000 112.000000 255.000000
v 153.008575 -78.703575 261.734039
#joint 33
#vjoint 77
v 169.008575 -63.703575 251.734039
#joint 33
#vjoint 78
f 76/352 77/353 78/354
#fvcolorindex 18 15 15 
usemtl m11
vt 1.661133 1.164062 0.0
vt 1.629883 1.838867 0.0
vt 1.538086 1.636719 0.0
v 144.008575 -81.703575 338.734039
#joint 33
#vjoint 79
f 79/355 77/356 76/357
#fvcolorindex 15 15 18 
usemtl m8
vt 1.562500 1.174316 0.0
vt 1.661133 1.164062 0.0
vt 1.538086 1.636719 0.0
v 158.008575 -64.703575 338.734039
#joint 33
#vjoint 80
f 80/358 79/359 76/360
#fvcolorindex 12 15 18 
usemtl m11
vt 1.678711 0.971680 0.0
vt 1.661133 1.164062 0.0
vt 1.562500 1.174316 0.0
v 147.008575 -81.703575 361.734039
#joint 33
#vjoint 81
f 81/361 79/362 80/363
#fvcolorindex 15 15 12 
vt 1.580078 0.981934 0.0
vt 1.678711 0.971680 0.0
vt 1.562500 1.174316 0.0
v 160.008575 -64.703575 361.734039
#joint 33
#vjoint 82
f 82/364 81/365 80/366
#fvcolorindex 15 15 12 
vt 2.000977 0.426758 0.0
vt 1.678711 0.971680 0.0
vt 1.580078 0.981934 0.0
v 164.008575 -110.703575 425.734039
#joint 33
#vjoint 83
f 83/367 81/368 82/369
#fvcolorindex 15 15 15 
vt 1.954102 0.444824 0.0
vt 2.000977 0.426758 0.0
vt 1.580078 0.981934 0.0
v 195.008575 -93.703575 425.734039
#joint 33
#vjoint 84
f 84/370 83/371 82/372
#fvcolorindex 15 15 15 
vt 2.029297 0.149902 0.0
vt 2.000977 0.426758 0.0
vt 1.954102 0.444824 0.0
v 169.008575 -110.703575 457.734039
#joint 33
#vjoint 85
f 85/373 83/374 84/375
#fvcolorindex 15 15 15 
usemtl m14
vt 1.984375 0.168945 0.0
vt 2.029297 0.149902 0.0
vt 1.954102 0.444824 0.0
v 200.008575 -93.703575 457.734039
#joint 33
#vjoint 86
#vcolor 195.000000 195.000000 195.000000 255.000000
f 86/376 85/377 84/378
#fvcolorindex 19 15 15 
vt 1.984375 0.168945 0.0
vt 2.038086 -0.018555 0.0
vt 2.029297 0.149902 0.0
v 169.008575 -110.703575 476.734039
#joint 33
#vjoint 87
f 86/379 87/380 85/381
#fvcolorindex 19 15 15 
usemtl m15
vt 1.993164 0.000000 0.0
vt 2.038086 -0.018555 0.0
vt 1.984375 0.168945 0.0
v 200.008575 -93.703575 476.734039
#joint 33
#vjoint 88
#vcolor 197.000000 197.000000 197.000000 255.000000
f 88/382 87/383 86/384
#fvcolorindex 20 15 19 
usemtl m16
vt 1.360352 2.020508 0.0
vt 1.538086 1.636719 0.0
vt 1.551758 1.929688 0.0
v 177.008575 -38.703575 242.734039
#joint 33
#vjoint 89
#vcolor 100.000000 100.000000 100.000000 255.000000
f 89/385 76/386 78/387
#fvcolorindex 21 18 15 
usemtl m17
vt 1.262695 1.646484 0.0
vt 1.538086 1.636719 0.0
vt 1.360352 2.020508 0.0
v 165.008575 -28.703575 285.734039
#joint 33
#vjoint 90
#vcolor 174.000000 174.000000 174.000000 255.000000
f 90/388 76/389 89/390
#fvcolorindex 22 18 21 
usemtl m8
vt 1.562500 1.174316 0.0
vt 1.538086 1.636719 0.0
vt 1.262695 1.646484 0.0
f 80/391 76/392 90/393
#fvcolorindex 12 18 22 
usemtl m18
vt 1.257812 1.185059 0.0
vt 1.562500 1.174316 0.0
vt 1.262695 1.646484 0.0
v 165.008575 -25.703575 338.734039
#joint 33
#vjoint 91
#vcolor 178.000000 178.000000 178.000000 255.000000
f 91/394 80/395 90/396
#fvcolorindex 23 12 22 
usemtl m11
vt 1.580078 0.981934 0.0
vt 1.562500 1.174316 0.0
vt 1.257812 1.185059 0.0
f 82/397 80/398 91/399
#fvcolorindex 15 12 23 
usemtl m19
vt 1.268555 0.991699 0.0
vt 1.580078 0.981934 0.0
vt 1.257812 1.185059 0.0
v 165.008575 -25.703575 361.734039
#joint 33
#vjoint 92
#vcolor 216.000000 216.000000 216.000000 255.000000
f 92/400 82/401 91/402
#fvcolorindex 24 15 23 
usemtl m11
vt 1.954102 0.444824 0.0
vt 1.580078 0.981934 0.0
vt 1.268555 0.991699 0.0
f 84/403 82/404 92/405
#fvcolorindex 15 15 24 
usemtl m15
vt 1.993164 0.000000 0.0
vt 1.984375 0.168945 0.0
vt 1.049805 0.425781 0.0
v 163.008575 3.296425 427.734039
#joint 33
#vjoint 93
f 88/406 86/407 93/408
#fvcolorindex 20 19 4 
usemtl m2
vt 1.080078 0.000000 0.0
vt 1.993164 0.000000 0.0
vt 1.049805 0.425781 0.0
v 164.008575 2.296425 476.734039
#joint 33
#vjoint 94
f 94/409 88/410 93/411
#fvcolorindex 4 20 4 
vt 1.049805 0.425781 0.0
vt 1.984375 0.168945 0.0
vt 1.268555 0.991699 0.0
f 93/412 86/413 92/414
#fvcolorindex 4 19 24 
usemtl m19
vt 1.268555 0.991699 0.0
vt 1.984375 0.168945 0.0
vt 1.954102 0.444824 0.0
f 92/415 86/416 84/417
#fvcolorindex 24 19 15 
usemtl m15
vt 0.909180 0.841309 0.0
vt 0.465820 0.699707 0.0
vt 0.588867 0.427246 0.0
f 88/418 94/419 54/420
#fvcolorindex 20 4 4 
usemtl m12
vt 0.902344 0.026855 0.0
vt 0.909180 0.841309 0.0
vt 0.588867 0.427246 0.0
f 75/421 88/422 54/423
#fvcolorindex 17 20 4 
vt 0.902344 0.026855 0.0
vt 0.981445 0.144531 0.0
vt 0.909180 0.841309 0.0
v 5.008568 -110.703575 476.734039
#joint 33
#vjoint 95
f 75/424 95/425 88/426
#fvcolorindex 17 15 20 
usemtl m11
vt 0.985352 0.731934 0.0
vt 0.909180 0.841309 0.0
vt 0.981445 0.144531 0.0
f 87/427 88/428 95/429
#fvcolorindex 15 20 15 
vt 0.759766 0.135254 0.0
vt 0.764648 0.730469 0.0
vt 0.833008 0.674805 0.0
v 4.008568 -63.703575 251.734039
#joint 33
#vjoint 96
f 96/430 78/431 77/432
#fvcolorindex 15 15 15 
vt 0.759766 0.135254 0.0
vt 0.833008 0.674805 0.0
vt 0.829102 0.194336 0.0
v 20.008568 -78.703575 261.734039
#joint 33
#vjoint 97
f 96/433 77/434 97/435
#fvcolorindex 15 15 15 
vt 0.642578 0.103027 0.0
vt 0.647461 0.755859 0.0
vt 0.764648 0.730469 0.0
v -3.991432 -38.703575 242.734039
#joint 33
#vjoint 98
f 98/436 89/437 78/438
#fvcolorindex 15 21 15 
vt 0.642578 0.103027 0.0
vt 0.764648 0.730469 0.0
vt 0.759766 0.135254 0.0
f 98/439 78/440 96/441
#fvcolorindex 15 15 15 
vt 0.766602 1.583984 0.0
vt 0.833008 1.533203 0.0
vt 0.712891 1.358887 0.0
v 16.008568 -64.703575 285.734039
#joint 33
#vjoint 99
f 96/442 97/443 99/444
#fvcolorindex 15 15 15 
vt 0.712891 1.358887 0.0
vt 0.833008 1.533203 0.0
vt 0.774414 0.997559 0.0
v 30.008568 -81.703575 338.734039
#joint 33
#vjoint 100
f 99/445 97/446 100/447
#fvcolorindex 15 15 15 
vt 0.712891 1.358887 0.0
vt 0.774414 0.997559 0.0
vt 0.678711 0.983887 0.0
v 16.008568 -64.703575 338.734039
#joint 33
#vjoint 101
f 99/448 100/449 101/450
#fvcolorindex 15 15 15 
vt 0.678711 0.983887 0.0
vt 0.774414 0.997559 0.0
vt 0.767578 0.838867 0.0
v 27.008568 -81.703575 361.734039
#joint 33
#vjoint 102
f 101/451 100/452 102/453
#fvcolorindex 15 15 15 
vt 0.678711 0.983887 0.0
vt 0.767578 0.838867 0.0
vt 0.670898 0.825195 0.0
v 13.008568 -64.703575 361.734039
#joint 33
#vjoint 103
f 101/454 102/455 103/456
#fvcolorindex 15 15 15 
vt 0.670898 0.825195 0.0
vt 0.767578 0.838867 0.0
vt 1.019531 0.391113 0.0
v 10.008568 -110.703575 425.734039
#joint 33
#vjoint 104
f 103/457 102/458 104/459
#fvcolorindex 15 15 15 
vt 0.670898 0.825195 0.0
vt 1.019531 0.391113 0.0
vt 0.978516 0.366211 0.0
f 103/460 104/461 71/462
#fvcolorindex 15 15 15 
vt 0.978516 0.366211 0.0
vt 1.019531 0.391113 0.0
vt 1.011719 0.162109 0.0
v 5.008568 -110.703575 457.734039
#joint 33
#vjoint 105
f 71/463 104/464 105/465
#fvcolorindex 15 15 15 
vt 0.978516 0.366211 0.0
vt 1.011719 0.162109 0.0
vt 0.973633 0.136719 0.0
f 71/466 105/467 74/468
#fvcolorindex 15 15 15 
vt 1.011719 0.162109 0.0
vt 0.999023 0.025391 0.0
vt 0.973633 0.136719 0.0
f 105/469 95/470 74/471
#fvcolorindex 15 15 15 
vt 0.973633 0.136719 0.0
vt 0.999023 0.025391 0.0
vt 0.960938 0.000000 0.0
f 74/472 95/473 75/474
#fvcolorindex 15 15 17 
vt 0.766602 1.583984 0.0
vt 0.712891 1.358887 0.0
vt 0.587891 1.637695 0.0
f 96/475 99/476 98/477
#fvcolorindex 15 15 15 
vt 0.587891 1.637695 0.0
vt 0.712891 1.358887 0.0
vt 0.440430 1.344238 0.0
v 9.008568 -28.703575 285.734039
#joint 33
#vjoint 106
f 98/478 99/479 106/480
#fvcolorindex 15 15 15 
vt 0.440430 1.344238 0.0
vt 0.712891 1.358887 0.0
vt 0.678711 0.983887 0.0
f 106/481 99/482 101/483
#fvcolorindex 15 15 15 
vt 0.440430 1.344238 0.0
vt 0.678711 0.983887 0.0
vt 0.375000 0.968262 0.0
v 9.008568 -25.703575 338.734039
#joint 33
#vjoint 107
f 106/484 101/485 107/486
#fvcolorindex 15 15 15 
vt 0.375000 0.968262 0.0
vt 0.678711 0.983887 0.0
vt 0.670898 0.825195 0.0
f 107/487 101/488 103/489
#fvcolorindex 15 15 15 
vt 0.375000 0.968262 0.0
vt 0.670898 0.825195 0.0
vt 0.361328 0.810547 0.0
f 107/490 103/491 73/492
#fvcolorindex 15 15 15 
vt 0.361328 0.810547 0.0
vt 0.670898 0.825195 0.0
vt 0.978516 0.366211 0.0
f 73/493 103/494 71/495
#fvcolorindex 15 15 15 
vt 2.038086 -0.018555 0.0
vt 1.531250 -0.101074 0.0
vt 2.029297 0.149902 0.0
f 87/496 95/497 85/498
#fvcolorindex 15 15 15 
vt 1.531250 -0.101074 0.0
vt 1.522461 0.067383 0.0
vt 2.029297 0.149902 0.0
f 95/499 105/500 85/501
#fvcolorindex 15 15 15 
vt 1.522461 0.067383 0.0
vt 1.522461 0.348633 0.0
vt 2.029297 0.149902 0.0
f 105/502 104/503 85/504
#fvcolorindex 15 15 15 
vt 1.522461 0.348633 0.0
vt 2.000977 0.426758 0.0
vt 2.029297 0.149902 0.0
f 104/505 83/506 85/507
#fvcolorindex 15 15 15 
vt 2.000977 0.426758 0.0
vt 1.522461 0.348633 0.0
vt 1.678711 0.971680 0.0
f 83/508 104/509 81/510
#fvcolorindex 15 15 15 
vt 1.522461 0.348633 0.0
vt 1.308594 0.911621 0.0
vt 1.678711 0.971680 0.0
f 104/511 102/512 81/513
#fvcolorindex 15 15 15 
vt 1.308594 0.911621 0.0
vt 1.305664 1.106445 0.0
vt 1.678711 0.971680 0.0
f 102/514 100/515 81/516
#fvcolorindex 15 15 15 
vt 1.305664 1.106445 0.0
vt 1.661133 1.164062 0.0
vt 1.678711 0.971680 0.0
f 100/517 79/518 81/519
#fvcolorindex 15 15 15 
vt 1.661133 1.164062 0.0
vt 1.305664 1.106445 0.0
vt 1.629883 1.838867 0.0
f 79/520 100/521 77/522
#fvcolorindex 15 15 15 
vt 1.305664 1.106445 0.0
vt 1.215820 1.771484 0.0
vt 1.629883 1.838867 0.0
f 100/523 97/524 77/525
#fvcolorindex 15 15 15 
usemtl m12
vt 0.902344 0.026855 0.0
vt 0.588867 0.427246 0.0
vt 0.458008 0.149902 0.0
f 75/526 54/527 56/528
#fvcolorindex 17 4 16 
usemtl m20EnvMappingTexScaleS0.031250TexScaleT0.062501
vt 0.000000 0.000000 0.0
vt 0.000000 0.000000 0.0
vt 0.000000 0.000000 0.0
#vcolor 0.000000 0.000000 0.000000 255.000000
vn 0.000000 0.000000 0.000000
vn 0.000000 0.000000 0.000000
vn 0.000000 0.000000 0.000000
f 89/529/1 98/530/2 60/531/3
#fvcolorindex 25 25 25 
vt 0.000000 0.000000 0.0
vt 0.000000 0.000000 0.0
vt 0.000000 0.000000 0.0
v 165.008575 -38.703575 212.734039
#joint 33
#vjoint 108
vn 0.000000 0.000000 0.000000
vn 0.000000 0.000000 0.000000
vn 0.000000 0.000000 0.000000
f 89/532/4 60/533/5 108/534/6
#fvcolorindex 25 25 25 
vt 0.000000 0.000000 0.0
vt 0.000000 0.000000 0.0
vt 0.000000 0.000000 0.0
v 154.008575 -54.703575 73.734039
#joint 33
#vjoint 109
vn 0.000000 0.000000 0.000000
vn 0.000000 0.000000 0.000000
vn 0.000000 0.000000 0.000000
f 60/535/7 59/536/8 109/537/9
#fvcolorindex 25 25 25 
vt 0.000000 0.000000 0.0
vt 0.000000 0.000000 0.0
vt 0.000000 0.000000 0.0
vn 0.000000 0.000000 0.000000
vn 0.000000 0.000000 0.000000
vn 0.000000 0.000000 0.000000
f 60/538/10 109/539/11 108/540/12
#fvcolorindex 25 25 25 
usemtl m21
vt 0.000000 0.000000 0.0
vt -1.005859 0.021484 0.0
vt -1.031250 0.999512 0.0
v 163.008575 0.296425 216.734039
#joint 33
#vjoint 110
#vcolor 255.000000 255.000000 255.000000 255.000000
f 110/541 108/542 109/543
#fvcolorindex 26 26 26 
vt -1.031250 0.999512 0.0
vt 0.037109 0.999512 0.0
vt 0.000000 0.000000 0.0
v 153.008575 2.296425 73.734039
#joint 33
#vjoint 111
f 109/544 111/545 110/546
#fvcolorindex 26 26 26 
vt 0.717773 0.006348 0.0
vt 0.798828 1.079590 0.0
vt 0.593750 1.079102 0.0
v 150.008575 6.296425 73.734039
#joint 33
#vjoint 112
f 110/547 111/548 112/549
#fvcolorindex 26 26 26 
vt 0.124023 0.000977 0.0
vt 0.717773 0.006348 0.0
vt 0.593750 1.079102 0.0
v 152.008575 6.296425 246.734039
#joint 33
#vjoint 113
f 113/550 110/551 112/552
#fvcolorindex 26 26 26 
vt 0.124023 0.000977 0.0
vt 0.593750 1.079102 0.0
vt 0.446289 1.079102 0.0
v 148.008575 10.296425 73.734039
#joint 33
#vjoint 114
f 113/553 112/554 114/555
#fvcolorindex 26 26 26 
vt -0.846680 0.000000 0.0
vt -0.974609 0.000000 0.0
vt -0.906250 1.520508 0.0
v 148.008575 10.296425 216.734039
#joint 33
#vjoint 115
f 115/556 113/557 114/558
#fvcolorindex 26 26 26 
vt -0.846680 0.000000 0.0
vt -0.906250 1.520508 0.0
vt -0.670898 1.520508 0.0
v 150.008575 17.296425 60.734039
#joint 33
#vjoint 116
f 115/559 114/560 116/561
#fvcolorindex 26 26 26 
vt -0.846680 0.000000 0.0
vt -0.670898 1.520508 0.0
vt -0.152344 0.941895 0.0
v 152.008575 32.296425 128.734039
#joint 33
#vjoint 117
f 115/562 116/563 117/564
#fvcolorindex 26 26 26 
vt -0.114258 0.000000 0.0
vt -0.846680 0.000000 0.0
vt -0.152344 0.941895 0.0
v 152.008575 32.296425 216.734039
#joint 33
#vjoint 118
f 118/565 115/566 117/567
#fvcolorindex 26 26 26 
usemtl m2
vt -3.240234 -0.607422 0.0
vt -2.559570 -0.367676 0.0
vt -1.852539 -0.041992 0.0
v 127.008568 -7.703575 474.734039
#joint 33
#vjoint 119
f 94/568 119/569 54/570
#fvcolorindex 4 4 2 
usemtl m21
vt -0.794922 -1.292969 0.0
vt -0.846680 0.000000 0.0
vt -0.114258 0.000000 0.0
v 148.008575 10.296425 338.734039
#joint 33
#vjoint 120
f 120/571 115/572 118/573
#fvcolorindex 26 26 26 
vt -0.114258 0.000000 0.0
vt -0.068359 -1.179688 0.0
vt -0.794922 -1.292969 0.0
v 152.008575 32.296425 328.734039
#joint 33
#vjoint 121
f 118/574 121/575 120/576
#fvcolorindex 26 26 26 
vt -0.846680 0.000000 0.0
vt -0.794922 -1.292969 0.0
vt -0.974609 0.000000 0.0
f 115/577 120/578 113/579
#fvcolorindex 26 26 26 
vt -0.974609 0.000000 0.0
vt -0.794922 -1.292969 0.0
vt -0.922852 -1.292969 0.0
v 152.008575 6.296425 338.734039
#joint 33
#vjoint 122
f 113/580 120/581 122/582
#fvcolorindex 26 26 26 
usemtl m11
vt 0.993164 -2.064941 0.0
vt 0.933594 -0.452637 0.0
vt 0.061523 -1.230469 0.0
v 75.008568 -166.703583 163.734039
#joint 33
#vjoint 123
v 75.008568 -72.703575 163.734039
#joint 33
#vjoint 124
v 75.008568 -116.703575 128.734039
#joint 33
#vjoint 125
f 123/583 124/584 125/585
#fvcolorindex 15 15 15 
usemtl m22
vt 0.963867 1.497070 0.0
vt 0.066406 1.497070 0.0
vt 0.066406 0.000000 0.0
v 99.008568 -72.703575 163.734039
#joint 33
#vjoint 126
#vcolor 129.000000 129.000000 129.000000 255.000000
f 126/586 124/587 123/588
#fvcolorindex 27 27 4 
vt 0.963867 1.497070 0.0
vt 0.066406 0.000000 0.0
vt 0.963867 0.000000 0.0
v 99.008568 -166.703583 163.734039
#joint 33
#vjoint 127
f 126/589 123/590 127/591
#fvcolorindex 27 4 4 
usemtl m23
vt 0.061523 -1.230469 0.0
vt 0.933594 -0.452637 0.0
vt 0.993164 -2.064941 0.0
v 99.008568 -116.703575 128.734039
#joint 33
#vjoint 128
#vcolor 126.000000 126.000000 126.000000 255.000000
#vcolor 114.000000 114.000000 114.000000 255.000000
f 128/592 126/593 127/594
#fvcolorindex 28 29 4 
usemtl m2
vt 0.541016 1.374023 0.0
vt 0.967773 0.578613 0.0
vt 0.967773 1.844238 0.0
v 233.008575 3.296425 148.734039
#joint 33
#vjoint 129
v 249.008575 -0.703575 133.734039
#joint 33
#vjoint 130
v 223.008575 -0.703575 133.734039
#joint 33
#vjoint 131
f 129/595 130/596 131/597
#fvcolorindex 4 4 3 
vt 0.541016 1.374023 0.0
vt 0.967773 1.844238 0.0
vt 0.532227 1.851562 0.0
v 222.008575 -1.703575 148.734039
#joint 33
#vjoint 132
f 129/598 131/599 132/600
#fvcolorindex 4 3 4 
vt 0.532227 1.851562 0.0
vt 0.967773 1.844238 0.0
vt 0.502930 2.332031 0.0
v 213.008575 2.296425 150.734039
#joint 33
#vjoint 133
f 132/601 131/602 133/603
#fvcolorindex 4 3 4 
vt 0.502930 2.332031 0.0
vt 0.967773 1.844238 0.0
vt 0.966797 2.731445 0.0
v 205.008575 -0.703575 133.734039
#joint 33
#vjoint 134
f 133/604 131/605 134/606
#fvcolorindex 4 3 4 
vt 0.502930 2.332031 0.0
vt 0.966797 2.731445 0.0
vt 0.550781 2.762207 0.0
v 204.008575 0.296425 148.734039
#joint 33
#vjoint 135
f 133/607 134/608 135/609
#fvcolorindex 4 4 4 
vt 0.550781 2.762207 0.0
vt 0.966797 2.731445 0.0
vt 0.462891 3.217285 0.0
v 194.008575 1.296425 151.734039
#joint 33
#vjoint 136
#vcolor 235.000000 235.000000 235.000000 255.000000
f 135/610 134/611 136/612
#fvcolorindex 4 4 30 
usemtl m24
vt 0.462891 3.217285 0.0
vt 0.966797 2.731445 0.0
vt 0.966797 3.530273 0.0
v 188.008575 -0.703575 133.734039
#joint 33
#vjoint 137
f 136/613 134/614 137/615
#fvcolorindex 30 4 4 
vt 0.462891 3.217285 0.0
vt 0.966797 3.530273 0.0
vt 0.552734 4.030762 0.0
v 178.008575 -0.703575 148.734039
#joint 33
#vjoint 138
#vcolor 210.000000 210.000000 210.000000 255.000000
f 136/616 137/617 138/618
#fvcolorindex 30 4 31 
usemtl m25
vt 0.531250 0.887207 0.0
vt 0.389648 0.039062 0.0
vt 0.967773 0.578613 0.0
v 242.008575 -1.703575 149.734039
#joint 33
#vjoint 139
v 260.008575 -0.703575 154.734039
#joint 33
#vjoint 140
f 139/619 140/620 130/621
#fvcolorindex 14 27 4 
vt 0.531250 0.887207 0.0
vt 0.376953 -0.002930 0.0
vt 0.389648 0.039062 0.0
v 260.008575 -11.703575 154.734039
#joint 33
#vjoint 141
f 139/622 141/623 140/624
#fvcolorindex 14 27 27 
vt 0.481445 0.864746 0.0
vt 0.376953 -0.002930 0.0
vt 0.531250 0.887207 0.0
v 242.008575 -7.703575 150.734039
#joint 33
#vjoint 142
f 142/625 141/626 139/627
#fvcolorindex 14 27 14 
usemtl m2
vt 0.541016 1.374023 0.0
vt 0.531250 0.887207 0.0
vt 0.967773 0.578613 0.0
f 129/628 139/629 130/630
#fvcolorindex 4 14 4 
vt 0.378906 1.338379 0.0
vt 0.531250 0.887207 0.0
vt 0.541016 1.374023 0.0
v 232.008575 -5.703575 154.734039
#joint 33
#vjoint 143
f 143/631 139/632 129/633
#fvcolorindex 4 14 4 
vt 0.378906 1.338379 0.0
vt 0.481445 0.864746 0.0
vt 0.531250 0.887207 0.0
f 143/634 142/635 139/636
#fvcolorindex 4 14 14 
vt 0.797852 0.973633 0.0
vt 0.793945 0.425781 0.0
vt 0.952148 1.011719 0.0
v 232.008575 -11.703575 149.734039
#joint 33
#vjoint 144
f 144/637 142/638 143/639
#fvcolorindex 4 14 4 
vt 0.703125 1.602539 0.0
vt 0.797852 0.973633 0.0
vt 0.952148 1.011719 0.0
f 132/640 144/641 143/642
#fvcolorindex 4 4 4 
vt 0.489258 1.829102 0.0
vt 0.488281 1.321289 0.0
vt 0.532227 1.851562 0.0
v 222.008575 -7.703575 150.734039
#joint 33
#vjoint 145
f 145/643 144/644 132/645
#fvcolorindex 4 4 4 
vt 0.387695 2.297852 0.0
vt 0.532227 1.851562 0.0
vt 0.502930 2.332031 0.0
v 213.008575 -6.703575 153.734039
#joint 33
#vjoint 146
f 146/646 132/647 133/648
#fvcolorindex 4 4 4 
vt 0.387695 2.297852 0.0
vt 0.489258 1.829102 0.0
vt 0.532227 1.851562 0.0
f 146/649 145/650 132/651
#fvcolorindex 4 4 4 
usemtl m24
vt 0.462891 3.217285 0.0
vt 0.515625 2.739258 0.0
vt 0.550781 2.762207 0.0
v 204.008575 -5.703575 149.734039
#joint 33
#vjoint 147
f 136/652 147/653 135/654
#fvcolorindex 30 30 4 
vt 0.462891 3.217285 0.0
vt 0.391602 3.171875 0.0
vt 0.515625 2.739258 0.0
v 194.008575 -10.703575 153.734039
#joint 33
#vjoint 148
f 136/655 148/656 147/657
#fvcolorindex 30 30 30 
vt 0.391602 3.171875 0.0
vt 0.462891 3.217285 0.0
vt 0.533203 3.988281 0.0
v 178.008575 -11.703575 148.734039
#joint 33
#vjoint 149
f 148/658 136/659 149/660
#fvcolorindex 30 30 31 
usemtl m26
vt 0.552734 4.030762 0.0
vt 0.533203 3.988281 0.0
vt 0.462891 3.217285 0.0
f 138/661 149/662 136/663
#fvcolorindex 31 31 30 
usemtl m2
vt 0.541016 1.374023 0.0
vt 0.532227 1.851562 0.0
vt 0.378906 1.338379 0.0
f 129/664 132/665 143/666
#fvcolorindex 4 4 4 
usemtl m24
vt 0.515625 2.739258 0.0
vt 0.502930 2.332031 0.0
vt 0.550781 2.762207 0.0
f 147/667 133/668 135/669
#fvcolorindex 30 4 4 
vt 0.515625 2.739258 0.0
vt 0.387695 2.297852 0.0
vt 0.502930 2.332031 0.0
f 147/670 146/671 133/672
#fvcolorindex 30 4 4 
usemtl m27MirrorS
vt 0.112305 -0.994629 0.0
vt 0.224609 -0.994629 0.0
vt 0.112305 -1.065918 0.0
v 124.008568 69.296425 474.734039
#joint 33
#vjoint 150
v 139.008575 32.296425 474.734039
#joint 33
#vjoint 151
v 119.008568 64.296425 499.734039
#joint 33
#vjoint 152
#vcolor 177.000000 177.000000 177.000000 255.000000
f 150/673 151/674 152/675
#fvcolorindex 15 15 32 
vt 0.000000 -1.065918 0.0
vt 0.112305 -0.994629 0.0
vt 0.112305 -1.065918 0.0
v 87.008568 78.296425 499.734039
#joint 33
#vjoint 153
f 153/676 150/677 152/678
#fvcolorindex 15 15 32 
vt 0.000000 -0.994629 0.0
vt 0.112305 -0.994629 0.0
vt 0.000000 -1.065918 0.0
v 87.008568 84.296425 474.734039
#joint 33
#vjoint 154
f 154/679 150/680 153/681
#fvcolorindex 15 15 15 
usemtl m28MirrorS
vt 0.112305 -1.065918 0.0
vt 0.224609 -0.994629 0.0
vt 0.224609 -1.065918 0.0
v 132.008575 32.296425 499.734039
#joint 33
#vjoint 155
f 152/682 151/683 155/684
#fvcolorindex 32 15 4 
usemtl m27MirrorS
vt 0.224609 -0.994629 0.0
vt 0.336914 -0.994629 0.0
vt 0.224609 -1.065918 0.0
v 124.008568 -3.703575 474.734039
#joint 33
#vjoint 156
#vcolor 156.000000 156.000000 156.000000 255.000000
f 151/685 156/686 155/687
#fvcolorindex 15 33 4 
usemtl m29MirrorS
vt 0.336914 -1.065918 0.0
vt 0.448730 -0.994629 0.0
vt 0.448730 -1.065918 0.0
v 119.008568 0.296425 499.734039
#joint 33
#vjoint 157
v 87.008568 -18.703575 474.734039
#joint 33
#vjoint 158
v 87.008568 -12.703575 499.734039
#joint 33
#vjoint 159
#vcolor 186.000000 186.000000 186.000000 255.000000
f 157/688 158/689 159/690
#fvcolorindex 4 4 34 
usemtl m30MirrorS
vt 0.336914 -0.994629 0.0
vt 0.448730 -0.994629 0.0
vt 0.336914 -1.065918 0.0
f 156/691 158/692 157/693
#fvcolorindex 33 4 4 
usemtl m29MirrorS
vt 0.224609 -1.065918 0.0
vt 0.336914 -0.994629 0.0
vt 0.336914 -1.065918 0.0
f 155/694 156/695 157/696
#fvcolorindex 4 33 4 
vt 0.448730 -0.994629 0.0
vt 0.561035 -0.994629 0.0
vt 0.448730 -1.065918 0.0
v 50.008568 -3.703575 474.734039
#joint 33
#vjoint 160
f 158/697 160/698 159/699
#fvcolorindex 4 4 34 
usemtl m31MirrorS
vt 0.448730 -1.065918 0.0
vt 0.561035 -0.994629 0.0
vt 0.561035 -1.065918 0.0
v 55.008568 0.296425 499.734039
#joint 33
#vjoint 161
f 159/700 160/701 161/702
#fvcolorindex 34 4 15 
usemtl m29MirrorS
vt 0.561035 -0.994629 0.0
vt 0.673340 -0.994629 0.0
vt 0.561035 -1.065918 0.0
v 35.008568 32.296425 474.734039
#joint 33
#vjoint 162
#vcolor 202.000000 202.000000 202.000000 255.000000
f 160/703 162/704 161/705
#fvcolorindex 4 35 15 
usemtl m27MirrorS
vt 0.561035 -1.065918 0.0
vt 0.673340 -0.994629 0.0
vt 0.673340 -1.065918 0.0
v 42.008568 32.296425 499.734039
#joint 33
#vjoint 163
f 161/706 162/707 163/708
#fvcolorindex 15 35 15 
usemtl m32MirrorS
vt 0.673340 -0.994629 0.0
vt 0.785645 -0.994629 0.0
vt 0.673340 -1.065918 0.0
v 50.008568 69.296425 474.734039
#joint 33
#vjoint 164
f 162/709 164/710 163/711
#fvcolorindex 35 15 15 
usemtl m27MirrorS
vt 0.673340 -1.065918 0.0
vt 0.785645 -0.994629 0.0
vt 0.785645 -1.065918 0.0
v 55.008568 64.296425 499.734039
#joint 33
#vjoint 165
f 163/712 164/713 165/714
#fvcolorindex 15 15 15 
vt 0.785645 -0.994629 0.0
vt 0.897949 -0.994629 0.0
vt 0.785645 -1.065918 0.0
f 164/715 154/716 165/717
#fvcolorindex 15 15 15 
vt 0.785645 -1.065918 0.0
vt 0.897949 -0.994629 0.0
vt 0.897949 -1.065918 0.0
f 165/718 154/719 153/720
#fvcolorindex 15 15 15 
usemtl m30MirrorS
vt 0.336914 -0.994629 0.0
vt 0.449219 0.000000 0.0
vt 0.448730 -0.994629 0.0
v 87.008568 -17.703575 127.734039
#joint 33
#vjoint 166
f 156/721 166/722 158/723
#fvcolorindex 33 3 4 
usemtl m29MirrorS
vt 0.448730 -0.994629 0.0
vt 0.449219 0.000000 0.0
vt 0.564453 0.000000 0.0
v 50.008568 -2.703575 127.734039
#joint 33
#vjoint 167
f 158/724 166/725 167/726
#fvcolorindex 4 3 4 
vt 0.448730 -0.994629 0.0
vt 0.564453 0.000000 0.0
vt 0.561035 -0.994629 0.0
f 158/727 167/728 160/729
#fvcolorindex 4 4 4 
vt 0.561035 -0.994629 0.0
vt 0.564453 0.000000 0.0
vt 0.677734 0.000000 0.0
v 35.008568 34.296425 127.734039
#joint 33
#vjoint 168
#vcolor 173.000000 173.000000 173.000000 255.000000
f 160/730 167/731 168/732
#fvcolorindex 4 4 36 
usemtl m33MirrorS
vt 0.677734 -0.574219 0.0
vt 0.673340 -0.994629 0.0
vt 0.561035 -0.994629 0.0
v 35.008568 34.296425 328.734039
#joint 33
#vjoint 169
f 169/733 162/734 160/735
#fvcolorindex 18 35 4 
usemtl m29MirrorS
vt 0.561035 -0.994629 0.0
vt 0.677734 0.000000 0.0
vt 0.677734 -0.574219 0.0
f 160/736 168/737 169/738
#fvcolorindex 4 36 18 
usemtl m32MirrorS
vt 0.673340 -0.994629 0.0
vt 0.785645 -0.606934 0.0
vt 0.785645 -0.994629 0.0
v 50.008568 69.296425 339.734039
#joint 33
#vjoint 170
f 162/739 170/740 164/741
#fvcolorindex 35 15 15 
vt 0.673340 -0.994629 0.0
vt 0.677734 -0.574219 0.0
vt 0.785645 -0.606934 0.0
f 162/742 169/743 170/744
#fvcolorindex 35 18 15 
usemtl m27MirrorS
vt 0.785645 -0.994629 0.0
vt 0.785645 -0.606934 0.0
vt 0.897949 -0.640625 0.0
v 87.008568 84.296425 351.734039
#joint 33
#vjoint 171
f 164/745 170/746 171/747
#fvcolorindex 15 15 15 
vt 0.785645 -0.994629 0.0
vt 0.897949 -0.640625 0.0
vt 0.897949 -0.994629 0.0
f 164/748 171/749 154/750
#fvcolorindex 15 15 15 
vt 0.000000 -0.994629 0.0
vt 0.112305 -0.606934 0.0
vt 0.112305 -0.994629 0.0
v 124.008568 69.296425 339.734039
#joint 33
#vjoint 172
f 154/751 172/752 150/753
#fvcolorindex 15 15 15 
vt 0.000000 -0.994629 0.0
vt 0.000000 -0.640625 0.0
vt 0.112305 -0.606934 0.0
f 154/754 171/755 172/756
#fvcolorindex 15 15 15 
vt 0.112305 -0.994629 0.0
vt 0.112305 -0.606934 0.0
vt 0.220215 -0.574219 0.0
v 139.008575 34.296425 328.734039
#joint 33
#vjoint 173
#vcolor 159.000000 159.000000 159.000000 255.000000
f 150/757 172/758 173/759
#fvcolorindex 15 15 37 
vt 0.112305 -0.994629 0.0
vt 0.220215 -0.574219 0.0
vt 0.224609 -0.994629 0.0
f 150/760 173/761 151/762
#fvcolorindex 15 37 15 
usemtl m34MirrorS
vt 0.220215 -0.574219 0.0
vt 0.336914 -0.994629 0.0
vt 0.224609 -0.994629 0.0
f 173/763 156/764 151/765
#fvcolorindex 37 33 15 
usemtl m35MirrorS
vt 0.333496 0.000000 0.0
vt 0.336914 -0.994629 0.0
vt 0.220215 -0.574219 0.0
v 124.008568 -2.703575 127.734039
#joint 33
#vjoint 174
f 174/766 156/767 173/768
#fvcolorindex 12 33 37 
usemtl m30MirrorS
vt 0.336914 -0.994629 0.0
vt 0.333496 0.000000 0.0
vt 0.449219 0.000000 0.0
f 156/769 174/770 166/771
#fvcolorindex 33 12 3 
usemtl m36MirrorS
vt 0.400879 -0.545898 0.0
vt 0.685547 -0.385742 0.0
vt -0.001953 0.000488 0.0
f 166/772 174/773 168/774
#fvcolorindex 3 12 36 
vt 0.400879 -0.545898 0.0
vt -0.001953 0.000488 0.0
vt 0.116211 -0.385742 0.0
f 166/775 168/776 167/777
#fvcolorindex 3 36 4 
usemtl m35MirrorS
vt 0.685547 -0.385742 0.0
vt 0.803223 0.000000 0.0
vt -0.001953 0.000488 0.0
v 139.008575 34.296425 127.734039
#joint 33
#vjoint 175
f 174/778 175/779 168/780
#fvcolorindex 12 4 36 
vt 0.333496 0.000000 0.0
vt 0.220215 -0.574219 0.0
vt 0.220215 0.000000 0.0
f 174/781 173/782 175/783
#fvcolorindex 12 37 4 
usemtl m37EnvMappingMirrorSTexScaleS0.062501TexScaleT0.062501
vt 0.000000 0.000000 0.0
vt 0.000000 0.000000 0.0
vt 0.000000 0.000000 0.0
v 106.008568 -191.703583 179.734039
#joint 33
#vjoint 176
#vcolor 54.000000 184.000000 88.000000 255.000000
v 68.008568 -191.703583 179.734039
#joint 33
#vjoint 177
#vcolor 202.000000 184.000000 88.000000 255.000000
v 75.008568 -191.703583 117.734039
#joint 33
#vjoint 178
#vcolor 220.000000 179.000000 163.000000 255.000000
vn 0.425197 1.448819 0.692913
vn 1.590551 1.448819 0.692913
vn 1.732283 1.409449 1.283465
f 176/784/13 177/785/14 178/786/15
#fvcolorindex 38 39 40 
vt 0.000000 0.000000 0.0
vt 0.000000 0.000000 0.0
vt 0.000000 0.000000 0.0
v 99.008568 -191.703583 117.734039
#joint 33
#vjoint 179
#vcolor 36.000000 179.000000 163.000000 255.000000
vn 0.425197 1.448819 0.692913
vn 1.732283 1.409449 1.283465
vn 0.283465 1.409449 1.283465
f 176/787/16 178/788/17 179/789/18
#fvcolorindex 38 40 41 
usemtl m38EnvMappingMirrorSTexScaleS0.062501TexScaleT0.062501
vt 0.000000 0.000000 0.0
vt 0.000000 0.000000 0.0
vt 0.000000 0.000000 0.0
v 157.008575 -0.703575 154.734039
#joint 33
#vjoint 180
#vcolor 165.000000 50.000000 72.000000 255.000000
v 173.008575 -0.703575 154.734039
#joint 33
#vjoint 181
#vcolor 176.000000 56.000000 80.000000 255.000000
v 172.008575 2.296425 151.734039
#joint 33
#vjoint 182
#vcolor 175.000000 59.000000 77.000000 255.000000
vn 1.299213 0.393701 0.566929
vn 1.385827 0.440945 0.629921
vn 1.377953 0.464567 0.606299
f 180/790/19 181/791/20 182/792/21
#fvcolorindex 42 43 44 
vt 0.000000 0.000000 0.0
vt 0.000000 0.000000 0.0
vt 0.000000 0.000000 0.0
v 156.008575 2.296425 151.734039
#joint 33
#vjoint 183
#vcolor 165.000000 53.000000 69.000000 255.000000
vn 1.299213 0.393701 0.566929
vn 1.377953 0.464567 0.606299
vn 1.299213 0.417323 0.543307
f 180/793/22 182/794/23 183/795/24
#fvcolorindex 42 44 45 
usemtl m39MirrorS
vt -0.008789 0.595703 0.0
vt 0.000000 0.000000 0.0
vt 1.001953 0.000000 0.0
v 127.008568 73.296425 474.734039
#joint 33
#vjoint 184
v 144.008575 32.296425 474.734039
#joint 33
#vjoint 185
v 144.008575 32.296425 420.734039
#joint 33
#vjoint 186
#vcolor 136.000000 136.000000 136.000000 255.000000
f 184/796 185/797 186/798
#fvcolorindex 26 20 46 
usemtl m40MirrorS
vt 1.187500 0.595703 0.0
vt -0.008789 0.595703 0.0
vt 1.001953 0.000000 0.0
v 127.008568 73.296425 409.734039
#joint 33
#vjoint 187
f 187/799 184/800 186/801
#fvcolorindex 20 26 46 
usemtl m41MirrorS
vt 1.001953 0.000000 0.0
vt 0.006836 -0.420898 0.0
vt 0.871094 -0.296875 0.0
#vcolor 48.000000 48.000000 48.000000 255.000000
v 148.008575 10.296425 427.734039
#joint 33
#vjoint 188
f 186/802 119/803 188/804
#fvcolorindex 46 47 47 
vt 1.001953 0.000000 0.0
vt 0.000000 0.000000 0.0
vt 0.006836 -0.420898 0.0
f 186/805 185/806 119/807
#fvcolorindex 46 20 47 
usemtl m42MirrorS
vt 1.261719 1.016602 0.0
vt -0.015625 1.016602 0.0
vt -0.008789 0.595703 0.0
v 87.008568 89.296425 405.734039
#joint 33
#vjoint 189
v 87.008568 89.296425 474.734039
#joint 33
#vjoint 190
f 189/808 190/809 184/810
#fvcolorindex 9 30 26 
vt 1.261719 1.016602 0.0
vt -0.008789 0.595703 0.0
vt 1.187500 0.595703 0.0
f 189/811 184/812 187/813
#fvcolorindex 9 26 20 
usemtl m43MirrorS
vt 0.861328 0.340820 0.0
vt 0.000000 0.000000 0.0
vt -0.008789 0.595703 0.0
v 26.008568 10.296425 427.734039
#joint 33
#vjoint 191
#vcolor 86.000000 86.000000 86.000000 255.000000
v 30.008568 32.296425 474.734039
#joint 33
#vjoint 192
f 191/814 55/815 192/816
#fvcolorindex 4 48 4 
vt 0.861328 0.340820 0.0
vt -0.008789 0.595703 0.0
vt 0.995117 0.602539 0.0
v 30.008568 33.296425 420.734039
#joint 33
#vjoint 193
f 191/817 192/818 193/819
#fvcolorindex 4 4 20 
usemtl m40MirrorS
vt 0.995117 0.602539 0.0
vt -0.008789 0.595703 0.0
vt -0.015625 1.016602 0.0
v 47.008568 73.296425 474.734039
#joint 33
#vjoint 194
f 193/820 192/821 194/822
#fvcolorindex 20 4 4 
vt 0.995117 0.602539 0.0
vt -0.015625 1.016602 0.0
vt 1.181641 1.016602 0.0
v 47.008568 73.296425 409.734039
#joint 33
#vjoint 195
f 193/823 194/824 195/825
#fvcolorindex 20 4 14 
usemtl m44MirrorS
vt -0.195312 0.865234 0.0
vt 1.000000 0.816406 0.0
vt 1.000000 0.082031 0.0
f 195/826 194/827 190/828
#fvcolorindex 14 4 30 
vt -0.195312 0.865234 0.0
vt 1.000000 0.082031 0.0
vt -0.275391 0.133789 0.0
f 195/829 190/830 189/831
#fvcolorindex 14 30 9 
usemtl m39MirrorS
vt -0.008789 0.595703 0.0
vt -0.456055 0.060547 0.0
vt 0.000000 0.000000 0.0
f 184/832 155/833 185/834
#fvcolorindex 26 15 20 
usemtl m45MirrorS
vt -0.463867 0.535156 0.0
vt -0.456055 0.060547 0.0
vt -0.008789 0.595703 0.0
f 152/835 155/836 184/837
#fvcolorindex 22 15 26 
usemtl m40MirrorS
vt 0.000000 0.000000 0.0
vt -0.451172 -0.274414 0.0
vt 0.006836 -0.420898 0.0
f 185/838 157/839 119/840
#fvcolorindex 20 15 47 
usemtl m46MirrorS
vt -0.456055 0.060547 0.0
vt -0.451172 -0.274414 0.0
vt 0.000000 0.000000 0.0
f 155/841 157/842 185/843
#fvcolorindex 15 15 20 
vt 1.455078 0.138672 0.0
vt 1.455078 0.722656 0.0
vt 1.000000 0.082031 0.0
f 157/844 159/845 119/846
#fvcolorindex 15 15 47 
usemtl m47MirrorS
vt 1.000000 0.082031 0.0
vt 1.455078 0.722656 0.0
vt 1.000000 0.816406 0.0
f 119/847 159/848 54/849
#fvcolorindex 47 15 15 
usemtl m43MirrorS
vt -0.468750 0.870117 0.0
vt -0.463867 0.535156 0.0
vt -0.015625 1.016602 0.0
f 153/850 152/851 190/852
#fvcolorindex 4 22 30 
usemtl m48MirrorS
vt -0.015625 1.016602 0.0
vt -0.463867 0.535156 0.0
vt -0.008789 0.595703 0.0
f 190/853 152/854 184/855
#fvcolorindex 30 22 26 
usemtl m46MirrorS
vt -0.451172 -0.274414 0.0
vt -0.456055 0.060547 0.0
vt 0.006836 -0.420898 0.0
f 159/856 161/857 54/858
#fvcolorindex 15 48 15 
vt 0.006836 -0.420898 0.0
vt -0.456055 0.060547 0.0
vt 0.000000 0.000000 0.0
f 54/859 161/860 55/861
#fvcolorindex 15 48 48 
usemtl m49MirrorS
vt -0.456055 0.060547 0.0
vt -0.463867 0.535156 0.0
vt 0.000000 0.000000 0.0
f 161/862 163/863 55/864
#fvcolorindex 48 10 48 
vt 0.000000 0.000000 0.0
vt -0.463867 0.535156 0.0
vt -0.008789 0.595703 0.0
f 55/865 163/866 192/867
#fvcolorindex 48 10 4 
usemtl m50MirrorS
vt -0.463867 0.535156 0.0
vt -0.468750 0.870117 0.0
vt -0.008789 0.595703 0.0
f 163/868 165/869 192/870
#fvcolorindex 10 4 4 
usemtl m43MirrorS
vt -0.008789 0.595703 0.0
vt -0.468750 0.870117 0.0
vt -0.015625 1.016602 0.0
f 192/871 165/872 194/873
#fvcolorindex 4 4 4 
vt 1.455078 0.722656 0.0
vt 1.455078 0.138672 0.0
vt 1.000000 0.816406 0.0
f 165/874 153/875 194/876
#fvcolorindex 4 4 4 
vt 1.000000 0.816406 0.0
vt 1.455078 0.138672 0.0
vt 1.000000 0.082031 0.0
f 194/877 153/878 190/879
#fvcolorindex 4 4 30 
vt 0.000000 0.000000 0.0
vt 0.000000 3.430664 0.0
vt 0.345703 3.430664 0.0
f 69/880 68/881 169/882
#fvcolorindex 4 14 47 
vt 0.000000 0.000000 0.0
vt 0.345703 3.430664 0.0
vt 0.347656 -0.008789 0.0
f 69/883 169/884 168/885
#fvcolorindex 4 47 47 
usemtl m39MirrorS
vt 0.364258 2.345703 0.0
vt 0.364258 0.000000 0.0
vt -0.001953 2.339844 0.0
f 175/886 173/887 117/888
#fvcolorindex 26 26 26 
vt 0.364258 0.000000 0.0
vt 0.000000 0.000000 0.0
vt -0.001953 2.339844 0.0
f 173/889 121/890 117/891
#fvcolorindex 26 26 26 
usemtl m51EnvMappingTexScaleS0.031250TexScaleT0.031250
vt 0.000000 0.000000 0.0
vt 0.000000 0.000000 0.0
vt 0.000000 0.000000 0.0
v 66.008568 98.296425 343.734039
#joint 33
#vjoint 196
#vcolor 161.000000 63.000000 54.000000 255.000000
v 57.008568 93.296425 404.734039
#joint 33
#vjoint 197
#vcolor 170.000000 57.000000 73.000000 255.000000
v 69.008568 118.296425 397.734039
#joint 33
#vjoint 198
#vcolor 160.000000 42.000000 70.000000 255.000000
vn 1.267717 0.496063 0.425197
vn 1.338583 0.448819 0.574803
vn 1.259843 0.330709 0.551181
f 196/892/25 197/893/26 198/894/27
#fvcolorindex 49 50 51 
usemtl m52EnvMappingTexScaleS0.031250TexScaleT0.031250
vt 0.000000 0.000000 0.0
vt 0.000000 0.000000 0.0
vt 0.000000 0.000000 0.0
v 69.008568 118.296425 350.734039
#joint 33
#vjoint 199
#vcolor 150.000000 35.000000 58.000000 255.000000
vn 1.259843 0.330709 0.551181
vn 1.181102 0.275591 0.456693
vn 1.267717 0.496063 0.425197
f 198/895/28 199/896/29 196/897/30
#fvcolorindex 51 52 49 
usemtl m53EnvMappingTexScaleS0.031250TexScaleT0.031250
vt 0.000000 0.000000 0.0
vt 0.000000 0.000000 0.0
vt 0.000000 0.000000 0.0
v 108.008568 98.296425 343.734039
#joint 33
#vjoint 200
#vcolor 13.000000 36.000000 136.000000 255.000000
#vcolor 244.000000 37.000000 136.000000 255.000000
#vcolor 249.000000 38.000000 136.000000 255.000000
vn 0.102362 0.283465 1.070866
vn 1.921260 0.291339 1.070866
vn 1.960630 0.299213 1.070866
f 200/898/31 196/899/32 199/900/33
#fvcolorindex 53 54 55 
vt 0.000000 0.000000 0.0
vt 0.000000 0.000000 0.0
vt 0.000000 0.000000 0.0
v 104.008568 118.296425 350.734039
#joint 33
#vjoint 201
#vcolor 7.000000 38.000000 136.000000 255.000000
vn 0.102362 0.283465 1.070866
vn 1.960630 0.299213 1.070866
vn 0.055118 0.299213 1.070866
f 200/901/34 199/902/35 201/903/36
#fvcolorindex 53 55 56 
usemtl m54EnvMappingTexScaleS0.031250TexScaleT0.031250
vt 0.000000 0.000000 0.0
vt 0.000000 0.000000 0.0
vt 0.000000 0.000000 0.0
#vcolor 249.000000 115.000000 53.000000 255.000000
#vcolor 250.000000 107.000000 67.000000 255.000000
v 104.008568 118.296425 397.734039
#joint 33
#vjoint 202
#vcolor 6.000000 107.000000 67.000000 255.000000
vn 1.960630 0.905512 0.417323
vn 1.968504 0.842520 0.527559
vn 0.047244 0.842520 0.527559
f 199/904/37 198/905/38 202/906/39
#fvcolorindex 57 58 59 
vt 0.000000 0.000000 0.0
vt 0.000000 0.000000 0.0
vt 0.000000 0.000000 0.0
#vcolor 7.000000 115.000000 53.000000 255.000000
vn 1.960630 0.905512 0.417323
vn 0.047244 0.842520 0.527559
vn 0.055118 0.905512 0.417323
f 199/907/40 202/908/41 201/909/42
#fvcolorindex 57 59 60 
usemtl m55EnvMappingTexScaleS0.031250TexScaleT0.031250
vt 0.000000 0.000000 0.0
vt 0.000000 0.000000 0.0
vt 0.000000 0.000000 0.0
#vcolor 61.000000 84.000000 72.000000 255.000000
#vcolor 82.000000 50.000000 82.000000 255.000000
#vcolor 68.000000 54.000000 92.000000 255.000000
vn 0.480315 0.661417 0.566929
vn 0.645669 0.393701 0.645669
vn 0.535433 0.425197 0.724409
f 200/910/43 201/911/44 202/912/45
#fvcolorindex 61 62 63 
usemtl m56EnvMappingTexScaleS0.031250TexScaleT0.031250
vt 0.000000 0.000000 0.0
vt 0.000000 0.000000 0.0
vt 0.000000 0.000000 0.0
v 117.008568 93.296425 404.734039
#joint 33
#vjoint 203
#vcolor 52.000000 71.000000 90.000000 255.000000
vn 0.535433 0.425197 0.724409
vn 0.409449 0.559055 0.708661
vn 0.480315 0.661417 0.566929
f 202/913/46 203/914/47 200/915/48
#fvcolorindex 63 64 61 
usemtl m57EnvMappingTexScaleS0.031250TexScaleT0.031250
vt 0.000000 0.000000 0.0
vt 0.000000 0.000000 0.0
vt 0.000000 0.000000 0.0
v 117.008568 93.296425 339.734039
#joint 33
#vjoint 204
#vcolor 75.000000 101.000000 0.000000 255.000000
#vcolor 63.000000 109.000000 0.000000 255.000000
#vcolor 72.000000 103.000000 0.000000 255.000000
vn 0.590551 0.795276 0.000000
vn 0.496063 0.858268 0.000000
vn 0.566929 0.811024 0.000000
f 204/916/49 200/917/50 203/918/51
#fvcolorindex 65 66 67 
usemtl m58EnvMappingTexScaleS0.031250TexScaleT0.031250
vt 0.000000 0.000000 0.0
vt 0.000000 0.000000 0.0
vt 0.000000 0.000000 0.0
v 147.008575 59.296425 331.734039
#joint 33
#vjoint 205
#vcolor 117.000000 48.000000 0.000000 255.000000
v 133.008575 79.296425 335.734039
#joint 33
#vjoint 206
#vcolor 93.000000 85.000000 0.000000 255.000000
v 133.008575 79.296425 407.734039
#joint 33
#vjoint 207
vn 0.921260 0.377953 0.000000
vn 0.732283 0.669291 0.000000
vn 0.732283 0.669291 0.000000
f 205/919/52 206/920/53 207/921/54
#fvcolorindex 68 69 69 
usemtl m59EnvMappingTexScaleS0.031250TexScaleT0.031250
vt 0.000000 0.000000 0.0
vt 0.000000 0.000000 0.0
vt 0.000000 0.000000 0.0
vn 0.732283 0.669291 0.000000
vn 0.732283 0.669291 0.000000
vn 0.590551 0.795276 0.000000
f 207/922/55 206/923/56 204/924/57
#fvcolorindex 69 69 65 
usemtl m60EnvMappingTexScaleS0.031250TexScaleT0.031250
vt 0.000000 0.000000 0.0
vt 0.000000 0.000000 0.0
vt 0.000000 0.000000 0.0
vn 0.566929 0.811024 0.000000
vn 0.732283 0.669291 0.000000
vn 0.590551 0.795276 0.000000
f 203/925/58 207/926/59 204/927/60
#fvcolorindex 67 69 65 
usemtl m59EnvMappingTexScaleS0.031250TexScaleT0.031250
vt 0.000000 0.000000 0.0
vt 0.000000 0.000000 0.0
vt 0.000000 0.000000 0.0
v 147.008575 59.296425 413.734039
#joint 33
#vjoint 208
vn 0.732283 0.669291 0.000000
vn 0.921260 0.377953 0.000000
vn 0.921260 0.377953 0.000000
f 207/928/61 208/929/62 205/930/63
#fvcolorindex 69 68 68 
usemtl m58EnvMappingTexScaleS0.031250TexScaleT0.031250
vt 0.000000 0.000000 0.0
vt 0.000000 0.000000 0.0
vt 0.000000 0.000000 0.0
v 152.008575 32.296425 420.734039
#joint 33
#vjoint 209
#vcolor 126.000000 0.000000 0.000000 255.000000
vn 0.921260 0.377953 0.000000
vn 0.992126 0.000000 0.000000
vn 0.921260 0.377953 0.000000
f 208/931/64 209/932/65 205/933/66
#fvcolorindex 68 70 68 
vt 0.000000 0.000000 0.0
vt 0.000000 0.000000 0.0
vt 0.000000 0.000000 0.0
vn 0.921260 0.377953 0.000000
vn 0.992126 0.000000 0.000000
vn 0.992126 0.000000 0.000000
f 205/934/67 209/935/68 121/936/69
#fvcolorindex 68 70 70 
usemtl m61EnvMappingTexScaleS0.031250TexScaleT0.031250
vt 0.000000 0.000000 0.0
vt 0.000000 0.000000 0.0
vt 0.000000 0.000000 0.0
#vcolor 125.000000 235.000000 0.000000 255.000000
vn 0.984252 1.850394 0.000000
vn 0.992126 0.000000 0.000000
vn 0.992126 0.000000 0.000000
f 120/937/70 121/938/71 209/939/72
#fvcolorindex 71 70 70 
usemtl m62EnvMappingTexScaleS0.031250TexScaleT0.031250
vt 0.000000 0.000000 0.0
vt 0.000000 0.000000 0.0
vt 0.000000 0.000000 0.0
#vcolor 125.000000 234.000000 0.000000 255.000000
vn 0.992126 0.000000 0.000000
vn 0.984252 1.842520 0.000000
vn 0.984252 1.850394 0.000000
f 209/940/73 188/941/74 120/942/75
#fvcolorindex 70 72 71 
usemtl m63EnvMappingTexScaleS0.031250TexScaleT0.031250
vt 0.000000 0.000000 0.0
vt 0.000000 0.000000 0.0
vt 0.000000 0.000000 0.0
#vcolor 20.000000 200.000000 111.000000 255.000000
#vcolor 236.000000 200.000000 111.000000 255.000000
#vcolor 230.000000 193.000000 106.000000 255.000000
vn 0.157480 1.574803 0.874016
vn 1.858268 1.574803 0.874016
vn 1.811024 1.519685 0.834646
f 127/943/76 123/944/77 177/945/78
#fvcolorindex 73 74 75 
vt 0.000000 0.000000 0.0
vt 0.000000 0.000000 0.0
vt 0.000000 0.000000 0.0
#vcolor 26.000000 193.000000 106.000000 255.000000
vn 0.157480 1.574803 0.874016
vn 1.811024 1.519685 0.834646
vn 0.204724 1.519685 0.834646
f 127/946/79 177/947/80 176/948/81
#fvcolorindex 73 75 76 
usemtl m64EnvMappingTexScaleS0.031250TexScaleT0.031250
vt 0.000000 0.000000 0.0
vt 0.000000 0.000000 0.0
vt 0.000000 0.000000 0.0
v 106.008568 -40.703575 197.734039
#joint 33
#vjoint 210
#vcolor 26.000000 50.000000 113.000000 255.000000
v 68.008568 -40.703575 197.734039
#joint 33
#vjoint 211
#vcolor 230.000000 50.000000 113.000000 255.000000
#vcolor 234.000000 41.000000 117.000000 255.000000
vn 0.204724 0.393701 0.889764
vn 1.811024 0.393701 0.889764
vn 1.842520 0.322835 0.921260
f 210/949/82 211/950/83 124/951/84
#fvcolorindex 77 78 79 
vt 0.000000 0.000000 0.0
vt 0.000000 0.000000 0.0
vt 0.000000 0.000000 0.0
#vcolor 22.000000 41.000000 117.000000 255.000000
vn 0.204724 0.393701 0.889764
vn 1.842520 0.322835 0.921260
vn 0.173228 0.322835 0.921260
f 210/952/85 124/953/86 126/954/87
#fvcolorindex 77 79 80 
usemtl m65EnvMappingTexScaleS0.031250TexScaleT0.031250
vt 0.000000 0.000000 0.0
vt 0.000000 0.000000 0.0
vt 0.000000 0.000000 0.0
#vcolor 14.000000 180.000000 156.000000 255.000000
#vcolor 242.000000 180.000000 156.000000 255.000000
#vcolor 236.000000 253.000000 131.000000 255.000000
vn 0.110236 1.417323 1.228346
vn 1.905512 1.417323 1.228346
vn 1.858268 1.992126 1.031496
f 179/955/88 178/956/89 125/957/90
#fvcolorindex 81 82 83 
vt 0.000000 0.000000 0.0
vt 0.000000 0.000000 0.0
vt 0.000000 0.000000 0.0
#vcolor 20.000000 253.000000 131.000000 255.000000
vn 0.110236 1.417323 1.228346
vn 1.858268 1.992126 1.031496
vn 0.157480 1.992126 1.031496
f 179/958/91 125/959/92 128/960/93
#fvcolorindex 81 83 84 
usemtl m66EnvMappingTexScaleS0.031250TexScaleT0.031250
vt 0.000000 0.000000 0.0
vt 0.000000 0.000000 0.0
vt 0.000000 0.000000 0.0
v 68.008568 -49.703575 116.734039
#joint 33
#vjoint 212
#vcolor 233.000000 67.000000 152.000000 255.000000
vn 0.157480 1.992126 1.031496
vn 1.858268 1.992126 1.031496
vn 1.834646 0.527559 1.196850
f 128/961/94 125/962/95 212/963/96
#fvcolorindex 84 83 85 
vt 0.000000 0.000000 0.0
vt 0.000000 0.000000 0.0
vt 0.000000 0.000000 0.0
v 106.008568 -49.703575 116.734039
#joint 33
#vjoint 213
#vcolor 23.000000 67.000000 152.000000 255.000000
vn 0.157480 1.992126 1.031496
vn 1.834646 0.527559 1.196850
vn 0.181102 0.527559 1.196850
f 128/964/97 212/965/98 213/966/99
#fvcolorindex 84 85 86 
usemtl m67EnvMappingTexScaleS0.031250TexScaleT0.031250
vt 0.000000 0.000000 0.0
vt 0.000000 0.000000 0.0
vt 0.000000 0.000000 0.0
#vcolor 162.000000 70.000000 45.000000 255.000000
#vcolor 153.000000 68.000000 227.000000 255.000000
#vcolor 143.000000 53.000000 20.000000 255.000000
vn 1.275591 0.551181 0.354331
vn 1.204724 0.535433 1.787402
vn 1.125984 0.417323 0.157480
f 211/967/100 212/968/101 124/969/102
#fvcolorindex 87 88 89 
usemtl m68EnvMappingTexScaleS0.031250TexScaleT0.031250
vt 0.000000 0.000000 0.0
vt 0.000000 0.000000 0.0
vt 0.000000 0.000000 0.0
#vcolor 131.000000 7.000000 241.000000 255.000000
vn 1.204724 0.535433 1.787402
vn 1.031496 0.055118 1.897638
vn 1.125984 0.417323 0.157480
f 212/970/103 125/971/104 124/972/105
#fvcolorindex 88 90 89 
usemtl m69EnvMappingTexScaleS0.031250TexScaleT0.031250
vt 0.000000 0.000000 0.0
vt 0.000000 0.000000 0.0
vt 0.000000 0.000000 0.0
#vcolor 143.000000 210.000000 33.000000 255.000000
#vcolor 153.000000 186.000000 236.000000 255.000000
vn 1.125984 1.653543 0.259843
vn 1.031496 0.055118 1.897638
vn 1.204724 1.464567 1.858268
f 123/973/106 125/974/107 178/975/108
#fvcolorindex 91 90 92 
usemtl m70EnvMappingTexScaleS0.031250TexScaleT0.031250
vt 0.000000 0.000000 0.0
vt 0.000000 0.000000 0.0
vt 0.000000 0.000000 0.0
#vcolor 155.000000 192.000000 42.000000 255.000000
vn 1.220472 1.511811 0.330709
vn 1.125984 1.653543 0.259843
vn 1.204724 1.464567 1.858268
f 177/976/109 123/977/110 178/978/111
#fvcolorindex 93 91 92 
usemtl m71EnvMappingTexScaleS0.031250TexScaleT0.031250
vt 0.000000 0.000000 0.0
vt 0.000000 0.000000 0.0
vt 0.000000 0.000000 0.0
#vcolor 113.000000 53.000000 20.000000 255.000000
#vcolor 103.000000 68.000000 227.000000 255.000000
#vcolor 94.000000 70.000000 45.000000 255.000000
vn 0.889764 0.417323 0.157480
vn 0.811024 0.535433 1.787402
vn 0.740157 0.551181 0.354331
f 126/979/112 213/980/113 210/981/114
#fvcolorindex 94 95 96 
usemtl m72EnvMappingTexScaleS0.031250TexScaleT0.031250
vt 0.000000 0.000000 0.0
vt 0.000000 0.000000 0.0
vt 0.000000 0.000000 0.0
#vcolor 103.000000 186.000000 236.000000 255.000000
#vcolor 113.000000 210.000000 33.000000 255.000000
#vcolor 101.000000 192.000000 42.000000 255.000000
vn 0.811024 1.464567 1.858268
vn 0.889764 1.653543 0.259843
vn 0.795276 1.511811 0.330709
f 179/982/115 127/983/116 176/984/117
#fvcolorindex 97 98 99 
usemtl m71EnvMappingTexScaleS0.031250TexScaleT0.031250
vt 0.000000 0.000000 0.0
vt 0.000000 0.000000 0.0
vt 0.000000 0.000000 0.0
#vcolor 125.000000 7.000000 241.000000 255.000000
vn 0.889764 0.417323 0.157480
vn 0.984252 0.055118 1.897638
vn 0.811024 0.535433 1.787402
f 126/985/118 128/986/119 213/987/120
#fvcolorindex 94 100 95 
usemtl m72EnvMappingTexScaleS0.031250TexScaleT0.031250
vt 0.000000 0.000000 0.0
vt 0.000000 0.000000 0.0
vt 0.000000 0.000000 0.0
vn 0.811024 1.464567 1.858268
vn 0.984252 0.055118 1.897638
vn 0.889764 1.653543 0.259843
f 179/988/121 128/989/122 127/990/123
#fvcolorindex 97 100 98 
usemtl m73EnvMappingTexScaleS0.031250TexScaleT0.031250
vt 0.000000 0.000000 0.0
vt 0.000000 0.000000 0.0
vt 0.000000 0.000000 0.0
#vcolor 42.000000 156.000000 65.000000 255.000000
#vcolor 214.000000 156.000000 65.000000 255.000000
v 21.008568 -54.703575 -19.265961
#joint 33
#vjoint 214
#vcolor 208.000000 139.000000 7.000000 255.000000
vn 0.330709 1.228346 0.511811
vn 1.685039 1.228346 0.511811
vn 1.637795 1.094488 0.055118
f 109/991/124 59/992/125 214/993/126
#fvcolorindex 101 102 103 
vt 0.000000 0.000000 0.0
vt 0.000000 0.000000 0.0
vt 0.000000 0.000000 0.0
v 153.008575 -54.703575 -19.265961
#joint 33
#vjoint 215
#vcolor 48.000000 139.000000 7.000000 255.000000
vn 0.330709 1.228346 0.511811
vn 1.637795 1.094488 0.055118
vn 0.377953 1.094488 0.055118
f 109/994/127 214/995/128 215/996/129
#fvcolorindex 101 103 104 
usemtl m74EnvMappingTexScaleS0.031250TexScaleT0.031250
vt 0.000000 0.000000 0.0
vt 0.000000 0.000000 0.0
vt 0.000000 0.000000 0.0
v 150.008575 17.296425 -59.265961
#joint 33
#vjoint 216
#vcolor 58.000000 206.000000 156.000000 255.000000
v 148.008575 10.296425 -52.265961
#joint 33
#vjoint 217
#vcolor 59.000000 190.000000 166.000000 255.000000
v 26.008568 10.296425 -52.265961
#joint 33
#vjoint 218
#vcolor 197.000000 190.000000 166.000000 255.000000
vn 0.456693 1.622047 1.228346
vn 0.464567 1.496063 1.307087
vn 1.551181 1.496063 1.307087
f 216/997/130 217/998/131 218/999/132
#fvcolorindex 105 106 107 
vt 0.000000 0.000000 0.0
vt 0.000000 0.000000 0.0
vt 0.000000 0.000000 0.0
v 24.008568 17.296425 -59.265961
#joint 33
#vjoint 219
#vcolor 198.000000 206.000000 156.000000 255.000000
vn 0.456693 1.622047 1.228346
vn 1.551181 1.496063 1.307087
vn 1.559055 1.622047 1.228346
f 216/1000/133 218/1001/134 219/1002/135
#fvcolorindex 105 107 108 
usemtl m75EnvMappingTexScaleS0.031250TexScaleT0.031250
vt 0.000000 0.000000 0.0
vt 0.000000 0.000000 0.0
vt 0.000000 0.000000 0.0
v 150.008575 6.296425 -45.265961
#joint 33
#vjoint 220
#vcolor 63.000000 170.000000 189.000000 255.000000
v 24.008568 6.296425 -45.265961
#joint 33
#vjoint 221
#vcolor 193.000000 170.000000 189.000000 255.000000
vn 0.464567 1.496063 1.307087
vn 0.496063 1.338583 1.488189
vn 1.519685 1.338583 1.488189
f 217/1003/136 220/1004/137 221/1005/138
#fvcolorindex 106 109 110 
vt 0.000000 0.000000 0.0
vt 0.000000 0.000000 0.0
vt 0.000000 0.000000 0.0
vn 0.464567 1.496063 1.307087
vn 1.519685 1.338583 1.488189
vn 1.551181 1.496063 1.307087
f 217/1006/139 221/1007/140 218/1008/141
#fvcolorindex 106 110 107 
usemtl m76EnvMappingTexScaleS0.031250TexScaleT0.031250
vt 0.000000 0.000000 0.0
vt 0.000000 0.000000 0.0
vt 0.000000 0.000000 0.0
v 153.008575 3.296425 -38.265961
#joint 33
#vjoint 222
#vcolor 67.000000 161.000000 207.000000 255.000000
v 21.008568 3.296425 -38.265961
#joint 33
#vjoint 223
#vcolor 189.000000 161.000000 207.000000 255.000000
vn 0.527559 1.267717 1.629921
vn 1.488189 1.267717 1.629921
vn 1.519685 1.338583 1.488189
f 222/1009/142 223/1010/143 221/1011/144
#fvcolorindex 111 112 110 
vt 0.000000 0.000000 0.0
vt 0.000000 0.000000 0.0
vt 0.000000 0.000000 0.0
vn 0.527559 1.267717 1.629921
vn 1.519685 1.338583 1.488189
vn 0.496063 1.338583 1.488189
f 222/1012/145 221/1013/146 220/1014/147
#fvcolorindex 111 110 109 
usemtl m77EnvMappingTexScaleS0.031250TexScaleT0.031250
vt 0.000000 0.000000 0.0
vt 0.000000 0.000000 0.0
vt 0.000000 0.000000 0.0
v 290.008575 -0.703575 164.734039
#joint 33
#vjoint 224
#vcolor 112.000000 235.000000 55.000000 255.000000
v 290.008575 -11.703575 164.734039
#joint 33
#vjoint 225
#vcolor 111.000000 230.000000 54.000000 255.000000
v 303.008575 -11.703575 152.734039
#joint 33
#vjoint 226
#vcolor 122.000000 236.000000 24.000000 255.000000
vn 0.881890 1.850394 0.433071
vn 0.874016 1.811024 0.425197
vn 0.960630 1.858268 0.188976
f 224/1015/148 225/1016/149 226/1017/150
#fvcolorindex 113 114 115 
vt 0.000000 0.000000 0.0
vt 0.000000 0.000000 0.0
vt 0.000000 0.000000 0.0
v 303.008575 -0.703575 152.734039
#joint 33
#vjoint 227
#vcolor 123.000000 240.000000 24.000000 255.000000
vn 0.881890 1.850394 0.433071
vn 0.960630 1.858268 0.188976
vn 0.968504 1.889764 0.188976
f 224/1018/151 226/1019/152 227/1020/153
#fvcolorindex 113 115 116 
usemtl m78EnvMappingTexScaleS0.031250TexScaleT0.031250
vt 0.000000 0.000000 0.0
vt 0.000000 0.000000 0.0
vt 0.000000 0.000000 0.0
v 265.008575 -11.703575 164.734039
#joint 33
#vjoint 228
#vcolor 88.000000 220.000000 83.000000 255.000000
vn 0.692913 1.732283 0.653543
vn 0.874016 1.811024 0.425197
vn 0.881890 1.850394 0.433071
f 228/1021/154 225/1022/155 224/1023/156
#fvcolorindex 117 114 113 
vt 0.000000 0.000000 0.0
vt 0.000000 0.000000 0.0
vt 0.000000 0.000000 0.0
v 265.008575 -0.703575 164.734039
#joint 33
#vjoint 229
#vcolor 89.000000 226.000000 84.000000 255.000000
vn 0.692913 1.732283 0.653543
vn 0.881890 1.850394 0.433071
vn 0.700787 1.779528 0.661417
f 228/1024/157 224/1025/158 229/1026/159
#fvcolorindex 117 113 118 
usemtl m79EnvMappingTexScaleS0.031250TexScaleT0.031250
vt 0.000000 0.000000 0.0
vt 0.000000 0.000000 0.0
vt 0.000000 0.000000 0.0
v 157.008575 -11.703575 154.734039
#joint 33
#vjoint 230
#vcolor 36.000000 204.000000 109.000000 255.000000
v 173.008575 -11.703575 154.734039
#joint 33
#vjoint 231
#vcolor 48.000000 206.000000 106.000000 255.000000
#vcolor 49.000000 214.000000 108.000000 255.000000
vn 0.283465 1.606299 0.858268
vn 0.377953 1.622047 0.834646
vn 0.385827 1.685039 0.850394
f 230/1027/160 231/1028/161 181/1029/162
#fvcolorindex 119 120 121 
vt 0.000000 0.000000 0.0
vt 0.000000 0.000000 0.0
vt 0.000000 0.000000 0.0
#vcolor 37.000000 213.000000 113.000000 255.000000
vn 0.283465 1.606299 0.858268
vn 0.385827 1.685039 0.850394
vn 0.291339 1.677165 0.889764
f 230/1030/163 181/1031/164 180/1032/165
#fvcolorindex 119 121 122 
usemtl m80EnvMappingTexScaleS0.031250TexScaleT0.031250
vt 0.000000 0.000000 0.0
vt 0.000000 0.000000 0.0
vt 0.000000 0.000000 0.0
#vcolor 10.000000 212.000000 138.000000 255.000000
#vcolor 234.000000 212.000000 140.000000 255.000000
#vcolor 234.000000 227.000000 135.000000 255.000000
vn 0.078740 1.669291 1.086614
vn 1.842520 1.669291 1.102362
vn 1.842520 1.787402 1.062992
f 215/1033/166 214/1034/167 223/1035/168
#fvcolorindex 123 124 125 
vt 0.000000 0.000000 0.0
vt 0.000000 0.000000 0.0
vt 0.000000 0.000000 0.0
#vcolor 10.000000 227.000000 134.000000 255.000000
vn 0.078740 1.669291 1.086614
vn 1.842520 1.787402 1.062992
vn 0.078740 1.787402 1.055118
f 215/1036/169 223/1037/170 222/1038/171
#fvcolorindex 123 125 126 
usemtl m81EnvMappingTexScaleS0.031250TexScaleT0.031250
vt 0.000000 0.000000 0.0
vt 0.000000 0.000000 0.0
vt 0.000000 0.000000 0.0
#vcolor 9.000000 0.000000 130.000000 255.000000
#vcolor 235.000000 0.000000 131.000000 255.000000
v 22.008568 32.296425 -57.265961
#joint 33
#vjoint 232
#vcolor 235.000000 6.000000 132.000000 255.000000
vn 0.070866 0.000000 1.023622
vn 1.850394 0.000000 1.031496
vn 1.850394 0.047244 1.039370
f 216/1039/172 219/1040/173 232/1041/174
#fvcolorindex 127 128 129 
vt 0.000000 0.000000 0.0
vt 0.000000 0.000000 0.0
vt 0.000000 0.000000 0.0
v 152.008575 32.296425 -57.265961
#joint 33
#vjoint 233
#vcolor 10.000000 6.000000 130.000000 255.000000
vn 0.070866 0.000000 1.023622
vn 1.850394 0.047244 1.039370
vn 0.078740 0.047244 1.023622
f 216/1042/175 232/1043/176 233/1044/177
#fvcolorindex 127 129 130 
usemtl m82EnvMappingTexScaleS0.031250TexScaleT0.031250
vt 0.000000 0.000000 0.0
vt 0.000000 0.000000 0.0
vt 0.000000 0.000000 0.0
v 147.008575 59.296425 -49.265961
#joint 33
#vjoint 234
#vcolor 9.000000 19.000000 131.000000 255.000000
vn 0.070866 0.149606 1.031496
vn 0.078740 0.047244 1.023622
vn 1.850394 0.047244 1.039370
f 234/1045/178 233/1046/179 232/1047/180
#fvcolorindex 131 130 129 
vt 0.000000 0.000000 0.0
vt 0.000000 0.000000 0.0
vt 0.000000 0.000000 0.0
v 27.008568 59.296425 -49.265961
#joint 33
#vjoint 235
#vcolor 236.000000 18.000000 133.000000 255.000000
vn 0.070866 0.149606 1.031496
vn 1.850394 0.047244 1.039370
vn 1.858268 0.141732 1.047244
f 234/1048/181 232/1049/182 235/1050/183
#fvcolorindex 131 129 132 
vt 0.000000 0.000000 0.0
vt 0.000000 0.000000 0.0
vt 0.000000 0.000000 0.0
v 41.008568 79.296425 -42.265961
#joint 33
#vjoint 236
#vcolor 239.000000 30.000000 134.000000 255.000000
vn 0.070866 0.149606 1.031496
vn 1.858268 0.141732 1.047244
vn 1.881890 0.236220 1.055118
f 234/1051/184 235/1052/185 236/1053/186
#fvcolorindex 131 132 133 
vt 0.000000 0.000000 0.0
vt 0.000000 0.000000 0.0
vt 0.000000 0.000000 0.0
v 133.008575 79.296425 -42.265961
#joint 33
#vjoint 237
#vcolor 5.000000 30.000000 133.000000 255.000000
vn 0.070866 0.149606 1.031496
vn 1.881890 0.236220 1.055118
vn 0.039370 0.236220 1.047244
f 234/1054/187 236/1055/188 237/1056/189
#fvcolorindex 131 133 134 
usemtl m83EnvMappingTexScaleS0.031250TexScaleT0.031250
vt 0.000000 0.000000 0.0
vt 0.000000 0.000000 0.0
vt 0.000000 0.000000 0.0
v 57.008568 93.296425 -34.265961
#joint 33
#vjoint 238
#vcolor 242.000000 53.000000 142.000000 255.000000
vn 0.039370 0.236220 1.047244
vn 1.881890 0.236220 1.055118
vn 1.905512 0.417323 1.118110
f 237/1057/190 236/1058/191 238/1059/192
#fvcolorindex 134 133 135 
vt 0.000000 0.000000 0.0
vt 0.000000 0.000000 0.0
vt 0.000000 0.000000 0.0
v 117.008568 93.296425 -34.265961
#joint 33
#vjoint 239
#vcolor 1.000000 53.000000 141.000000 255.000000
vn 0.039370 0.236220 1.047244
vn 1.905512 0.417323 1.118110
vn 0.007874 0.417323 1.110236
f 237/1060/193 238/1061/194 239/1062/195
#fvcolorindex 134 135 136 
usemtl m84EnvMappingTexScaleS0.031250TexScaleT0.031250
vt 0.000000 0.000000 0.0
vt 0.000000 0.000000 0.0
vt 0.000000 0.000000 0.0
v 108.008568 98.296425 -27.265961
#joint 33
#vjoint 240
#vcolor 0.000000 55.000000 142.000000 255.000000
vn 0.000000 0.433071 1.118110
vn 0.007874 0.417323 1.110236
vn 1.905512 0.417323 1.118110
f 240/1063/196 239/1064/197 238/1065/198
#fvcolorindex 137 136 135 
vt 0.000000 0.000000 0.0
vt 0.000000 0.000000 0.0
vt 0.000000 0.000000 0.0
v 66.008568 98.296425 -27.265961
#joint 33
#vjoint 241
#vcolor 244.000000 55.000000 143.000000 255.000000
vn 0.000000 0.433071 1.118110
vn 1.905512 0.417323 1.118110
vn 1.921260 0.433071 1.125984
f 240/1066/199 238/1067/200 241/1068/201
#fvcolorindex 137 135 138 
usemtl m85EnvMappingTexScaleS0.031250TexScaleT0.031250
vt 0.000000 0.000000 0.0
vt 0.000000 0.000000 0.0
vt 0.000000 0.000000 0.0
#vcolor 230.000000 8.000000 123.000000 255.000000
#vcolor 231.000000 13.000000 123.000000 255.000000
v 22.008568 32.296425 420.734039
#joint 33
#vjoint 242
#vcolor 229.000000 13.000000 123.000000 255.000000
vn 1.811024 0.062992 0.968504
vn 1.818898 0.102362 0.968504
vn 1.803150 0.102362 0.968504
f 191/1069/202 193/1070/203 242/1071/204
#fvcolorindex 139 140 141 
usemtl m86EnvMappingTexScaleS0.031250TexScaleT0.031250
vt 0.000000 0.000000 0.0
vt 0.000000 0.000000 0.0
vt 0.000000 0.000000 0.0
#vcolor 236.000000 24.000000 122.000000 255.000000
v 27.008568 59.296425 413.734039
#joint 33
#vjoint 243
#vcolor 230.000000 20.000000 122.000000 255.000000
vn 1.818898 0.102362 0.968504
vn 1.858268 0.188976 0.960630
vn 1.811024 0.157480 0.960630
f 193/1072/205 195/1073/206 243/1074/207
#fvcolorindex 140 142 143 
usemtl m87EnvMappingTexScaleS0.031250TexScaleT0.031250
vt 0.000000 0.000000 0.0
vt 0.000000 0.000000 0.0
vt 0.000000 0.000000 0.0
vn 1.803150 0.102362 0.968504
vn 1.818898 0.102362 0.968504
vn 1.811024 0.157480 0.960630
f 242/1075/208 193/1076/209 243/1077/210
#fvcolorindex 141 140 143 
usemtl m88EnvMappingTexScaleS0.031250TexScaleT0.031250
vt 0.000000 0.000000 0.0
vt 0.000000 0.000000 0.0
vt 0.000000 0.000000 0.0
v 41.008568 79.296425 407.734039
#joint 33
#vjoint 244
#vcolor 234.000000 26.000000 122.000000 255.000000
vn 1.811024 0.157480 0.960630
vn 1.858268 0.188976 0.960630
vn 1.842520 0.204724 0.960630
f 243/1078/211 195/1079/212 244/1080/213
#fvcolorindex 143 142 144 
usemtl m89EnvMappingTexScaleS0.031250TexScaleT0.031250
vt 0.000000 0.000000 0.0
vt 0.000000 0.000000 0.0
vt 0.000000 0.000000 0.0
#vcolor 239.000000 31.000000 121.000000 255.000000
vn 1.842520 0.204724 0.960630
vn 1.858268 0.188976 0.960630
vn 1.881890 0.244094 0.952756
f 244/1081/214 195/1082/215 197/1083/216
#fvcolorindex 144 142 145 
usemtl m90EnvMappingTexScaleS0.031250TexScaleT0.031250
vt 0.000000 0.000000 0.0
vt 0.000000 0.000000 0.0
vt 0.000000 0.000000 0.0
#vcolor 249.000000 30.000000 123.000000 255.000000
vn 1.858268 0.188976 0.960630
vn 1.960630 0.236220 0.968504
vn 1.881890 0.244094 0.952756
f 195/1084/217 189/1085/218 197/1086/219
#fvcolorindex 142 146 145 
usemtl m91EnvMappingTexScaleS0.031250TexScaleT0.031250
vt 0.000000 0.000000 0.0
vt 0.000000 0.000000 0.0
vt 0.000000 0.000000 0.0
#vcolor 243.000000 39.000000 119.000000 255.000000
vn 1.881890 0.244094 0.952756
vn 1.960630 0.236220 0.968504
vn 1.913386 0.307087 0.937008
f 197/1087/220 189/1088/221 198/1089/222
#fvcolorindex 145 146 147 
usemtl m92EnvMappingTexScaleS0.031250TexScaleT0.031250
vt 0.000000 0.000000 0.0
vt 0.000000 0.000000 0.0
vt 0.000000 0.000000 0.0
#vcolor 255.000000 39.000000 120.000000 255.000000
vn 1.960630 0.236220 0.968504
vn 2.007874 0.307087 0.944882
vn 1.913386 0.307087 0.937008
f 189/1090/223 202/1091/224 198/1092/225
#fvcolorindex 146 148 147 
vt 0.000000 0.000000 0.0
vt 0.000000 0.000000 0.0
vt 0.000000 0.000000 0.0
#vcolor 2.000000 31.000000 122.000000 255.000000
vn 1.960630 0.236220 0.968504
vn 0.015748 0.244094 0.960630
vn 2.007874 0.307087 0.944882
f 189/1093/226 203/1094/227 202/1095/228
#fvcolorindex 146 149 148 
usemtl m93EnvMappingTexScaleS0.031250TexScaleT0.031250
vt 0.000000 0.000000 0.0
vt 0.000000 0.000000 0.0
vt 0.000000 0.000000 0.0
#vcolor 5.000000 25.000000 124.000000 255.000000
vn 0.015748 0.244094 0.960630
vn 1.960630 0.236220 0.968504
vn 0.039370 0.196850 0.976378
f 203/1096/229 189/1097/230 187/1098/231
#fvcolorindex 149 146 150 
usemtl m94EnvMappingTexScaleS0.031250TexScaleT0.031250
vt 0.000000 0.000000 0.0
vt 0.000000 0.000000 0.0
vt 0.000000 0.000000 0.0
#vcolor 11.000000 20.000000 124.000000 255.000000
#vcolor 10.000000 13.000000 125.000000 255.000000
vn 0.086614 0.157480 0.976378
vn 0.039370 0.196850 0.976378
vn 0.078740 0.102362 0.984252
f 208/1099/232 187/1100/233 186/1101/234
#fvcolorindex 151 150 152 
usemtl m95EnvMappingTexScaleS0.031250TexScaleT0.031250
vt 0.000000 0.000000 0.0
vt 0.000000 0.000000 0.0
vt 0.000000 0.000000 0.0
#vcolor 7.000000 27.000000 123.000000 255.000000
vn 0.055118 0.212598 0.968504
vn 0.039370 0.196850 0.976378
vn 0.086614 0.157480 0.976378
f 207/1102/235 187/1103/236 208/1104/237
#fvcolorindex 153 150 151 
usemtl m93EnvMappingTexScaleS0.031250TexScaleT0.031250
vt 0.000000 0.000000 0.0
vt 0.000000 0.000000 0.0
vt 0.000000 0.000000 0.0
vn 0.015748 0.244094 0.960630
vn 0.039370 0.196850 0.976378
vn 0.055118 0.212598 0.968504
f 203/1105/238 187/1106/239 207/1107/240
#fvcolorindex 149 150 153 
usemtl m94EnvMappingTexScaleS0.031250TexScaleT0.031250
vt 0.000000 0.000000 0.0
vt 0.000000 0.000000 0.0
vt 0.000000 0.000000 0.0
#vcolor 12.000000 13.000000 125.000000 255.000000
vn 0.086614 0.157480 0.976378
vn 0.078740 0.102362 0.984252
vn 0.094488 0.102362 0.984252
f 208/1108/241 186/1109/242 209/1110/243
#fvcolorindex 151 152 154 
usemtl m96EnvMappingTexScaleS0.031250TexScaleT0.031250
vt 0.000000 0.000000 0.0
vt 0.000000 0.000000 0.0
vt 0.000000 0.000000 0.0
#vcolor 11.000000 9.000000 126.000000 255.000000
vn 0.086614 0.070866 0.992126
vn 0.094488 0.102362 0.984252
vn 0.078740 0.102362 0.984252
f 188/1111/244 209/1112/245 186/1113/246
#fvcolorindex 155 154 152 
usemtl m97EnvMappingTexScaleS0.031250TexScaleT0.031250
vt 0.000000 0.000000 0.0
vt 0.000000 0.000000 0.0
vt 0.000000 0.000000 0.0
#vcolor 186.000000 86.000000 60.000000 255.000000
v 11.008568 3.296425 338.734039
#joint 33
#vjoint 245
#vcolor 181.000000 83.000000 59.000000 255.000000
v 11.008568 3.296425 361.734039
#joint 33
#vjoint 246
#vcolor 174.000000 71.000000 65.000000 255.000000
vn 1.464567 0.677165 0.472441
vn 1.425197 0.653543 0.464567
vn 1.370079 0.559055 0.511811
f 67/1114/247 245/1115/248 246/1116/249
#fvcolorindex 156 157 158 
vt 0.000000 0.000000 0.0
vt 0.000000 0.000000 0.0
vt 0.000000 0.000000 0.0
#vcolor 165.000000 72.000000 50.000000 255.000000
vn 1.464567 0.677165 0.472441
vn 1.370079 0.559055 0.511811
vn 1.299213 0.566929 0.393701
f 67/1117/250 246/1118/251 66/1119/252
#fvcolorindex 156 158 159 
usemtl m98EnvMappingTexScaleS0.031250TexScaleT0.031250
vt 0.000000 0.000000 0.0
vt 0.000000 0.000000 0.0
vt 0.000000 0.000000 0.0
v 22.008568 6.296425 286.734039
#joint 33
#vjoint 247
#vcolor 182.000000 95.000000 37.000000 255.000000
vn 1.433071 0.748031 0.291339
vn 1.425197 0.653543 0.464567
vn 1.464567 0.677165 0.472441
f 247/1120/253 245/1121/254 67/1122/255
#fvcolorindex 160 157 156 
vt 0.000000 0.000000 0.0
vt 0.000000 0.000000 0.0
vt 0.000000 0.000000 0.0
v 11.008568 2.296425 286.734039
#joint 33
#vjoint 248
#vcolor 177.000000 91.000000 36.000000 255.000000
vn 1.433071 0.748031 0.291339
vn 1.393701 0.716535 0.283465
vn 1.425197 0.653543 0.464567
f 247/1123/256 248/1124/257 245/1125/258
#fvcolorindex 160 161 157 
usemtl m99EnvMappingTexScaleS0.031250TexScaleT0.031250
vt 0.000000 0.000000 0.0
vt 0.000000 0.000000 0.0
vt 0.000000 0.000000 0.0
#vcolor 171.000000 92.000000 11.000000 255.000000
vn 1.346457 0.724409 0.086614
vn 1.393701 0.716535 0.283465
vn 1.433071 0.748031 0.291339
f 62/1126/259 248/1127/260 247/1128/261
#fvcolorindex 162 161 160 
vt 0.000000 0.000000 0.0
vt 0.000000 0.000000 0.0
vt 0.000000 0.000000 0.0
v 11.008568 0.296425 245.734039
#joint 33
#vjoint 249
#vcolor 165.000000 87.000000 10.000000 255.000000
vn 1.346457 0.724409 0.086614
vn 1.299213 0.685039 0.078740
vn 1.393701 0.716535 0.283465
f 62/1129/262 249/1130/263 248/1131/264
#fvcolorindex 162 163 161 
vt 0.000000 0.000000 0.0
vt 0.000000 0.000000 0.0
vt 0.000000 0.000000 0.0
#vcolor 163.000000 85.000000 249.000000 255.000000
vn 1.346457 0.724409 0.086614
vn 1.283465 0.669291 1.960630
vn 1.299213 0.685039 0.078740
f 62/1132/265 57/1133/266 249/1134/267
#fvcolorindex 162 164 163 
usemtl m100EnvMappingTexScaleS0.031250TexScaleT0.031250
vt 0.000000 0.000000 0.0
vt 0.000000 0.000000 0.0
vt 0.000000 0.000000 0.0
#vcolor 209.000000 70.000000 94.000000 255.000000
#vcolor 222.000000 60.000000 106.000000 255.000000
#vcolor 3.000000 53.000000 115.000000 255.000000
vn 1.645669 0.551181 0.740157
vn 1.748031 0.472441 0.834646
vn 0.023622 0.417323 0.905512
f 191/1135/268 56/1136/269 55/1137/270
#fvcolorindex 165 166 167 
usemtl m101EnvMappingTexScaleS0.031250TexScaleT0.031250
vt 0.000000 0.000000 0.0
vt 0.000000 0.000000 0.0
vt 0.000000 0.000000 0.0
#vcolor 191.000000 61.000000 89.000000 255.000000
vn 1.503937 0.480315 0.700787
vn 1.748031 0.472441 0.834646
vn 1.645669 0.551181 0.740157
f 72/1138/271 56/1139/272 191/1140/273
#fvcolorindex 168 166 165 
usemtl m102EnvMappingTexScaleS0.031250TexScaleT0.031250
vt 0.000000 0.000000 0.0
vt 0.000000 0.000000 0.0
vt 0.000000 0.000000 0.0
vn 1.370079 0.559055 0.511811
vn 1.503937 0.480315 0.700787
vn 1.645669 0.551181 0.740157
f 246/1141/274 72/1142/275 191/1143/276
#fvcolorindex 158 168 165 
usemtl m100EnvMappingTexScaleS0.031250TexScaleT0.031250
vt 0.000000 0.000000 0.0
vt 0.000000 0.000000 0.0
vt 0.000000 0.000000 0.0
vn 1.645669 0.551181 0.740157
vn 1.299213 0.566929 0.393701
vn 1.370079 0.559055 0.511811
f 191/1144/277 66/1145/278 246/1146/279
#fvcolorindex 165 159 158 
usemtl m103EnvMappingTexScaleS0.031250TexScaleT0.031250
vt 0.000000 0.000000 0.0
vt 0.000000 0.000000 0.0
vt 0.000000 0.000000 0.0
#vcolor 155.000000 27.000000 186.000000 255.000000
#vcolor 152.000000 237.000000 187.000000 255.000000
#vcolor 176.000000 0.000000 158.000000 255.000000
vn 1.220472 0.212598 1.464567
vn 1.196850 1.866142 1.472441
vn 1.385827 0.000000 1.244094
f 63/1147/280 65/1148/281 219/1149/282
#fvcolorindex 169 170 171 
usemtl m104EnvMappingTexScaleS0.031250TexScaleT0.031250
vt 0.000000 0.000000 0.0
vt 0.000000 0.000000 0.0
vt 0.000000 0.000000 0.0
#vcolor 176.000000 254.000000 159.000000 255.000000
#vcolor 154.000000 25.000000 186.000000 255.000000
vn 1.385827 2.000000 1.251969
vn 1.212598 0.196850 1.464567
vn 1.220472 0.212598 1.464567
f 218/1150/283 61/1151/284 63/1152/285
#fvcolorindex 172 173 169 
usemtl m105EnvMappingTexScaleS0.031250TexScaleT0.031250
vt 0.000000 0.000000 0.0
vt 0.000000 0.000000 0.0
vt 0.000000 0.000000 0.0
vn 1.385827 0.000000 1.244094
vn 1.385827 2.000000 1.251969
vn 1.220472 0.212598 1.464567
f 219/1153/286 218/1154/287 63/1155/288
#fvcolorindex 171 172 169 
usemtl m104EnvMappingTexScaleS0.031250TexScaleT0.031250
vt 0.000000 0.000000 0.0
vt 0.000000 0.000000 0.0
vt 0.000000 0.000000 0.0
#vcolor 186.000000 35.000000 157.000000 255.000000
vn 1.385827 2.000000 1.251969
vn 1.464567 0.275591 1.236220
vn 1.212598 0.196850 1.464567
f 218/1156/289 221/1157/290 61/1158/291
#fvcolorindex 172 174 173 
usemtl m106EnvMappingTexScaleS0.031250TexScaleT0.031250
vt 0.000000 0.000000 0.0
vt 0.000000 0.000000 0.0
vt 0.000000 0.000000 0.0
#vcolor 153.000000 23.000000 186.000000 255.000000
vn 1.464567 0.275591 1.236220
vn 1.204724 0.181102 1.464567
vn 1.212598 0.196850 1.464567
f 221/1159/292 58/1160/293 61/1161/294
#fvcolorindex 174 175 173 
usemtl m107EnvMappingTexScaleS0.031250TexScaleT0.031250
vt 0.000000 0.000000 0.0
vt 0.000000 0.000000 0.0
vt 0.000000 0.000000 0.0
#vcolor 184.000000 35.000000 159.000000 255.000000
vn 1.204724 0.181102 1.464567
vn 1.464567 0.275591 1.236220
vn 1.448819 0.275591 1.251969
f 58/1162/295 221/1163/296 223/1164/297
#fvcolorindex 175 174 176 
usemtl m108EnvMappingTexScaleS0.031250TexScaleT0.031250
vt 0.000000 0.000000 0.0
vt 0.000000 0.000000 0.0
vt 0.000000 0.000000 0.0
v 108.008568 121.296425 79.734039
#joint 33
#vjoint 250
#vcolor 8.000000 105.000000 186.000000 255.000000
#vcolor 6.000000 82.000000 161.000000 255.000000
#vcolor 250.000000 82.000000 161.000000 255.000000
vn 0.062992 0.826772 1.464567
vn 0.047244 0.645669 1.267717
vn 1.968504 0.645669 1.267717
f 250/1165/298 240/1166/299 241/1167/300
#fvcolorindex 177 178 179 
vt 0.000000 0.000000 0.0
vt 0.000000 0.000000 0.0
vt 0.000000 0.000000 0.0
v 66.008568 121.296425 79.734039
#joint 33
#vjoint 251
#vcolor 248.000000 105.000000 186.000000 255.000000
vn 0.062992 0.826772 1.464567
vn 1.968504 0.645669 1.267717
vn 1.952756 0.826772 1.464567
f 250/1168/301 241/1169/302 251/1170/303
#fvcolorindex 177 179 180 
usemtl m109EnvMappingTexScaleS0.031250TexScaleT0.031250
vt 0.000000 0.000000 0.0
vt 0.000000 0.000000 0.0
vt 0.000000 0.000000 0.0
#vcolor 72.000000 35.000000 159.000000 255.000000
#vcolor 70.000000 35.000000 157.000000 255.000000
#vcolor 96.000000 41.000000 185.000000 255.000000
vn 0.566929 0.275591 1.251969
vn 0.551181 0.275591 1.236220
vn 0.755906 0.322835 1.456693
f 222/1171/304 220/1172/305 111/1173/306
#fvcolorindex 181 182 183 
usemtl m110EnvMappingTexScaleS0.031250TexScaleT0.031250
vt 0.000000 0.000000 0.0
vt 0.000000 0.000000 0.0
vt 0.000000 0.000000 0.0
#vcolor 95.000000 42.000000 184.000000 255.000000
vn 0.748031 0.330709 1.448819
vn 0.755906 0.322835 1.456693
vn 0.551181 0.275591 1.236220
f 112/1174/307 111/1175/308 220/1176/309
#fvcolorindex 184 183 182 
vt 0.000000 0.000000 0.0
vt 0.000000 0.000000 0.0
vt 0.000000 0.000000 0.0
#vcolor 80.000000 254.000000 159.000000 255.000000
vn 0.748031 0.330709 1.448819
vn 0.551181 0.275591 1.236220
vn 0.629921 2.000000 1.251969
f 112/1177/310 220/1178/311 217/1179/312
#fvcolorindex 184 182 185 
usemtl m111EnvMappingTexScaleS0.031250TexScaleT0.031250
vt 0.000000 0.000000 0.0
vt 0.000000 0.000000 0.0
vt 0.000000 0.000000 0.0
#vcolor 105.000000 246.000000 187.000000 255.000000
vn 0.826772 1.937008 1.472441
vn 0.748031 0.330709 1.448819
vn 0.629921 2.000000 1.251969
f 114/1180/313 112/1181/314 217/1182/315
#fvcolorindex 186 184 185 
vt 0.000000 0.000000 0.0
vt 0.000000 0.000000 0.0
vt 0.000000 0.000000 0.0
#vcolor 80.000000 0.000000 158.000000 255.000000
vn 0.826772 1.937008 1.472441
vn 0.629921 2.000000 1.251969
vn 0.629921 0.000000 1.244094
f 114/1183/316 217/1184/317 216/1185/318
#fvcolorindex 186 185 187 
usemtl m112EnvMappingTexScaleS0.031250TexScaleT0.031250
vt 0.000000 0.000000 0.0
vt 0.000000 0.000000 0.0
vt 0.000000 0.000000 0.0
#vcolor 103.000000 250.000000 183.000000 255.000000
vn 0.629921 0.000000 1.244094
vn 0.811024 1.968504 1.440945
vn 0.826772 1.937008 1.472441
f 216/1186/319 116/1187/320 114/1188/321
#fvcolorindex 187 188 186 
usemtl m113EnvMappingTexScaleS0.031250TexScaleT0.031250
vt 0.000000 0.000000 0.0
vt 0.000000 0.000000 0.0
vt 0.000000 0.000000 0.0
#vcolor 254.000000 53.000000 115.000000 255.000000
#vcolor 35.000000 59.000000 106.000000 255.000000
#vcolor 53.000000 67.000000 93.000000 255.000000
vn 2.000000 0.417323 0.905512
vn 0.275591 0.464567 0.834646
vn 0.417323 0.527559 0.732283
f 119/1189/322 94/1190/323 188/1191/324
#fvcolorindex 189 190 191 
usemtl m114EnvMappingTexScaleS0.031250TexScaleT0.031250
vt 0.000000 0.000000 0.0
vt 0.000000 0.000000 0.0
vt 0.000000 0.000000 0.0
#vcolor 65.000000 61.000000 89.000000 255.000000
vn 0.417323 0.527559 0.732283
vn 0.275591 0.464567 0.834646
vn 0.511811 0.480315 0.700787
f 188/1192/325 94/1193/326 93/1194/327
#fvcolorindex 191 190 192 
vt 0.000000 0.000000 0.0
vt 0.000000 0.000000 0.0
vt 0.000000 0.000000 0.0
v 163.008575 3.296425 361.734039
#joint 33
#vjoint 252
#vcolor 69.000000 78.000000 71.000000 255.000000
vn 0.417323 0.527559 0.732283
vn 0.511811 0.480315 0.700787
vn 0.543307 0.614173 0.559055
f 188/1195/328 93/1196/329 252/1197/330
#fvcolorindex 191 192 193 
usemtl m115EnvMappingTexScaleS0.031250TexScaleT0.031250
vt 0.000000 0.000000 0.0
vt 0.000000 0.000000 0.0
vt 0.000000 0.000000 0.0
#vcolor 69.000000 85.000000 64.000000 255.000000
vn 0.543307 0.614173 0.559055
vn 0.543307 0.669291 0.503937
vn 0.417323 0.527559 0.732283
f 252/1198/331 122/1199/332 188/1200/333
#fvcolorindex 193 194 191 
usemtl m114EnvMappingTexScaleS0.031250TexScaleT0.031250
vt 0.000000 0.000000 0.0
vt 0.000000 0.000000 0.0
vt 0.000000 0.000000 0.0
#vcolor 98.000000 54.000000 59.000000 255.000000
vn 0.417323 0.527559 0.732283
vn 0.543307 0.669291 0.503937
vn 0.771654 0.425197 0.464567
f 188/1201/334 122/1202/335 120/1203/336
#fvcolorindex 191 194 195 
usemtl m115EnvMappingTexScaleS0.031250TexScaleT0.031250
vt 0.000000 0.000000 0.0
vt 0.000000 0.000000 0.0
vt 0.000000 0.000000 0.0
v 163.008575 3.296425 338.734039
#joint 33
#vjoint 253
#vcolor 73.000000 81.000000 62.000000 255.000000
vn 0.543307 0.614173 0.559055
vn 0.574803 0.637795 0.488189
vn 0.543307 0.669291 0.503937
f 252/1204/337 253/1205/338 122/1206/339
#fvcolorindex 193 196 194 
usemtl m116EnvMappingTexScaleS0.031250TexScaleT0.031250
vt 0.000000 0.000000 0.0
vt 0.000000 0.000000 0.0
vt 0.000000 0.000000 0.0
v 152.008575 6.296425 286.734039
#joint 33
#vjoint 254
#vcolor 74.000000 95.000000 37.000000 255.000000
vn 0.543307 0.669291 0.503937
vn 0.574803 0.637795 0.488189
vn 0.582677 0.748031 0.291339
f 122/1207/340 253/1208/341 254/1209/342
#fvcolorindex 194 196 197 
usemtl m117EnvMappingTexScaleS0.031250TexScaleT0.031250
vt 0.000000 0.000000 0.0
vt 0.000000 0.000000 0.0
vt 0.000000 0.000000 0.0
v 163.008575 2.296425 286.734039
#joint 33
#vjoint 255
#vcolor 79.000000 91.000000 36.000000 255.000000
vn 0.574803 0.637795 0.488189
vn 0.622047 0.716535 0.283465
vn 0.582677 0.748031 0.291339
f 253/1210/343 255/1211/344 254/1212/345
#fvcolorindex 196 198 197 
usemtl m118EnvMappingTexScaleS0.031250TexScaleT0.031250
vt 0.000000 0.000000 0.0
vt 0.000000 0.000000 0.0
vt 0.000000 0.000000 0.0
#vcolor 85.000000 92.000000 11.000000 255.000000
vn 0.582677 0.748031 0.291339
vn 0.622047 0.716535 0.283465
vn 0.669291 0.724409 0.086614
f 254/1213/346 255/1214/347 113/1215/348
#fvcolorindex 197 198 199 
usemtl m119EnvMappingTexScaleS0.031250TexScaleT0.031250
vt 0.000000 0.000000 0.0
vt 0.000000 0.000000 0.0
vt 0.000000 0.000000 0.0
v 163.008575 0.296425 245.734039
#joint 33
#vjoint 256
#vcolor 91.000000 87.000000 10.000000 255.000000
vn 0.622047 0.716535 0.283465
vn 0.716535 0.685039 0.078740
vn 0.669291 0.724409 0.086614
f 255/1216/349 256/1217/350 113/1218/351
#fvcolorindex 198 200 199 
usemtl m120EnvMappingTexScaleS0.031250TexScaleT0.031250
vt 0.000000 0.000000 0.0
vt 0.000000 0.000000 0.0
vt 0.000000 0.000000 0.0
#vcolor 93.000000 85.000000 249.000000 255.000000
vn 0.716535 0.685039 0.078740
vn 0.732283 0.669291 1.960630
vn 0.669291 0.724409 0.086614
f 256/1219/352 110/1220/353 113/1221/354
#fvcolorindex 200 201 199 
usemtl m121EnvMappingTexScaleS0.031250TexScaleT0.031250
vt 0.000000 0.000000 0.0
vt 0.000000 0.000000 0.0
vt 0.000000 0.000000 0.0
v 57.008568 93.296425 91.734039
#joint 33
#vjoint 257
#vcolor 180.000000 77.000000 191.000000 255.000000
#vcolor 189.000000 84.000000 190.000000 255.000000
#vcolor 200.000000 62.000000 161.000000 255.000000
vn 1.417323 0.606299 1.503937
vn 1.488189 0.661417 1.496063
vn 1.574803 0.488189 1.267717
f 257/1222/355 251/1223/356 241/1224/357
#fvcolorindex 202 203 204 
vt 0.000000 0.000000 0.0
vt 0.000000 0.000000 0.0
vt 0.000000 0.000000 0.0
#vcolor 198.000000 59.000000 161.000000 255.000000
vn 1.417323 0.606299 1.503937
vn 1.574803 0.488189 1.267717
vn 1.559055 0.464567 1.267717
f 257/1225/358 241/1226/359 238/1227/360
#fvcolorindex 202 204 205 
usemtl m122EnvMappingTexScaleS0.031250TexScaleT0.031250
vt 0.000000 0.000000 0.0
vt 0.000000 0.000000 0.0
vt 0.000000 0.000000 0.0
#vcolor 184.000000 103.000000 0.000000 255.000000
#vcolor 193.000000 109.000000 0.000000 255.000000
v 57.008568 93.296425 339.734039
#joint 33
#vjoint 258
#vcolor 181.000000 101.000000 0.000000 255.000000
vn 1.448819 0.811024 0.000000
vn 1.519685 0.858268 0.000000
vn 1.425197 0.795276 0.000000
f 197/1228/361 196/1229/362 258/1230/363
#fvcolorindex 206 207 208 
usemtl m123EnvMappingTexScaleS0.031250TexScaleT0.031250
vt 0.000000 0.000000 0.0
vt 0.000000 0.000000 0.0
vt 0.000000 0.000000 0.0
#vcolor 222.000000 134.000000 255.000000 255.000000
#vcolor 227.000000 133.000000 255.000000 255.000000
#vcolor 235.000000 132.000000 14.000000 255.000000
vn 1.748031 1.055118 2.007874
vn 1.787402 1.047244 2.007874
vn 1.850394 1.039370 0.110236
f 140/1231/364 141/1232/365 228/1233/366
#fvcolorindex 209 210 211 
vt 0.000000 0.000000 0.0
vt 0.000000 0.000000 0.0
vt 0.000000 0.000000 0.0
#vcolor 231.000000 133.000000 16.000000 255.000000
vn 1.748031 1.055118 2.007874
vn 1.850394 1.039370 0.110236
vn 1.818898 1.047244 0.125984
f 140/1234/367 228/1235/368 229/1236/369
#fvcolorindex 209 211 212 
usemtl m124EnvMappingTexScaleS0.031250TexScaleT0.031250
vt 0.000000 0.000000 0.0
vt 0.000000 0.000000 0.0
vt 0.000000 0.000000 0.0
#vcolor 113.000000 201.000000 13.000000 255.000000
#vcolor 114.000000 202.000000 9.000000 255.000000
#vcolor 117.000000 209.000000 9.000000 255.000000
vn 0.889764 1.582677 0.102362
vn 0.897638 1.590551 0.070866
vn 0.921260 1.645669 0.070866
f 231/1237/370 149/1238/371 138/1239/372
#fvcolorindex 213 214 215 
vt 0.000000 0.000000 0.0
vt 0.000000 0.000000 0.0
vt 0.000000 0.000000 0.0
#vcolor 116.000000 208.000000 13.000000 255.000000
vn 0.889764 1.582677 0.102362
vn 0.921260 1.645669 0.070866
vn 0.913386 1.637795 0.102362
f 231/1240/373 138/1241/374 181/1242/375
#fvcolorindex 213 215 216 
usemtl m125EnvMappingTexScaleS0.031250TexScaleT0.031250
vt 0.000000 0.000000 0.0
vt 0.000000 0.000000 0.0
vt 0.000000 0.000000 0.0
#vcolor 121.000000 231.000000 229.000000 255.000000
#vcolor 120.000000 227.000000 229.000000 255.000000
v 303.008575 -11.703575 123.734039
#joint 33
#vjoint 259
#vcolor 117.000000 227.000000 219.000000 255.000000
vn 0.952756 1.818898 1.803150
vn 0.944882 1.787402 1.803150
vn 0.921260 1.787402 1.724409
f 227/1243/376 226/1244/377 259/1245/378
#fvcolorindex 217 218 219 
vt 0.000000 0.000000 0.0
vt 0.000000 0.000000 0.0
vt 0.000000 0.000000 0.0
v 303.008575 -0.703575 123.734039
#joint 33
#vjoint 260
#vcolor 118.000000 231.000000 219.000000 255.000000
vn 0.952756 1.818898 1.803150
vn 0.921260 1.787402 1.724409
vn 0.929134 1.818898 1.724409
f 227/1246/379 259/1247/380 260/1248/381
#fvcolorindex 217 219 220 
usemtl m126EnvMappingTexScaleS0.031250TexScaleT0.031250
vt 0.000000 0.000000 0.0
vt 0.000000 0.000000 0.0
vt 0.000000 0.000000 0.0
#vcolor 14.000000 62.000000 147.000000 255.000000
#vcolor 11.000000 65.000000 148.000000 255.000000
#vcolor 13.000000 93.000000 172.000000 255.000000
vn 0.110236 0.488189 1.157480
vn 0.086614 0.511811 1.165354
vn 0.102362 0.732283 1.354331
f 239/1249/382 240/1250/383 250/1251/384
#fvcolorindex 221 222 223 
vt 0.000000 0.000000 0.0
vt 0.000000 0.000000 0.0
vt 0.000000 0.000000 0.0
v 117.008568 93.296425 91.734039
#joint 33
#vjoint 261
#vcolor 20.000000 89.000000 168.000000 255.000000
vn 0.110236 0.488189 1.157480
vn 0.102362 0.732283 1.354331
vn 0.157480 0.700787 1.322835
f 239/1252/385 250/1253/386 261/1254/387
#fvcolorindex 221 223 224 
usemtl m127EnvMappingTexScaleS0.031250TexScaleT0.031250
vt 0.000000 0.000000 0.0
vt 0.000000 0.000000 0.0
vt 0.000000 0.000000 0.0
#vcolor 121.000000 1.000000 219.000000 255.000000
#vcolor 96.000000 5.000000 174.000000 255.000000
#vcolor 89.000000 40.000000 176.000000 255.000000
vn 0.952756 0.007874 1.724409
vn 0.755906 0.039370 1.370079
vn 0.700787 0.314961 1.385827
f 117/1255/388 233/1256/389 234/1257/390
#fvcolorindex 225 226 227 
vt 0.000000 0.000000 0.0
vt 0.000000 0.000000 0.0
vt 0.000000 0.000000 0.0
v 147.008575 59.296425 116.734039
#joint 33
#vjoint 262
#vcolor 109.000000 49.000000 216.000000 255.000000
vn 0.952756 0.007874 1.724409
vn 0.700787 0.314961 1.385827
vn 0.858268 0.385827 1.700787
f 117/1258/391 234/1259/392 262/1260/393
#fvcolorindex 225 227 228 
vt 0.000000 0.000000 0.0
vt 0.000000 0.000000 0.0
vt 0.000000 0.000000 0.0
#vcolor 112.000000 244.000000 199.000000 255.000000
#vcolor 95.000000 245.000000 173.000000 255.000000
vn 0.952756 0.007874 1.724409
vn 0.881890 1.921260 1.566929
vn 0.748031 1.929134 1.362205
f 117/1261/394 116/1262/395 216/1263/396
#fvcolorindex 225 229 230 
usemtl m128EnvMappingTexScaleS0.031250TexScaleT0.031250
vt 0.000000 0.000000 0.0
vt 0.000000 0.000000 0.0
vt 0.000000 0.000000 0.0
vn 0.748031 1.929134 1.362205
vn 0.755906 0.039370 1.370079
vn 0.952756 0.007874 1.724409
f 216/1264/397 233/1265/398 117/1266/399
#fvcolorindex 230 226 225 
usemtl m129EnvMappingTexScaleS0.031250TexScaleT0.031250
vt 0.000000 0.000000 0.0
vt 0.000000 0.000000 0.0
vt 0.000000 0.000000 0.0
#vcolor 71.000000 68.000000 177.000000 255.000000
v 133.008575 79.296425 104.734039
#joint 33
#vjoint 263
#vcolor 85.000000 82.000000 212.000000 255.000000
vn 0.700787 0.314961 1.385827
vn 0.559055 0.535433 1.393701
vn 0.669291 0.645669 1.669291
f 234/1267/400 237/1268/401 263/1269/402
#fvcolorindex 227 231 232 
vt 0.000000 0.000000 0.0
vt 0.000000 0.000000 0.0
vt 0.000000 0.000000 0.0
vn 0.700787 0.314961 1.385827
vn 0.669291 0.645669 1.669291
vn 0.858268 0.385827 1.700787
f 234/1270/403 263/1271/404 262/1272/405
#fvcolorindex 227 232 228 
usemtl m130EnvMappingTexScaleS0.031250TexScaleT0.031250
vt 0.000000 0.000000 0.0
vt 0.000000 0.000000 0.0
vt 0.000000 0.000000 0.0
#vcolor 59.000000 80.000000 179.000000 255.000000
#vcolor 69.000000 94.000000 209.000000 255.000000
vn 0.559055 0.535433 1.393701
vn 0.464567 0.629921 1.409449
vn 0.543307 0.740157 1.645669
f 237/1273/406 239/1274/407 261/1275/408
#fvcolorindex 231 233 234 
vt 0.000000 0.000000 0.0
vt 0.000000 0.000000 0.0
vt 0.000000 0.000000 0.0
vn 0.559055 0.535433 1.393701
vn 0.543307 0.740157 1.645669
vn 0.669291 0.645669 1.669291
f 237/1276/409 261/1277/410 263/1278/411
#fvcolorindex 231 234 232 
usemtl m131EnvMappingTexScaleS0.031250TexScaleT0.031250
vt 0.000000 0.000000 0.0
vt 0.000000 0.000000 0.0
vt 0.000000 0.000000 0.0
v 27.008568 59.296425 331.734039
#joint 33
#vjoint 264
#vcolor 139.000000 48.000000 0.000000 255.000000
#vcolor 132.000000 23.000000 0.000000 255.000000
vn 1.094488 0.377953 0.000000
vn 1.039370 0.181102 0.000000
vn 1.094488 0.377953 0.000000
f 264/1279/412 242/1280/413 243/1281/414
#fvcolorindex 235 236 235 
usemtl m132EnvMappingTexScaleS0.031250TexScaleT0.031250
vt 0.000000 0.000000 0.0
vt 0.000000 0.000000 0.0
vt 0.000000 0.000000 0.0
vn 1.039370 0.181102 0.000000
vn 1.039370 0.181102 0.000000
vn 1.094488 0.377953 0.000000
f 68/1282/415 242/1283/416 264/1284/417
#fvcolorindex 236 236 235 
usemtl m133EnvMappingTexScaleS0.031250TexScaleT0.031250
vt 0.000000 0.000000 0.0
vt 0.000000 0.000000 0.0
vt 0.000000 0.000000 0.0
#vcolor 146.000000 4.000000 62.000000 255.000000
#vcolor 134.000000 4.000000 34.000000 255.000000
#vcolor 137.000000 235.000000 38.000000 255.000000
vn 1.149606 0.031496 0.488189
vn 1.055118 0.031496 0.267717
vn 1.078740 1.850394 0.299213
f 242/1285/418 68/1286/419 66/1287/420
#fvcolorindex 237 238 239 
usemtl m134EnvMappingTexScaleS0.031250TexScaleT0.031250
vt 0.000000 0.000000 0.0
vt 0.000000 0.000000 0.0
vt 0.000000 0.000000 0.0
#vcolor 149.000000 237.000000 64.000000 255.000000
vn 1.078740 1.850394 0.299213
vn 1.173228 1.866142 0.503937
vn 1.149606 0.031496 0.488189
f 66/1288/421 191/1289/422 242/1290/423
#fvcolorindex 239 240 237 
usemtl m135EnvMappingTexScaleS0.031250TexScaleT0.031250
vt 0.000000 0.000000 0.0
vt 0.000000 0.000000 0.0
vt 0.000000 0.000000 0.0
#vcolor 163.000000 85.000000 0.000000 255.000000
v 41.008568 79.296425 335.734039
#joint 33
#vjoint 265
vn 1.283465 0.669291 0.000000
vn 1.283465 0.669291 0.000000
vn 1.094488 0.377953 0.000000
f 244/1291/424 265/1292/425 264/1293/426
#fvcolorindex 241 241 235 
usemtl m131EnvMappingTexScaleS0.031250TexScaleT0.031250
vt 0.000000 0.000000 0.0
vt 0.000000 0.000000 0.0
vt 0.000000 0.000000 0.0
vn 1.094488 0.377953 0.000000
vn 1.094488 0.377953 0.000000
vn 1.283465 0.669291 0.000000
f 264/1294/427 243/1295/428 244/1296/429
#fvcolorindex 235 235 241 
usemtl m136EnvMappingTexScaleS0.031250TexScaleT0.031250
vt 0.000000 0.000000 0.0
vt 0.000000 0.000000 0.0
vt 0.000000 0.000000 0.0
vn 1.425197 0.795276 0.000000
vn 1.283465 0.669291 0.000000
vn 1.448819 0.811024 0.000000
f 258/1297/430 244/1298/431 197/1299/432
#fvcolorindex 208 241 206 
vt 0.000000 0.000000 0.0
vt 0.000000 0.000000 0.0
vt 0.000000 0.000000 0.0
vn 1.425197 0.795276 0.000000
vn 1.283465 0.669291 0.000000
vn 1.283465 0.669291 0.000000
f 258/1300/433 265/1301/434 244/1302/435
#fvcolorindex 208 241 241 
usemtl m137EnvMappingTexScaleS0.031250TexScaleT0.031250
vt 0.000000 0.000000 0.0
vt 0.000000 0.000000 0.0
vt 0.000000 0.000000 0.0
#vcolor 135.000000 1.000000 218.000000 255.000000
#vcolor 161.000000 5.000000 173.000000 255.000000
#vcolor 162.000000 245.000000 172.000000 255.000000
vn 1.062992 0.007874 1.716535
vn 1.267717 0.039370 1.362205
vn 1.275591 1.929134 1.354331
f 69/1303/436 232/1304/437 219/1305/438
#fvcolorindex 242 243 244 
usemtl m138EnvMappingTexScaleS0.031250TexScaleT0.031250
vt 0.000000 0.000000 0.0
vt 0.000000 0.000000 0.0
vt 0.000000 0.000000 0.0
v 27.008568 59.296425 116.734039
#joint 33
#vjoint 266
#vcolor 148.000000 50.000000 215.000000 255.000000
#vcolor 168.000000 40.000000 175.000000 255.000000
vn 1.165354 0.393701 1.692913
vn 1.322835 0.314961 1.377953
vn 1.267717 0.039370 1.362205
f 266/1306/439 235/1307/440 232/1308/441
#fvcolorindex 245 246 243 
vt 0.000000 0.000000 0.0
vt 0.000000 0.000000 0.0
vt 0.000000 0.000000 0.0
vn 1.165354 0.393701 1.692913
vn 1.267717 0.039370 1.362205
vn 1.062992 0.007874 1.716535
f 266/1309/442 232/1310/443 69/1311/444
#fvcolorindex 245 243 242 
vt 0.000000 0.000000 0.0
vt 0.000000 0.000000 0.0
vt 0.000000 0.000000 0.0
v 41.008568 79.296425 104.734039
#joint 33
#vjoint 267
#vcolor 172.000000 83.000000 212.000000 255.000000
#vcolor 186.000000 69.000000 177.000000 255.000000
vn 1.165354 0.393701 1.692913
vn 1.354331 0.653543 1.669291
vn 1.464567 0.543307 1.393701
f 266/1312/445 267/1313/446 236/1314/447
#fvcolorindex 245 247 248 
vt 0.000000 0.000000 0.0
vt 0.000000 0.000000 0.0
vt 0.000000 0.000000 0.0
vn 1.165354 0.393701 1.692913
vn 1.464567 0.543307 1.393701
vn 1.322835 0.314961 1.377953
f 266/1315/448 236/1316/449 235/1317/450
#fvcolorindex 245 248 246 
usemtl m139EnvMappingTexScaleS0.031250TexScaleT0.031250
vt 0.000000 0.000000 0.0
vt 0.000000 0.000000 0.0
vt 0.000000 0.000000 0.0
#vcolor 188.000000 95.000000 208.000000 255.000000
#vcolor 198.000000 81.000000 178.000000 255.000000
vn 1.354331 0.653543 1.669291
vn 1.480315 0.748031 1.637795
vn 1.559055 0.637795 1.401575
f 267/1318/451 257/1319/452 238/1320/453
#fvcolorindex 247 249 250 
vt 0.000000 0.000000 0.0
vt 0.000000 0.000000 0.0
vt 0.000000 0.000000 0.0
vn 1.354331 0.653543 1.669291
vn 1.559055 0.637795 1.401575
vn 1.464567 0.543307 1.393701
f 267/1321/454 238/1322/455 236/1323/456
#fvcolorindex 247 250 248 
usemtl m140EnvMappingTexScaleS0.031250TexScaleT0.031250
vt 0.000000 0.000000 0.0
vt 0.000000 0.000000 0.0
vt 0.000000 0.000000 0.0
#vcolor 143.000000 243.000000 201.000000 255.000000
vn 1.275591 1.929134 1.354331
vn 1.125984 1.913386 1.582677
vn 1.062992 0.007874 1.716535
f 219/1324/457 65/1325/458 69/1326/459
#fvcolorindex 244 251 242 
usemtl m141EnvMappingTexScaleS0.031250TexScaleT0.031250
vt 0.000000 0.000000 0.0
vt 0.000000 0.000000 0.0
vt 0.000000 0.000000 0.0
#vcolor 119.000000 0.000000 43.000000 255.000000
#vcolor 110.000000 0.000000 61.000000 255.000000
#vcolor 119.000000 247.000000 42.000000 255.000000
vn 0.937008 0.000000 0.338583
vn 0.866142 0.000000 0.480315
vn 0.937008 1.944882 0.330709
f 252/1327/460 93/1328/461 92/1329/462
#fvcolorindex 252 253 254 
usemtl m142EnvMappingTexScaleS0.031250TexScaleT0.031250
vt 0.000000 0.000000 0.0
vt 0.000000 0.000000 0.0
vt 0.000000 0.000000 0.0
#vcolor 121.000000 246.000000 36.000000 255.000000
vn 0.937008 1.944882 0.330709
vn 0.952756 1.937008 0.283465
vn 0.937008 0.000000 0.338583
f 92/1330/463 91/1331/464 252/1332/465
#fvcolorindex 254 255 252 
usemtl m141EnvMappingTexScaleS0.031250TexScaleT0.031250
vt 0.000000 0.000000 0.0
vt 0.000000 0.000000 0.0
vt 0.000000 0.000000 0.0
#vcolor 121.000000 0.000000 36.000000 255.000000
vn 0.937008 0.000000 0.338583
vn 0.952756 1.937008 0.283465
vn 0.952756 0.000000 0.283465
f 252/1333/466 91/1334/467 253/1335/468
#fvcolorindex 252 255 256 
usemtl m143EnvMappingTexScaleS0.031250TexScaleT0.031250
vt 0.000000 0.000000 0.0
vt 0.000000 0.000000 0.0
vt 0.000000 0.000000 0.0
#vcolor 124.000000 5.000000 25.000000 255.000000
vn 0.952756 1.937008 0.283465
vn 0.976378 0.039370 0.196850
vn 0.952756 0.000000 0.283465
f 91/1336/469 255/1337/470 253/1338/471
#fvcolorindex 255 257 256 
usemtl m144EnvMappingTexScaleS0.031250TexScaleT0.031250
vt 0.000000 0.000000 0.0
vt 0.000000 0.000000 0.0
vt 0.000000 0.000000 0.0
#vcolor 122.000000 243.000000 31.000000 255.000000
vn 0.976378 0.039370 0.196850
vn 0.952756 1.937008 0.283465
vn 0.960630 1.913386 0.244094
f 255/1339/472 91/1340/473 90/1341/474
#fvcolorindex 257 255 258 
vt 0.000000 0.000000 0.0
vt 0.000000 0.000000 0.0
vt 0.000000 0.000000 0.0
#vcolor 126.000000 3.000000 0.000000 255.000000
vn 0.976378 0.039370 0.196850
vn 0.960630 1.913386 0.244094
vn 0.992126 0.023622 0.000000
f 255/1342/475 90/1343/476 89/1344/477
#fvcolorindex 257 258 259 
usemtl m145EnvMappingTexScaleS0.031250TexScaleT0.031250
vt 0.000000 0.000000 0.0
vt 0.000000 0.000000 0.0
vt 0.000000 0.000000 0.0
#vcolor 125.000000 17.000000 247.000000 255.000000
vn 0.992126 0.023622 0.000000
vn 0.984252 0.133858 1.944882
vn 0.976378 0.039370 0.196850
f 89/1345/478 256/1346/479 255/1347/480
#fvcolorindex 259 260 257 
usemtl m146EnvMappingTexScaleS0.031250TexScaleT0.031250
vt 0.000000 0.000000 0.0
vt 0.000000 0.000000 0.0
vt 0.000000 0.000000 0.0
#vcolor 124.000000 255.000000 230.000000 255.000000
vn 0.976378 2.007874 1.811024
vn 0.984252 0.133858 1.944882
vn 0.992126 0.023622 0.000000
f 108/1348/481 256/1349/482 89/1350/483
#fvcolorindex 261 260 259 
vt 0.000000 0.000000 0.0
vt 0.000000 0.000000 0.0
vt 0.000000 0.000000 0.0
#vcolor 126.000000 254.000000 249.000000 255.000000
vn 0.976378 2.007874 1.811024
vn 0.992126 2.000000 1.960630
vn 0.984252 0.133858 1.944882
f 108/1351/484 110/1352/485 256/1353/486
#fvcolorindex 261 262 260 
usemtl m147EnvMappingTexScaleS0.031250TexScaleT0.031250
vt 0.000000 0.000000 0.0
vt 0.000000 0.000000 0.0
vt 0.000000 0.000000 0.0
#vcolor 114.000000 251.000000 202.000000 255.000000
#vcolor 112.000000 232.000000 203.000000 255.000000
#vcolor 98.000000 251.000000 177.000000 255.000000
vn 0.897638 1.976378 1.590551
vn 0.881890 1.826772 1.598425
vn 0.771654 1.976378 1.393701
f 111/1354/487 109/1355/488 222/1356/489
#fvcolorindex 263 264 265 
usemtl m148EnvMappingTexScaleS0.031250TexScaleT0.031250
vt 0.000000 0.000000 0.0
vt 0.000000 0.000000 0.0
vt 0.000000 0.000000 0.0
#vcolor 99.000000 234.000000 181.000000 255.000000
vn 0.881890 1.826772 1.598425
vn 0.779528 1.842520 1.425197
vn 0.771654 1.976378 1.393701
f 109/1357/490 215/1358/491 222/1359/492
#fvcolorindex 264 266 265 
usemtl m149EnvMappingTexScaleS0.031250TexScaleT0.031250
vt 0.000000 0.000000 0.0
vt 0.000000 0.000000 0.0
vt 0.000000 0.000000 0.0
#vcolor 159.000000 251.000000 176.000000 255.000000
#vcolor 157.000000 234.000000 180.000000 255.000000
#vcolor 145.000000 233.000000 200.000000 255.000000
vn 1.251969 1.976378 1.385827
vn 1.236220 1.842520 1.417323
vn 1.141732 1.834646 1.574803
f 223/1360/493 214/1361/494 59/1362/495
#fvcolorindex 267 268 269 
vt 0.000000 0.000000 0.0
vt 0.000000 0.000000 0.0
vt 0.000000 0.000000 0.0
#vcolor 143.000000 251.000000 199.000000 255.000000
vn 1.251969 1.976378 1.385827
vn 1.141732 1.834646 1.574803
vn 1.125984 1.976378 1.566929
f 223/1363/496 59/1364/497 58/1365/498
#fvcolorindex 267 269 270 
usemtl m150EnvMappingTexScaleS0.031250TexScaleT0.031250
vt 0.000000 0.000000 0.0
vt 0.000000 0.000000 0.0
vt 0.000000 0.000000 0.0
#vcolor 131.000000 19.000000 246.000000 255.000000
#vcolor 130.000000 253.000000 245.000000 255.000000
#vcolor 132.000000 251.000000 232.000000 255.000000
vn 1.031496 0.149606 1.937008
vn 1.023622 1.992126 1.929134
vn 1.039370 1.976378 1.826772
f 249/1366/499 57/1367/500 60/1368/501
#fvcolorindex 271 272 273 
usemtl m151EnvMappingTexScaleS0.031250TexScaleT0.031250
vt 0.000000 0.000000 0.0
vt 0.000000 0.000000 0.0
vt 0.000000 0.000000 0.0
#vcolor 130.000000 4.000000 0.000000 255.000000
vn 1.023622 0.031496 0.000000
vn 1.031496 0.149606 1.937008
vn 1.039370 1.976378 1.826772
f 98/1369/502 249/1370/503 60/1371/504
#fvcolorindex 274 271 273 
usemtl m152EnvMappingTexScaleS0.031250TexScaleT0.031250
vt 0.000000 0.000000 0.0
vt 0.000000 0.000000 0.0
vt 0.000000 0.000000 0.0
#vcolor 132.000000 6.000000 26.000000 255.000000
vn 1.039370 0.047244 0.204724
vn 1.031496 0.149606 1.937008
vn 1.023622 0.031496 0.000000
f 248/1372/505 249/1373/506 98/1374/507
#fvcolorindex 275 271 274 
usemtl m151EnvMappingTexScaleS0.031250TexScaleT0.031250
vt 0.000000 0.000000 0.0
vt 0.000000 0.000000 0.0
vt 0.000000 0.000000 0.0
#vcolor 135.000000 243.000000 32.000000 255.000000
vn 1.023622 0.031496 0.000000
vn 1.062992 1.913386 0.251969
vn 1.039370 0.047244 0.204724
f 98/1375/508 106/1376/509 248/1377/510
#fvcolorindex 274 276 275 
usemtl m153EnvMappingTexScaleS0.031250TexScaleT0.031250
vt 0.000000 0.000000 0.0
vt 0.000000 0.000000 0.0
vt 0.000000 0.000000 0.0
#vcolor 135.000000 246.000000 36.000000 255.000000
vn 1.062992 1.913386 0.251969
vn 1.062992 1.937008 0.283465
vn 1.039370 0.047244 0.204724
f 106/1378/511 107/1379/512 248/1380/513
#fvcolorindex 276 277 275 
usemtl m154EnvMappingTexScaleS0.031250TexScaleT0.031250
vt 0.000000 0.000000 0.0
vt 0.000000 0.000000 0.0
vt 0.000000 0.000000 0.0
#vcolor 135.000000 0.000000 37.000000 255.000000
vn 1.062992 0.000000 0.291339
vn 1.039370 0.047244 0.204724
vn 1.062992 1.937008 0.283465
f 245/1381/514 248/1382/515 107/1383/516
#fvcolorindex 278 275 277 
vt 0.000000 0.000000 0.0
vt 0.000000 0.000000 0.0
vt 0.000000 0.000000 0.0
#vcolor 137.000000 0.000000 43.000000 255.000000
vn 1.062992 0.000000 0.291339
vn 1.062992 1.937008 0.283465
vn 1.078740 0.000000 0.338583
f 245/1384/517 107/1385/518 246/1386/519
#fvcolorindex 278 277 279 
usemtl m155EnvMappingTexScaleS0.031250TexScaleT0.031250
vt 0.000000 0.000000 0.0
vt 0.000000 0.000000 0.0
vt 0.000000 0.000000 0.0
#vcolor 137.000000 247.000000 43.000000 255.000000
vn 1.078740 0.000000 0.338583
vn 1.062992 1.937008 0.283465
vn 1.078740 1.944882 0.338583
f 246/1387/520 107/1388/521 73/1389/522
#fvcolorindex 279 277 280 
usemtl m156EnvMappingTexScaleS0.031250TexScaleT0.031250
vt 0.000000 0.000000 0.0
vt 0.000000 0.000000 0.0
vt 0.000000 0.000000 0.0
#vcolor 146.000000 0.000000 62.000000 255.000000
vn 1.078740 1.944882 0.338583
vn 1.149606 0.000000 0.488189
vn 1.078740 0.000000 0.338583
f 73/1390/523 72/1391/524 246/1392/525
#fvcolorindex 280 281 279 
usemtl m157EnvMappingTexScaleS0.031250TexScaleT0.031250
vt 0.000000 0.000000 0.0
vt 0.000000 0.000000 0.0
vt 0.000000 0.000000 0.0
#vcolor 204.000000 87.000000 180.000000 255.000000
#vcolor 168.000000 61.000000 190.000000 255.000000
#vcolor 89.000000 60.000000 190.000000 255.000000
vn 1.606299 0.685039 1.417323
vn 1.322835 0.480315 1.496063
vn 0.700787 0.472441 1.496063
f 267/1393/526 266/1394/527 262/1395/528
#fvcolorindex 282 283 284 
vt 0.000000 0.000000 0.0
vt 0.000000 0.000000 0.0
vt 0.000000 0.000000 0.0
#vcolor 52.000000 86.000000 180.000000 255.000000
vn 1.606299 0.685039 1.417323
vn 0.700787 0.472441 1.496063
vn 0.409449 0.677165 1.417323
f 267/1396/529 262/1397/530 263/1398/531
#fvcolorindex 282 284 285 
usemtl m158EnvMappingTexScaleS0.031250TexScaleT0.031250
vt 0.000000 0.000000 0.0
vt 0.000000 0.000000 0.0
vt 0.000000 0.000000 0.0
#vcolor 148.000000 17.000000 193.000000 255.000000
#vcolor 108.000000 17.000000 193.000000 255.000000
vn 1.322835 0.480315 1.496063
vn 1.165354 0.133858 1.519685
vn 0.850394 0.133858 1.519685
f 266/1399/532 168/1400/533 175/1401/534
#fvcolorindex 283 286 287 
vt 0.000000 0.000000 0.0
vt 0.000000 0.000000 0.0
vt 0.000000 0.000000 0.0
vn 1.322835 0.480315 1.496063
vn 0.850394 0.133858 1.519685
vn 0.700787 0.472441 1.496063
f 266/1402/535 175/1403/536 262/1404/537
#fvcolorindex 283 287 284 
usemtl m159EnvMappingTexScaleS0.031250TexScaleT0.031250
vt 0.000000 0.000000 0.0
vt 0.000000 0.000000 0.0
vt 0.000000 0.000000 0.0
#vcolor 115.000000 12.000000 204.000000 255.000000
vn 0.905512 0.094488 1.606299
vn 0.700787 0.472441 1.496063
vn 0.850394 0.133858 1.519685
f 117/1405/538 262/1406/539 175/1407/540
#fvcolorindex 288 284 287 
usemtl m157EnvMappingTexScaleS0.031250TexScaleT0.031250
vt 0.000000 0.000000 0.0
vt 0.000000 0.000000 0.0
vt 0.000000 0.000000 0.0
#vcolor 34.000000 90.000000 174.000000 255.000000
vn 1.606299 0.685039 1.417323
vn 0.409449 0.677165 1.417323
vn 0.267717 0.708661 1.370079
f 267/1408/541 263/1409/542 261/1410/543
#fvcolorindex 282 285 289 
vt 0.000000 0.000000 0.0
vt 0.000000 0.000000 0.0
vt 0.000000 0.000000 0.0
#vcolor 223.000000 90.000000 174.000000 255.000000
vn 1.606299 0.685039 1.417323
vn 0.267717 0.708661 1.370079
vn 1.755906 0.708661 1.370079
f 267/1411/544 261/1412/545 257/1413/546
#fvcolorindex 282 289 290 
usemtl m160EnvMappingTexScaleS0.031250TexScaleT0.031250
vt 0.000000 0.000000 0.0
vt 0.000000 0.000000 0.0
vt 0.000000 0.000000 0.0
#vcolor 236.000000 96.000000 177.000000 255.000000
vn 1.858268 0.755906 1.393701
vn 1.755906 0.708661 1.370079
vn 0.267717 0.708661 1.370079
f 251/1414/547 257/1415/548 261/1416/549
#fvcolorindex 291 290 289 
vt 0.000000 0.000000 0.0
vt 0.000000 0.000000 0.0
vt 0.000000 0.000000 0.0
#vcolor 21.000000 96.000000 177.000000 255.000000
vn 1.858268 0.755906 1.393701
vn 0.267717 0.708661 1.370079
vn 0.165354 0.755906 1.393701
f 251/1417/550 261/1418/551 250/1419/552
#fvcolorindex 291 289 292 
usemtl m161EnvMappingTexScaleS0.031250TexScaleT0.031250
vt 0.000000 0.000000 0.0
vt 0.000000 0.000000 0.0
vt 0.000000 0.000000 0.0
#vcolor 142.000000 12.000000 204.000000 255.000000
vn 1.165354 0.133858 1.519685
vn 1.322835 0.480315 1.496063
vn 1.118110 0.094488 1.606299
f 168/1420/553 266/1421/554 69/1422/555
#fvcolorindex 286 283 293 
usemtl m162EnvMappingTexScaleS0.031250TexScaleT0.031250
vt 0.000000 0.000000 0.0
vt 0.000000 0.000000 0.0
vt 0.000000 0.000000 0.0
#vcolor 32.000000 245.000000 134.000000 255.000000
#vcolor 29.000000 244.000000 134.000000 255.000000
#vcolor 34.000000 3.000000 134.000000 255.000000
vn 0.251969 1.929134 1.055118
vn 0.228346 1.921260 1.055118
vn 0.267717 0.023622 1.055118
f 121/1423/556 173/1424/557 205/1425/558
#fvcolorindex 294 295 296 
usemtl m163EnvMappingTexScaleS0.031250TexScaleT0.031250
vt 0.000000 0.000000 0.0
vt 0.000000 0.000000 0.0
vt 0.000000 0.000000 0.0
v 127.008568 55.296425 328.734039
#joint 33
#vjoint 268
#vcolor 32.000000 7.000000 134.000000 255.000000
vn 0.228346 1.921260 1.055118
vn 0.251969 0.055118 1.055118
vn 0.267717 0.023622 1.055118
f 173/1426/559 268/1427/560 205/1428/561
#fvcolorindex 295 297 296 
usemtl m164EnvMappingTexScaleS0.031250TexScaleT0.031250
vt 0.000000 0.000000 0.0
vt 0.000000 0.000000 0.0
vt 0.000000 0.000000 0.0
#vcolor 28.000000 20.000000 134.000000 255.000000
vn 0.251969 0.055118 1.055118
vn 0.220472 0.157480 1.055118
vn 0.267717 0.023622 1.055118
f 268/1429/562 206/1430/563 205/1431/564
#fvcolorindex 297 298 296 
usemtl m165EnvMappingTexScaleS0.031250TexScaleT0.031250
vt 0.000000 0.000000 0.0
vt 0.000000 0.000000 0.0
vt 0.000000 0.000000 0.0
#vcolor 17.000000 34.000000 136.000000 255.000000
vn 0.133858 0.267717 1.070866
vn 0.220472 0.157480 1.055118
vn 0.251969 0.055118 1.055118
f 204/1432/565 206/1433/566 268/1434/567
#fvcolorindex 299 298 297 
usemtl m164EnvMappingTexScaleS0.031250TexScaleT0.031250
vt 0.000000 0.000000 0.0
vt 0.000000 0.000000 0.0
vt 0.000000 0.000000 0.0
v 110.008568 74.296425 328.734039
#joint 33
#vjoint 269
#vcolor 26.000000 24.000000 135.000000 255.000000
vn 0.251969 0.055118 1.055118
vn 0.204724 0.188976 1.062992
vn 0.133858 0.267717 1.070866
f 268/1435/568 269/1436/569 204/1437/570
#fvcolorindex 297 300 299 
usemtl m166EnvMappingTexScaleS0.031250TexScaleT0.031250
vt 0.000000 0.000000 0.0
vt 0.000000 0.000000 0.0
vt 0.000000 0.000000 0.0
v 86.008568 81.296425 328.734039
#joint 33
#vjoint 270
#vcolor 0.000000 37.000000 135.000000 255.000000
vn 0.204724 0.188976 1.062992
vn 0.000000 0.291339 1.062992
vn 0.133858 0.267717 1.070866
f 269/1438/571 270/1439/572 204/1440/573
#fvcolorindex 300 301 299 
usemtl m165EnvMappingTexScaleS0.031250TexScaleT0.031250
vt 0.000000 0.000000 0.0
vt 0.000000 0.000000 0.0
vt 0.000000 0.000000 0.0
vn 0.133858 0.267717 1.070866
vn 0.000000 0.291339 1.062992
vn 0.102362 0.283465 1.070866
f 204/1441/574 270/1442/575 200/1443/576
#fvcolorindex 299 301 53 
usemtl m167EnvMappingTexScaleS0.031250TexScaleT0.031250
vt 0.000000 0.000000 0.0
vt 0.000000 0.000000 0.0
vt 0.000000 0.000000 0.0
vn 0.000000 0.291339 1.062992
vn 1.921260 0.291339 1.070866
vn 0.102362 0.283465 1.070866
f 270/1444/577 196/1445/578 200/1446/579
#fvcolorindex 301 54 53 
usemtl m168EnvMappingTexScaleS0.031250TexScaleT0.031250
vt 0.000000 0.000000 0.0
vt 0.000000 0.000000 0.0
vt 0.000000 0.000000 0.0
v 61.008568 75.296425 328.734039
#joint 33
#vjoint 271
#vcolor 231.000000 27.000000 135.000000 255.000000
#vcolor 240.000000 35.000000 136.000000 255.000000
vn 1.818898 0.212598 1.062992
vn 1.889764 0.275591 1.070866
vn 0.000000 0.291339 1.062992
f 271/1447/580 258/1448/581 270/1449/582
#fvcolorindex 302 303 301 
usemtl m167EnvMappingTexScaleS0.031250TexScaleT0.031250
vt 0.000000 0.000000 0.0
vt 0.000000 0.000000 0.0
vt 0.000000 0.000000 0.0
vn 0.000000 0.291339 1.062992
vn 1.889764 0.275591 1.070866
vn 1.921260 0.291339 1.070866
f 270/1450/583 258/1451/584 196/1452/585
#fvcolorindex 301 303 54 
usemtl m169EnvMappingTexScaleS0.031250TexScaleT0.031250
vt 0.000000 0.000000 0.0
vt 0.000000 0.000000 0.0
vt 0.000000 0.000000 0.0
v 43.008568 58.296425 328.734039
#joint 33
#vjoint 272
#vcolor 223.000000 9.000000 134.000000 255.000000
vn 1.755906 0.070866 1.055118
vn 1.889764 0.275591 1.070866
vn 1.818898 0.212598 1.062992
f 272/1453/586 258/1454/587 271/1455/588
#fvcolorindex 304 303 302 
usemtl m170EnvMappingTexScaleS0.031250TexScaleT0.031250
vt 0.000000 0.000000 0.0
vt 0.000000 0.000000 0.0
vt 0.000000 0.000000 0.0
#vcolor 222.000000 3.000000 134.000000 255.000000
#vcolor 227.000000 21.000000 135.000000 255.000000
vn 1.748031 0.023622 1.055118
vn 1.787402 0.165354 1.062992
vn 1.755906 0.070866 1.055118
f 264/1456/589 265/1457/590 272/1458/591
#fvcolorindex 305 306 304 
usemtl m169EnvMappingTexScaleS0.031250TexScaleT0.031250
vt 0.000000 0.000000 0.0
vt 0.000000 0.000000 0.0
vt 0.000000 0.000000 0.0
vn 1.755906 0.070866 1.055118
vn 1.787402 0.165354 1.062992
vn 1.889764 0.275591 1.070866
f 272/1459/592 265/1460/593 258/1461/594
#fvcolorindex 304 306 303 
usemtl m171EnvMappingTexScaleS0.031250TexScaleT0.031250
vt 0.000000 0.000000 0.0
vt 0.000000 0.000000 0.0
vt 0.000000 0.000000 0.0
#vcolor 224.000000 245.000000 134.000000 255.000000
#vcolor 226.000000 244.000000 134.000000 255.000000
vn 1.763780 1.929134 1.055118
vn 1.748031 0.023622 1.055118
vn 1.779528 1.921260 1.055118
f 68/1462/595 264/1463/596 169/1464/597
#fvcolorindex 307 305 308 
usemtl m169EnvMappingTexScaleS0.031250TexScaleT0.031250
vt 0.000000 0.000000 0.0
vt 0.000000 0.000000 0.0
vt 0.000000 0.000000 0.0
vn 1.755906 0.070866 1.055118
vn 1.779528 1.921260 1.055118
vn 1.748031 0.023622 1.055118
f 272/1465/598 169/1466/599 264/1467/600
#fvcolorindex 304 308 305 
usemtl m172EnvMappingTexScaleS0.031250TexScaleT0.031250
vt 0.000000 0.000000 0.0
vt 0.000000 0.000000 0.0
vt 0.000000 0.000000 0.0
#vcolor 105.000000 33.000000 194.000000 255.000000
#vcolor 107.000000 19.000000 192.000000 255.000000
v 154.008575 -11.703575 123.734039
#joint 33
#vjoint 273
#vcolor 156.000000 244.000000 180.000000 255.000000
vn 0.826772 0.259843 1.527559
vn 0.842520 0.149606 1.511811
vn 1.228346 1.921260 1.417323
f 260/1468/601 259/1469/602 273/1470/603
#fvcolorindex 309 310 311 
vt 0.000000 0.000000 0.0
vt 0.000000 0.000000 0.0
vt 0.000000 0.000000 0.0
v 153.008575 -0.703575 123.734039
#joint 33
#vjoint 274
#vcolor 155.000000 0.000000 180.000000 255.000000
vn 0.826772 0.259843 1.527559
vn 1.228346 1.921260 1.417323
vn 1.220472 0.000000 1.417323
f 260/1471/604 273/1472/605 274/1473/606
#fvcolorindex 309 311 312 
usemtl m173EnvMappingTexScaleS0.031250TexScaleT0.031250
vt 0.000000 0.000000 0.0
vt 0.000000 0.000000 0.0
vt 0.000000 0.000000 0.0
#vcolor 234.000000 79.000000 96.000000 255.000000
v 267.008575 2.296425 162.734039
#joint 33
#vjoint 275
#vcolor 238.000000 86.000000 91.000000 255.000000
v 251.008575 2.296425 131.734039
#joint 33
#vjoint 276
#vcolor 191.000000 105.000000 28.000000 255.000000
vn 1.842520 0.622047 0.755906
vn 1.874016 0.677165 0.716535
vn 1.503937 0.826772 0.220472
f 229/1474/607 275/1475/608 276/1476/609
#fvcolorindex 313 314 315 
vt 0.000000 0.000000 0.0
vt 0.000000 0.000000 0.0
vt 0.000000 0.000000 0.0
#vcolor 185.000000 98.000000 35.000000 255.000000
vn 1.842520 0.622047 0.755906
vn 1.503937 0.826772 0.220472
vn 1.456693 0.771654 0.275591
f 229/1477/610 276/1478/611 130/1479/612
#fvcolorindex 313 315 316 
usemtl m174EnvMappingTexScaleS0.031250TexScaleT0.031250
vt 0.000000 0.000000 0.0
vt 0.000000 0.000000 0.0
vt 0.000000 0.000000 0.0
#vcolor 194.000000 98.000000 50.000000 255.000000
v 187.008575 2.296425 131.734039
#joint 33
#vjoint 277
#vcolor 193.000000 101.000000 42.000000 255.000000
#vcolor 181.000000 73.000000 71.000000 255.000000
vn 1.527559 0.771654 0.393701
vn 1.519685 0.795276 0.330709
vn 1.425197 0.574803 0.559055
f 137/1480/613 277/1481/614 182/1482/615
#fvcolorindex 317 318 319 
vt 0.000000 0.000000 0.0
vt 0.000000 0.000000 0.0
vt 0.000000 0.000000 0.0
#vcolor 183.000000 69.000000 77.000000 255.000000
vn 1.527559 0.771654 0.393701
vn 1.425197 0.574803 0.559055
vn 1.440945 0.543307 0.606299
f 137/1483/616 182/1484/617 181/1485/618
#fvcolorindex 317 319 320 
usemtl m172EnvMappingTexScaleS0.031250TexScaleT0.031250
vt 0.000000 0.000000 0.0
vt 0.000000 0.000000 0.0
vt 0.000000 0.000000 0.0
v 300.008575 2.296425 125.734039
#joint 33
#vjoint 278
#vcolor 104.000000 38.000000 195.000000 255.000000
v 300.008575 2.296425 152.734039
#joint 33
#vjoint 279
#vcolor 114.000000 51.000000 17.000000 255.000000
vn 0.826772 0.259843 1.527559
vn 0.818898 0.299213 1.535433
vn 0.897638 0.401575 0.133858
f 260/1486/619 278/1487/620 279/1488/621
#fvcolorindex 309 321 322 
vt 0.000000 0.000000 0.0
vt 0.000000 0.000000 0.0
vt 0.000000 0.000000 0.0
#vcolor 116.000000 46.000000 17.000000 255.000000
vn 0.826772 0.259843 1.527559
vn 0.897638 0.401575 0.133858
vn 0.913386 0.362205 0.133858
f 260/1489/622 279/1490/623 227/1491/624
#fvcolorindex 309 322 323 
usemtl m175EnvMappingTexScaleS0.031250TexScaleT0.031250
vt 0.000000 0.000000 0.0
vt 0.000000 0.000000 0.0
vt 0.000000 0.000000 0.0
#vcolor 72.000000 54.000000 168.000000 255.000000
#vcolor 74.000000 49.000000 167.000000 255.000000
#vcolor 171.000000 45.000000 175.000000 255.000000
vn 0.566929 0.425197 1.322835
vn 0.582677 0.385827 1.314961
vn 1.346457 0.354331 1.377953
f 278/1492/625 260/1493/626 274/1494/627
#fvcolorindex 324 325 326 
vt 0.000000 0.000000 0.0
vt 0.000000 0.000000 0.0
vt 0.000000 0.000000 0.0
v 154.008575 2.296425 125.734039
#joint 33
#vjoint 280
#vcolor 171.000000 48.000000 177.000000 255.000000
vn 0.566929 0.425197 1.322835
vn 1.346457 0.354331 1.377953
vn 1.346457 0.377953 1.393701
f 278/1495/628 274/1496/629 280/1497/630
#fvcolorindex 324 326 327 
usemtl m176EnvMappingTexScaleS0.031250TexScaleT0.031250
vt 0.000000 0.000000 0.0
vt 0.000000 0.000000 0.0
vt 0.000000 0.000000 0.0
#vcolor 101.000000 51.000000 55.000000 255.000000
#vcolor 99.000000 55.000000 55.000000 255.000000
v 289.008575 2.296425 162.734039
#joint 33
#vjoint 281
#vcolor 90.000000 57.000000 68.000000 255.000000
vn 0.795276 0.401575 0.433071
vn 0.779528 0.433071 0.433071
vn 0.708661 0.448819 0.535433
f 227/1498/631 279/1499/632 281/1500/633
#fvcolorindex 328 329 330 
vt 0.000000 0.000000 0.0
vt 0.000000 0.000000 0.0
vt 0.000000 0.000000 0.0
#vcolor 83.000000 54.000000 78.000000 255.000000
vn 0.795276 0.401575 0.433071
vn 0.708661 0.448819 0.535433
vn 0.653543 0.425197 0.614173
f 227/1501/634 281/1502/635 224/1503/636
#fvcolorindex 328 330 331 
usemtl m177EnvMappingTexScaleS0.031250TexScaleT0.031250
vt 0.000000 0.000000 0.0
vt 0.000000 0.000000 0.0
vt 0.000000 0.000000 0.0
#vcolor 42.000000 65.000000 100.000000 255.000000
vn 0.653543 0.425197 0.614173
vn 0.708661 0.448819 0.535433
vn 0.330709 0.511811 0.787402
f 224/1504/637 281/1505/638 275/1506/639
#fvcolorindex 331 330 332 
vt 0.000000 0.000000 0.0
vt 0.000000 0.000000 0.0
vt 0.000000 0.000000 0.0
#vcolor 39.000000 61.000000 103.000000 255.000000
vn 0.653543 0.425197 0.614173
vn 0.330709 0.511811 0.787402
vn 0.307087 0.480315 0.811024
f 224/1507/640 275/1508/641 229/1509/642
#fvcolorindex 331 332 333 
usemtl m178EnvMappingTexScaleS0.031250TexScaleT0.031250
vt 0.000000 0.000000 0.0
vt 0.000000 0.000000 0.0
vt 0.000000 0.000000 0.0
#vcolor 177.000000 75.000000 64.000000 255.000000
#vcolor 178.000000 71.000000 69.000000 255.000000
#vcolor 23.000000 89.000000 87.000000 255.000000
vn 1.393701 0.590551 0.503937
vn 1.401575 0.559055 0.543307
vn 0.181102 0.700787 0.685039
f 277/1510/643 137/1511/644 130/1512/645
#fvcolorindex 334 335 336 
vt 0.000000 0.000000 0.0
vt 0.000000 0.000000 0.0
vt 0.000000 0.000000 0.0
#vcolor 27.000000 93.000000 81.000000 255.000000
vn 1.393701 0.590551 0.503937
vn 0.181102 0.700787 0.685039
vn 0.212598 0.732283 0.637795
f 277/1513/646 130/1514/647 276/1515/648
#fvcolorindex 334 336 337 
usemtl m179EnvMappingTexScaleS0.031250TexScaleT0.031250
vt 0.000000 0.000000 0.0
vt 0.000000 0.000000 0.0
vt 0.000000 0.000000 0.0
#vcolor 41.000000 117.000000 235.000000 255.000000
#vcolor 67.000000 97.000000 45.000000 255.000000
#vcolor 101.000000 72.000000 234.000000 255.000000
vn 0.322835 0.921260 1.850394
vn 0.527559 0.763780 0.354331
vn 0.795276 0.566929 1.842520
f 276/1516/649 275/1517/650 278/1518/651
#fvcolorindex 338 339 340 
usemtl m180EnvMappingTexScaleS0.031250TexScaleT0.031250
vt 0.000000 0.000000 0.0
vt 0.000000 0.000000 0.0
vt 0.000000 0.000000 0.0
#vcolor 92.000000 79.000000 37.000000 255.000000
vn 0.724409 0.622047 0.291339
vn 0.795276 0.566929 1.842520
vn 0.527559 0.763780 0.354331
f 281/1519/652 278/1520/653 275/1521/654
#fvcolorindex 341 340 339 
vt 0.000000 0.000000 0.0
vt 0.000000 0.000000 0.0
vt 0.000000 0.000000 0.0
#vcolor 101.000000 73.000000 19.000000 255.000000
vn 0.724409 0.622047 0.291339
vn 0.795276 0.574803 0.149606
vn 0.795276 0.566929 1.842520
f 281/1522/655 279/1523/656 278/1524/657
#fvcolorindex 341 342 340 
usemtl m181EnvMappingTexScaleS0.031250TexScaleT0.031250
vt 0.000000 0.000000 0.0
vt 0.000000 0.000000 0.0
vt 0.000000 0.000000 0.0
#vcolor 148.000000 63.000000 237.000000 255.000000
#vcolor 167.000000 88.000000 240.000000 255.000000
vn 0.795276 0.566929 1.842520
vn 1.165354 0.496063 1.866142
vn 1.314961 0.692913 1.889764
f 278/1525/658 280/1526/659 277/1527/660
#fvcolorindex 340 343 344 
vt 0.000000 0.000000 0.0
vt 0.000000 0.000000 0.0
vt 0.000000 0.000000 0.0
vn 0.795276 0.566929 1.842520
vn 1.314961 0.692913 1.889764
vn 0.322835 0.921260 1.850394
f 278/1528/661 277/1529/662 276/1530/663
#fvcolorindex 340 344 338 
usemtl m182EnvMappingTexScaleS0.031250TexScaleT0.031250
vt 0.000000 0.000000 0.0
vt 0.000000 0.000000 0.0
vt 0.000000 0.000000 0.0
#vcolor 156.000000 75.000000 18.000000 255.000000
vn 1.228346 0.590551 0.141732
vn 1.314961 0.692913 1.889764
vn 1.165354 0.496063 1.866142
f 182/1531/664 277/1532/665 280/1533/666
#fvcolorindex 345 344 343 
vt 0.000000 0.000000 0.0
vt 0.000000 0.000000 0.0
vt 0.000000 0.000000 0.0
#vcolor 149.000000 65.000000 16.000000 255.000000
vn 1.228346 0.590551 0.141732
vn 1.165354 0.496063 1.866142
vn 1.173228 0.511811 0.125984
f 182/1534/667 280/1535/668 183/1536/669
#fvcolorindex 345 343 346 
usemtl m183TransparentMirrorS
vt 0.031250 0.000000 0.0
vt 6.585938 0.000000 0.0
vt 5.962891 0.934570 0.0
#vcolor 92.000000 92.000000 92.000000 255.000000
#vcolor 150.000000 150.000000 150.000000 255.000000
f 117/1537 233/1538 234/1539
#fvcolorindex 7 347 348 
vt 0.031250 0.000000 0.0
vt 5.962891 0.934570 0.0
vt 0.083984 0.934570 0.0
f 117/1540 234/1541 262/1542
#fvcolorindex 7 348 348 
g secondary_Part03_Room02
usemtl m184TransparentCullBothEnvMappingTexScaleS0.015625TexScaleT0.015625
vt 0.000000 0.000000 0.0
vt 0.000000 0.000000 0.0
vt 0.000000 0.000000 0.0
v 124.008568 -3.467987 327.667297
#joint 34
#vjoint 282
#vcolor 121.000000 219.000000 0.000000 102.000000
v 124.008568 -3.467987 128.667313
#joint 34
#vjoint 283
v 132.008575 19.532013 128.667313
#joint 34
#vjoint 284
#vcolor 125.000000 235.000000 0.000000 102.000000
vn 0.952756 1.724409 0.000000
vn 0.952756 1.724409 0.000000
vn 0.984252 1.850394 0.000000
f 282/1543/670 283/1544/671 284/1545/672
#fvcolorindex 349 349 350 
vt 0.000000 0.000000 0.0
vt 0.000000 0.000000 0.0
vt 0.000000 0.000000 0.0
v 132.008575 19.532013 327.667297
#joint 34
#vjoint 285
vn 0.952756 1.724409 0.000000
vn 0.984252 1.850394 0.000000
vn 0.984252 1.850394 0.000000
f 282/1546/673 284/1547/674 285/1548/675
#fvcolorindex 349 350 350 
usemtl m185TransparentCullBothEnvMappingTexScaleS0.015625TexScaleT0.015625
vt 0.000000 0.000000 0.0
vt 0.000000 0.000000 0.0
vt 0.000000 0.000000 0.0
v 133.008575 44.532013 128.667313
#joint 34
#vjoint 286
#vcolor 125.000000 20.000000 0.000000 102.000000
vn 0.984252 1.850394 0.000000
vn 0.984252 1.850394 0.000000
vn 0.984252 0.157480 0.000000
f 285/1549/676 284/1550/677 286/1551/678
#fvcolorindex 350 350 351 
vt 0.000000 0.000000 0.0
vt 0.000000 0.000000 0.0
vt 0.000000 0.000000 0.0
v 132.008575 44.532013 327.667297
#joint 34
#vjoint 287
vn 0.984252 1.850394 0.000000
vn 0.984252 0.157480 0.000000
vn 0.984252 0.157480 0.000000
f 285/1552/679 286/1553/680 287/1554/681
#fvcolorindex 350 351 351 
usemtl m186TransparentCullBothEnvMappingTexScaleS0.015625TexScaleT0.015625
vt 0.000000 0.000000 0.0
vt 0.000000 0.000000 0.0
vt 0.000000 0.000000 0.0
v 128.008575 56.532013 128.667313
#joint 34
#vjoint 288
#vcolor 112.000000 59.000000 0.000000 102.000000
vn 0.984252 0.157480 0.000000
vn 0.984252 0.157480 0.000000
vn 0.881890 0.464567 0.000000
f 287/1555/682 286/1556/683 288/1557/684
#fvcolorindex 351 351 352 
vt 0.000000 0.000000 0.0
vt 0.000000 0.000000 0.0
vt 0.000000 0.000000 0.0
v 128.008575 56.532013 327.667297
#joint 34
#vjoint 289
vn 0.984252 0.157480 0.000000
vn 0.881890 0.464567 0.000000
vn 0.881890 0.464567 0.000000
f 287/1558/685 288/1559/686 289/1560/687
#fvcolorindex 351 352 352 
usemtl m187TransparentCullBothEnvMappingTexScaleS0.015625TexScaleT0.015625
vt 0.000000 0.000000 0.0
vt 0.000000 0.000000 0.0
vt 0.000000 0.000000 0.0
v 121.008568 66.532013 128.667313
#joint 34
#vjoint 290
#vcolor 86.000000 92.000000 0.000000 102.000000
v 121.008568 67.532013 327.667297
#joint 34
#vjoint 291
vn 0.881890 0.464567 0.000000
vn 0.677165 0.724409 0.000000
vn 0.677165 0.724409 0.000000
f 288/1561/688 290/1562/689 291/1563/690
#fvcolorindex 352 353 353 
vt 0.000000 0.000000 0.0
vt 0.000000 0.000000 0.0
vt 0.000000 0.000000 0.0
vn 0.881890 0.464567 0.000000
vn 0.677165 0.724409 0.000000
vn 0.881890 0.464567 0.000000
f 288/1564/691 291/1565/692 289/1566/693
#fvcolorindex 352 353 352 
usemtl m188TransparentCullBothEnvMappingTexScaleS0.015625TexScaleT0.015625
vt 0.000000 0.000000 0.0
vt 0.000000 0.000000 0.0
vt 0.000000 0.000000 0.0
v 52.008598 65.532013 328.123016
#joint 36
#vjoint 292
#vcolor 164.000000 86.000000 0.000000 102.000000
v 52.008598 65.532013 129.123016
#joint 36
#vjoint 293
v 39.008598 44.532013 129.123016
#joint 36
#vjoint 294
#vcolor 135.000000 37.000000 0.000000 102.000000
vn 1.291339 0.677165 0.000000
vn 1.291339 0.677165 0.000000
vn 1.062992 0.291339 0.000000
f 292/1567/694 293/1568/695 294/1569/696
#fvcolorindex 354 354 355 
vt 0.000000 0.000000 0.0
vt 0.000000 0.000000 0.0
vt 0.000000 0.000000 0.0
v 38.008598 44.532013 328.123016
#joint 36
#vjoint 295
vn 1.291339 0.677165 0.000000
vn 1.062992 0.291339 0.000000
vn 1.062992 0.291339 0.000000
f 292/1570/697 294/1571/698 295/1572/699
#fvcolorindex 354 355 355 
usemtl m189TransparentCullBothEnvMappingTexScaleS0.015625TexScaleT0.015625
vt 0.000000 0.000000 0.0
vt 0.000000 0.000000 0.0
vt 0.000000 0.000000 0.0
v 38.008598 18.532013 129.123016
#joint 36
#vjoint 296
#vcolor 133.000000 228.000000 0.000000 102.000000
vn 1.062992 0.291339 0.000000
vn 1.062992 0.291339 0.000000
vn 1.047244 1.795276 0.000000
f 295/1573/700 294/1574/701 296/1575/702
#fvcolorindex 355 355 356 
vt 0.000000 0.000000 0.0
vt 0.000000 0.000000 0.0
vt 0.000000 0.000000 0.0
v 38.008598 18.532013 328.123016
#joint 36
#vjoint 297
vn 1.062992 0.291339 0.000000
vn 1.047244 1.795276 0.000000
vn 1.047244 1.795276 0.000000
f 295/1576/703 296/1577/704 297/1578/705
#fvcolorindex 355 356 356 
usemtl m190TransparentCullBothEnvMappingTexScaleS0.015625TexScaleT0.015625
vt 0.000000 0.000000 0.0
vt 0.000000 0.000000 0.0
vt 0.000000 0.000000 0.0
v 49.008598 -3.467987 129.123016
#joint 36
#vjoint 298
#vcolor 144.000000 197.000000 0.000000 102.000000
vn 1.047244 1.795276 0.000000
vn 1.047244 1.795276 0.000000
vn 1.133858 1.551181 0.000000
f 297/1579/706 296/1580/707 298/1581/708
#fvcolorindex 356 356 357 
vt 0.000000 0.000000 0.0
vt 0.000000 0.000000 0.0
vt 0.000000 0.000000 0.0
v 50.008598 -3.467987 328.123016
#joint 36
#vjoint 299
vn 1.047244 1.795276 0.000000
vn 1.133858 1.551181 0.000000
vn 1.133858 1.551181 0.000000
f 297/1582/709 298/1583/710 299/1584/711
#fvcolorindex 356 357 357 
usemtl m191TransparentEnvMappingTexScaleS0.015625TexScaleT0.015625
vt 0.000000 0.000000 0.0
vt 0.000000 0.000000 0.0
vt 0.000000 0.000000 0.0
v 128.008575 55.296425 127.734039
#joint 33
#vjoint 300
#vcolor 109.000000 49.000000 217.000000 102.000000
v 128.008575 55.296425 117.734039
#joint 33
#vjoint 301
#vcolor 107.000000 48.000000 210.000000 102.000000
v 111.008568 74.296425 106.734039
#joint 33
#vjoint 302
#vcolor 71.000000 89.000000 201.000000 102.000000
vn 0.858268 0.385827 1.708661
vn 0.842520 0.377953 1.653543
vn 0.559055 0.700787 1.582677
f 300/1585/712 301/1586/713 302/1587/714
#fvcolorindex 358 359 360 
vt 0.000000 0.000000 0.0
vt 0.000000 0.000000 0.0
vt 0.000000 0.000000 0.0
v 110.008568 74.296425 127.734039
#joint 33
#vjoint 303
#vcolor 74.000000 93.000000 214.000000 102.000000
vn 0.858268 0.385827 1.708661
vn 0.559055 0.700787 1.582677
vn 0.582677 0.732283 1.685039
f 300/1588/715 302/1589/716 303/1590/717
#fvcolorindex 358 360 361 
usemtl m192TransparentEnvMappingTexScaleS0.015625TexScaleT0.015625
vt 0.000000 0.000000 0.0
vt 0.000000 0.000000 0.0
vt 0.000000 0.000000 0.0
#vcolor 117.000000 43.000000 238.000000 102.000000
vn 0.921260 0.338583 1.874016
vn 0.842520 0.377953 1.653543
vn 0.858268 0.385827 1.708661
f 175/1591/718 301/1592/719 300/1593/720
#fvcolorindex 362 359 358 
usemtl m193TransparentEnvMappingTexScaleS0.015625TexScaleT0.015625
vt 0.000000 0.000000 0.0
vt 0.000000 0.000000 0.0
vt 0.000000 0.000000 0.0
v 99.008568 79.296425 104.734039
#joint 33
#vjoint 304
#vcolor 0.000000 0.000000 0.000000 102.000000
vn 0.582677 0.732283 1.685039
vn 0.559055 0.700787 1.582677
vn 0.000000 0.000000 0.000000
f 303/1594/721 302/1595/722 304/1596/723
#fvcolorindex 361 360 363 
vt 0.000000 0.000000 0.0
vt 0.000000 0.000000 0.0
vt 0.000000 0.000000 0.0
v 99.008568 79.296425 127.734039
#joint 33
#vjoint 305
vn 0.582677 0.732283 1.685039
vn 0.000000 0.000000 0.000000
vn 0.000000 0.000000 0.000000
f 303/1597/724 304/1598/725 305/1599/726
#fvcolorindex 361 363 363 
usemtl m194TransparentEnvMappingTexScaleS0.015625TexScaleT0.015625
vt 0.000000 0.000000 0.0
vt 0.000000 0.000000 0.0
vt 0.000000 0.000000 0.0
v 86.008568 81.296425 102.734039
#joint 33
#vjoint 306
v 86.008568 81.296425 127.734039
#joint 33
#vjoint 307
vn 0.000000 0.000000 0.000000
vn 0.000000 0.000000 0.000000
vn 0.000000 0.000000 0.000000
f 304/1600/727 306/1601/728 307/1602/729
#fvcolorindex 363 363 363 
vt 0.000000 0.000000 0.0
vt 0.000000 0.000000 0.0
vt 0.000000 0.000000 0.0
vn 0.000000 0.000000 0.000000
vn 0.000000 0.000000 0.000000
vn 0.000000 0.000000 0.000000
f 304/1603/730 307/1604/731 305/1605/732
#fvcolorindex 363 363 363 
vt 0.000000 0.000000 0.0
vt 0.000000 0.000000 0.0
vt 0.000000 0.000000 0.0
v 61.008568 75.296425 105.734039
#joint 33
#vjoint 308
#vcolor 196.000000 95.000000 198.000000 102.000000
vn 0.000000 0.000000 0.000000
vn 0.000000 0.000000 0.000000
vn 1.543307 0.748031 1.559055
f 307/1606/733 306/1607/734 308/1608/735
#fvcolorindex 363 363 364 
vt 0.000000 0.000000 0.0
vt 0.000000 0.000000 0.0
vt 0.000000 0.000000 0.0
v 61.008568 75.296425 127.734039
#joint 33
#vjoint 309
#vcolor 197.000000 103.000000 213.000000 102.000000
vn 0.000000 0.000000 0.000000
vn 1.543307 0.748031 1.559055
vn 1.551181 0.811024 1.677165
f 307/1609/736 308/1610/737 309/1611/738
#fvcolorindex 363 364 365 
usemtl m195TransparentEnvMappingTexScaleS0.015625TexScaleT0.015625
vt 0.000000 0.000000 0.0
vt 0.000000 0.000000 0.0
vt 0.000000 0.000000 0.0
v 43.008568 58.296425 116.734039
#joint 33
#vjoint 310
#vcolor 149.000000 46.000000 208.000000 102.000000
vn 1.551181 0.811024 1.677165
vn 1.543307 0.748031 1.559055
vn 1.173228 0.362205 1.637795
f 309/1612/739 308/1613/740 310/1614/741
#fvcolorindex 365 364 366 
vt 0.000000 0.000000 0.0
vt 0.000000 0.000000 0.0
vt 0.000000 0.000000 0.0
v 43.008568 58.296425 127.734039
#joint 33
#vjoint 311
#vcolor 146.000000 47.000000 216.000000 102.000000
vn 1.551181 0.811024 1.677165
vn 1.173228 0.362205 1.637795
vn 1.149606 0.370079 1.700787
f 309/1615/742 310/1616/743 311/1617/744
#fvcolorindex 365 366 367 
usemtl m196TransparentEnvMappingTexScaleS0.015625TexScaleT0.015625
vt 0.000000 0.000000 0.0
vt 0.000000 0.000000 0.0
vt 0.000000 0.000000 0.0
#vcolor 143.000000 57.000000 0.000000 102.000000
vn 1.149606 0.370079 1.700787
vn 1.173228 0.362205 1.637795
vn 1.125984 0.448819 0.000000
f 311/1618/745 310/1619/746 168/1620/747
#fvcolorindex 367 366 368 
usemtl m197TransparentMirrorT
vt 2.244141 1.205078 0.0
vt 2.568359 1.205078 0.0
vt 2.386719 1.236328 0.0
#vcolor 254.000000 254.000000 254.000000 229.000000
#vcolor 186.000000 186.000000 186.000000 229.000000
f 309/1621 308/1622 310/1623
#fvcolorindex 369 369 370 
vt 2.244141 1.205078 0.0
vt 2.386719 1.236328 0.0
vt 2.224609 1.236328 0.0
f 309/1624 310/1625 311/1626
#fvcolorindex 369 370 370 
vt 2.369141 0.998047 0.0
vt 2.748047 0.998047 0.0
vt 2.568359 1.205078 0.0
f 307/1627 306/1628 308/1629
#fvcolorindex 369 369 369 
vt 2.369141 0.998047 0.0
vt 2.568359 1.205078 0.0
vt 2.244141 1.205078 0.0
f 307/1630 308/1631 309/1632
#fvcolorindex 369 369 369 
vt 2.566406 0.673828 0.0
vt 2.876953 0.671875 0.0
vt 2.812500 0.835938 0.0
f 303/1633 302/1634 304/1635
#fvcolorindex 369 369 369 
vt 2.566406 0.673828 0.0
vt 2.812500 0.835938 0.0
vt 2.466797 0.835938 0.0
f 303/1636 304/1637 305/1638
#fvcolorindex 369 369 369 
vt 2.812500 0.835938 0.0
vt 2.748047 0.998047 0.0
vt 2.369141 0.998047 0.0
f 304/1639 306/1640 307/1641
#fvcolorindex 369 369 369 
vt 2.812500 0.835938 0.0
vt 2.369141 0.998047 0.0
vt 2.466797 0.835938 0.0
f 304/1642 307/1643 305/1644
#fvcolorindex 369 369 369 
usemtl m198TransparentMirrorT
vt 2.783203 0.316406 0.0
vt 2.931641 0.316406 0.0
vt 2.876953 0.671875 0.0
#vcolor 215.000000 215.000000 215.000000 229.000000
f 300/1645 301/1646 302/1647
#fvcolorindex 371 371 369 
vt 2.783203 0.316406 0.0
vt 2.876953 0.671875 0.0
vt 2.566406 0.673828 0.0
f 300/1648 302/1649 303/1650
#fvcolorindex 371 369 369 
usemtl m199TransparentMirrorT
vt 2.224609 1.236328 0.0
vt 2.386719 1.236328 0.0
vt 2.316406 1.083984 0.0
#vcolor 129.000000 129.000000 129.000000 229.000000
f 311/1651 310/1652 168/1653
#fvcolorindex 370 370 372 
usemtl m200TransparentMirrorT
vt 2.976562 -0.001953 0.0
vt 2.931641 0.316406 0.0
vt 2.783203 0.316406 0.0
#vcolor 191.000000 191.000000 191.000000 229.000000
f 175/1654 301/1655 300/1656
#fvcolorindex 373 371 371 
usemtl m201TransparentCullBothMirrorT
vt -0.410156 0.675781 0.0
vt 2.566406 0.673828 0.0
vt 2.466797 0.835938 0.0
v 132.008575 44.532013 328.667297
#joint 34
#vjoint 312
v 133.008575 44.532013 127.667313
#joint 34
#vjoint 313
v 128.008575 56.532013 127.667313
#joint 34
#vjoint 314
f 312/1657 313/1658 314/1659
#fvcolorindex 369 369 369 
vt -0.410156 0.675781 0.0
vt 2.466797 0.835938 0.0
vt -0.509766 0.839844 0.0
v 128.008575 56.532013 328.667297
#joint 34
#vjoint 315
f 312/1660 314/1661 315/1662
#fvcolorindex 369 369 369 
vt 2.466797 0.835938 0.0
vt 2.369141 0.998047 0.0
vt -0.609375 1.001953 0.0
v 121.008568 66.532013 127.667313
#joint 34
#vjoint 316
v 121.008568 67.532013 328.667297
#joint 34
#vjoint 317
f 314/1663 316/1664 317/1665
#fvcolorindex 369 369 369 
vt 2.466797 0.835938 0.0
vt -0.609375 1.001953 0.0
vt -0.509766 0.839844 0.0
f 314/1666 317/1667 315/1668
#fvcolorindex 369 369 369 
usemtl m202TransparentCullBothMirrorT
vt -0.193359 0.318359 0.0
vt 2.783203 0.316406 0.0
vt 2.566406 0.673828 0.0
v 132.008575 19.532013 328.667297
#joint 34
#vjoint 318
v 132.008575 19.532013 127.667313
#joint 34
#vjoint 319
f 318/1669 319/1670 313/1671
#fvcolorindex 371 371 369 
vt -0.193359 0.318359 0.0
vt 2.566406 0.673828 0.0
vt -0.410156 0.675781 0.0
f 318/1672 313/1673 312/1674
#fvcolorindex 371 369 369 
usemtl m203TransparentCullBothMirrorT
vt 0.000000 0.000000 0.0
vt 2.976562 0.000000 0.0
vt 2.783203 0.316406 0.0
v 124.008568 -3.467987 328.667297
#joint 34
#vjoint 320
v 124.008568 -3.467987 127.667313
#joint 34
#vjoint 321
f 320/1675 321/1676 319/1677
#fvcolorindex 373 373 371 
vt 0.000000 0.000000 0.0
vt 2.783203 0.316406 0.0
vt -0.193359 0.318359 0.0
f 320/1678 319/1679 318/1680
#fvcolorindex 373 371 371 
usemtl m201TransparentCullBothMirrorT
vt -0.609375 1.001953 0.0
vt 2.369141 0.998047 0.0
vt 2.244141 1.205078 0.0
v 52.008598 65.532013 329.123016
#joint 36
#vjoint 322
v 52.008598 65.532013 128.123016
#joint 36
#vjoint 323
v 39.008598 44.532013 128.123016
#joint 36
#vjoint 324
f 322/1681 323/1682 324/1683
#fvcolorindex 369 369 369 
vt -0.609375 1.001953 0.0
vt 2.244141 1.205078 0.0
vt -0.734375 1.207031 0.0
v 38.008598 44.532013 329.123016
#joint 36
#vjoint 325
f 322/1684 324/1685 325/1686
#fvcolorindex 369 369 369 
usemtl m204TransparentCullBothMirrorT
vt -0.751953 1.238281 0.0
vt 2.224609 1.236328 0.0
vt 2.314453 1.087891 0.0
v 38.008598 18.532013 329.123016
#joint 36
#vjoint 326
v 38.008598 18.532013 128.123016
#joint 36
#vjoint 327
v 49.008598 -3.467987 128.123016
#joint 36
#vjoint 328
f 326/1687 327/1688 328/1689
#fvcolorindex 370 370 372 
vt -0.751953 1.238281 0.0
vt 2.314453 1.087891 0.0
vt -0.662109 1.087891 0.0
v 50.008598 -3.467987 329.123016
#joint 36
#vjoint 329
f 326/1690 328/1691 329/1692
#fvcolorindex 370 372 372 
usemtl m201TransparentCullBothMirrorT
vt -0.734375 1.207031 0.0
vt 2.244141 1.205078 0.0
vt 2.224609 1.236328 0.0
f 325/1693 324/1694 327/1695
#fvcolorindex 369 369 370 
vt -0.734375 1.207031 0.0
vt 2.224609 1.236328 0.0
vt -0.751953 1.238281 0.0
f 325/1696 327/1697 326/1698
#fvcolorindex 369 370 370 
usemtl m205TransparentCullBoth
vt -0.049805 0.046875 0.0
vt 1.077148 0.052734 0.0
vt 1.080811 0.916016 0.0
f 318/1699 319/1700 313/1701
#fvcolorindex 369 369 369 
vt -0.049805 0.046875 0.0
vt 1.080811 0.916016 0.0
vt -0.046143 0.910156 0.0
f 318/1702 313/1703 312/1704
#fvcolorindex 369 369 369 
g Room05
g Room05_primary
usemtl m2
vt 1.001953 0.915039 0.0
vt 0.197266 0.246094 0.0
vt 1.000000 0.000000 0.0
v 249.000000 -12.375574 133.856140
#joint 0
#vjoint 330
#vcolor 254.000000 254.000000 254.000000 255.000000
v 232.008575 -11.703575 149.734039
#joint 33
#vjoint 331
v 223.000000 -12.375574 133.856140
#joint 0
#vjoint 332
f 330/1705 331/1706 332/1707
#fvcolorindex 374 374 374 
vt 1.000000 0.557129 0.0
vt 0.290039 0.740234 0.0
vt 0.472656 0.167969 0.0
v 188.000000 -12.375574 133.856140
#joint 0
#vjoint 333
v 194.008575 -10.703575 153.734039
#joint 33
#vjoint 334
#vcolor 235.000000 235.000000 235.000000 255.000000
v 178.008575 -11.703575 148.734039
#joint 33
#vjoint 335
#vcolor 210.000000 210.000000 210.000000 255.000000
f 333/1708 334/1709 335/1710
#fvcolorindex 374 375 376 
usemtl m22
vt 0.005859 1.176758 0.0
vt 0.169922 0.582031 0.0
vt 1.001953 0.915039 0.0
v 260.008575 -11.703575 154.734039
#joint 33
#vjoint 336
#vcolor 129.000000 129.000000 129.000000 255.000000
v 242.008575 -7.703575 150.734039
#joint 33
#vjoint 337
f 336/1711 337/1712 330/1713
#fvcolorindex 377 374 374 
usemtl m2
vt 1.001953 0.915039 0.0
vt 0.169922 0.582031 0.0
vt 0.197266 0.246094 0.0
f 330/1714 337/1715 331/1716
#fvcolorindex 374 374 374 
vt 1.000000 0.936035 0.0
vt 0.265625 0.499512 0.0
vt 0.095703 0.142578 0.0
v 222.008575 -7.703575 150.734039
#joint 33
#vjoint 338
v 213.008575 -6.703575 153.734039
#joint 33
#vjoint 339
f 332/1717 338/1718 339/1719
#fvcolorindex 374 374 374 
vt 1.000000 0.936035 0.0
vt 0.268555 0.000000 0.0
vt 1.000000 0.000000 0.0
v 204.008575 -5.703575 149.734039
#joint 33
#vjoint 340
f 332/1720 340/1721 333/1722
#fvcolorindex 374 375 374 
vt 0.439453 1.070312 0.0
vt 0.290039 0.740234 0.0
vt 1.000000 0.557129 0.0
f 340/1723 334/1724 333/1725
#fvcolorindex 374 375 374 
vt 1.000000 0.936035 0.0
vt 0.095703 0.142578 0.0
vt 0.268555 0.000000 0.0
f 332/1726 339/1727 340/1728
#fvcolorindex 374 374 375 
vt 0.324219 0.808594 0.0
vt 0.265625 0.499512 0.0
vt 1.000000 0.936035 0.0
f 331/1729 338/1730 332/1731
#fvcolorindex 374 374 374 
usemtl m206EnvMappingTexScaleS0.031250TexScaleT0.031250
vt 0.000000 0.000000 0.0
vt 0.000000 0.000000 0.0
vt 0.000000 0.000000 0.0
v 290.008575 -11.703575 164.734039
#joint 33
#vjoint 341
#vcolor 0.000000 0.000000 0.000000 255.000000
v 265.008575 -11.703575 164.734039
#joint 33
#vjoint 342
v 303.008575 -11.703575 123.734039
#joint 33
#vjoint 343
vn 0.000000 0.000000 0.000000
vn 0.000000 0.000000 0.000000
vn 0.000000 0.000000 0.000000
f 341/1732/748 342/1733/749 343/1734/750
#fvcolorindex 378 378 378 
vt 0.000000 0.000000 0.0
vt 0.000000 0.000000 0.0
vt 0.000000 0.000000 0.0
v 303.008575 -11.703575 152.734039
#joint 33
#vjoint 344
vn 0.000000 0.000000 0.000000
vn 0.000000 0.000000 0.000000
vn 0.000000 0.000000 0.000000
f 344/1735/751 341/1736/752 343/1737/753
#fvcolorindex 378 378 378 
vt 0.000000 0.000000 0.0
vt 0.000000 0.000000 0.0
vt 0.000000 0.000000 0.0
v 173.008575 -11.703575 154.734039
#joint 33
#vjoint 345
v 157.008575 -11.703575 154.734039
#joint 33
#vjoint 346
v 154.008575 -11.703575 123.734039
#joint 33
#vjoint 347
vn 0.000000 0.000000 0.000000
vn 0.000000 0.000000 0.000000
vn 0.000000 0.000000 0.000000
f 345/1738/754 346/1739/755 347/1740/756
#fvcolorindex 378 378 378 
vt 0.000000 0.000000 0.0
vt 0.000000 0.000000 0.0
vt 0.000000 0.000000 0.0
vn 0.000000 0.000000 0.000000
vn 0.000000 0.000000 0.000000
vn 0.000000 0.000000 0.000000
f 343/1741/757 333/1742/758 347/1743/759
#fvcolorindex 378 378 378 
usemtl m207
vt 2.300781 0.041016 0.0
vt 2.605469 0.439453 0.0
vt 2.924805 -0.099609 0.0
#vcolor 90.000000 90.000000 90.000000 255.000000
#vcolor 67.000000 67.000000 67.000000 255.000000
f 333/1744 345/1745 347/1746
#fvcolorindex 379 379 380 
usemtl m208
vt 0.145508 0.043945 0.0
vt 0.803711 0.739258 0.0
vt 1.083008 0.107422 0.0
#vcolor 152.000000 152.000000 152.000000 255.000000
f 343/1747 342/1748 330/1749
#fvcolorindex 381 380 379 
vt 0.145508 0.043945 0.0
vt 1.083008 0.107422 0.0
vt 2.300781 0.041016 0.0
f 343/1750 330/1751 333/1752
#fvcolorindex 381 379 379 
