# Created by SubDrag and the GoldenEye Setup Editor V4.4
mtllib Gun0013.mtl
#joint 0
#jointposition 0.000000 -20.375574 60.242619
#joint 1
#jointposition -0.126130 -34.500000 -403.726105
#joint 2
#jointposition 0.000000 -20.375574 -74.143860
#joint 3
#jointposition 28.404760 -54.346611 -32.664295
#joint 4
#jointposition 50.075203 -78.841194 -10.664248
#joint 5
#jointposition 28.643808 -16.714527 20.778549
#joint 6
#jointposition 26.518341 -24.155291 60.154758
#joint 7
#jointposition 24.787155 -25.811726 87.094780
#joint 8
#jointposition 8.820322 -11.296313 21.695198
#joint 9
#jointposition 8.668717 -23.348385 71.418152
#joint 10
#jointposition 7.570724 -26.182207 98.349426
#joint 11
#jointposition -7.449821 -15.536673 21.601517
#joint 12
#jointposition -6.777197 -21.532187 62.353848
#joint 13
#jointposition -6.290760 -23.494061 85.077034
#joint 14
#jointposition -23.590879 -23.057791 21.828247
#joint 15
#jointposition -21.894306 -25.130569 56.929543
#joint 16
#jointposition -20.740978 -24.727604 74.077179
#joint 17
#jointposition 234.474915 -34.500000 -403.726013
#joint 18
#jointposition 234.348785 -20.375599 -74.143921
#joint 19
#jointposition 205.943985 -54.346600 -32.664322
#joint 20
#jointposition 184.273590 -78.841202 -10.664223
#joint 21
#jointposition 205.704987 -16.714600 20.778481
#joint 22
#jointposition 207.830490 -24.155300 60.154781
#joint 23
#jointposition 209.561584 -25.811800 87.094780
#joint 24
#jointposition 225.528473 -11.296299 21.695183
#joint 25
#jointposition 225.680069 -23.348400 71.418083
#joint 26
#jointposition 226.778076 -26.182199 98.349380
#joint 27
#jointposition 241.798599 -15.536699 21.601479
#joint 28
#jointposition 241.125977 -21.532200 62.353779
#joint 29
#jointposition 240.639542 -23.494101 85.076981
#joint 30
#jointposition 257.939697 -23.057798 21.828178
#joint 31
#jointposition 256.243103 -25.130598 56.929478
#joint 32
#jointposition 255.089798 -24.727598 74.077179
#joint 33
#jointposition -0.159087 86.689209 -252.174194
#joint 34
#jointposition -0.159087 98.416939 -0.006897
#joint 35
#jointposition -14.596537 144.017029 -111.578674
#joint 36
#jointposition -0.159087 136.481995 275.404541
#joint 37
#jointposition -0.159087 136.482010 224.627213
#joint 38
#jointposition 223.601776 17.610920 131.500229
#connection 0 1
#connection 1 2
#connection 2 3
#connection 3 4
#connection 2 5
#connection 5 6
#connection 6 7
#connection 2 8
#connection 8 9
#connection 9 10
#connection 2 11
#connection 11 12
#connection 12 13
#connection 2 14
#connection 14 15
#connection 15 16
#connection 2 33
#connection 33 34
#connection 33 35
#connection 33 36
#connection 36 37
#connection 0 17
#connection 17 18
#connection 18 19
#connection 19 20
#connection 18 21
#connection 21 22
#connection 22 23
#connection 18 24
#connection 24 25
#connection 25 26
#connection 18 27
#connection 27 28
#connection 28 29
#connection 18 30
#connection 30 31
#connection 31 32
#connection 18 38
g Room27
g Room27_primary
usemtl m0ClampSClampT
vt 0.140046 0.460069 0.0
vt 0.140046 0.460069 0.0
vt 0.669560 0.458333 0.0
v -5.159087 78.689209 -241.174194
#joint 33
#vjoint 1
#vcolor 81.000000 99.000000 123.000000 255.000000
v 3.840913 78.689209 -241.174194
#joint 33
#vjoint 2
v 3.840913 79.689209 -186.174194
#joint 33
#vjoint 3
f 1/1 2/2 3/3
#fvcolorindex 1 1 1 
vt 0.140046 0.460069 0.0
vt 0.669560 0.458333 0.0
vt 0.669560 0.458333 0.0
v -5.159087 79.689209 -186.174194
#joint 33
#vjoint 4
f 1/4 3/5 4/6
#fvcolorindex 1 1 1 
usemtl m1ClampSClampT
vt -0.001157 0.174769 0.0
vt 0.158565 0.218750 0.0
vt 0.666088 0.218750 0.0
#vcolor 255.000000 255.000000 255.000000 255.000000
v 3.840913 82.689209 -230.174194
#joint 33
#vjoint 5
v 3.840913 82.689209 -196.174194
#joint 33
#vjoint 6
f 2/7 5/8 6/9
#fvcolorindex 2 2 2 
vt -0.001157 0.174769 0.0
vt 0.666088 0.218750 0.0
vt 0.811343 0.179398 0.0
f 2/10 6/11 3/12
#fvcolorindex 2 2 2 
vt 0.666088 0.218750 0.0
vt 0.712384 0.302083 0.0
vt 0.814815 0.243056 0.0
v 3.840913 88.689209 -192.174194
#joint 33
#vjoint 7
v 3.840913 83.689209 -185.174194
#joint 33
#vjoint 8
f 6/13 7/14 8/15
#fvcolorindex 2 2 2 
vt 0.666088 0.218750 0.0
vt 0.814815 0.243056 0.0
vt 0.811343 0.179398 0.0
f 6/16 8/17 3/18
#fvcolorindex 2 2 2 
vt 0.992477 0.379630 0.0
vt 0.712384 0.302083 0.0
vt 0.711806 0.380208 0.0
v 3.840913 94.689209 -173.174194
#joint 33
#vjoint 9
v 3.840913 94.689209 -192.174194
#joint 33
#vjoint 10
f 9/19 7/20 10/21
#fvcolorindex 2 2 2 
vt 0.992477 0.379630 0.0
vt 0.814815 0.243056 0.0
vt 0.712384 0.302083 0.0
f 9/22 8/23 7/24
#fvcolorindex 2 2 2 
vt 0.711806 0.380208 0.0
vt 0.669560 0.458333 0.0
vt 0.994792 0.710069 0.0
v 3.840913 100.689209 -195.174194
#joint 33
#vjoint 11
v 3.840913 119.689209 -173.174194
#joint 33
#vjoint 12
#vcolor 135.000000 155.000000 174.000000 255.000000
f 10/25 11/26 12/27
#fvcolorindex 2 2 3 
vt 0.711806 0.380208 0.0
vt 0.994792 0.710069 0.0
vt 0.992477 0.379630 0.0
f 10/28 12/29 9/30
#fvcolorindex 2 3 2 
vt 0.140046 0.460069 0.0
vt 0.101273 0.710069 0.0
vt 0.994792 0.710069 0.0
v 3.840913 100.689209 -230.174194
#joint 33
#vjoint 13
v 3.840913 119.689209 -233.174194
#joint 33
#vjoint 14
f 13/31 14/32 12/33
#fvcolorindex 2 3 3 
vt 0.140046 0.460069 0.0
vt 0.994792 0.710069 0.0
vt 0.669560 0.458333 0.0
f 13/34 12/35 11/36
#fvcolorindex 2 3 2 
usemtl m2ClampSClampT
vt 0.101273 0.710069 0.0
vt 0.140046 0.460069 0.0
vt 0.104167 0.429398 0.0
v 3.840913 98.689209 -233.174194
#joint 33
#vjoint 15
f 14/37 13/38 15/39
#fvcolorindex 3 2 2 
usemtl m1ClampSClampT
vt 0.104167 0.429398 0.0
vt 0.140046 0.460069 0.0
vt 0.158565 0.218750 0.0
f 15/40 13/41 5/42
#fvcolorindex 2 2 2 
vt 0.158565 0.218750 0.0
vt -0.001157 0.174769 0.0
vt 0.104167 0.429398 0.0
f 5/43 2/44 15/45
#fvcolorindex 2 2 2 
usemtl m3ClampSClampT
vt 0.399884 0.218750 0.0
vt 0.399884 0.218750 0.0
vt 0.359954 0.338542 0.0
v -2.159087 82.689209 -213.174194
#joint 33
#vjoint 16
#vcolor 155.000000 189.000000 222.000000 255.000000
v 0.840913 82.689209 -213.174194
#joint 33
#vjoint 17
v 0.840913 91.689209 -215.174194
#joint 33
#vjoint 18
f 16/46 17/47 18/48
#fvcolorindex 4 4 4 
vt 0.399884 0.218750 0.0
vt 0.359954 0.338542 0.0
vt 0.359954 0.338542 0.0
v -2.159087 91.689209 -215.174194
#joint 33
#vjoint 19
f 16/49 18/50 19/51
#fvcolorindex 4 4 4 
vt 0.359954 0.338542 0.0
vt 0.359954 0.338542 0.0
vt 0.380208 0.439815 0.0
v 0.840913 100.689209 -213.174194
#joint 33
#vjoint 20
f 19/52 18/53 20/54
#fvcolorindex 4 4 4 
vt 0.359954 0.338542 0.0
vt 0.380208 0.439815 0.0
vt 0.380208 0.439815 0.0
v -2.159087 100.689209 -213.174194
#joint 33
#vjoint 21
f 19/55 20/56 21/57
#fvcolorindex 4 4 4 
vt 0.159722 0.439815 0.0
vt 0.380208 0.439815 0.0
vt 0.359954 0.338542 0.0
v 0.840913 100.689209 -230.174194
#joint 33
#vjoint 22
f 22/58 20/59 18/60
#fvcolorindex 4 4 4 
vt 0.159722 0.439815 0.0
vt 0.359954 0.338542 0.0
vt 0.399884 0.218750 0.0
f 22/61 18/62 17/63
#fvcolorindex 4 4 4 
vt 0.159722 0.439815 0.0
vt 0.399884 0.218750 0.0
vt 0.158565 0.218750 0.0
v 0.840913 82.689209 -230.174194
#joint 33
#vjoint 23
f 22/64 17/65 23/66
#fvcolorindex 4 4 4 
usemtl m1ClampSClampT
vt 0.158565 0.218750 0.0
vt 0.158565 0.218750 0.0
vt 0.140046 0.460069 0.0
v -5.159087 82.689209 -230.174194
#joint 33
#vjoint 24
f 24/67 5/68 13/69
#fvcolorindex 2 2 1 
vt 0.158565 0.218750 0.0
vt 0.140046 0.460069 0.0
vt 0.140046 0.460069 0.0
v -5.159087 100.689209 -230.174194
#joint 33
#vjoint 25
f 24/70 13/71 25/72
#fvcolorindex 2 1 1 
usemtl m0ClampSClampT
vt 0.140046 0.460069 0.0
vt 0.140046 0.460069 0.0
vt 0.669560 0.458333 0.0
f 25/73 13/74 11/75
#fvcolorindex 1 1 1 
vt 0.140046 0.460069 0.0
vt 0.669560 0.458333 0.0
vt 0.669560 0.458333 0.0
v -5.159087 100.689209 -195.174194
#joint 33
#vjoint 26
f 25/76 11/77 26/78
#fvcolorindex 1 1 1 
vt 0.669560 0.458333 0.0
vt 0.669560 0.458333 0.0
vt 0.711806 0.380208 0.0
#vcolor 122.000000 140.000000 157.000000 255.000000
f 26/79 11/80 10/81
#fvcolorindex 1 1 5 
vt 0.669560 0.458333 0.0
vt 0.711806 0.380208 0.0
vt 0.711806 0.380208 0.0
v -5.159087 94.689209 -192.174194
#joint 33
#vjoint 27
f 26/82 10/83 27/84
#fvcolorindex 1 5 5 
usemtl m4ClampSClampT
vt 0.711806 0.380208 0.0
vt 0.711806 0.380208 0.0
vt 0.712384 0.302083 0.0
f 27/85 10/86 7/87
#fvcolorindex 5 5 4 
vt 0.711806 0.380208 0.0
vt 0.712384 0.302083 0.0
vt 0.712384 0.302083 0.0
v -5.159087 88.689209 -192.174194
#joint 33
#vjoint 28
f 27/88 7/89 28/90
#fvcolorindex 5 4 4 
usemtl m3ClampSClampT
vt 0.712384 0.302083 0.0
vt 0.712384 0.302083 0.0
vt 0.666088 0.218750 0.0
#vcolor 165.000000 197.000000 213.000000 255.000000
f 28/91 7/92 6/93
#fvcolorindex 4 4 6 
vt 0.712384 0.302083 0.0
vt 0.666088 0.218750 0.0
vt 0.666088 0.218750 0.0
v -5.159087 82.689209 -196.174194
#joint 33
#vjoint 29
f 28/94 6/95 29/96
#fvcolorindex 4 6 6 
usemtl m5ClampSClampT
vt 0.666088 0.218750 0.0
vt 0.666088 0.218750 0.0
vt 0.158565 0.218750 0.0
f 29/97 6/98 5/99
#fvcolorindex 6 6 2 
vt 0.666088 0.218750 0.0
vt 0.158565 0.218750 0.0
vt 0.158565 0.218750 0.0
f 29/100 5/101 24/102
#fvcolorindex 6 2 2 
usemtl m1ClampSClampT
vt 0.104167 0.429398 0.0
vt 0.140046 0.460069 0.0
vt 0.101273 0.710069 0.0
v -5.159087 98.689209 -233.174194
#joint 33
#vjoint 30
v -5.159087 119.689209 -233.174194
#joint 33
#vjoint 31
f 30/103 25/104 31/105
#fvcolorindex 2 2 3 
vt 0.158565 0.218750 0.0
vt 0.140046 0.460069 0.0
vt 0.104167 0.429398 0.0
f 24/106 25/107 30/108
#fvcolorindex 2 2 2 
vt 0.104167 0.429398 0.0
vt -0.001157 0.174769 0.0
vt 0.158565 0.218750 0.0
f 30/109 1/110 24/111
#fvcolorindex 2 2 2 
vt 0.811343 0.179398 0.0
vt 0.666088 0.218750 0.0
vt 0.158565 0.218750 0.0
f 4/112 29/113 24/114
#fvcolorindex 2 2 2 
vt 0.811343 0.179398 0.0
vt 0.158565 0.218750 0.0
vt -0.001157 0.174769 0.0
f 4/115 24/116 1/117
#fvcolorindex 2 2 2 
vt 0.811343 0.179398 0.0
vt 0.814815 0.243056 0.0
vt 0.712384 0.302083 0.0
v -5.159087 83.689209 -185.174194
#joint 33
#vjoint 32
f 4/118 32/119 28/120
#fvcolorindex 2 2 2 
vt 0.811343 0.179398 0.0
vt 0.712384 0.302083 0.0
vt 0.666088 0.218750 0.0
f 4/121 28/122 29/123
#fvcolorindex 2 2 2 
vt 0.712384 0.302083 0.0
vt 0.814815 0.243056 0.0
vt 0.992477 0.379630 0.0
v -5.159087 94.689209 -173.174194
#joint 33
#vjoint 33
f 28/124 32/125 33/126
#fvcolorindex 2 2 2 
vt 0.711806 0.380208 0.0
vt 0.712384 0.302083 0.0
vt 0.992477 0.379630 0.0
f 27/127 28/128 33/129
#fvcolorindex 2 2 2 
vt 0.992477 0.379630 0.0
vt 0.994792 0.710069 0.0
vt 0.669560 0.458333 0.0
v -5.159087 119.689209 -173.174194
#joint 33
#vjoint 34
f 33/130 34/131 26/132
#fvcolorindex 2 3 2 
vt 0.992477 0.379630 0.0
vt 0.669560 0.458333 0.0
vt 0.711806 0.380208 0.0
f 33/133 26/134 27/135
#fvcolorindex 2 2 2 
vt 0.669560 0.458333 0.0
vt 0.994792 0.710069 0.0
vt 0.101273 0.710069 0.0
f 26/136 34/137 31/138
#fvcolorindex 2 3 3 
vt 0.669560 0.458333 0.0
vt 0.101273 0.710069 0.0
vt 0.140046 0.460069 0.0
f 26/139 31/140 25/141
#fvcolorindex 2 3 2 
usemtl m3ClampSClampT
vt 0.158565 0.218750 0.0
vt 0.399884 0.218750 0.0
vt 0.359954 0.338542 0.0
v -2.159087 82.689209 -230.174194
#joint 33
#vjoint 35
f 35/142 16/143 19/144
#fvcolorindex 4 4 4 
vt 0.158565 0.218750 0.0
vt 0.359954 0.338542 0.0
vt 0.380208 0.439815 0.0
f 35/145 19/146 21/147
#fvcolorindex 4 4 4 
vt 0.158565 0.218750 0.0
vt 0.380208 0.439815 0.0
vt 0.159722 0.439815 0.0
v -2.159087 100.689209 -230.174194
#joint 33
#vjoint 36
f 35/148 21/149 36/150
#fvcolorindex 4 4 4 
usemtl m6ClampSClampT
vt 0.601852 0.716435 0.0
vt 0.973380 0.706019 0.0
vt 0.986690 0.938657 0.0
v -18.159086 119.689209 -79.174194
#joint 33
#vjoint 37
#vcolor 27.000000 40.000000 44.000000 255.000000
v 17.840914 119.689209 -79.174194
#joint 33
#vjoint 38
v 17.840914 155.689209 -79.174194
#joint 33
#vjoint 39
f 37/151 38/152 39/153
#fvcolorindex 7 7 7 
vt 0.601852 0.716435 0.0
vt 0.986690 0.938657 0.0
vt 0.898148 0.993056 0.0
v 8.840913 163.689209 -79.174194
#joint 33
#vjoint 40
f 37/154 39/155 40/156
#fvcolorindex 7 7 7 
vt 0.601852 0.716435 0.0
vt 0.898148 0.993056 0.0
vt 0.708912 0.997685 0.0
v -9.159087 163.689209 -79.174194
#joint 33
#vjoint 41
f 37/157 40/158 41/159
#fvcolorindex 7 7 7 
vt 0.601852 0.716435 0.0
vt 0.708912 0.997685 0.0
vt 0.615162 0.949074 0.0
v -18.159086 155.689209 -79.174194
#joint 33
#vjoint 42
f 37/160 41/161 42/162
#fvcolorindex 7 7 7 
usemtl m1ClampSClampT
vt 1.129051 0.927662 0.0
vt 1.108218 0.961227 0.0
vt 1.072917 0.980324 0.0
v 29.840914 140.689209 229.825806
#joint 33
#vjoint 43
v 21.840914 154.689209 229.825806
#joint 33
#vjoint 44
v 7.840913 162.689209 229.825806
#joint 33
#vjoint 45
f 43/163 44/164 45/165
#fvcolorindex 2 2 2 
vt 1.129051 0.927662 0.0
vt 1.072917 0.980324 0.0
vt 1.033565 0.979167 0.0
v -8.159087 162.689209 229.825806
#joint 33
#vjoint 46
f 43/166 45/167 46/168
#fvcolorindex 2 2 2 
vt 1.129051 0.927662 0.0
vt 1.033565 0.979167 0.0
vt 1.000000 0.958333 0.0
v -22.159086 154.689209 229.825806
#joint 33
#vjoint 47
f 43/169 46/170 47/171
#fvcolorindex 2 2 2 
vt 1.129051 0.927662 0.0
vt 1.000000 0.958333 0.0
vt 0.980903 0.923032 0.0
v -30.159086 140.689209 229.825806
#joint 33
#vjoint 48
f 43/172 47/173 48/174
#fvcolorindex 2 2 2 
vt 1.129051 0.927662 0.0
vt 0.980903 0.923032 0.0
vt 0.982060 0.883102 0.0
v -30.159086 124.689209 229.825806
#joint 33
#vjoint 49
f 43/175 48/176 49/177
#fvcolorindex 2 2 2 
vt 1.129051 0.927662 0.0
vt 0.982060 0.883102 0.0
vt 1.130208 0.887731 0.0
v 29.840914 124.689209 229.825806
#joint 33
#vjoint 50
f 43/178 49/179 50/180
#fvcolorindex 2 2 2 
vt 0.982060 0.883102 0.0
vt 0.983218 0.842593 0.0
vt 1.131366 0.847222 0.0
v -21.159086 108.689209 229.825806
#joint 33
#vjoint 51
#vcolor 82.000000 118.000000 151.000000 255.000000
v 20.840914 108.689209 229.825806
#joint 33
#vjoint 52
f 49/181 51/182 52/183
#fvcolorindex 2 8 2 
vt 0.982060 0.883102 0.0
vt 1.131366 0.847222 0.0
vt 1.130208 0.887731 0.0
f 49/184 52/185 50/186
#fvcolorindex 2 2 2 
usemtl m7ClampSClampT
vt -0.096217 0.245066 0.0
vt 0.109375 0.437500 0.0
vt 1.518914 0.084704 0.0
v 9.840913 83.689209 -185.174194
#joint 33
#vjoint 53
v 9.840913 94.689209 -173.174194
#joint 33
#vjoint 54
v 9.840913 75.689209 -91.174194
#joint 33
#vjoint 55
f 53/187 54/188 55/189
#fvcolorindex 2 2 2 
vt -0.096217 0.245066 0.0
vt 1.518914 0.084704 0.0
vt -0.094572 0.084704 0.0
v 9.840913 75.689209 -185.174194
#joint 33
#vjoint 56
f 53/190 55/191 56/192
#fvcolorindex 2 2 2 
vt -0.096217 0.245066 0.0
vt -0.094572 0.084704 0.0
vt -0.100329 0.157072 0.0
v 9.840913 79.689209 -186.174194
#joint 33
#vjoint 57
f 53/193 56/194 57/195
#fvcolorindex 2 2 2 
vt 0.109375 0.437500 0.0
vt 1.716283 0.249178 0.0
vt 1.518914 0.084704 0.0
v 9.840913 84.689209 -80.174194
#joint 33
#vjoint 58
f 54/196 58/197 55/198
#fvcolorindex 2 2 2 
vt 0.109375 0.437500 0.0
vt 0.113487 0.899671 0.0
vt 1.722039 0.899671 0.0
v 9.840913 119.689209 -173.174194
#joint 33
#vjoint 59
#vcolor 55.000000 69.000000 85.000000 255.000000
v 9.840913 119.689209 -79.174194
#joint 33
#vjoint 60
f 54/199 59/200 60/201
#fvcolorindex 2 9 9 
vt 0.109375 0.437500 0.0
vt 1.722039 0.899671 0.0
vt 1.716283 0.249178 0.0
f 54/202 60/203 58/204
#fvcolorindex 2 9 2 
usemtl m8ClampSClampT
vt 0.109375 0.437500 0.0
vt 0.109375 0.437500 0.0
vt 0.113487 0.899671 0.0
#vcolor 74.000000 88.000000 95.000000 255.000000
v -10.159087 94.689209 -173.174194
#joint 33
#vjoint 61
v -10.159087 119.689209 -173.174194
#joint 33
#vjoint 62
f 54/205 61/206 62/207
#fvcolorindex 10 10 10 
vt 0.109375 0.437500 0.0
vt 0.113487 0.899671 0.0
vt 0.113487 0.899671 0.0
f 54/208 62/209 59/210
#fvcolorindex 10 10 10 
usemtl m9ClampSClampT
vt -0.096217 0.245066 0.0
vt -0.096217 0.245066 0.0
vt 0.109375 0.437500 0.0
#vcolor 165.000000 189.000000 213.000000 255.000000
v -10.159087 83.689209 -185.174194
#joint 33
#vjoint 63
f 53/211 63/212 61/213
#fvcolorindex 11 11 3 
vt -0.096217 0.245066 0.0
vt 0.109375 0.437500 0.0
vt 0.109375 0.437500 0.0
f 53/214 61/215 54/216
#fvcolorindex 11 3 3 
usemtl m8ClampSClampT
vt -0.100329 0.157072 0.0
vt -0.100329 0.157072 0.0
vt -0.096217 0.245066 0.0
v -10.159087 79.689209 -186.174194
#joint 33
#vjoint 64
#vcolor 108.000000 124.000000 139.000000 255.000000
f 57/217 64/218 63/219
#fvcolorindex 10 10 12 
vt -0.100329 0.157072 0.0
vt -0.096217 0.245066 0.0
vt -0.096217 0.245066 0.0
f 57/220 63/221 53/222
#fvcolorindex 10 12 12 
vt -0.094572 0.084704 0.0
vt -0.094572 0.084704 0.0
vt -0.100329 0.157072 0.0
v -10.159087 75.689209 -185.174194
#joint 33
#vjoint 65
f 56/223 65/224 64/225
#fvcolorindex 10 10 10 
vt -0.094572 0.084704 0.0
vt -0.100329 0.157072 0.0
vt -0.100329 0.157072 0.0
f 56/226 64/227 57/228
#fvcolorindex 10 10 10 
usemtl m10ClampSClampT
vt 1.518914 0.084704 0.0
vt 1.518914 0.084704 0.0
vt -0.094572 0.084704 0.0
v -10.159087 75.689209 -91.174194
#joint 33
#vjoint 66
f 55/229 66/230 65/231
#fvcolorindex 7 7 7 
vt 1.518914 0.084704 0.0
vt -0.094572 0.084704 0.0
vt -0.094572 0.084704 0.0
f 55/232 65/233 56/234
#fvcolorindex 7 7 7 
usemtl m11ClampSClampT
vt 1.518914 0.084704 0.0
vt 1.716283 0.249178 0.0
vt 1.716283 0.249178 0.0
v -10.159087 84.689209 -80.174194
#joint 33
#vjoint 67
f 55/235 58/236 67/237
#fvcolorindex 12 12 12 
vt 1.518914 0.084704 0.0
vt 1.716283 0.249178 0.0
vt 1.518914 0.084704 0.0
f 55/238 67/239 66/240
#fvcolorindex 12 12 12 
usemtl m9ClampSClampT
vt 1.722039 0.899671 0.0
vt 1.722039 0.899671 0.0
vt 1.716283 0.249178 0.0
v -10.159087 119.689209 -79.174194
#joint 33
#vjoint 68
f 60/241 68/242 67/243
#fvcolorindex 11 11 11 
vt 1.722039 0.899671 0.0
vt 1.716283 0.249178 0.0
vt 1.716283 0.249178 0.0
f 60/244 67/245 58/246
#fvcolorindex 11 11 11 
usemtl m7ClampSClampT
vt -0.100329 0.157072 0.0
vt -0.094572 0.084704 0.0
vt 1.518914 0.084704 0.0
f 64/247 65/248 66/249
#fvcolorindex 2 2 2 
vt -0.100329 0.157072 0.0
vt 1.518914 0.084704 0.0
vt 0.109375 0.437500 0.0
f 64/250 66/251 61/252
#fvcolorindex 2 2 2 
vt -0.100329 0.157072 0.0
vt 0.109375 0.437500 0.0
vt -0.096217 0.245066 0.0
f 64/253 61/254 63/255
#fvcolorindex 2 2 2 
vt 1.518914 0.084704 0.0
vt 1.716283 0.249178 0.0
vt 0.109375 0.437500 0.0
f 66/256 67/257 61/258
#fvcolorindex 2 2 2 
vt 1.716283 0.249178 0.0
vt 1.722039 0.899671 0.0
vt 0.113487 0.899671 0.0
f 67/259 68/260 62/261
#fvcolorindex 2 9 9 
vt 1.716283 0.249178 0.0
vt 0.113487 0.899671 0.0
vt 0.109375 0.437500 0.0
f 67/262 62/263 61/264
#fvcolorindex 2 9 2 
vt -0.096217 0.245066 0.0
vt 0.109375 0.437500 0.0
vt 1.518914 0.084704 0.0
f 53/265 54/266 55/267
#fvcolorindex 2 2 2 
vt -0.096217 0.245066 0.0
vt 1.518914 0.084704 0.0
vt -0.094572 0.084704 0.0
f 53/268 55/269 56/270
#fvcolorindex 2 2 2 
vt -0.096217 0.245066 0.0
vt -0.094572 0.084704 0.0
vt -0.100329 0.157072 0.0
f 53/271 56/272 57/273
#fvcolorindex 2 2 2 
usemtl m12ClampSClampT
vt 1.091619 0.859375 0.0
vt -0.887784 0.859375 0.0
vt -0.887784 0.859375 0.0
v 8.840913 163.689209 -188.174194
#joint 33
#vjoint 69
v -9.159087 163.689209 -188.174194
#joint 33
#vjoint 70
f 40/274 69/275 70/276
#fvcolorindex 2 2 2 
vt 1.091619 0.859375 0.0
vt -0.887784 0.859375 0.0
vt 1.091619 0.859375 0.0
f 40/277 70/278 41/279
#fvcolorindex 2 2 2 
vt 1.091619 0.741477 0.0
vt 1.091619 0.208807 0.0
vt 0.978693 0.353693 0.0
v 17.840914 129.689209 -86.174194
#joint 33
#vjoint 71
f 39/280 38/281 71/282
#fvcolorindex 2 2 2 
vt 1.091619 0.741477 0.0
vt 0.978693 0.353693 0.0
vt 0.978693 0.741477 0.0
v 17.840914 155.689209 -86.174194
#joint 33
#vjoint 72
f 39/283 71/284 72/285
#fvcolorindex 2 2 2 
vt 0.978693 0.208807 0.0
vt 0.014205 0.208807 0.0
vt 0.014205 0.353693 0.0
v 17.840914 119.689209 -139.174194
#joint 33
#vjoint 73
v 17.840914 129.689209 -139.174194
#joint 33
#vjoint 74
f 38/286 73/287 74/288
#fvcolorindex 2 2 2 
vt 0.978693 0.208807 0.0
vt 0.014205 0.353693 0.0
vt 0.978693 0.353693 0.0
f 38/289 74/290 71/291
#fvcolorindex 2 2 2 
vt -0.887784 0.208807 0.0
vt -1.284801 0.208807 0.0
vt -0.887784 0.741477 0.0
v 17.840914 119.689209 -188.174194
#joint 33
#vjoint 75
v 17.840914 119.689209 -210.174194
#joint 33
#vjoint 76
v 17.840914 155.689209 -188.174194
#joint 33
#vjoint 77
f 75/292 76/293 77/294
#fvcolorindex 2 2 2 
vt -0.887784 0.859375 0.0
vt 1.091619 0.859375 0.0
vt 1.091619 0.741477 0.0
f 69/295 40/296 39/297
#fvcolorindex 2 2 2 
vt -0.887784 0.859375 0.0
vt 1.091619 0.741477 0.0
vt 0.978693 0.741477 0.0
f 69/298 39/299 72/300
#fvcolorindex 2 2 2 
vt -0.887784 0.859375 0.0
vt 0.978693 0.741477 0.0
vt 0.014205 0.741477 0.0
v 17.840914 155.689209 -139.174194
#joint 33
#vjoint 78
f 69/301 72/302 78/303
#fvcolorindex 2 2 2 
vt -0.887784 0.859375 0.0
vt 0.014205 0.741477 0.0
vt -0.887784 0.741477 0.0
f 69/304 78/305 77/306
#fvcolorindex 2 2 2 
usemtl m13ClampSClampT
vt -1.257102 0.220170 0.0
vt -1.257102 0.220170 0.0
vt -0.871449 0.722301 0.0
#vcolor 71.000000 87.000000 108.000000 255.000000
v -18.159086 119.689209 -210.174194
#joint 33
#vjoint 79
v -18.159086 155.689209 -188.174194
#joint 33
#vjoint 80
f 76/307 79/308 80/309
#fvcolorindex 13 13 13 
vt -1.257102 0.220170 0.0
vt -0.871449 0.722301 0.0
vt -0.871449 0.722301 0.0
f 76/310 80/311 77/312
#fvcolorindex 13 13 13 
vt -0.871449 0.722301 0.0
vt -0.872869 0.833097 0.0
vt -0.872869 0.833097 0.0
f 80/313 70/314 69/315
#fvcolorindex 13 13 13 
vt -0.871449 0.722301 0.0
vt -0.872869 0.833097 0.0
vt -0.871449 0.722301 0.0
f 80/316 69/317 77/318
#fvcolorindex 13 13 13 
usemtl m12ClampSClampT
vt 0.014205 0.353693 0.0
vt 0.014205 0.741477 0.0
vt 0.110085 0.693182 0.0
v 8.840913 152.689209 -133.174194
#joint 33
#vjoint 81
#vcolor 44.000000 64.000000 83.000000 255.000000
f 74/319 78/320 81/321
#fvcolorindex 2 2 14 
vt 0.014205 0.353693 0.0
vt 0.110085 0.693182 0.0
vt 0.110085 0.401989 0.0
v 8.840913 132.689209 -133.174194
#joint 33
#vjoint 82
f 74/322 81/323 82/324
#fvcolorindex 2 14 14 
vt 0.014205 0.741477 0.0
vt 0.978693 0.741477 0.0
vt 0.882812 0.693182 0.0
v 8.840913 152.689209 -91.174194
#joint 33
#vjoint 83
f 78/325 72/326 83/327
#fvcolorindex 2 2 14 
vt 0.014205 0.741477 0.0
vt 0.882812 0.693182 0.0
vt 0.110085 0.693182 0.0
f 78/328 83/329 81/330
#fvcolorindex 2 14 14 
vt 0.978693 0.741477 0.0
vt 0.978693 0.353693 0.0
vt 0.882812 0.401989 0.0
v 8.840913 132.689209 -91.174194
#joint 33
#vjoint 84
f 72/331 71/332 84/333
#fvcolorindex 2 2 14 
vt 0.978693 0.741477 0.0
vt 0.882812 0.401989 0.0
vt 0.882812 0.693182 0.0
f 72/334 84/335 83/336
#fvcolorindex 2 14 14 
vt 0.978693 0.353693 0.0
vt 0.014205 0.353693 0.0
vt 0.110085 0.401989 0.0
f 71/337 74/338 82/339
#fvcolorindex 2 2 14 
vt 0.978693 0.353693 0.0
vt 0.110085 0.401989 0.0
vt 0.882812 0.401989 0.0
f 71/340 82/341 84/342
#fvcolorindex 2 14 14 
usemtl m14ClampSClampT
vt 0.882812 0.693182 0.0
vt 0.882812 0.401989 0.0
vt 0.978693 0.353693 0.0
v -9.159087 152.689209 -91.174194
#joint 33
#vjoint 85
v -9.159087 132.689209 -91.174194
#joint 33
#vjoint 86
v -18.159086 129.689209 -86.174194
#joint 33
#vjoint 87
f 85/343 86/344 87/345
#fvcolorindex 14 14 2 
vt 0.882812 0.693182 0.0
vt 0.978693 0.353693 0.0
vt 0.978693 0.741477 0.0
v -18.159086 155.689209 -86.174194
#joint 33
#vjoint 88
f 85/346 87/347 88/348
#fvcolorindex 14 2 2 
vt 0.110085 0.693182 0.0
vt 0.882812 0.693182 0.0
vt 0.978693 0.741477 0.0
v -9.159087 152.689209 -133.174194
#joint 33
#vjoint 89
f 89/349 85/350 88/351
#fvcolorindex 14 14 2 
vt 0.110085 0.693182 0.0
vt 0.978693 0.741477 0.0
vt 0.014205 0.741477 0.0
v -18.159086 155.689209 -139.174194
#joint 33
#vjoint 90
f 89/352 88/353 90/354
#fvcolorindex 14 2 2 
vt 0.882812 0.401989 0.0
vt 0.110085 0.401989 0.0
vt 0.014205 0.353693 0.0
v -9.159087 132.689209 -133.174194
#joint 33
#vjoint 91
v -18.159086 129.689209 -139.174194
#joint 33
#vjoint 92
f 86/355 91/356 92/357
#fvcolorindex 14 14 2 
vt 0.882812 0.401989 0.0
vt 0.014205 0.353693 0.0
vt 0.978693 0.353693 0.0
f 86/358 92/359 87/360
#fvcolorindex 14 2 2 
vt 0.110085 0.401989 0.0
vt 0.110085 0.693182 0.0
vt 0.014205 0.741477 0.0
f 91/361 89/362 90/363
#fvcolorindex 14 14 2 
vt 0.110085 0.401989 0.0
vt 0.014205 0.741477 0.0
vt 0.014205 0.353693 0.0
f 91/364 90/365 92/366
#fvcolorindex 14 2 2 
usemtl m12ClampSClampT
vt -0.887784 0.741477 0.0
vt 0.014205 0.741477 0.0
vt 0.978693 0.741477 0.0
f 80/367 90/368 88/369
#fvcolorindex 2 2 2 
vt -0.887784 0.741477 0.0
vt 0.978693 0.741477 0.0
vt 1.091619 0.741477 0.0
f 80/370 88/371 42/372
#fvcolorindex 2 2 2 
vt -0.887784 0.741477 0.0
vt 1.091619 0.741477 0.0
vt 1.091619 0.859375 0.0
f 80/373 42/374 41/375
#fvcolorindex 2 2 2 
vt -0.887784 0.741477 0.0
vt 1.091619 0.859375 0.0
vt -0.887784 0.859375 0.0
f 80/376 41/377 70/378
#fvcolorindex 2 2 2 
usemtl m15ClampSClampT
vt 0.000000 0.000000 0.0
vt 0.000000 0.000000 0.0
vt 0.000000 0.000000 0.0
#vcolor 13.000000 20.000000 26.000000 255.000000
v -18.159086 119.689209 -139.174194
#joint 33
#vjoint 93
f 37/379 93/380 73/381
#fvcolorindex 15 15 15 
vt 0.000000 0.000000 0.0
vt 0.000000 0.000000 0.0
vt 0.000000 0.000000 0.0
f 37/382 73/383 38/384
#fvcolorindex 15 15 15 
vt 0.000000 0.000000 0.0
vt 0.000000 0.000000 0.0
vt 0.000000 0.000000 0.0
f 73/385 93/386 79/387
#fvcolorindex 15 15 15 
vt 0.000000 0.000000 0.0
vt 0.000000 0.000000 0.0
vt 0.000000 0.000000 0.0
f 73/388 79/389 76/390
#fvcolorindex 15 15 15 
usemtl m12ClampSClampT
vt 0.014205 0.208807 0.0
vt -0.887784 0.208807 0.0
vt -0.661932 0.341619 0.0
v 17.840914 123.689209 -182.174194
#joint 33
#vjoint 94
f 73/391 75/392 94/393
#fvcolorindex 2 2 2 
vt 0.014205 0.208807 0.0
vt -0.661932 0.341619 0.0
vt -0.211648 0.341619 0.0
v 17.840914 123.689209 -145.174194
#joint 33
#vjoint 95
f 73/394 94/395 95/396
#fvcolorindex 2 2 2 
vt -0.887784 0.208807 0.0
vt -0.887784 0.741477 0.0
vt -0.661932 0.608665 0.0
v 17.840914 151.689209 -182.174194
#joint 33
#vjoint 96
f 75/397 77/398 96/399
#fvcolorindex 2 2 2 
vt -0.887784 0.208807 0.0
vt -0.661932 0.608665 0.0
vt -0.661932 0.341619 0.0
f 75/400 96/401 94/402
#fvcolorindex 2 2 2 
vt -0.887784 0.741477 0.0
vt 0.014205 0.741477 0.0
vt -0.211648 0.608665 0.0
v 17.840914 151.689209 -145.174194
#joint 33
#vjoint 97
f 77/403 78/404 97/405
#fvcolorindex 2 2 2 
vt -0.887784 0.741477 0.0
vt -0.211648 0.608665 0.0
vt -0.661932 0.608665 0.0
f 77/406 97/407 96/408
#fvcolorindex 2 2 2 
vt 0.014205 0.741477 0.0
vt 0.014205 0.353693 0.0
vt -0.211648 0.414062 0.0
f 78/409 74/410 95/411
#fvcolorindex 2 2 2 
vt 0.014205 0.741477 0.0
vt -0.211648 0.414062 0.0
vt -0.211648 0.608665 0.0
f 78/412 95/413 97/414
#fvcolorindex 2 2 2 
vt 0.014205 0.353693 0.0
vt 0.014205 0.208807 0.0
vt -0.211648 0.341619 0.0
f 74/415 73/416 95/417
#fvcolorindex 2 2 2 
vt -0.661932 0.608665 0.0
vt -0.211648 0.608665 0.0
vt 0.014205 0.741477 0.0
v -18.159086 151.689209 -182.174194
#joint 33
#vjoint 98
v -18.159086 151.689209 -145.174194
#joint 33
#vjoint 99
f 98/418 99/419 90/420
#fvcolorindex 2 2 2 
vt -0.661932 0.608665 0.0
vt 0.014205 0.741477 0.0
vt -0.887784 0.741477 0.0
f 98/421 90/422 80/423
#fvcolorindex 2 2 2 
vt -0.887784 0.741477 0.0
vt -1.284801 0.208807 0.0
vt -0.887784 0.208807 0.0
v -18.159086 119.689209 -188.174194
#joint 33
#vjoint 100
f 80/424 79/425 100/426
#fvcolorindex 2 2 2 
vt -0.661932 0.341619 0.0
vt -0.661932 0.608665 0.0
vt -0.887784 0.741477 0.0
v -18.159086 123.689209 -182.174194
#joint 33
#vjoint 101
f 101/427 98/428 80/429
#fvcolorindex 2 2 2 
vt -0.661932 0.341619 0.0
vt -0.887784 0.741477 0.0
vt -0.887784 0.208807 0.0
f 101/430 80/431 100/432
#fvcolorindex 2 2 2 
vt -0.211648 0.341619 0.0
vt -0.661932 0.341619 0.0
vt -0.887784 0.208807 0.0
v -18.159086 123.689209 -145.174194
#joint 33
#vjoint 102
f 102/433 101/434 100/435
#fvcolorindex 2 2 2 
vt -0.211648 0.341619 0.0
vt -0.887784 0.208807 0.0
vt 0.014205 0.208807 0.0
f 102/436 100/437 93/438
#fvcolorindex 2 2 2 
vt -0.211648 0.608665 0.0
vt -0.211648 0.414062 0.0
vt 0.014205 0.353693 0.0
f 99/439 102/440 92/441
#fvcolorindex 2 2 2 
vt -0.211648 0.608665 0.0
vt 0.014205 0.353693 0.0
vt 0.014205 0.741477 0.0
f 99/442 92/443 90/444
#fvcolorindex 2 2 2 
vt -0.211648 0.341619 0.0
vt 0.014205 0.208807 0.0
vt 0.014205 0.353693 0.0
f 102/445 93/446 92/447
#fvcolorindex 2 2 2 
vt 0.978693 0.353693 0.0
vt 0.014205 0.353693 0.0
vt 0.014205 0.208807 0.0
f 87/448 92/449 93/450
#fvcolorindex 2 2 2 
vt 0.978693 0.353693 0.0
vt 0.014205 0.208807 0.0
vt 0.978693 0.208807 0.0
f 87/451 93/452 37/453
#fvcolorindex 2 2 2 
vt 0.978693 0.741477 0.0
vt 0.978693 0.353693 0.0
vt 1.091619 0.208807 0.0
f 88/454 87/455 37/456
#fvcolorindex 2 2 2 
vt 0.978693 0.741477 0.0
vt 1.091619 0.208807 0.0
vt 1.091619 0.741477 0.0
f 88/457 37/458 42/459
#fvcolorindex 2 2 2 
usemtl m16ClampSClampT
vt 0.621449 0.776278 0.0
vt 1.019886 0.774858 0.0
vt 1.016335 0.675426 0.0
v 6.840913 162.689209 -217.174194
#joint 33
#vjoint 103
v 6.840913 162.689209 -188.174194
#joint 33
#vjoint 104
v 14.840913 155.689209 -188.174194
#joint 33
#vjoint 105
f 103/460 104/461 105/462
#fvcolorindex 2 2 2 
vt 0.621449 0.776278 0.0
vt 1.016335 0.675426 0.0
vt 0.620028 0.676847 0.0
v 14.840913 155.689209 -217.174194
#joint 33
#vjoint 106
f 103/463 105/464 106/465
#fvcolorindex 2 2 2 
vt 0.711648 0.229403 0.0
vt 0.611506 0.229403 0.0
vt 0.620028 0.676847 0.0
v 14.840913 119.689209 -210.174194
#joint 33
#vjoint 107
v 14.840913 119.689209 -217.174194
#joint 33
#vjoint 108
f 107/466 108/467 106/468
#fvcolorindex 2 2 2 
vt 0.711648 0.229403 0.0
vt 0.620028 0.676847 0.0
vt 1.016335 0.675426 0.0
f 107/469 106/470 105/471
#fvcolorindex 2 2 2 
vt 0.400568 0.498580 0.0
vt 0.620028 0.676847 0.0
vt 0.611506 0.229403 0.0
v 11.840913 141.689209 -233.174194
#joint 33
#vjoint 109
f 109/472 106/473 108/474
#fvcolorindex 2 2 2 
vt 0.400568 0.498580 0.0
vt 0.611506 0.229403 0.0
vt 0.395597 0.230114 0.0
v 11.840913 119.689209 -233.174194
#joint 33
#vjoint 110
f 109/475 108/476 110/477
#fvcolorindex 2 2 4 
vt 0.400568 0.498580 0.0
vt 0.411222 0.568892 0.0
vt 0.621449 0.776278 0.0
v 5.840913 147.689209 -232.174194
#joint 33
#vjoint 111
f 109/478 111/479 103/480
#fvcolorindex 2 2 2 
vt 0.400568 0.498580 0.0
vt 0.621449 0.776278 0.0
vt 0.620028 0.676847 0.0
f 109/481 103/482 106/483
#fvcolorindex 2 2 2 
vt 0.016335 0.428267 0.0
vt 0.123580 0.499290 0.0
vt 0.400568 0.498580 0.0
v 11.840913 135.689209 -267.174194
#joint 33
#vjoint 112
v 11.840913 141.689209 -259.174194
#joint 33
#vjoint 113
f 112/484 113/485 109/486
#fvcolorindex 2 2 2 
vt 0.016335 0.428267 0.0
vt 0.400568 0.498580 0.0
vt 0.395597 0.230114 0.0
f 112/487 109/488 110/489
#fvcolorindex 2 2 4 
vt 0.016335 0.428267 0.0
vt 0.395597 0.230114 0.0
vt 0.012784 0.231534 0.0
v 11.840913 119.689209 -267.174194
#joint 33
#vjoint 114
#vcolor 100.000000 143.000000 184.000000 255.000000
f 112/490 110/491 114/492
#fvcolorindex 2 4 16 
vt 0.620028 0.676847 0.0
vt 0.621449 0.776278 0.0
vt 0.411222 0.568892 0.0
v -15.159087 155.689209 -217.174194
#joint 33
#vjoint 115
v -7.159087 162.689209 -217.174194
#joint 33
#vjoint 116
v -6.159087 147.689209 -232.174194
#joint 33
#vjoint 117
f 115/493 116/494 117/495
#fvcolorindex 2 2 2 
vt 0.620028 0.676847 0.0
vt 0.411222 0.568892 0.0
vt 0.400568 0.498580 0.0
v -12.159087 141.689209 -233.174194
#joint 33
#vjoint 118
f 115/496 117/497 118/498
#fvcolorindex 2 2 2 
usemtl m17ClampSClampT
vt 0.395597 0.230114 0.0
vt 0.611506 0.229403 0.0
vt 0.620028 0.676847 0.0
v -12.159087 119.689209 -233.174194
#joint 33
#vjoint 119
v -15.159087 119.689209 -217.174194
#joint 33
#vjoint 120
f 119/499 120/500 115/501
#fvcolorindex 4 2 2 
vt 0.395597 0.230114 0.0
vt 0.620028 0.676847 0.0
vt 0.400568 0.498580 0.0
f 119/502 115/503 118/504
#fvcolorindex 4 2 2 
usemtl m16ClampSClampT
vt 0.620028 0.676847 0.0
vt 1.016335 0.675426 0.0
vt 1.019886 0.774858 0.0
v -15.159087 155.689209 -188.174194
#joint 33
#vjoint 121
v -7.159087 162.689209 -188.174194
#joint 33
#vjoint 122
f 115/505 121/506 122/507
#fvcolorindex 2 2 2 
vt 0.620028 0.676847 0.0
vt 1.019886 0.774858 0.0
vt 0.621449 0.776278 0.0
f 115/508 122/509 116/510
#fvcolorindex 2 2 2 
vt 0.621449 0.776278 0.0
vt 0.621449 0.776278 0.0
vt 1.019886 0.774858 0.0
f 103/511 116/512 122/513
#fvcolorindex 2 2 2 
vt 0.621449 0.776278 0.0
vt 1.019886 0.774858 0.0
vt 1.019886 0.774858 0.0
f 103/514 122/515 104/516
#fvcolorindex 2 2 2 
vt 0.411222 0.568892 0.0
vt 0.411222 0.568892 0.0
vt 0.621449 0.776278 0.0
f 111/517 117/518 116/519
#fvcolorindex 2 2 2 
vt 0.411222 0.568892 0.0
vt 0.621449 0.776278 0.0
vt 0.621449 0.776278 0.0
f 111/520 116/521 103/522
#fvcolorindex 2 2 2 
vt 0.400568 0.498580 0.0
vt 0.400568 0.498580 0.0
vt 0.411222 0.568892 0.0
f 109/523 118/524 117/525
#fvcolorindex 2 2 2 
vt 0.400568 0.498580 0.0
vt 0.411222 0.568892 0.0
vt 0.411222 0.568892 0.0
f 109/526 117/527 111/528
#fvcolorindex 2 2 2 
vt 0.123580 0.498580 0.0
vt 0.123580 0.498580 0.0
vt 0.400568 0.498580 0.0
v -12.159087 141.689209 -259.174194
#joint 33
#vjoint 123
f 113/529 123/530 118/531
#fvcolorindex 2 2 2 
vt 0.123580 0.498580 0.0
vt 0.400568 0.498580 0.0
vt 0.400568 0.498580 0.0
f 113/532 118/533 109/534
#fvcolorindex 2 2 2 
usemtl m18ClampSClampT
vt 0.016335 0.428267 0.0
vt 0.016335 0.428267 0.0
vt 0.123580 0.499290 0.0
v -12.159087 135.689209 -267.174194
#joint 33
#vjoint 124
f 112/535 124/536 123/537
#fvcolorindex 11 11 2 
vt 0.016335 0.428267 0.0
vt 0.123580 0.499290 0.0
vt 0.123580 0.499290 0.0
f 112/538 123/539 113/540
#fvcolorindex 11 2 2 
usemtl m19ClampSClampT
vt 0.012784 0.231534 0.0
vt 0.012784 0.231534 0.0
vt 0.012784 0.428267 0.0
v -12.159087 119.689209 -267.174194
#joint 33
#vjoint 125
f 114/541 125/542 124/543
#fvcolorindex 8 8 8 
vt 0.012784 0.231534 0.0
vt 0.012784 0.428267 0.0
vt 0.012784 0.428267 0.0
f 114/544 124/545 112/546
#fvcolorindex 8 8 8 
usemtl m20ClampSClampT
vt 0.711648 0.229403 0.0
vt 0.611506 0.229403 0.0
vt 0.611506 0.229403 0.0
v -15.159087 119.689209 -210.174194
#joint 33
#vjoint 126
f 126/547 120/548 108/549
#fvcolorindex 9 9 9 
vt 0.711648 0.229403 0.0
vt 0.611506 0.229403 0.0
vt 0.711648 0.229403 0.0
f 126/550 108/551 107/552
#fvcolorindex 9 9 2 
vt 0.611506 0.229403 0.0
vt 0.395597 0.230114 0.0
vt 0.395597 0.230114 0.0
f 120/553 119/554 110/555
#fvcolorindex 9 9 9 
vt 0.611506 0.229403 0.0
vt 0.395597 0.230114 0.0
vt 0.611506 0.229403 0.0
f 120/556 110/557 108/558
#fvcolorindex 9 9 9 
vt 0.395597 0.230114 0.0
vt 0.012784 0.231534 0.0
vt 0.012784 0.231534 0.0
f 119/559 125/560 114/561
#fvcolorindex 9 9 9 
vt 0.395597 0.230114 0.0
vt 0.012784 0.231534 0.0
vt 0.395597 0.230114 0.0
f 119/562 114/563 110/564
#fvcolorindex 9 9 9 
usemtl m16ClampSClampT
vt 1.016335 0.675426 0.0
vt 0.620028 0.676847 0.0
vt 0.611506 0.229403 0.0
f 121/565 115/566 120/567
#fvcolorindex 2 2 2 
vt 1.016335 0.675426 0.0
vt 0.611506 0.229403 0.0
vt 0.711648 0.229403 0.0
f 121/568 120/569 126/570
#fvcolorindex 2 2 2 
usemtl m21ClampSClampT
vt 0.012784 0.231534 0.0
vt 0.395597 0.230114 0.0
vt 0.400568 0.498580 0.0
f 125/571 119/572 118/573
#fvcolorindex 16 4 2 
vt 0.012784 0.231534 0.0
vt 0.400568 0.498580 0.0
vt 0.123580 0.499290 0.0
f 125/574 118/575 123/576
#fvcolorindex 16 2 2 
vt 0.012784 0.231534 0.0
vt 0.123580 0.499290 0.0
vt 0.016335 0.428267 0.0
f 125/577 123/578 124/579
#fvcolorindex 16 2 2 
usemtl m22ClampSClampT
vt 0.230824 0.671165 0.0
vt 0.759943 0.489347 0.0
vt 0.580256 0.053267 0.0
v 6.840913 106.689209 -261.174194
#joint 33
#vjoint 127
#vcolor 56.000000 82.000000 104.000000 255.000000
v 6.840913 98.689209 -233.174194
#joint 33
#vjoint 128
v 6.840913 78.689209 -241.174194
#joint 33
#vjoint 129
f 127/580 128/581 129/582
#fvcolorindex 17 16 16 
vt 0.230824 0.671165 0.0
vt 0.580256 0.053267 0.0
vt 0.428977 0.117898 0.0
v 6.840913 81.689209 -248.174194
#joint 33
#vjoint 130
f 127/583 129/584 130/585
#fvcolorindex 17 16 16 
vt 0.230824 0.671165 0.0
vt 0.428977 0.117898 0.0
vt 0.142045 0.458097 0.0
v 6.840913 96.689209 -265.174194
#joint 33
#vjoint 131
f 127/586 130/587 131/588
#fvcolorindex 17 16 16 
vt 0.230824 0.671165 0.0
vt 0.215199 0.968750 0.0
vt 0.789773 0.970881 0.0
v 6.840913 119.689209 -262.174194
#joint 33
#vjoint 132
v 6.840913 119.689209 -233.174194
#joint 33
#vjoint 133
f 127/589 132/590 133/591
#fvcolorindex 17 9 9 
vt 0.230824 0.671165 0.0
vt 0.789773 0.970881 0.0
vt 0.759943 0.489347 0.0
f 127/592 133/593 128/594
#fvcolorindex 17 9 16 
usemtl m23ClampSClampT
vt 0.759943 0.489347 0.0
vt 0.759943 0.489347 0.0
vt 0.789773 0.970881 0.0
v -8.159087 98.689209 -233.174194
#joint 33
#vjoint 134
f 134/595 128/596 133/597
#fvcolorindex 2 16 9 
vt 0.759943 0.489347 0.0
vt 0.789773 0.970881 0.0
vt 0.789773 0.970881 0.0
v -8.159087 119.689209 -233.174194
#joint 33
#vjoint 135
f 134/598 133/599 135/600
#fvcolorindex 2 9 9 
vt 0.580256 0.053267 0.0
vt 0.580256 0.053267 0.0
vt 0.759943 0.489347 0.0
v -8.159087 78.689209 -241.174194
#joint 33
#vjoint 136
f 136/601 129/602 128/603
#fvcolorindex 2 16 16 
vt 0.580256 0.053267 0.0
vt 0.759943 0.489347 0.0
vt 0.759943 0.489347 0.0
f 136/604 128/605 134/606
#fvcolorindex 2 16 2 
usemtl m24ClampSClampT
vt 0.759943 0.489347 0.0
vt 0.789773 0.970881 0.0
vt 0.215199 0.968750 0.0
v -8.159087 119.689209 -262.174194
#joint 33
#vjoint 137
f 134/607 135/608 137/609
#fvcolorindex 16 9 9 
vt 0.759943 0.489347 0.0
vt 0.215199 0.968750 0.0
vt 0.230824 0.671165 0.0
v -8.159087 106.689209 -261.174194
#joint 33
#vjoint 138
f 134/610 137/611 138/612
#fvcolorindex 16 9 17 
vt 0.142045 0.458097 0.0
vt 0.428977 0.117898 0.0
vt 0.580256 0.053267 0.0
v -8.159087 96.689209 -265.174194
#joint 33
#vjoint 139
v -8.159087 81.689209 -248.174194
#joint 33
#vjoint 140
f 139/613 140/614 136/615
#fvcolorindex 16 16 16 
vt 0.142045 0.458097 0.0
vt 0.580256 0.053267 0.0
vt 0.759943 0.489347 0.0
f 139/616 136/617 134/618
#fvcolorindex 16 16 16 
vt 0.142045 0.458097 0.0
vt 0.759943 0.489347 0.0
vt 0.230824 0.671165 0.0
f 139/619 134/620 138/621
#fvcolorindex 16 16 17 
usemtl m25ClampS
vt 0.000000 0.685547 0.0
vt 1.000000 0.685547 0.0
vt 1.000000 1.532227 0.0
f 127/622 138/623 137/624
#fvcolorindex 17 11 9 
vt 0.000000 0.685547 0.0
vt 1.000000 1.532227 0.0
vt 0.000000 1.532227 0.0
f 127/625 137/626 132/627
#fvcolorindex 17 9 9 
usemtl m26ClampS
vt 0.000000 0.000000 0.0
vt 1.000000 0.000000 0.0
vt 1.000000 0.685547 0.0
f 131/628 139/629 138/630
#fvcolorindex 16 11 11 
vt 0.000000 0.000000 0.0
vt 1.000000 0.685547 0.0
vt 0.000000 0.685547 0.0
f 131/631 138/632 127/633
#fvcolorindex 16 11 17 
usemtl m27EnvMappingTexScaleS0.031250TexScaleT0.031250
vt 0.000000 0.000000 0.0
vt 0.000000 0.000000 0.0
vt 0.000000 0.000000 0.0
v 14.840913 129.689209 -86.174194
#joint 33
#vjoint 141
#vcolor 0.000000 129.000000 0.000000 255.000000
v 14.840913 129.689209 -139.174194
#joint 33
#vjoint 142
v 14.840913 139.689209 -139.174194
#joint 33
#vjoint 143
#vcolor 126.000000 12.000000 0.000000 255.000000
vn 0.000000 1.015748 0.000000
vn 0.000000 1.015748 0.000000
vn 0.992126 0.094488 0.000000
f 141/634/1 142/635/2 143/636/3
#fvcolorindex 18 18 19 
vt 0.000000 0.000000 0.0
vt 0.000000 0.000000 0.0
vt 0.000000 0.000000 0.0
v 14.840913 139.689209 -86.174194
#joint 33
#vjoint 144
vn 0.000000 1.015748 0.000000
vn 0.992126 0.094488 0.000000
vn 0.992126 0.094488 0.000000
f 141/637/4 143/638/5 144/639/6
#fvcolorindex 18 19 19 
usemtl m28EnvMappingTexScaleS0.031250TexScaleT0.031250
vt 0.000000 0.000000 0.0
vt 0.000000 0.000000 0.0
vt 0.000000 0.000000 0.0
v 12.840913 148.689209 -86.174194
#joint 33
#vjoint 145
#vcolor 112.000000 59.000000 0.000000 255.000000
v 12.840913 148.689209 -139.174194
#joint 33
#vjoint 146
v 7.840913 153.689209 -139.174194
#joint 33
#vjoint 147
#vcolor 255.000000 126.000000 0.000000 255.000000
vn 0.881890 0.464567 0.000000
vn 0.881890 0.464567 0.000000
vn 2.007874 0.992126 0.000000
f 145/640/7 146/641/8 147/642/9
#fvcolorindex 20 20 21 
vt 0.000000 0.000000 0.0
vt 0.000000 0.000000 0.0
vt 0.000000 0.000000 0.0
v 7.840913 153.689209 -86.174194
#joint 33
#vjoint 148
vn 0.881890 0.464567 0.000000
vn 2.007874 0.992126 0.000000
vn 2.007874 0.992126 0.000000
f 145/643/10 147/644/11 148/645/12
#fvcolorindex 20 21 21 
usemtl m29EnvMappingTexScaleS0.031250TexScaleT0.031250
vt 0.000000 0.000000 0.0
vt 0.000000 0.000000 0.0
vt 0.000000 0.000000 0.0
#vcolor 112.000000 58.000000 0.000000 255.000000
vn 0.992126 0.094488 0.000000
vn 0.992126 0.094488 0.000000
vn 0.881890 0.456693 0.000000
f 144/646/13 143/647/14 146/648/15
#fvcolorindex 19 19 22 
vt 0.000000 0.000000 0.0
vt 0.000000 0.000000 0.0
vt 0.000000 0.000000 0.0
vn 0.992126 0.094488 0.000000
vn 0.881890 0.456693 0.000000
vn 0.881890 0.456693 0.000000
f 144/649/16 146/650/17 145/651/18
#fvcolorindex 19 22 22 
usemtl m30EnvMappingTexScaleS0.031250TexScaleT0.031250
vt 0.000000 0.000000 0.0
vt 0.000000 0.000000 0.0
vt 0.000000 0.000000 0.0
v -14.159087 149.689209 230.825806
#joint 33
#vjoint 149
#vcolor 165.000000 88.000000 0.000000 255.000000
v -14.159087 149.689209 274.825806
#joint 33
#vjoint 150
v -0.159087 155.689209 274.825806
#joint 33
#vjoint 151
vn 1.299213 0.692913 0.000000
vn 1.299213 0.692913 0.000000
vn 2.007874 0.992126 0.000000
f 149/652/19 150/653/20 151/654/21
#fvcolorindex 23 23 21 
vt 0.000000 0.000000 0.0
vt 0.000000 0.000000 0.0
vt 0.000000 0.000000 0.0
v -0.159087 155.689209 230.825806
#joint 33
#vjoint 152
vn 1.299213 0.692913 0.000000
vn 2.007874 0.992126 0.000000
vn 2.007874 0.992126 0.000000
f 149/655/22 151/656/23 152/657/24
#fvcolorindex 23 21 21 
usemtl m31EnvMappingTexScaleS0.031250TexScaleT0.031250
vt 0.000000 0.000000 0.0
vt 0.000000 0.000000 0.0
vt 0.000000 0.000000 0.0
v 13.840913 149.689209 230.825806
#joint 33
#vjoint 153
#vcolor 91.000000 88.000000 0.000000 255.000000
v 13.840913 149.689209 274.825806
#joint 33
#vjoint 154
v 18.840914 136.689209 274.825806
#joint 33
#vjoint 155
#vcolor 126.000000 255.000000 0.000000 255.000000
vn 0.716535 0.692913 0.000000
vn 0.716535 0.692913 0.000000
vn 0.992126 2.007874 0.000000
f 153/658/25 154/659/26 155/660/27
#fvcolorindex 24 24 25 
vt 0.000000 0.000000 0.0
vt 0.000000 0.000000 0.0
vt 0.000000 0.000000 0.0
v 18.840914 136.689209 230.825806
#joint 33
#vjoint 156
vn 0.716535 0.692913 0.000000
vn 0.992126 2.007874 0.000000
vn 0.992126 2.007874 0.000000
f 153/661/28 155/662/29 156/663/30
#fvcolorindex 24 25 25 
usemtl m32EnvMappingTexScaleS0.031250TexScaleT0.031250
vt 0.000000 0.000000 0.0
vt 0.000000 0.000000 0.0
vt 0.000000 0.000000 0.0
vn 2.007874 0.992126 0.000000
vn 2.007874 0.992126 0.000000
vn 0.716535 0.692913 0.000000
f 152/664/31 151/665/32 154/666/33
#fvcolorindex 21 21 24 
vt 0.000000 0.000000 0.0
vt 0.000000 0.000000 0.0
vt 0.000000 0.000000 0.0
vn 2.007874 0.992126 0.000000
vn 0.716535 0.692913 0.000000
vn 0.716535 0.692913 0.000000
f 152/667/34 154/668/35 153/669/36
#fvcolorindex 21 24 24 
usemtl m33EnvMappingTexScaleS0.031250TexScaleT0.031250
vt 0.000000 0.000000 0.0
vt 0.000000 0.000000 0.0
vt 0.000000 0.000000 0.0
#vcolor 4.000000 255.000000 126.000000 255.000000
v -9.159087 144.689209 274.825806
#joint 33
#vjoint 157
v -0.159087 148.689209 274.825806
#joint 33
#vjoint 158
vn 0.031496 2.007874 0.992126
vn 0.031496 2.007874 0.992126
vn 0.031496 2.007874 0.992126
f 150/670/37 157/671/38 158/672/39
#fvcolorindex 26 26 26 
vt 0.000000 0.000000 0.0
vt 0.000000 0.000000 0.0
vt 0.000000 0.000000 0.0
vn 0.031496 2.007874 0.992126
vn 0.031496 2.007874 0.992126
vn 0.031496 2.007874 0.992126
f 150/673/40 158/674/41 151/675/42
#fvcolorindex 26 26 26 
vt 0.000000 0.000000 0.0
vt 0.000000 0.000000 0.0
vt 0.000000 0.000000 0.0
v -19.159086 136.689209 274.825806
#joint 33
#vjoint 159
#vcolor 234.000000 247.000000 124.000000 255.000000
v -13.159087 135.689209 274.825806
#joint 33
#vjoint 160
vn 0.031496 2.007874 0.992126
vn 1.842520 1.944882 0.976378
vn 0.031496 2.007874 0.992126
f 150/676/43 159/677/44 160/678/45
#fvcolorindex 26 27 26 
vt 0.000000 0.000000 0.0
vt 0.000000 0.000000 0.0
vt 0.000000 0.000000 0.0
vn 0.031496 2.007874 0.992126
vn 0.031496 2.007874 0.992126
vn 0.031496 2.007874 0.992126
f 150/679/46 160/680/47 157/681/48
#fvcolorindex 26 26 26 
usemtl m34EnvMappingTexScaleS0.031250TexScaleT0.031250
vt 0.000000 0.000000 0.0
vt 0.000000 0.000000 0.0
vt 0.000000 0.000000 0.0
v -14.159087 122.689209 274.825806
#joint 33
#vjoint 161
v -9.159087 127.689209 274.825806
#joint 33
#vjoint 162
vn 1.842520 1.944882 0.976378
vn 1.842520 1.944882 0.976378
vn 1.842520 1.944882 0.976378
f 159/682/49 161/683/50 162/684/51
#fvcolorindex 27 27 27 
vt 0.000000 0.000000 0.0
vt 0.000000 0.000000 0.0
vt 0.000000 0.000000 0.0
vn 1.842520 1.944882 0.976378
vn 1.842520 1.944882 0.976378
vn 0.031496 2.007874 0.992126
f 159/685/52 162/686/53 160/687/54
#fvcolorindex 27 27 26 
vt 0.000000 0.000000 0.0
vt 0.000000 0.000000 0.0
vt 0.000000 0.000000 0.0
v -0.159087 116.689209 274.825806
#joint 33
#vjoint 163
v -0.159087 123.689209 274.825806
#joint 33
#vjoint 164
vn 1.842520 1.944882 0.976378
vn 1.842520 1.944882 0.976378
vn 0.031496 2.007874 0.992126
f 161/688/55 163/689/56 164/690/57
#fvcolorindex 27 27 26 
vt 0.000000 0.000000 0.0
vt 0.000000 0.000000 0.0
vt 0.000000 0.000000 0.0
vn 1.842520 1.944882 0.976378
vn 0.031496 2.007874 0.992126
vn 1.842520 1.944882 0.976378
f 161/691/58 164/692/59 162/693/60
#fvcolorindex 27 26 27 
vt 0.000000 0.000000 0.0
vt 0.000000 0.000000 0.0
vt 0.000000 0.000000 0.0
v 13.840913 122.689209 274.825806
#joint 33
#vjoint 165
v 8.840913 127.689209 274.825806
#joint 33
#vjoint 166
vn 1.842520 1.944882 0.976378
vn 0.031496 2.007874 0.992126
vn 0.031496 2.007874 0.992126
f 163/694/61 165/695/62 166/696/63
#fvcolorindex 27 26 26 
vt 0.000000 0.000000 0.0
vt 0.000000 0.000000 0.0
vt 0.000000 0.000000 0.0
vn 1.842520 1.944882 0.976378
vn 0.031496 2.007874 0.992126
vn 0.031496 2.007874 0.992126
f 163/697/64 166/698/65 164/699/66
#fvcolorindex 27 26 26 
usemtl m33EnvMappingTexScaleS0.031250TexScaleT0.031250
vt 0.000000 0.000000 0.0
vt 0.000000 0.000000 0.0
vt 0.000000 0.000000 0.0
#vcolor 0.000000 0.000000 127.000000 255.000000
v 12.840913 135.689209 274.825806
#joint 33
#vjoint 167
vn 0.031496 2.007874 0.992126
vn 0.000000 0.000000 1.000000
vn 0.000000 0.000000 1.000000
f 165/700/67 155/701/68 167/702/69
#fvcolorindex 26 28 28 
vt 0.000000 0.000000 0.0
vt 0.000000 0.000000 0.0
vt 0.000000 0.000000 0.0
vn 0.031496 2.007874 0.992126
vn 0.000000 0.000000 1.000000
vn 0.031496 2.007874 0.992126
f 165/703/70 167/704/71 166/705/72
#fvcolorindex 26 28 26 
usemtl m35EnvMappingTexScaleS0.031250TexScaleT0.031250
vt 0.000000 0.000000 0.0
vt 0.000000 0.000000 0.0
vt 0.000000 0.000000 0.0
v 8.840913 144.689209 274.825806
#joint 33
#vjoint 168
vn 0.000000 0.000000 1.000000
vn 0.031496 2.007874 0.992126
vn 0.031496 2.007874 0.992126
f 155/706/73 154/707/74 168/708/75
#fvcolorindex 28 26 26 
vt 0.000000 0.000000 0.0
vt 0.000000 0.000000 0.0
vt 0.000000 0.000000 0.0
vn 0.000000 0.000000 1.000000
vn 0.031496 2.007874 0.992126
vn 0.000000 0.000000 1.000000
f 155/709/76 168/710/77 167/711/78
#fvcolorindex 28 26 28 
usemtl m33EnvMappingTexScaleS0.031250TexScaleT0.031250
vt 0.000000 0.000000 0.0
vt 0.000000 0.000000 0.0
vt 0.000000 0.000000 0.0
vn 0.031496 2.007874 0.992126
vn 0.031496 2.007874 0.992126
vn 0.031496 2.007874 0.992126
f 158/712/79 168/713/80 154/714/81
#fvcolorindex 26 26 26 
vt 0.000000 0.000000 0.0
vt 0.000000 0.000000 0.0
vt 0.000000 0.000000 0.0
vn 0.031496 2.007874 0.992126
vn 0.031496 2.007874 0.992126
vn 0.031496 2.007874 0.992126
f 158/715/82 154/716/83 151/717/84
#fvcolorindex 26 26 26 
usemtl m36EnvMappingTexScaleS0.031250TexScaleT0.031250
vt 0.000000 0.000000 0.0
vt 0.000000 0.000000 0.0
vt 0.000000 0.000000 0.0
v 13.840913 122.689209 230.825806
#joint 33
#vjoint 169
#vcolor 91.000000 168.000000 0.000000 255.000000
#vcolor 255.000000 130.000000 0.000000 255.000000
vn 0.716535 1.322835 0.000000
vn 0.716535 1.322835 0.000000
vn 2.007874 1.023622 0.000000
f 169/718/85 165/719/86 163/720/87
#fvcolorindex 29 29 30 
vt 0.000000 0.000000 0.0
vt 0.000000 0.000000 0.0
vt 0.000000 0.000000 0.0
v -0.159087 116.689209 230.825806
#joint 33
#vjoint 170
vn 0.716535 1.322835 0.000000
vn 2.007874 1.023622 0.000000
vn 2.007874 1.023622 0.000000
f 169/721/88 163/722/89 170/723/90
#fvcolorindex 29 30 30 
usemtl m37EnvMappingTexScaleS0.031250TexScaleT0.031250
vt 0.000000 0.000000 0.0
vt 0.000000 0.000000 0.0
vt 0.000000 0.000000 0.0
#vcolor 126.000000 1.000000 0.000000 255.000000
vn 0.992126 0.007874 0.000000
vn 0.992126 0.007874 0.000000
vn 0.716535 1.322835 0.000000
f 156/724/91 155/725/92 165/726/93
#fvcolorindex 31 31 29 
vt 0.000000 0.000000 0.0
vt 0.000000 0.000000 0.0
vt 0.000000 0.000000 0.0
vn 0.992126 0.007874 0.000000
vn 0.716535 1.322835 0.000000
vn 0.716535 1.322835 0.000000
f 156/727/94 165/728/95 169/729/96
#fvcolorindex 31 29 29 
usemtl m38EnvMappingTexScaleS0.031250TexScaleT0.031250
vt 0.000000 0.000000 0.0
vt 0.000000 0.000000 0.0
vt 0.000000 0.000000 0.0
#vcolor 94.000000 194.000000 56.000000 255.000000
v 23.840914 126.689209 -149.174194
#joint 33
#vjoint 171
#vcolor 108.000000 198.000000 29.000000 255.000000
v 23.840914 148.689209 -149.174194
#joint 33
#vjoint 172
#vcolor 108.000000 58.000000 29.000000 255.000000
vn 0.740157 1.527559 0.440945
vn 0.850394 1.559055 0.228346
vn 0.850394 0.456693 0.228346
f 95/730/97 171/731/98 172/732/99
#fvcolorindex 32 33 34 
vt 0.000000 0.000000 0.0
vt 0.000000 0.000000 0.0
vt 0.000000 0.000000 0.0
#vcolor 94.000000 62.000000 56.000000 255.000000
vn 0.740157 1.527559 0.440945
vn 0.850394 0.456693 0.228346
vn 0.740157 0.488189 0.440945
f 95/733/100 172/734/101 97/735/102
#fvcolorindex 32 34 35 
usemtl m39EnvMappingTexScaleS0.031250TexScaleT0.031250
vt 0.000000 0.000000 0.0
vt 0.000000 0.000000 0.0
vt 0.000000 0.000000 0.0
#vcolor 90.000000 18.000000 87.000000 255.000000
#vcolor 109.000000 6.000000 63.000000 255.000000
#vcolor 90.000000 18.000000 169.000000 255.000000
vn 0.708661 0.141732 0.685039
vn 0.858268 0.047244 0.496063
vn 0.708661 0.141732 1.330709
f 97/736/103 172/737/104 96/738/105
#fvcolorindex 36 37 38 
usemtl m40EnvMappingTexScaleS0.031250TexScaleT0.031250
vt 0.000000 0.000000 0.0
vt 0.000000 0.000000 0.0
vt 0.000000 0.000000 0.0
v 17.840914 148.689209 -178.174194
#joint 33
#vjoint 173
#vcolor 62.000000 7.000000 146.000000 255.000000
vn 0.858268 0.047244 0.496063
vn 0.488189 0.055118 1.149606
vn 0.708661 0.141732 1.330709
f 172/739/106 173/740/107 96/741/108
#fvcolorindex 37 39 38 
usemtl m41EnvMappingTexScaleS0.031250TexScaleT0.031250
vt 0.000000 0.000000 0.0
vt 0.000000 0.000000 0.0
vt 0.000000 0.000000 0.0
#vcolor 94.000000 62.000000 200.000000 255.000000
#vcolor 80.000000 60.000000 179.000000 255.000000
v 17.840914 126.689209 -178.174194
#joint 33
#vjoint 174
#vcolor 80.000000 196.000000 179.000000 255.000000
vn 0.740157 0.488189 1.574803
vn 0.629921 0.472441 1.409449
vn 0.629921 1.543307 1.409449
f 96/742/109 173/743/110 174/744/111
#fvcolorindex 40 41 42 
vt 0.000000 0.000000 0.0
vt 0.000000 0.000000 0.0
vt 0.000000 0.000000 0.0
#vcolor 94.000000 194.000000 200.000000 255.000000
vn 0.740157 0.488189 1.574803
vn 0.629921 1.543307 1.409449
vn 0.740157 1.527559 1.574803
f 96/745/112 174/746/113 94/747/114
#fvcolorindex 40 42 43 
usemtl m42EnvMappingTexScaleS0.031250TexScaleT0.031250
vt 0.000000 0.000000 0.0
vt 0.000000 0.000000 0.0
vt 0.000000 0.000000 0.0
#vcolor 90.000000 238.000000 169.000000 255.000000
#vcolor 62.000000 249.000000 146.000000 255.000000
#vcolor 90.000000 238.000000 87.000000 255.000000
vn 0.708661 1.874016 1.330709
vn 0.488189 1.960630 1.149606
vn 0.708661 1.874016 0.685039
f 94/748/115 174/749/116 95/750/117
#fvcolorindex 44 45 46 
usemtl m43EnvMappingTexScaleS0.031250TexScaleT0.031250
vt 0.000000 0.000000 0.0
vt 0.000000 0.000000 0.0
vt 0.000000 0.000000 0.0
#vcolor 109.000000 250.000000 63.000000 255.000000
vn 0.488189 1.960630 1.149606
vn 0.858268 1.968504 0.496063
vn 0.708661 1.874016 0.685039
f 174/751/118 171/752/119 95/753/120
#fvcolorindex 45 47 46 
usemtl m44EnvMappingTexScaleS0.031250TexScaleT0.031250
vt 0.000000 0.000000 0.0
vt 0.000000 0.000000 0.0
vt 0.000000 0.000000 0.0
v -9.159087 111.689209 -80.174194
#joint 33
#vjoint 175
#vcolor 134.000000 34.000000 0.000000 255.000000
v -9.159087 111.689209 152.825806
#joint 33
#vjoint 176
v -7.159087 114.689209 152.825806
#joint 33
#vjoint 177
#vcolor 192.000000 109.000000 0.000000 255.000000
vn 1.055118 0.267717 0.000000
vn 1.055118 0.267717 0.000000
vn 1.511811 0.858268 0.000000
f 175/754/121 176/755/122 177/756/123
#fvcolorindex 48 48 49 
vt 0.000000 0.000000 0.0
vt 0.000000 0.000000 0.0
vt 0.000000 0.000000 0.0
v -7.159087 114.689209 -80.174194
#joint 33
#vjoint 178
vn 1.055118 0.267717 0.000000
vn 1.511811 0.858268 0.000000
vn 1.511811 0.858268 0.000000
f 175/757/124 177/758/125 178/759/126
#fvcolorindex 48 49 49 
usemtl m45EnvMappingTexScaleS0.031250TexScaleT0.031250
vt 0.000000 0.000000 0.0
vt 0.000000 0.000000 0.0
vt 0.000000 0.000000 0.0
#vcolor 193.000000 109.000000 0.000000 255.000000
v 6.840913 114.689209 152.825806
#joint 33
#vjoint 179
#vcolor 63.000000 109.000000 0.000000 255.000000
vn 1.519685 0.858268 0.000000
vn 1.519685 0.858268 0.000000
vn 0.496063 0.858268 0.000000
f 178/760/127 177/761/128 179/762/129
#fvcolorindex 50 50 51 
vt 0.000000 0.000000 0.0
vt 0.000000 0.000000 0.0
vt 0.000000 0.000000 0.0
v 6.840913 114.689209 -80.174194
#joint 33
#vjoint 180
vn 1.519685 0.858268 0.000000
vn 0.496063 0.858268 0.000000
vn 0.496063 0.858268 0.000000
f 178/763/130 179/764/131 180/765/132
#fvcolorindex 50 51 51 
usemtl m46EnvMappingTexScaleS0.031250TexScaleT0.031250
vt 0.000000 0.000000 0.0
vt 0.000000 0.000000 0.0
vt 0.000000 0.000000 0.0
#vcolor 64.000000 109.000000 0.000000 255.000000
v 8.840913 111.689209 152.825806
#joint 33
#vjoint 181
#vcolor 122.000000 34.000000 0.000000 255.000000
vn 0.503937 0.858268 0.000000
vn 0.503937 0.858268 0.000000
vn 0.960630 0.267717 0.000000
f 180/766/133 179/767/134 181/768/135
#fvcolorindex 52 52 53 
vt 0.000000 0.000000 0.0
vt 0.000000 0.000000 0.0
vt 0.000000 0.000000 0.0
v 8.840913 111.689209 -80.174194
#joint 33
#vjoint 182
vn 0.503937 0.858268 0.000000
vn 0.960630 0.267717 0.000000
vn 0.960630 0.267717 0.000000
f 180/769/136 181/770/137 182/771/138
#fvcolorindex 52 53 53 
usemtl m47EnvMappingTexScaleS0.031250TexScaleT0.031250
vt 0.000000 0.000000 0.0
vt 0.000000 0.000000 0.0
vt 0.000000 0.000000 0.0
v 8.840913 97.689209 152.825806
#joint 33
#vjoint 183
#vcolor 124.000000 233.000000 0.000000 255.000000
vn 0.960630 0.267717 0.000000
vn 0.960630 0.267717 0.000000
vn 0.976378 1.834646 0.000000
f 182/772/139 181/773/140 183/774/141
#fvcolorindex 53 53 54 
vt 0.000000 0.000000 0.0
vt 0.000000 0.000000 0.0
vt 0.000000 0.000000 0.0
v 8.840913 97.689209 -80.174194
#joint 33
#vjoint 184
vn 0.960630 0.267717 0.000000
vn 0.976378 1.834646 0.000000
vn 0.976378 1.834646 0.000000
f 182/775/142 183/776/143 184/777/144
#fvcolorindex 53 54 54 
usemtl m48EnvMappingTexScaleS0.031250TexScaleT0.031250
vt 0.000000 0.000000 0.0
vt 0.000000 0.000000 0.0
vt 0.000000 0.000000 0.0
v 5.840913 90.689209 152.825806
#joint 33
#vjoint 185
#vcolor 96.000000 173.000000 0.000000 255.000000
vn 0.976378 1.834646 0.000000
vn 0.976378 1.834646 0.000000
vn 0.755906 1.362205 0.000000
f 184/778/145 183/779/146 185/780/147
#fvcolorindex 54 54 55 
vt 0.000000 0.000000 0.0
vt 0.000000 0.000000 0.0
vt 0.000000 0.000000 0.0
v 5.840913 90.689209 -80.174194
#joint 33
#vjoint 186
vn 0.976378 1.834646 0.000000
vn 0.755906 1.362205 0.000000
vn 0.755906 1.362205 0.000000
f 184/781/148 185/782/149 186/783/150
#fvcolorindex 54 55 55 
usemtl m49EnvMappingTexScaleS0.031250TexScaleT0.031250
vt 0.000000 0.000000 0.0
vt 0.000000 0.000000 0.0
vt 0.000000 0.000000 0.0
v -0.159087 87.689209 152.825806
#joint 33
#vjoint 187
vn 0.755906 1.362205 0.000000
vn 0.755906 1.362205 0.000000
vn 0.000000 1.015748 0.000000
f 186/784/151 185/785/152 187/786/153
#fvcolorindex 55 55 18 
vt 0.000000 0.000000 0.0
vt 0.000000 0.000000 0.0
vt 0.000000 0.000000 0.0
v -0.159087 87.689209 -80.174194
#joint 33
#vjoint 188
vn 0.755906 1.362205 0.000000
vn 0.000000 1.015748 0.000000
vn 0.000000 1.015748 0.000000
f 186/787/154 187/788/155 188/789/156
#fvcolorindex 55 18 18 
usemtl m27EnvMappingTexScaleS0.031250TexScaleT0.031250
vt 0.000000 0.000000 0.0
vt 0.000000 0.000000 0.0
vt 0.000000 0.000000 0.0
v -6.159087 90.689209 152.825806
#joint 33
#vjoint 189
#vcolor 160.000000 173.000000 0.000000 255.000000
vn 0.000000 1.015748 0.000000
vn 0.000000 1.015748 0.000000
vn 1.259843 1.362205 0.000000
f 188/790/157 187/791/158 189/792/159
#fvcolorindex 18 18 56 
vt 0.000000 0.000000 0.0
vt 0.000000 0.000000 0.0
vt 0.000000 0.000000 0.0
v -6.159087 90.689209 -80.174194
#joint 33
#vjoint 190
vn 0.000000 1.015748 0.000000
vn 1.259843 1.362205 0.000000
vn 1.259843 1.362205 0.000000
f 188/793/160 189/794/161 190/795/162
#fvcolorindex 18 56 56 
usemtl m50EnvMappingTexScaleS0.031250TexScaleT0.031250
vt 0.000000 0.000000 0.0
vt 0.000000 0.000000 0.0
vt 0.000000 0.000000 0.0
v -15.159087 139.689209 -86.174194
#joint 33
#vjoint 191
#vcolor 130.000000 12.000000 0.000000 255.000000
v -15.159087 139.689209 -139.174194
#joint 33
#vjoint 192
v -15.159087 129.689209 -139.174194
#joint 33
#vjoint 193
vn 1.023622 0.094488 0.000000
vn 1.023622 0.094488 0.000000
vn 0.000000 1.015748 0.000000
f 191/796/163 192/797/164 193/798/165
#fvcolorindex 57 57 18 
vt 0.000000 0.000000 0.0
vt 0.000000 0.000000 0.0
vt 0.000000 0.000000 0.0
v -15.159087 129.689209 -86.174194
#joint 33
#vjoint 194
vn 1.023622 0.094488 0.000000
vn 0.000000 1.015748 0.000000
vn 0.000000 1.015748 0.000000
f 191/799/166 193/800/167 194/801/168
#fvcolorindex 57 18 18 
usemtl m51EnvMappingTexScaleS0.031250TexScaleT0.031250
vt 0.000000 0.000000 0.0
vt 0.000000 0.000000 0.0
vt 0.000000 0.000000 0.0
v -8.159087 153.689209 -86.174194
#joint 33
#vjoint 195
#vcolor 1.000000 126.000000 0.000000 255.000000
v -8.159087 153.689209 -139.174194
#joint 33
#vjoint 196
v -13.159087 148.689209 -139.174194
#joint 33
#vjoint 197
#vcolor 144.000000 59.000000 0.000000 255.000000
vn 0.007874 0.992126 0.000000
vn 0.007874 0.992126 0.000000
vn 1.133858 0.464567 0.000000
f 195/802/169 196/803/170 197/804/171
#fvcolorindex 58 58 59 
vt 0.000000 0.000000 0.0
vt 0.000000 0.000000 0.0
vt 0.000000 0.000000 0.0
v -13.159087 148.689209 -86.174194
#joint 33
#vjoint 198
vn 0.007874 0.992126 0.000000
vn 1.133858 0.464567 0.000000
vn 1.133858 0.464567 0.000000
f 195/805/172 197/806/173 198/807/174
#fvcolorindex 58 59 59 
usemtl m52EnvMappingTexScaleS0.031250TexScaleT0.031250
vt 0.000000 0.000000 0.0
vt 0.000000 0.000000 0.0
vt 0.000000 0.000000 0.0
#vcolor 144.000000 58.000000 0.000000 255.000000
vn 1.133858 0.456693 0.000000
vn 1.133858 0.456693 0.000000
vn 1.023622 0.094488 0.000000
f 198/808/175 197/809/176 192/810/177
#fvcolorindex 60 60 57 
vt 0.000000 0.000000 0.0
vt 0.000000 0.000000 0.0
vt 0.000000 0.000000 0.0
vn 1.133858 0.456693 0.000000
vn 1.023622 0.094488 0.000000
vn 1.023622 0.094488 0.000000
f 198/811/178 192/812/179 191/813/180
#fvcolorindex 60 57 57 
usemtl m53EnvMappingTexScaleS0.031250TexScaleT0.031250
vt 0.000000 0.000000 0.0
vt 0.000000 0.000000 0.0
vt 0.000000 0.000000 0.0
#vcolor 162.000000 62.000000 56.000000 255.000000
v -24.159086 148.689209 -149.174194
#joint 33
#vjoint 199
#vcolor 148.000000 58.000000 29.000000 255.000000
v -24.159086 126.689209 -149.174194
#joint 33
#vjoint 200
#vcolor 148.000000 198.000000 29.000000 255.000000
vn 1.275591 0.488189 0.440945
vn 1.165354 0.456693 0.228346
vn 1.165354 1.559055 0.228346
f 99/814/181 199/815/182 200/816/183
#fvcolorindex 61 62 63 
vt 0.000000 0.000000 0.0
vt 0.000000 0.000000 0.0
vt 0.000000 0.000000 0.0
#vcolor 162.000000 194.000000 56.000000 255.000000
vn 1.275591 0.488189 0.440945
vn 1.165354 1.559055 0.228346
vn 1.275591 1.527559 0.440945
f 99/817/184 200/818/185 102/819/186
#fvcolorindex 61 63 64 
usemtl m54EnvMappingTexScaleS0.031250TexScaleT0.031250
vt 0.000000 0.000000 0.0
vt 0.000000 0.000000 0.0
vt 0.000000 0.000000 0.0
#vcolor 166.000000 18.000000 169.000000 255.000000
#vcolor 147.000000 6.000000 63.000000 255.000000
#vcolor 166.000000 18.000000 87.000000 255.000000
vn 1.307087 0.141732 1.330709
vn 1.157480 0.047244 0.496063
vn 1.307087 0.141732 0.685039
f 98/820/187 199/821/188 99/822/189
#fvcolorindex 65 66 67 
vt 0.000000 0.000000 0.0
vt 0.000000 0.000000 0.0
vt 0.000000 0.000000 0.0
v -18.159086 148.689209 -178.174194
#joint 33
#vjoint 201
#vcolor 194.000000 7.000000 146.000000 255.000000
vn 1.307087 0.141732 1.330709
vn 1.527559 0.055118 1.149606
vn 1.157480 0.047244 0.496063
f 98/823/190 201/824/191 199/825/192
#fvcolorindex 65 68 66 
usemtl m55EnvMappingTexScaleS0.031250TexScaleT0.031250
vt 0.000000 0.000000 0.0
vt 0.000000 0.000000 0.0
vt 0.000000 0.000000 0.0
#vcolor 162.000000 194.000000 200.000000 255.000000
v -18.159086 126.689209 -178.174194
#joint 33
#vjoint 202
#vcolor 176.000000 196.000000 179.000000 255.000000
#vcolor 176.000000 60.000000 179.000000 255.000000
vn 1.275591 1.527559 1.574803
vn 1.385827 1.543307 1.409449
vn 1.385827 0.472441 1.409449
f 101/826/193 202/827/194 201/828/195
#fvcolorindex 69 70 71 
vt 0.000000 0.000000 0.0
vt 0.000000 0.000000 0.0
vt 0.000000 0.000000 0.0
#vcolor 162.000000 62.000000 200.000000 255.000000
vn 1.275591 1.527559 1.574803
vn 1.385827 0.472441 1.409449
vn 1.275591 0.488189 1.574803
f 101/829/196 201/830/197 98/831/198
#fvcolorindex 69 71 72 
usemtl m56EnvMappingTexScaleS0.031250TexScaleT0.031250
vt 0.000000 0.000000 0.0
vt 0.000000 0.000000 0.0
vt 0.000000 0.000000 0.0
#vcolor 166.000000 238.000000 87.000000 255.000000
#vcolor 194.000000 249.000000 146.000000 255.000000
#vcolor 166.000000 238.000000 169.000000 255.000000
vn 1.307087 1.874016 0.685039
vn 1.527559 1.960630 1.149606
vn 1.307087 1.874016 1.330709
f 102/832/199 202/833/200 101/834/201
#fvcolorindex 73 74 75 
vt 0.000000 0.000000 0.0
vt 0.000000 0.000000 0.0
vt 0.000000 0.000000 0.0
#vcolor 147.000000 250.000000 63.000000 255.000000
vn 1.307087 1.874016 0.685039
vn 1.157480 1.968504 0.496063
vn 1.527559 1.960630 1.149606
f 102/835/202 200/836/203 202/837/204
#fvcolorindex 73 76 74 
usemtl m57EnvMappingTexScaleS0.031250TexScaleT0.031250
vt 0.000000 0.000000 0.0
vt 0.000000 0.000000 0.0
vt 0.000000 0.000000 0.0
v -19.159086 136.689209 230.825806
#joint 33
#vjoint 203
#vcolor 130.000000 255.000000 0.000000 255.000000
vn 1.023622 2.007874 0.000000
vn 1.023622 2.007874 0.000000
vn 1.299213 0.692913 0.000000
f 203/838/205 159/839/206 150/840/207
#fvcolorindex 77 77 23 
vt 0.000000 0.000000 0.0
vt 0.000000 0.000000 0.0
vt 0.000000 0.000000 0.0
vn 1.023622 2.007874 0.000000
vn 1.299213 0.692913 0.000000
vn 1.299213 0.692913 0.000000
f 203/841/208 150/842/209 149/843/210
#fvcolorindex 77 23 23 
usemtl m58EnvMappingTexScaleS0.031250TexScaleT0.031250
vt 0.000000 0.000000 0.0
vt 0.000000 0.000000 0.0
vt 0.000000 0.000000 0.0
v -14.159087 122.689209 230.825806
#joint 33
#vjoint 204
#vcolor 165.000000 168.000000 0.000000 255.000000
#vcolor 130.000000 1.000000 0.000000 255.000000
vn 1.299213 1.322835 0.000000
vn 1.299213 1.322835 0.000000
vn 1.023622 0.007874 0.000000
f 204/844/211 161/845/212 159/846/213
#fvcolorindex 78 78 79 
vt 0.000000 0.000000 0.0
vt 0.000000 0.000000 0.0
vt 0.000000 0.000000 0.0
vn 1.299213 1.322835 0.000000
vn 1.023622 0.007874 0.000000
vn 1.023622 0.007874 0.000000
f 204/847/214 159/848/215 203/849/216
#fvcolorindex 78 79 79 
usemtl m59EnvMappingTexScaleS0.031250TexScaleT0.031250
vt 0.000000 0.000000 0.0
vt 0.000000 0.000000 0.0
vt 0.000000 0.000000 0.0
v -9.159087 97.689209 -80.174194
#joint 33
#vjoint 205
#vcolor 132.000000 233.000000 0.000000 255.000000
v -9.159087 97.689209 152.825806
#joint 33
#vjoint 206
vn 1.039370 1.834646 0.000000
vn 1.039370 1.834646 0.000000
vn 1.055118 0.267717 0.000000
f 205/850/217 206/851/218 176/852/219
#fvcolorindex 80 80 48 
vt 0.000000 0.000000 0.0
vt 0.000000 0.000000 0.0
vt 0.000000 0.000000 0.0
vn 1.039370 1.834646 0.000000
vn 1.055118 0.267717 0.000000
vn 1.055118 0.267717 0.000000
f 205/853/220 176/854/221 175/855/222
#fvcolorindex 80 48 48 
usemtl m60EnvMappingTexScaleS0.031250TexScaleT0.031250
vt 0.000000 0.000000 0.0
vt 0.000000 0.000000 0.0
vt 0.000000 0.000000 0.0
vn 1.259843 1.362205 0.000000
vn 1.259843 1.362205 0.000000
vn 1.039370 1.834646 0.000000
f 190/856/223 189/857/224 206/858/225
#fvcolorindex 56 56 80 
vt 0.000000 0.000000 0.0
vt 0.000000 0.000000 0.0
vt 0.000000 0.000000 0.0
vn 1.259843 1.362205 0.000000
vn 1.039370 1.834646 0.000000
vn 1.039370 1.834646 0.000000
f 190/859/226 206/860/227 205/861/228
#fvcolorindex 56 80 80 
usemtl m61EnvMappingTexScaleS0.031250TexScaleT0.031250
vt 0.000000 0.000000 0.0
vt 0.000000 0.000000 0.0
vt 0.000000 0.000000 0.0
#vcolor 1.000000 130.000000 0.000000 255.000000
vn 0.007874 1.023622 0.000000
vn 0.007874 1.023622 0.000000
vn 1.299213 1.322835 0.000000
f 170/862/229 163/863/230 161/864/231
#fvcolorindex 81 81 78 
vt 0.000000 0.000000 0.0
vt 0.000000 0.000000 0.0
vt 0.000000 0.000000 0.0
vn 0.007874 1.023622 0.000000
vn 1.299213 1.322835 0.000000
vn 1.299213 1.322835 0.000000
f 170/865/232 161/866/233 204/867/234
#fvcolorindex 81 78 78 
usemtl m62ClampSClampT
vt 0.519531 0.144531 0.0
vt 0.837891 0.256836 0.0
vt 0.510742 0.527832 0.0
v -0.159087 135.689209 228.825806
#joint 33
#vjoint 207
#vcolor 0.000000 0.000000 0.000000 255.000000
f 164/868 166/869 207/870
#fvcolorindex 2 2 82 
vt 0.837891 0.256836 0.0
vt 0.964844 0.527832 0.0
vt 0.510742 0.527832 0.0
f 166/871 167/872 207/873
#fvcolorindex 2 2 82 
vt 0.964844 0.527832 0.0
vt 0.825195 0.798340 0.0
vt 0.510742 0.527832 0.0
f 167/874 168/875 207/876
#fvcolorindex 2 2 82 
vt 0.825195 0.798340 0.0
vt 0.501953 0.910645 0.0
vt 0.510742 0.527832 0.0
f 168/877 158/878 207/879
#fvcolorindex 2 2 82 
vt 0.501953 0.910645 0.0
vt 0.183594 0.798340 0.0
vt 0.510742 0.527832 0.0
f 158/880 157/881 207/882
#fvcolorindex 2 2 82 
vt 0.183594 0.798340 0.0
vt 0.056641 0.527832 0.0
vt 0.510742 0.527832 0.0
f 157/883 160/884 207/885
#fvcolorindex 2 2 82 
vt 0.056641 0.527832 0.0
vt 0.196289 0.256836 0.0
vt 0.510742 0.527832 0.0
f 160/886 162/887 207/888
#fvcolorindex 2 2 82 
vt 0.196289 0.256836 0.0
vt 0.519531 0.144531 0.0
vt 0.510742 0.527832 0.0
f 162/889 164/890 207/891
#fvcolorindex 2 2 82 
usemtl m63CullBothClampT
vt 0.000000 0.000000 0.0
vt 12.000000 0.000000 0.0
vt 12.000000 1.000000 0.0
v -0.159087 117.689209 -79.174194
#joint 33
#vjoint 208
v -0.159087 117.689209 154.825806
#joint 33
#vjoint 209
v -0.159087 124.689209 154.825806
#joint 33
#vjoint 210
f 208/892 209/893 210/894
#fvcolorindex 2 2 2 
vt 0.000000 0.000000 0.0
vt 12.000000 1.000000 0.0
vt 0.000000 1.000000 0.0
v -0.159087 124.689209 -79.174194
#joint 33
#vjoint 211
f 208/895 210/896 211/897
#fvcolorindex 2 2 2 
usemtl m64ClampT
vt 0.134766 0.388672 0.0
vt 0.246094 0.282227 0.0
vt 0.246094 0.991211 0.0
v -8.159087 94.416939 -4.006897
#joint 34
#vjoint 212
v -15.159087 89.416939 -0.006897
#joint 34
#vjoint 213
v -15.159087 119.416939 -0.006897
#joint 34
#vjoint 214
f 212/898 213/899 214/900
#fvcolorindex 8 2 2 
vt 0.134766 0.388672 0.0
vt 0.246094 0.991211 0.0
vt 0.134766 0.903320 0.0
v -8.159087 115.416939 -4.006897
#joint 34
#vjoint 215
f 212/901 214/902 215/903
#fvcolorindex 8 2 4 
usemtl m65ClampT
vt 4.238281 0.282227 0.0
vt 4.342773 0.903320 0.0
vt 4.238281 0.991211 0.0
v -15.159087 89.416939 131.993103
#joint 34
#vjoint 216
v -7.159087 115.416939 134.993103
#joint 34
#vjoint 217
v -15.159087 119.416939 131.993103
#joint 34
#vjoint 218
f 216/904 217/905 218/906
#fvcolorindex 2 2 2 
vt 4.238281 0.282227 0.0
vt 4.342773 0.542969 0.0
vt 4.342773 0.903320 0.0
v -0.159087 100.416939 134.993103
#joint 34
#vjoint 219
f 216/907 219/908 217/909
#fvcolorindex 2 2 2 
usemtl m66ClampT
vt 0.134766 0.903320 0.0
vt 0.246094 0.991211 0.0
vt 0.246094 0.991211 0.0
v 14.840913 119.416939 -0.006897
#joint 34
#vjoint 220
f 215/910 214/911 220/912
#fvcolorindex 4 11 11 
vt 0.134766 0.903320 0.0
vt 0.246094 0.991211 0.0
vt 0.134766 0.903320 0.0
v 7.840913 115.416939 -4.006897
#joint 34
#vjoint 221
f 215/913 220/914 221/915
#fvcolorindex 4 11 4 
usemtl m67ClampT
vt 0.246094 0.991211 0.0
vt 1.557617 0.991211 0.0
vt 1.557617 0.991211 0.0
v -15.159087 119.416939 42.993103
#joint 34
#vjoint 222
v 14.840913 119.416939 42.993103
#joint 34
#vjoint 223
f 214/916 222/917 223/918
#fvcolorindex 11 11 11 
vt 0.246094 0.991211 0.0
vt 1.557617 0.991211 0.0
vt 0.246094 0.991211 0.0
f 214/919 223/920 220/921
#fvcolorindex 11 11 11 
vt 1.557617 0.991211 0.0
vt 3.136719 0.991211 0.0
vt 3.136719 0.991211 0.0
v -15.159087 119.416939 94.993103
#joint 34
#vjoint 224
v 14.840913 119.416939 94.993103
#joint 34
#vjoint 225
f 222/922 224/923 225/924
#fvcolorindex 11 11 11 
vt 1.557617 0.991211 0.0
vt 3.136719 0.991211 0.0
vt 1.557617 0.991211 0.0
f 222/925 225/926 223/927
#fvcolorindex 11 11 11 
vt 3.136719 0.991211 0.0
vt 4.238281 0.991211 0.0
vt 4.238281 0.991211 0.0
v 14.840913 119.416939 131.993103
#joint 34
#vjoint 226
f 224/928 218/929 226/930
#fvcolorindex 11 11 11 
vt 3.136719 0.991211 0.0
vt 4.238281 0.991211 0.0
vt 3.136719 0.991211 0.0
f 224/931 226/932 225/933
#fvcolorindex 11 11 11 
vt 4.238281 0.991211 0.0
vt 4.342773 0.903320 0.0
vt 4.342773 0.903320 0.0
v 6.840913 115.416939 134.993103
#joint 34
#vjoint 227
f 218/934 217/935 227/936
#fvcolorindex 11 11 11 
vt 4.238281 0.991211 0.0
vt 4.342773 0.903320 0.0
vt 4.238281 0.991211 0.0
f 218/937 227/938 226/939
#fvcolorindex 11 11 11 
usemtl m66ClampT
vt 0.134766 0.903320 0.0
vt 0.246094 0.991211 0.0
vt 0.246094 0.282227 0.0
v 14.840913 89.416939 -0.006897
#joint 34
#vjoint 228
f 221/940 220/941 228/942
#fvcolorindex 4 2 2 
vt 0.134766 0.903320 0.0
vt 0.246094 0.282227 0.0
vt 0.134766 0.388672 0.0
v 7.840913 94.416939 -4.006897
#joint 34
#vjoint 229
f 221/943 228/944 229/945
#fvcolorindex 4 2 8 
usemtl m65ClampT
vt 0.246094 0.991211 0.0
vt 1.557617 0.991211 0.0
vt 1.557617 0.314453 0.0
v 14.840913 91.416939 42.993103
#joint 34
#vjoint 230
f 220/946 223/947 230/948
#fvcolorindex 2 2 11 
vt 0.246094 0.991211 0.0
vt 1.557617 0.314453 0.0
vt 0.246094 0.282227 0.0
f 220/949 230/950 228/951
#fvcolorindex 2 11 2 
vt 1.557617 0.991211 0.0
vt 3.136719 0.991211 0.0
vt 3.136719 0.284180 0.0
v 14.840913 90.416939 94.993103
#joint 34
#vjoint 231
f 223/952 225/953 231/954
#fvcolorindex 2 2 2 
vt 1.557617 0.991211 0.0
vt 3.136719 0.284180 0.0
vt 1.557617 0.314453 0.0
f 223/955 231/956 230/957
#fvcolorindex 2 2 11 
vt 3.136719 0.991211 0.0
vt 4.238281 0.991211 0.0
vt 4.238281 0.282227 0.0
v 14.840913 89.416939 131.993103
#joint 34
#vjoint 232
f 225/958 226/959 232/960
#fvcolorindex 2 2 2 
vt 3.136719 0.991211 0.0
vt 4.238281 0.282227 0.0
vt 3.136719 0.284180 0.0
f 225/961 232/962 231/963
#fvcolorindex 2 2 2 
vt 4.238281 0.991211 0.0
vt 4.342773 0.903320 0.0
vt 4.238281 0.282227 0.0
f 226/964 227/965 232/966
#fvcolorindex 2 2 2 
vt 4.342773 0.903320 0.0
vt 4.342773 0.542969 0.0
vt 4.238281 0.282227 0.0
f 227/967 219/968 232/969
#fvcolorindex 2 2 2 
usemtl m64ClampT
vt 0.134766 0.388672 0.0
vt 0.246094 0.282227 0.0
vt 0.246094 0.005859 0.0
v -0.159087 78.416939 -0.006897
#joint 34
#vjoint 233
f 229/970 228/971 233/972
#fvcolorindex 8 2 8 
vt 0.134766 0.388672 0.0
vt 0.246094 0.005859 0.0
vt 0.134766 0.236328 0.0
v -0.159087 88.416939 -4.006897
#joint 34
#vjoint 234
f 229/973 233/974 234/975
#fvcolorindex 8 8 8 
usemtl m65ClampT
vt 0.246094 0.282227 0.0
vt 1.557617 0.314453 0.0
vt 1.557617 0.026367 0.0
v -0.159087 79.416939 42.993103
#joint 34
#vjoint 235
f 228/976 230/977 235/978
#fvcolorindex 2 11 8 
vt 0.246094 0.282227 0.0
vt 1.557617 0.026367 0.0
vt 0.246094 0.005859 0.0
f 228/979 235/980 233/981
#fvcolorindex 2 8 8 
usemtl m67ClampT
vt 1.557617 0.314453 0.0
vt 3.136719 0.284180 0.0
vt 3.136719 -0.058594 0.0
v -0.159087 75.416939 94.993103
#joint 34
#vjoint 236
f 230/982 231/983 236/984
#fvcolorindex 11 2 8 
vt 1.557617 0.314453 0.0
vt 3.136719 -0.058594 0.0
vt 1.557617 0.026367 0.0
f 230/985 236/986 235/987
#fvcolorindex 11 8 8 
usemtl m65ClampT
vt 3.136719 0.284180 0.0
vt 4.238281 0.282227 0.0
vt 3.136719 -0.058594 0.0
f 231/988 232/989 236/990
#fvcolorindex 2 2 8 
vt 4.238281 0.282227 0.0
vt 4.238281 0.005859 0.0
vt 3.136719 -0.058594 0.0
v -0.159087 78.416939 131.993103
#joint 34
#vjoint 237
f 232/991 237/992 236/993
#fvcolorindex 2 8 8 
vt 4.238281 0.282227 0.0
vt 4.342773 0.542969 0.0
vt 4.342773 0.375977 0.0
v -0.159087 93.416939 134.993103
#joint 34
#vjoint 238
f 232/994 219/995 238/996
#fvcolorindex 2 2 2 
vt 4.238281 0.282227 0.0
vt 4.342773 0.375977 0.0
vt 4.238281 0.005859 0.0
f 232/997 238/998 237/999
#fvcolorindex 2 2 8 
usemtl m64ClampT
vt 0.134766 0.236328 0.0
vt 0.246094 0.005859 0.0
vt 0.246094 0.282227 0.0
f 234/1000 233/1001 213/1002
#fvcolorindex 8 8 2 
vt 0.134766 0.236328 0.0
vt 0.246094 0.282227 0.0
vt 0.134766 0.388672 0.0
f 234/1003 213/1004 212/1005
#fvcolorindex 8 2 8 
vt 4.238281 0.005859 0.0
vt 4.342773 0.375977 0.0
vt 4.342773 0.542969 0.0
f 237/1006 238/1007 219/1008
#fvcolorindex 8 8 2 
vt 4.238281 0.005859 0.0
vt 4.342773 0.542969 0.0
vt 4.238281 0.282227 0.0
f 237/1009 219/1010 216/1011
#fvcolorindex 8 2 2 
usemtl m65ClampT
vt 0.246094 0.282227 0.0
vt 1.557617 0.330078 0.0
vt 1.557617 0.991211 0.0
v -12.159087 91.416939 42.993103
#joint 34
#vjoint 239
f 213/1012 239/1013 222/1014
#fvcolorindex 2 11 2 
vt 0.246094 0.282227 0.0
vt 1.557617 0.991211 0.0
vt 0.246094 0.991211 0.0
f 213/1015 222/1016 214/1017
#fvcolorindex 2 2 2 
usemtl m64ClampT
vt 0.246094 0.005859 0.0
vt 1.557617 0.026367 0.0
vt 1.557617 0.330078 0.0
f 233/1018 235/1019 239/1020
#fvcolorindex 8 8 11 
vt 0.246094 0.005859 0.0
vt 1.557617 0.330078 0.0
vt 0.246094 0.282227 0.0
f 233/1021 239/1022 213/1023
#fvcolorindex 8 11 2 
vt 1.557617 0.026367 0.0
vt 3.136719 -0.058594 0.0
vt 3.136719 0.284180 0.0
v -15.159087 90.416939 94.993103
#joint 34
#vjoint 240
f 235/1024 236/1025 240/1026
#fvcolorindex 8 8 2 
vt 1.557617 0.026367 0.0
vt 3.136719 0.284180 0.0
vt 1.557617 0.330078 0.0
f 235/1027 240/1028 239/1029
#fvcolorindex 8 2 11 
vt 3.136719 -0.058594 0.0
vt 4.238281 0.005859 0.0
vt 4.238281 0.282227 0.0
f 236/1030 237/1031 216/1032
#fvcolorindex 8 8 2 
vt 3.136719 -0.058594 0.0
vt 4.238281 0.282227 0.0
vt 3.136719 0.284180 0.0
f 236/1033 216/1034 240/1035
#fvcolorindex 8 2 2 
usemtl m67ClampT
vt 1.557617 0.330078 0.0
vt 3.136719 0.284180 0.0
vt 3.136719 0.991211 0.0
f 239/1036 240/1037 224/1038
#fvcolorindex 11 2 2 
vt 1.557617 0.330078 0.0
vt 3.136719 0.991211 0.0
vt 1.557617 0.991211 0.0
f 239/1039 224/1040 222/1041
#fvcolorindex 11 2 2 
usemtl m65ClampT
vt 3.136719 0.284180 0.0
vt 4.238281 0.282227 0.0
vt 4.238281 0.991211 0.0
f 240/1042 216/1043 218/1044
#fvcolorindex 2 2 2 
vt 3.136719 0.284180 0.0
vt 4.238281 0.991211 0.0
vt 3.136719 0.991211 0.0
f 240/1045 218/1046 224/1047
#fvcolorindex 2 2 2 
usemtl m68ClampT
vt 0.003906 -0.000977 0.0
vt 4.486328 -0.000977 0.0
vt 4.486328 -0.000977 0.0
v 15.840913 124.689209 -79.174194
#joint 33
#vjoint 241
v 15.840913 124.689209 42.825806
#joint 33
#vjoint 242
v -16.159086 124.689209 42.825806
#joint 33
#vjoint 243
f 241/1048 242/1049 243/1050
#fvcolorindex 2 2 2 
vt 0.003906 -0.000977 0.0
vt 4.486328 -0.000977 0.0
vt 0.003906 -0.000977 0.0
v -16.159086 124.689209 -79.174194
#joint 33
#vjoint 244
f 241/1051 243/1052 244/1053
#fvcolorindex 2 2 2 
vt 0.003906 0.777344 0.0
vt 4.486328 0.777344 0.0
vt 4.486328 -0.000977 0.0
v 15.840913 154.689209 -79.174194
#joint 33
#vjoint 245
v 15.840913 154.689209 42.825806
#joint 33
#vjoint 246
f 245/1054 246/1055 242/1056
#fvcolorindex 2 2 2 
vt 0.003906 0.777344 0.0
vt 4.486328 -0.000977 0.0
vt 0.003906 -0.000977 0.0
f 245/1057 242/1058 241/1059
#fvcolorindex 2 2 2 
vt 0.003906 0.961914 0.0
vt 4.486328 0.961914 0.0
vt 4.486328 0.777344 0.0
v 7.840913 162.689209 -79.174194
#joint 33
#vjoint 247
v 7.840913 162.689209 42.825806
#joint 33
#vjoint 248
f 247/1060 248/1061 246/1062
#fvcolorindex 2 2 2 
vt 0.003906 0.961914 0.0
vt 4.486328 0.777344 0.0
vt 0.003906 0.777344 0.0
f 247/1063 246/1064 245/1065
#fvcolorindex 2 2 2 
vt 0.003906 0.961914 0.0
vt 4.486328 0.961914 0.0
vt 4.486328 0.961914 0.0
v -8.159087 162.689209 -79.174194
#joint 33
#vjoint 249
v -8.159087 162.689209 42.825806
#joint 33
#vjoint 250
f 249/1066 250/1067 248/1068
#fvcolorindex 2 2 2 
vt 0.003906 0.961914 0.0
vt 4.486328 0.961914 0.0
vt 0.003906 0.961914 0.0
f 249/1069 248/1070 247/1071
#fvcolorindex 2 2 2 
vt 0.003906 0.777344 0.0
vt 4.486328 0.777344 0.0
vt 4.486328 0.961914 0.0
v -16.159086 154.689209 -79.174194
#joint 33
#vjoint 251
v -16.159086 154.689209 42.825806
#joint 33
#vjoint 252
f 251/1072 252/1073 250/1074
#fvcolorindex 2 2 2 
vt 0.003906 0.777344 0.0
vt 4.486328 0.961914 0.0
vt 0.003906 0.961914 0.0
f 251/1075 250/1076 249/1077
#fvcolorindex 2 2 2 
vt 0.003906 -0.000977 0.0
vt 4.486328 -0.000977 0.0
vt 4.486328 0.777344 0.0
f 244/1078 243/1079 252/1080
#fvcolorindex 2 2 2 
vt 0.003906 -0.000977 0.0
vt 4.486328 0.777344 0.0
vt 0.003906 0.777344 0.0
f 244/1081 252/1082 251/1083
#fvcolorindex 2 2 2 
usemtl m69ClampSClampT
vt -0.293945 0.002930 0.0
vt 0.580566 0.002930 0.0
vt 0.580566 0.002930 0.0
v 15.840913 124.689209 117.825806
#joint 33
#vjoint 253
v -16.159086 124.689209 117.825806
#joint 33
#vjoint 254
f 242/1084 253/1085 254/1086
#fvcolorindex 2 11 2 
vt -0.293945 0.002930 0.0
vt 0.580566 0.002930 0.0
vt -0.293945 0.002930 0.0
f 242/1087 254/1088 243/1089
#fvcolorindex 2 2 2 
vt -0.293945 0.995117 0.0
vt 0.580566 0.995117 0.0
vt 0.580566 0.995117 0.0
v -8.159087 162.689209 117.825806
#joint 33
#vjoint 255
v 7.840913 162.689209 117.825806
#joint 33
#vjoint 256
f 250/1090 255/1091 256/1092
#fvcolorindex 2 2 2 
vt -0.293945 0.995117 0.0
vt 0.580566 0.995117 0.0
vt -0.293945 0.995117 0.0
f 250/1093 256/1094 248/1095
#fvcolorindex 2 2 2 
vt -0.293945 0.805664 0.0
vt 0.580566 0.805664 0.0
vt 0.580566 0.995117 0.0
v -16.159086 154.689209 117.825806
#joint 33
#vjoint 257
f 252/1096 257/1097 255/1098
#fvcolorindex 2 2 2 
vt -0.293945 0.805664 0.0
vt 0.580566 0.995117 0.0
vt -0.293945 0.995117 0.0
f 252/1099 255/1100 250/1101
#fvcolorindex 2 2 2 
vt 0.772461 0.786133 0.0
vt 1.000488 0.995117 0.0
vt 0.580566 0.995117 0.0
v -19.159086 154.689209 133.825806
#joint 33
#vjoint 258
v -8.159087 162.689209 152.825806
#joint 33
#vjoint 259
f 258/1102 259/1103 255/1104
#fvcolorindex 2 2 2 
vt 0.772461 0.786133 0.0
vt 1.000488 0.786133 0.0
vt 1.000488 0.995117 0.0
v -22.159086 154.689209 152.825806
#joint 33
#vjoint 260
f 258/1105 260/1106 259/1107
#fvcolorindex 2 2 2 
vt 0.580566 0.805664 0.0
vt 0.772461 0.786133 0.0
vt 0.580566 0.995117 0.0
f 257/1108 258/1109 255/1110
#fvcolorindex 2 2 2 
vt 0.772461 0.786133 0.0
vt 0.935547 0.601562 0.0
vt 1.000488 0.786133 0.0
v -25.159086 147.689209 147.825806
#joint 33
#vjoint 261
f 258/1111 261/1112 260/1113
#fvcolorindex 2 2 2 
vt 0.935547 0.601562 0.0
vt 1.000488 0.424805 0.0
vt 1.000488 0.786133 0.0
v -30.159086 140.689209 152.825806
#joint 33
#vjoint 262
f 261/1114 262/1115 260/1116
#fvcolorindex 2 2 2 
vt 0.580566 0.995117 0.0
vt 1.000488 0.995117 0.0
vt 1.000488 0.995117 0.0
v 7.840913 162.689209 152.825806
#joint 33
#vjoint 263
f 255/1117 259/1118 263/1119
#fvcolorindex 2 2 2 
vt 0.580566 0.995117 0.0
vt 1.000488 0.995117 0.0
vt 0.580566 0.995117 0.0
f 255/1120 263/1121 256/1122
#fvcolorindex 2 2 2 
vt 1.000488 0.424805 0.0
vt 1.000488 0.002930 0.0
vt 0.935547 0.601562 0.0
v 29.840914 140.689209 152.825806
#joint 33
#vjoint 264
v 29.840914 124.689209 152.825806
#joint 33
#vjoint 265
v 24.840914 147.689209 147.825806
#joint 33
#vjoint 266
f 264/1123 265/1124 266/1125
#fvcolorindex 2 2 2 
usemtl m70ClampSClampT
vt 0.580566 0.002930 0.0
vt 0.580566 0.805664 0.0
vt 0.772461 0.786133 0.0
v 15.840913 154.689209 117.825806
#joint 33
#vjoint 267
v 18.840914 154.689209 133.825806
#joint 33
#vjoint 268
f 253/1126 267/1127 268/1128
#fvcolorindex 11 2 2 
vt 0.580566 0.002930 0.0
vt 0.772461 0.786133 0.0
vt 0.772461 0.002930 0.0
v 18.840914 124.689209 133.825806
#joint 33
#vjoint 269
f 253/1129 268/1130 269/1131
#fvcolorindex 11 2 8 
usemtl m71ClampSClampT
vt 0.935547 0.002930 0.0
vt 0.935547 0.601562 0.0
vt 1.000488 0.002930 0.0
v 24.840914 124.689209 147.825806
#joint 33
#vjoint 270
f 270/1132 266/1133 265/1134
#fvcolorindex 8 2 2 
vt 0.772461 0.002930 0.0
vt 0.772461 0.786133 0.0
vt 0.935547 0.601562 0.0
f 269/1135 268/1136 266/1137
#fvcolorindex 8 2 2 
vt 0.772461 0.002930 0.0
vt 0.935547 0.601562 0.0
vt 0.935547 0.002930 0.0
f 269/1138 266/1139 270/1140
#fvcolorindex 8 2 8 
usemtl m69ClampSClampT
vt 1.000488 0.786133 0.0
vt 1.000488 0.424805 0.0
vt 0.935547 0.601562 0.0
v 21.840914 154.689209 152.825806
#joint 33
#vjoint 271
f 271/1141 264/1142 266/1143
#fvcolorindex 2 2 2 
vt 1.000488 0.786133 0.0
vt 0.935547 0.601562 0.0
vt 0.772461 0.786133 0.0
f 271/1144 266/1145 268/1146
#fvcolorindex 2 2 2 
vt 1.000488 0.995117 0.0
vt 1.000488 0.786133 0.0
vt 0.772461 0.786133 0.0
f 263/1147 271/1148 268/1149
#fvcolorindex 2 2 2 
vt 0.580566 0.995117 0.0
vt 1.000488 0.995117 0.0
vt 0.772461 0.786133 0.0
f 256/1150 263/1151 268/1152
#fvcolorindex 2 2 2 
vt 0.580566 0.995117 0.0
vt 0.772461 0.786133 0.0
vt 0.580566 0.805664 0.0
f 256/1153 268/1154 267/1155
#fvcolorindex 2 2 2 
vt -0.293945 0.995117 0.0
vt 0.580566 0.995117 0.0
vt 0.580566 0.805664 0.0
f 248/1156 256/1157 267/1158
#fvcolorindex 2 2 2 
vt -0.293945 0.995117 0.0
vt 0.580566 0.805664 0.0
vt -0.293945 0.805664 0.0
f 248/1159 267/1160 246/1161
#fvcolorindex 2 2 2 
vt -0.293945 0.805664 0.0
vt 0.580566 0.805664 0.0
vt 0.580566 0.002930 0.0
f 246/1162 267/1163 253/1164
#fvcolorindex 2 2 11 
vt -0.293945 0.805664 0.0
vt 0.580566 0.002930 0.0
vt -0.293945 0.002930 0.0
f 246/1165 253/1166 242/1167
#fvcolorindex 2 11 2 
vt -0.293945 0.002930 0.0
vt 0.580566 0.002930 0.0
vt 0.580566 0.805664 0.0
f 243/1168 254/1169 257/1170
#fvcolorindex 2 11 2 
vt -0.293945 0.002930 0.0
vt 0.580566 0.805664 0.0
vt -0.293945 0.805664 0.0
f 243/1171 257/1172 252/1173
#fvcolorindex 2 2 2 
usemtl m71ClampSClampT
vt 0.772461 0.002930 0.0
vt 0.772461 0.786133 0.0
vt 0.580566 0.805664 0.0
v -19.159086 124.689209 133.825806
#joint 33
#vjoint 272
f 272/1174 258/1175 257/1176
#fvcolorindex 8 2 2 
vt 0.772461 0.002930 0.0
vt 0.580566 0.805664 0.0
vt 0.580566 0.002930 0.0
f 272/1177 257/1178 254/1179
#fvcolorindex 8 2 11 
vt 0.935547 0.002930 0.0
vt 0.935547 0.601562 0.0
vt 0.772461 0.786133 0.0
v -25.159086 124.689209 147.825806
#joint 33
#vjoint 273
f 273/1180 261/1181 258/1182
#fvcolorindex 8 2 2 
vt 0.935547 0.002930 0.0
vt 0.772461 0.786133 0.0
vt 0.772461 0.002930 0.0
f 273/1183 258/1184 272/1185
#fvcolorindex 8 2 8 
usemtl m69ClampSClampT
vt 1.000488 0.002930 0.0
vt 0.935547 0.601562 0.0
vt 0.935547 0.002930 0.0
v -30.159086 124.689209 152.825806
#joint 33
#vjoint 274
f 274/1186 261/1187 273/1188
#fvcolorindex 2 2 8 
vt 0.935547 0.601562 0.0
vt 1.000488 0.002930 0.0
vt 1.000488 0.424805 0.0
f 261/1189 274/1190 262/1191
#fvcolorindex 2 2 2 
usemtl m72ClampSClampT
vt 0.010742 1.004883 0.0
vt 2.276367 1.004883 0.0
vt 2.276367 0.793945 0.0
f 263/1192 45/1193 44/1194
#fvcolorindex 2 2 2 
vt 0.010742 1.004883 0.0
vt 2.276367 0.793945 0.0
vt 0.010742 0.793945 0.0
f 263/1195 44/1196 271/1197
#fvcolorindex 2 2 2 
vt 0.010742 1.004883 0.0
vt 2.276367 1.004883 0.0
vt 2.276367 1.004883 0.0
f 259/1198 46/1199 45/1200
#fvcolorindex 2 2 2 
vt 0.010742 1.004883 0.0
vt 2.276367 1.004883 0.0
vt 0.010742 1.004883 0.0
f 259/1201 45/1202 263/1203
#fvcolorindex 2 2 2 
vt 0.010742 0.793945 0.0
vt 2.276367 0.793945 0.0
vt 2.276367 1.004883 0.0
f 260/1204 47/1205 46/1206
#fvcolorindex 2 2 2 
vt 0.010742 0.793945 0.0
vt 2.276367 1.004883 0.0
vt 0.010742 1.004883 0.0
f 260/1207 46/1208 259/1209
#fvcolorindex 2 2 2 
vt 0.010742 0.427734 0.0
vt 2.276367 0.427734 0.0
vt 2.276367 0.000977 0.0
f 264/1210 43/1211 50/1212
#fvcolorindex 2 2 2 
vt 0.010742 0.427734 0.0
vt 2.276367 0.000977 0.0
vt 0.010742 0.000977 0.0
f 264/1213 50/1214 265/1215
#fvcolorindex 2 2 2 
vt 0.010742 0.793945 0.0
vt 2.276367 0.793945 0.0
vt 2.276367 0.427734 0.0
f 271/1216 44/1217 43/1218
#fvcolorindex 2 2 2 
vt 0.010742 0.793945 0.0
vt 2.276367 0.427734 0.0
vt 0.010742 0.427734 0.0
f 271/1219 43/1220 264/1221
#fvcolorindex 2 2 2 
usemtl m73ClampSClampT
vt 1.000000 -0.329102 0.0
vt 0.000000 -0.327148 0.0
vt 0.000977 0.061523 0.0
v 20.840914 108.689209 191.825806
#joint 33
#vjoint 275
v 20.840914 108.689209 152.825806
#joint 33
#vjoint 276
f 275/1222 276/1223 265/1224
#fvcolorindex 17 17 2 
vt 1.000000 -0.329102 0.0
vt 0.000977 0.061523 0.0
vt 1.000977 0.059570 0.0
v 29.840914 124.689209 191.825806
#joint 33
#vjoint 277
f 275/1225 265/1226 277/1227
#fvcolorindex 17 2 2 
vt 1.274414 -0.329102 0.0
vt 1.275391 0.059570 0.0
vt 2.000000 0.057617 0.0
f 275/1228 277/1229 50/1230
#fvcolorindex 17 2 2 
vt 1.274414 -0.329102 0.0
vt 2.000000 0.057617 0.0
vt 2.000000 -0.330078 0.0
f 275/1231 50/1232 52/1233
#fvcolorindex 17 2 8 
usemtl m72ClampSClampT
vt 1.000977 0.059570 0.0
vt 0.000977 0.061523 0.0
vt 0.000000 -0.327148 0.0
v -30.159086 124.689209 191.825806
#joint 33
#vjoint 278
v -21.159086 108.689209 152.825806
#joint 33
#vjoint 279
f 278/1234 274/1235 279/1236
#fvcolorindex 2 2 17 
vt 1.000977 0.059570 0.0
vt 0.000000 -0.327148 0.0
vt 1.000000 -0.329102 0.0
v -21.159086 108.689209 191.825806
#joint 33
#vjoint 280
f 278/1237 279/1238 280/1239
#fvcolorindex 2 17 17 
usemtl m74ClampSClampT
vt 2.000000 -0.330078 0.0
vt 2.000000 0.057617 0.0
vt 1.275391 0.059570 0.0
f 51/1240 49/1241 278/1242
#fvcolorindex 8 2 2 
vt 2.000000 -0.330078 0.0
vt 1.275391 0.059570 0.0
vt 1.274414 -0.329102 0.0
f 51/1243 278/1244 280/1245
#fvcolorindex 8 2 17 
usemtl m72ClampSClampT
vt 0.010742 0.000977 0.0
vt 2.276367 0.000977 0.0
vt 2.276367 0.427734 0.0
f 274/1246 49/1247 48/1248
#fvcolorindex 2 2 2 
vt 0.010742 0.000977 0.0
vt 2.276367 0.427734 0.0
vt 0.010742 0.427734 0.0
f 274/1249 48/1250 262/1251
#fvcolorindex 2 2 2 
vt 0.010742 0.427734 0.0
vt 2.276367 0.427734 0.0
vt 2.276367 0.793945 0.0
f 262/1252 48/1253 47/1254
#fvcolorindex 2 2 2 
vt 0.010742 0.427734 0.0
vt 2.276367 0.793945 0.0
vt 0.010742 0.793945 0.0
f 262/1255 47/1256 260/1257
#fvcolorindex 2 2 2 
usemtl m75CullBothClampSClampT
vt 1.000000 0.000000 0.0
vt 0.999023 0.421875 0.0
vt 0.547852 1.015625 0.0
v -0.159087 167.689209 -81.174194
#joint 33
#vjoint 281
v -0.159087 167.689209 -87.174194
#joint 33
#vjoint 282
v -0.159087 165.689209 -94.174194
#joint 33
#vjoint 283
f 281/1258 282/1259 283/1260
#fvcolorindex 14 4 2 
vt 1.000000 0.000000 0.0
vt 0.547852 1.015625 0.0
vt -0.002930 1.015625 0.0
v -0.159087 163.689209 -94.174194
#joint 33
#vjoint 284
f 281/1261 283/1262 284/1263
#fvcolorindex 14 2 2 
vt 1.000000 0.000000 0.0
vt -0.002930 1.015625 0.0
vt 0.000000 0.000000 0.0
v -0.159087 163.689209 -81.174194
#joint 33
#vjoint 285
f 281/1264 284/1265 285/1266
#fvcolorindex 14 2 4 
usemtl m76ClampSClampT
vt 0.000000 1.002930 0.0
vt 0.000000 0.708008 0.0
vt 1.000000 0.708008 0.0
f 265/1267 276/1268 279/1269
#fvcolorindex 2 17 17 
vt 0.000000 1.002930 0.0
vt 1.000000 0.708008 0.0
vt 1.000000 1.000000 0.0
f 265/1270 279/1271 274/1272
#fvcolorindex 2 17 2 
usemtl m75CullBothClampSClampT
vt 1.000000 0.000000 0.0
vt 0.999023 0.421875 0.0
vt 0.547852 1.015625 0.0
v -0.159087 170.689209 229.825806
#joint 33
#vjoint 286
v -0.159087 170.689209 222.825806
#joint 33
#vjoint 287
v -0.159087 166.689209 215.825806
#joint 33
#vjoint 288
f 286/1273 287/1274 288/1275
#fvcolorindex 14 4 2 
vt 1.000000 0.000000 0.0
vt 0.547852 1.015625 0.0
vt -0.002930 1.015625 0.0
v -0.159087 162.689209 215.825806
#joint 33
#vjoint 289
f 286/1276 288/1277 289/1278
#fvcolorindex 14 2 2 
vt 1.000000 0.000000 0.0
vt -0.002930 1.015625 0.0
vt 0.000000 0.000000 0.0
v -0.159087 162.689209 229.825806
#joint 33
#vjoint 290
f 286/1279 289/1280 290/1281
#fvcolorindex 14 2 4 
usemtl m77ClampSClampT
vt 0.000000 1.000000 0.0
vt 0.000000 0.000000 0.0
vt 0.000000 0.000000 0.0
v 20.840914 68.689209 152.825806
#joint 33
#vjoint 291
v -21.159086 68.689209 152.825806
#joint 33
#vjoint 292
f 276/1282 291/1283 292/1284
#fvcolorindex 17 4 16 
vt 0.000000 1.000000 0.0
vt 0.000000 0.000000 0.0
vt 0.000000 1.000000 0.0
f 276/1285 292/1286 279/1287
#fvcolorindex 17 16 17 
vt -0.601562 1.000000 0.0
vt 0.959961 1.000000 0.0
vt 0.959961 0.000000 0.0
v 20.840914 68.689209 191.825806
#joint 33
#vjoint 293
f 276/1288 275/1289 293/1290
#fvcolorindex 17 17 4 
vt -0.601562 1.000000 0.0
vt 0.959961 0.000000 0.0
vt -0.601562 0.000000 0.0
f 276/1291 293/1292 291/1293
#fvcolorindex 17 4 4 
usemtl m78ClampSClampT
vt -0.601562 0.000000 0.0
vt 0.959961 0.000000 0.0
vt 0.959961 1.000000 0.0
v -21.159086 68.689209 191.825806
#joint 33
#vjoint 294
f 292/1294 294/1295 280/1296
#fvcolorindex 4 4 17 
vt -0.601562 0.000000 0.0
vt 0.959961 1.000000 0.0
vt -0.601562 1.000000 0.0
f 292/1297 280/1298 279/1299
#fvcolorindex 4 17 17 
usemtl m79ClampSClampT
vt 0.140625 1.000000 0.0
vt 0.763672 1.000000 0.0
vt 0.753906 0.000000 0.0
v -0.159087 108.689209 216.825806
#joint 33
#vjoint 295
v -0.159087 68.689209 216.825806
#joint 33
#vjoint 296
f 275/1300 295/1301 296/1302
#fvcolorindex 17 14 4 
vt 0.140625 1.000000 0.0
vt 0.753906 0.000000 0.0
vt 0.140625 0.000000 0.0
f 275/1303 296/1304 293/1305
#fvcolorindex 17 4 4 
usemtl m80ClampSClampT
vt 0.140625 0.000000 0.0
vt 0.753906 0.000000 0.0
vt 0.763672 1.000000 0.0
f 294/1306 296/1307 295/1308
#fvcolorindex 4 4 14 
vt 0.140625 0.000000 0.0
vt 0.763672 1.000000 0.0
vt 0.140625 1.000000 0.0
f 294/1309 295/1310 280/1311
#fvcolorindex 4 14 17 
usemtl m81
vt 1.000000 0.000000 0.0
vt 0.214844 0.888184 0.0
vt 0.022461 0.879395 0.0
v 6.840913 17.689209 -292.174194
#joint 33
#vjoint 297
#vcolor 70.000000 0.000000 0.000000 255.000000
#vcolor 254.000000 254.000000 254.000000 255.000000
f 297/1312 130/1313 129/1314
#fvcolorindex 83 84 84 
vt 1.000000 0.000000 0.0
vt 0.022461 0.879395 0.0
vt 0.000000 0.000000 0.0
v 6.840913 5.689209 -254.174194
#joint 33
#vjoint 298
f 297/1315 129/1316 298/1317
#fvcolorindex 83 84 83 
vt 1.000000 0.000000 0.0
vt 0.732422 1.000000 0.0
vt 0.214844 0.888184 0.0
f 297/1318 131/1319 130/1320
#fvcolorindex 83 84 84 
usemtl m82
vt 0.723633 1.000000 0.0
vt 0.723633 0.000000 0.0
vt 1.000000 0.000000 0.0
v -8.159087 17.689209 -292.174194
#joint 33
#vjoint 299
f 131/1321 297/1322 299/1323
#fvcolorindex 84 83 83 
vt 0.723633 1.000000 0.0
vt 1.000000 0.000000 0.0
vt 1.000000 1.000000 0.0
f 131/1324 299/1325 139/1326
#fvcolorindex 84 83 84 
vt 0.088867 0.603027 0.0
vt 0.106445 0.000000 0.0
vt 0.351562 0.000000 0.0
v -8.159087 5.689209 -254.174194
#joint 33
#vjoint 300
f 136/1327 300/1328 298/1329
#fvcolorindex 84 83 83 
vt 0.088867 0.603027 0.0
vt 0.351562 0.000000 0.0
vt 0.333984 0.603027 0.0
f 136/1330 298/1331 129/1332
#fvcolorindex 84 83 84 
vt 0.223633 0.856445 0.0
vt 0.742188 0.964355 0.0
vt 1.000000 0.000000 0.0
f 140/1333 139/1334 299/1335
#fvcolorindex 84 16 83 
usemtl m81
vt 0.000000 0.000000 0.0
vt 0.031250 0.848145 0.0
vt 0.223633 0.856445 0.0
f 300/1336 136/1337 140/1338
#fvcolorindex 83 84 84 
vt 0.000000 0.000000 0.0
vt 0.223633 0.856445 0.0
vt 1.000000 0.000000 0.0
f 300/1339 140/1340 299/1341
#fvcolorindex 83 84 83 
usemtl m83ClampSClampT
vt 0.896484 0.000000 0.0
vt 0.881510 0.703125 0.0
vt 0.488281 0.741211 0.0
v 20.840914 148.689209 -163.174194
#joint 33
#vjoint 301
f 174/1342 173/1343 301/1344
#fvcolorindex 2 2 2 
vt 0.896484 0.000000 0.0
vt 0.488281 0.741211 0.0
vt 0.503255 0.038086 0.0
v 20.840914 126.689209 -163.174194
#joint 33
#vjoint 302
f 174/1345 301/1346 302/1347
#fvcolorindex 2 2 2 
vt 0.488281 0.741211 0.0
vt 0.095052 0.780273 0.0
vt 0.110026 0.077148 0.0
f 301/1348 172/1349 171/1350
#fvcolorindex 2 2 2 
vt 0.488281 0.741211 0.0
vt 0.110026 0.077148 0.0
vt 0.503255 0.038086 0.0
f 301/1351 171/1352 302/1353
#fvcolorindex 2 2 2 
vt 0.442708 0.000000 0.0
vt 0.886068 0.000000 0.0
vt 0.890625 0.774414 0.0
v -21.159086 126.689209 -163.174194
#joint 33
#vjoint 303
f 303/1354 200/1355 199/1356
#fvcolorindex 2 2 2 
vt 0.442708 0.000000 0.0
vt 0.890625 0.774414 0.0
vt 0.447266 0.774414 0.0
v -21.159086 148.689209 -163.174194
#joint 33
#vjoint 304
f 303/1357 199/1358 304/1359
#fvcolorindex 2 2 2 
vt 0.442708 0.000000 0.0
vt 0.447266 0.774414 0.0
vt 0.004557 0.774414 0.0
f 303/1360 304/1361 201/1362
#fvcolorindex 2 2 2 
vt 0.442708 0.000000 0.0
vt 0.004557 0.774414 0.0
vt 0.000000 0.000000 0.0
f 303/1363 201/1364 202/1365
#fvcolorindex 2 2 2 
g secondary_Part27_Room01
usemtl m84CullBothClampT
vt 0.481445 -2.000000 0.0
vt 0.495117 1.200195 0.0
vt -0.469727 1.200195 0.0
v -17.159086 153.689209 230.825806
#joint 33
#vjoint 305
v -17.159086 153.689209 251.825806
#joint 33
#vjoint 306
v -0.159087 160.689209 251.825806
#joint 33
#vjoint 307
f 305/1366 306/1367 307/1368
#fvcolorindex 2 2 2 
vt 0.481445 -2.000000 0.0
vt -0.469727 1.200195 0.0
vt -0.484375 -2.000000 0.0
v -0.159087 160.689209 230.825806
#joint 33
#vjoint 308
f 305/1369 307/1370 308/1371
#fvcolorindex 2 2 2 
vt -0.461914 -2.000000 0.0
vt 0.506836 -2.000000 0.0
vt 0.528320 1.200195 0.0
v -0.159087 112.689209 230.825806
#joint 33
#vjoint 309
v 16.840914 119.689209 230.825806
#joint 33
#vjoint 310
v 16.840914 119.689209 251.825806
#joint 33
#vjoint 311
f 309/1372 310/1373 311/1374
#fvcolorindex 2 2 2 
vt -0.461914 -2.000000 0.0
vt 0.528320 1.200195 0.0
vt -0.439453 1.200195 0.0
v -0.159087 112.689209 251.825806
#joint 33
#vjoint 312
f 309/1375 311/1376 312/1377
#fvcolorindex 2 2 2 
vt 0.506836 -2.000000 0.0
vt 1.471680 -2.000000 0.0
vt 1.493164 1.200195 0.0
v 23.840914 136.689209 230.825806
#joint 33
#vjoint 313
v 23.840914 136.689209 251.825806
#joint 33
#vjoint 314
f 310/1378 313/1379 314/1380
#fvcolorindex 2 2 2 
vt 0.506836 -2.000000 0.0
vt 1.493164 1.200195 0.0
vt 0.528320 1.200195 0.0
f 310/1381 314/1382 311/1383
#fvcolorindex 2 2 2 
vt -0.592773 -2.000000 0.0
vt 0.383789 -2.000000 0.0
vt 0.414062 1.200195 0.0
v 16.840914 153.689209 230.825806
#joint 33
#vjoint 315
v 16.840914 153.689209 251.825806
#joint 33
#vjoint 316
f 313/1384 315/1385 316/1386
#fvcolorindex 2 2 2 
vt -0.592773 -2.000000 0.0
vt 0.414062 1.200195 0.0
vt -0.562500 1.200195 0.0
f 313/1387 316/1388 314/1389
#fvcolorindex 2 2 2 
vt 1.459961 1.200195 0.0
vt 0.414062 1.200195 0.0
vt 0.383789 -2.000000 0.0
f 307/1390 316/1391 315/1392
#fvcolorindex 2 2 2 
vt 1.459961 1.200195 0.0
vt 0.383789 -2.000000 0.0
vt 1.429688 -2.000000 0.0
f 307/1393 315/1394 308/1395
#fvcolorindex 2 2 2 
vt -0.562500 1.200195 0.0
vt 0.414062 1.200195 0.0
vt 0.383789 -2.000000 0.0
v -24.159086 136.689209 251.825806
#joint 33
#vjoint 317
f 317/1396 306/1397 305/1398
#fvcolorindex 2 2 2 
vt -0.562500 1.200195 0.0
vt 0.383789 -2.000000 0.0
vt -0.592773 -2.000000 0.0
v -24.159086 136.689209 230.825806
#joint 33
#vjoint 318
f 317/1399 305/1400 318/1401
#fvcolorindex 2 2 2 
vt 0.528320 1.200195 0.0
vt 1.493164 1.200195 0.0
vt 1.471680 -2.000000 0.0
v -17.159086 119.689209 251.825806
#joint 33
#vjoint 319
f 319/1402 317/1403 318/1404
#fvcolorindex 2 2 2 
vt 0.528320 1.200195 0.0
vt 1.471680 -2.000000 0.0
vt 0.506836 -2.000000 0.0
v -17.159086 119.689209 230.825806
#joint 33
#vjoint 320
f 319/1405 318/1406 320/1407
#fvcolorindex 2 2 2 
vt -0.439453 1.200195 0.0
vt 0.528320 1.200195 0.0
vt 0.506836 -2.000000 0.0
f 312/1408 319/1409 320/1410
#fvcolorindex 2 2 2 
vt -0.439453 1.200195 0.0
vt 0.506836 -2.000000 0.0
vt -0.461914 -2.000000 0.0
f 312/1411 320/1412 309/1413
#fvcolorindex 2 2 2 
vt 0.000000 0.000000 0.0
vt 16.000000 0.000000 0.0
vt 16.000000 1.000000 0.0
v -0.159087 162.689209 -79.174194
#joint 33
#vjoint 321
f 321/1414 289/1415 288/1416
#fvcolorindex 2 2 2 
vt 0.000000 0.000000 0.0
vt 16.000000 1.000000 0.0
vt 0.000000 1.000000 0.0
v -0.159087 166.689209 -79.174194
#joint 33
#vjoint 322
f 321/1417 288/1418 322/1419
#fvcolorindex 2 2 2 
usemtl m85CullBothClampSClampT
vt 0.000000 0.000000 0.0
vt 0.727539 0.000000 0.0
vt 0.727539 0.552734 0.0
v -0.159087 68.689209 248.825806
#joint 33
#vjoint 323
v -0.159087 90.689209 248.825806
#joint 33
#vjoint 324
f 296/1420 323/1421 324/1422
#fvcolorindex 4 2 2 
vt 0.000000 0.000000 0.0
vt 0.727539 0.552734 0.0
vt 0.303711 1.000000 0.0
v -1.159087 108.689209 229.825806
#joint 33
#vjoint 325
f 296/1423 324/1424 325/1425
#fvcolorindex 4 2 4 
vt 0.000000 0.000000 0.0
vt 0.303711 1.000000 0.0
vt 0.000000 1.000000 0.0
f 296/1426 325/1427 295/1428
#fvcolorindex 4 4 14 
g Room29
g Room29_primary
usemtl m70ClampSClampT
vt 0.580566 0.002930 0.0
vt 0.580566 0.002930 0.0
vt 0.772461 0.002930 0.0
v -16.159086 124.689209 117.825806
#joint 33
#vjoint 326
#vcolor 165.000000 189.000000 213.000000 255.000000
v 15.840913 124.689209 117.825806
#joint 33
#vjoint 327
v 18.840914 124.689209 133.825806
#joint 33
#vjoint 328
#vcolor 82.000000 118.000000 151.000000 255.000000
f 326/1429 327/1430 328/1431
#fvcolorindex 85 85 86 
vt 0.580566 0.002930 0.0
vt 0.772461 0.002930 0.0
vt 0.772461 0.002930 0.0
v -19.159086 124.689209 133.825806
#joint 33
#vjoint 329
f 326/1432 328/1433 329/1434
#fvcolorindex 85 86 86 
usemtl m71ClampSClampT
vt 0.772461 0.002930 0.0
vt 0.772461 0.002930 0.0
vt 0.935547 0.002930 0.0
v 24.840914 124.689209 147.825806
#joint 33
#vjoint 330
f 329/1435 328/1436 330/1437
#fvcolorindex 86 86 86 
vt 0.772461 0.002930 0.0
vt 0.935547 0.002930 0.0
vt 0.935547 0.002930 0.0
v -25.159086 124.689209 147.825806
#joint 33
#vjoint 331
f 329/1438 330/1439 331/1440
#fvcolorindex 86 86 86 
vt 0.935547 0.002930 0.0
vt 0.935547 0.002930 0.0
vt 1.000488 0.002930 0.0
v 29.840914 124.689209 152.825806
#joint 33
#vjoint 332
#vcolor 254.000000 254.000000 254.000000 255.000000
f 331/1441 330/1442 332/1443
#fvcolorindex 86 86 87 
vt 0.935547 0.002930 0.0
vt 1.000488 0.002930 0.0
vt 1.000488 0.002930 0.0
v -30.159086 124.689209 152.825806
#joint 33
#vjoint 333
f 331/1444 332/1445 333/1446
#fvcolorindex 86 87 87 
usemtl m73ClampSClampT
vt 1.274414 -0.329102 0.0
vt 1.274414 -0.329102 0.0
vt 2.000000 -0.330078 0.0
v -21.159086 108.689209 191.825806
#joint 33
#vjoint 334
#vcolor 56.000000 82.000000 104.000000 255.000000
v 20.840914 108.689209 191.825806
#joint 33
#vjoint 335
v 20.840914 108.689209 229.825806
#joint 33
#vjoint 336
f 334/1447 335/1448 336/1449
#fvcolorindex 88 88 86 
vt 1.274414 -0.329102 0.0
vt 2.000000 -0.330078 0.0
vt 2.000000 -0.330078 0.0
v -21.159086 108.689209 229.825806
#joint 33
#vjoint 337
f 334/1450 336/1451 337/1452
#fvcolorindex 88 86 86 
usemtl m80ClampSClampT
vt 0.869141 0.342773 0.0
vt 0.146484 0.684570 0.0
vt 0.123047 0.000000 0.0
v -0.159087 68.689209 216.825806
#joint 33
#vjoint 338
#vcolor 155.000000 189.000000 222.000000 255.000000
v -21.159086 68.689209 191.825806
#joint 33
#vjoint 339
v 20.840914 68.689209 191.825806
#joint 33
#vjoint 340
f 338/1453 339/1454 340/1455
#fvcolorindex 89 89 89 
usemtl m86ClampSClampT
vt 0.609375 0.000000 0.0
vt 0.615234 1.000000 0.0
vt 0.183594 1.000000 0.0
v -21.159086 68.689209 152.825806
#joint 33
#vjoint 341
#vcolor 100.000000 143.000000 184.000000 255.000000
v 20.840914 68.689209 152.825806
#joint 33
#vjoint 342
f 341/1456 342/1457 340/1458
#fvcolorindex 90 89 89 
vt 0.609375 0.000000 0.0
vt 0.183594 1.000000 0.0
vt 0.179688 0.000000 0.0
f 341/1459 340/1460 339/1461
#fvcolorindex 90 89 89 
usemtl m81
vt 0.000000 0.000000 0.0
vt 1.000000 0.000000 0.0
vt 1.000000 0.000000 0.0
v -8.159087 5.689209 -254.174194
#joint 33
#vjoint 343
#vcolor 70.000000 0.000000 0.000000 255.000000
v -8.159087 17.689209 -292.174194
#joint 33
#vjoint 344
v 6.840913 17.689209 -292.174194
#joint 33
#vjoint 345
f 343/1462 344/1463 345/1464
#fvcolorindex 91 91 91 
vt 0.000000 0.000000 0.0
vt 1.000000 0.000000 0.0
vt 0.000000 0.000000 0.0
v 6.840913 5.689209 -254.174194
#joint 33
#vjoint 346
f 343/1465 345/1466 346/1467
#fvcolorindex 91 91 91 
g Room2B
g Room2B_primary
usemtl m87
vt 0.112305 0.687500 0.0
vt 0.557617 0.986328 0.0
vt 0.514648 0.509766 0.0
v 214.601776 23.610920 131.500229
#joint 38
#vjoint 347
#vcolor 254.000000 254.000000 254.000000 255.000000
v 226.601776 26.610920 131.500229
#joint 38
#vjoint 348
v 223.601776 17.610920 131.500229
#joint 38
#vjoint 349
f 347/1468 348/1469 349/1470
#fvcolorindex 92 92 92 
vt 0.222656 0.143555 0.0
vt 0.112305 0.687500 0.0
vt 0.514648 0.509766 0.0
v 214.601776 11.610920 131.500229
#joint 38
#vjoint 350
f 350/1471 347/1472 349/1473
#fvcolorindex 92 92 92 
vt 0.736328 0.105469 0.0
vt 0.222656 0.143555 0.0
vt 0.514648 0.509766 0.0
v 226.601776 7.610920 131.500229
#joint 38
#vjoint 351
f 351/1474 350/1475 349/1476
#fvcolorindex 92 92 92 
vt 0.943359 0.626953 0.0
vt 0.736328 0.105469 0.0
vt 0.514648 0.509766 0.0
v 233.601776 17.610920 131.500229
#joint 38
#vjoint 352
f 352/1477 351/1478 349/1479
#fvcolorindex 92 92 92 
vt 0.557617 0.986328 0.0
vt 0.943359 0.626953 0.0
vt 0.514648 0.509766 0.0
f 348/1480 352/1481 349/1482
#fvcolorindex 92 92 92 
usemtl m88
vt 0.974609 0.808594 0.0
vt 1.000000 1.000000 0.0
vt 0.006836 1.000000 0.0
v 214.601776 23.610920 138.500229
#joint 38
#vjoint 353
v 226.601776 26.610920 138.500229
#joint 38
#vjoint 354
f 353/1483 354/1484 348/1485
#fvcolorindex 92 92 92 
vt 0.974609 0.808594 0.0
vt 0.006836 1.000000 0.0
vt 0.005859 0.808594 0.0
f 353/1486 348/1487 347/1488
#fvcolorindex 92 92 92 
vt 0.989258 0.500000 0.0
vt 0.003906 0.500000 0.0
vt 0.006836 1.000000 0.0
v 233.601776 17.610920 138.500229
#joint 38
#vjoint 355
f 355/1489 352/1490 348/1491
#fvcolorindex 92 92 92 
vt 0.989258 0.500000 0.0
vt 0.006836 1.000000 0.0
vt 1.000000 1.000000 0.0
f 355/1492 348/1493 354/1494
#fvcolorindex 92 92 92 
vt 1.000000 0.000000 0.0
vt 0.000000 0.000000 0.0
vt 0.003906 0.500000 0.0
v 226.601776 7.610920 138.500229
#joint 38
#vjoint 356
f 356/1495 351/1496 352/1497
#fvcolorindex 92 92 92 
vt 1.000000 0.000000 0.0
vt 0.003906 0.500000 0.0
vt 0.989258 0.500000 0.0
f 356/1498 352/1499 355/1500
#fvcolorindex 92 92 92 
vt 0.976562 0.191406 0.0
vt 0.974609 0.808594 0.0
vt 0.005859 0.808594 0.0
v 214.601776 11.610920 138.500229
#joint 38
#vjoint 357
f 357/1501 353/1502 347/1503
#fvcolorindex 92 92 92 
vt 0.976562 0.191406 0.0
vt 0.005859 0.808594 0.0
vt 0.000977 0.191406 0.0
f 357/1504 347/1505 350/1506
#fvcolorindex 92 92 92 
vt 1.000000 0.000000 0.0
vt 0.976562 0.191406 0.0
vt 0.000977 0.191406 0.0
f 356/1507 357/1508 350/1509
#fvcolorindex 92 92 92 
vt 1.000000 0.000000 0.0
vt 0.000977 0.191406 0.0
vt 0.000000 0.000000 0.0
f 356/1510 350/1511 351/1512
#fvcolorindex 92 92 92 
usemtl m89
vt 0.000000 0.000000 0.0
vt 0.000000 0.000000 0.0
vt 0.000000 0.000000 0.0
v 226.601776 7.610920 172.500229
#joint 38
#vjoint 358
#vcolor 70.000000 0.000000 0.000000 255.000000
v 214.601776 11.610920 172.500229
#joint 38
#vjoint 359
f 358/1513 359/1514 357/1515
#fvcolorindex 93 93 93 
vt 0.000000 0.000000 0.0
vt 0.000000 0.000000 0.0
vt 0.000000 0.000000 0.0
f 358/1516 357/1517 356/1518
#fvcolorindex 93 93 93 
vt 0.000000 0.000000 0.0
vt 0.000000 0.000000 0.0
vt 0.000000 0.000000 0.0
v 214.601776 23.610920 172.500229
#joint 38
#vjoint 360
#vcolor 174.000000 0.000000 0.000000 255.000000
f 359/1519 360/1520 353/1521
#fvcolorindex 93 94 94 
vt 0.000000 0.000000 0.0
vt 0.000000 0.000000 0.0
vt 0.000000 0.000000 0.0
f 359/1522 353/1523 357/1524
#fvcolorindex 93 94 93 
usemtl m90
vt 0.000000 0.000000 0.0
vt 0.000000 0.000000 0.0
vt 0.000000 0.000000 0.0
v 226.601776 26.610920 172.500229
#joint 38
#vjoint 361
#vcolor 255.000000 0.000000 0.000000 255.000000
f 360/1525 361/1526 354/1527
#fvcolorindex 94 95 95 
vt 0.000000 0.000000 0.0
vt 0.000000 0.000000 0.0
vt 0.000000 0.000000 0.0
f 360/1528 354/1529 353/1530
#fvcolorindex 94 95 94 
usemtl m91
vt 0.000000 0.000000 0.0
vt 0.000000 0.000000 0.0
vt 0.000000 0.000000 0.0
v 233.601776 17.610920 172.500229
#joint 38
#vjoint 362
f 361/1531 362/1532 355/1533
#fvcolorindex 95 94 94 
vt 0.000000 0.000000 0.0
vt 0.000000 0.000000 0.0
vt 0.000000 0.000000 0.0
f 361/1534 355/1535 354/1536
#fvcolorindex 95 94 95 
usemtl m90
vt 0.000000 0.000000 0.0
vt 0.000000 0.000000 0.0
vt 0.000000 0.000000 0.0
f 362/1537 358/1538 356/1539
#fvcolorindex 94 93 93 
vt 0.000000 0.000000 0.0
vt 0.000000 0.000000 0.0
vt 0.000000 0.000000 0.0
f 362/1540 356/1541 355/1542
#fvcolorindex 94 93 94 
g Room2D
g Room2D_primary
usemtl m92TransparentCullBothClampSClampT
vt 0.968750 0.968750 0.0
vt 0.284180 0.291016 0.0
vt 0.968750 0.009766 0.0
v -0.159087 136.482010 224.627213
#joint 37
#vjoint 363
#vcolor 255.000000 255.000000 255.000000 255.000000
v 40.840912 96.482010 799.627197
#joint 37
#vjoint 364
v -0.159087 79.482010 799.627197
#joint 37
#vjoint 365
f 363/1543 364/1544 365/1545
#fvcolorindex 96 96 96 
vt 0.968750 0.968750 0.0
vt 0.000000 0.968750 0.0
vt 0.284180 0.291016 0.0
v 57.840912 136.482010 799.627197
#joint 37
#vjoint 366
f 363/1546 366/1547 364/1548
#fvcolorindex 96 96 96 
usemtl m93TransparentCullBothClampSClampT
vt 0.968750 0.000000 0.0
vt 0.274414 0.677734 0.0
vt -0.012695 0.000000 0.0
v 40.840912 177.482010 799.627197
#joint 37
#vjoint 367
f 363/1549 367/1550 366/1551
#fvcolorindex 96 96 96 
vt 0.968750 0.000000 0.0
vt 0.968750 0.958984 0.0
vt 0.274414 0.677734 0.0
v -0.159087 194.482010 799.627197
#joint 37
#vjoint 368
f 363/1552 368/1553 367/1554
#fvcolorindex 96 96 96 
usemtl m94TransparentCullBothClampSClampT
vt 0.000000 0.000000 0.0
vt 0.684570 0.686523 0.0
vt 0.000000 0.971680 0.0
v -41.159088 177.482010 799.627197
#joint 37
#vjoint 369
f 363/1555 369/1556 368/1557
#fvcolorindex 96 96 96 
vt 0.000000 0.000000 0.0
vt 0.968750 0.000000 0.0
vt 0.684570 0.686523 0.0
v -58.159088 136.482010 799.627197
#joint 37
#vjoint 370
f 363/1558 370/1559 369/1560
#fvcolorindex 96 96 96 
usemtl m95TransparentCullBothClampSClampT
vt 0.000000 0.968750 0.0
vt 0.675781 0.286133 0.0
vt 0.956055 0.968750 0.0
v -41.159088 96.482010 799.627197
#joint 37
#vjoint 371
f 363/1561 371/1562 370/1563
#fvcolorindex 96 96 96 
vt 0.000000 0.968750 0.0
vt 0.000000 0.003906 0.0
vt 0.675781 0.286133 0.0
f 363/1564 365/1565 371/1566
#fvcolorindex 96 96 96 
