# Created by SubDrag and the GoldenEye Setup Editor V4.4
mtllib Ducking walk with gun pointed.mtl
#joint 0
#jointposition 0.000000 0.000000 0.000000
#joint 1
#jointposition 1.229596 62.036057 0.000000
#joint 2
#jointposition -1.338741 466.391724 18.233654
#joint 3
#jointposition 212.941467 334.128540 0.000000
#joint 4
#jointposition -199.759171 339.720398 0.000000
#joint 5
#jointposition 431.049408 400.918884 8.439221
#joint 6
#jointposition -422.212982 400.946777 0.000000
#joint 7
#jointposition 681.853088 401.174103 16.000622
#joint 8
#jointposition -686.352051 402.311584 0.000000
#joint 9
#jointposition 101.496513 -103.779228 0.000000
#joint 10
#jointposition -94.626610 -106.167419 0.000000
#joint 11
#jointposition 537.248840 -117.091309 0.000000
#joint 12
#jointposition -544.104614 -114.354561 0.000000
#joint 13
#jointposition 1035.093994 -121.567970 0.000000
#joint 14
#jointposition -1027.706543 -119.814781 0.000000
#connection 10 12
#connection 12 14
#connection 9 11
#connection 11 13
#connection 1 2
#connection 1 3
#connection 3 5
#connection 5 7
#connection 1 4
#connection 4 6
#connection 6 8
g Room04_primary
usemtl m0ClampS
v -1127.706421 -88.814774 -77.999992
#vcolor 48.000000 48.000000 48.000000 255.000000
vt 0.007812 0.009766 0.0
#joint 14
#vjoint 1
v -1127.706421 -174.814774 -71.999992
#vcolor 48.000000 48.000000 48.000000 255.000000
vt 0.035807 0.010742 0.0
#joint 14
#vjoint 2
v -1127.706421 -44.814777 161.999985
#vcolor 48.000000 48.000000 48.000000 255.000000
vt 1.040365 0.044922 0.0
#joint 14
#vjoint 3
f 1/1 2/2 3/3
#fvcolorindex 1 2 3 
v -1127.706421 -44.814777 161.999985
#vcolor 48.000000 48.000000 48.000000 255.000000
vt 1.040365 0.044922 0.0
#joint 14
#vjoint 4
v -1127.706421 -174.814774 -71.999992
#vcolor 48.000000 48.000000 48.000000 255.000000
vt 0.035807 0.010742 0.0
#joint 14
#vjoint 5
v -1127.706421 -169.814774 170.999985
#vcolor 48.000000 48.000000 48.000000 255.000000
vt 1.080729 0.046875 0.0
#joint 14
#vjoint 6
f 4/4 5/5 6/6
#fvcolorindex 4 5 6 
v -1127.706421 -44.814777 161.999985
#vcolor 48.000000 48.000000 48.000000 255.000000
vt 1.040365 0.044922 0.0
#joint 14
#vjoint 7
v -1092.706421 -81.814774 147.999985
#vcolor 212.000000 212.000000 212.000000 255.000000
vt 0.994792 0.252930 0.0
#joint 14
#vjoint 8
v -1036.706421 -71.814774 -4.000000
#vcolor 94.000000 94.000000 94.000000 255.000000
vt 0.368490 0.555664 0.0
#joint 14
#vjoint 9
f 7/7 8/8 9/9
#fvcolorindex 7 8 9 
v -1030.706421 -154.814774 -51.999996
#vcolor 94.000000 94.000000 94.000000 255.000000
vt 0.163411 0.583984 0.0
#joint 14
#vjoint 10
v -1094.706421 -139.814774 174.999985
#vcolor 226.000000 226.000000 226.000000 255.000000
vt 1.110677 0.245117 0.0
#joint 14
#vjoint 11
v -1127.706421 -169.814774 170.999985
#vcolor 48.000000 48.000000 48.000000 255.000000
vt 1.080729 0.046875 0.0
#joint 14
#vjoint 12
f 10/10 11/11 12/12
#fvcolorindex 10 11 12 
v -1092.706421 -81.814774 147.999985
#vcolor 212.000000 212.000000 212.000000 255.000000
vt 0.994792 0.252930 0.0
#joint 14
#vjoint 13
v -1127.706421 -44.814777 161.999985
#vcolor 48.000000 48.000000 48.000000 255.000000
vt 1.040365 0.044922 0.0
#joint 14
#vjoint 14
v -1094.706421 -139.814774 174.999985
#vcolor 226.000000 226.000000 226.000000 255.000000
vt 1.110677 0.245117 0.0
#joint 14
#vjoint 15
f 13/13 14/14 15/15
#fvcolorindex 13 14 15 
v -1094.706421 -139.814774 174.999985
#vcolor 226.000000 226.000000 226.000000 255.000000
vt 1.110677 0.245117 0.0
#joint 14
#vjoint 16
v -1127.706421 -44.814777 161.999985
#vcolor 48.000000 48.000000 48.000000 255.000000
vt 1.040365 0.044922 0.0
#joint 14
#vjoint 17
v -1127.706421 -169.814774 170.999985
#vcolor 48.000000 48.000000 48.000000 255.000000
vt 1.080729 0.046875 0.0
#joint 14
#vjoint 18
f 16/16 17/17 18/18
#fvcolorindex 16 17 18 
v -1127.706421 -88.814774 -77.999992
#vcolor 48.000000 48.000000 48.000000 255.000000
vt 0.007812 0.009766 0.0
#joint 14
#vjoint 19
v -1025.706421 -106.814774 -64.999992
#vcolor 94.000000 94.000000 94.000000 255.000000
vt 0.108073 0.611328 0.0
#joint 14
#vjoint 20
v -1030.706421 -154.814774 -51.999996
#vcolor 94.000000 94.000000 94.000000 255.000000
vt 0.163411 0.583984 0.0
#joint 14
#vjoint 21
f 19/19 20/20 21/21
#fvcolorindex 19 20 21 
v -1127.706421 -174.814774 -71.999992
#vcolor 48.000000 48.000000 48.000000 255.000000
vt 0.035807 0.010742 0.0
#joint 14
#vjoint 22
v -1127.706421 -88.814774 -77.999992
#vcolor 48.000000 48.000000 48.000000 255.000000
vt 0.007812 0.009766 0.0
#joint 14
#vjoint 23
v -1030.706421 -154.814774 -51.999996
#vcolor 94.000000 94.000000 94.000000 255.000000
vt 0.163411 0.583984 0.0
#joint 14
#vjoint 24
f 22/22 23/23 24/24
#fvcolorindex 22 23 24 
v -1024.706421 -149.814774 -16.999998
#vcolor 94.000000 94.000000 94.000000 255.000000
vt 0.315104 0.625977 0.0
#joint 14
#vjoint 25
v -1024.706421 -144.814774 20.999998
#vcolor 94.000000 94.000000 94.000000 255.000000
vt 0.478516 0.628906 0.0
#joint 14
#vjoint 26
v -1094.706421 -139.814774 174.999985
#vcolor 226.000000 226.000000 226.000000 255.000000
vt 1.110677 0.245117 0.0
#joint 14
#vjoint 27
f 25/25 26/26 27/27
#fvcolorindex 25 26 27 
v -1127.706421 -88.814774 -77.999992
#vcolor 48.000000 48.000000 48.000000 255.000000
vt 0.007812 0.009766 0.0
#joint 14
#vjoint 28
v -1036.706421 -71.814774 -4.000000
#vcolor 94.000000 94.000000 94.000000 255.000000
vt 0.368490 0.555664 0.0
#joint 14
#vjoint 29
v -1031.706421 -86.814774 -30.999998
#vcolor 94.000000 94.000000 94.000000 255.000000
vt 0.254557 0.580078 0.0
#joint 14
#vjoint 30
f 28/28 29/29 30/30
#fvcolorindex 28 29 30 
v -1094.706421 -139.814774 174.999985
#vcolor 226.000000 226.000000 226.000000 255.000000
vt 1.110677 0.245117 0.0
#joint 14
#vjoint 31
v -1024.706421 -144.814774 20.999998
#vcolor 94.000000 94.000000 94.000000 255.000000
vt 0.478516 0.628906 0.0
#joint 14
#vjoint 32
v -1036.706421 -71.814774 -4.000000
#vcolor 94.000000 94.000000 94.000000 255.000000
vt 0.368490 0.555664 0.0
#joint 14
#vjoint 33
f 31/31 32/32 33/33
#fvcolorindex 31 32 33 
v -1127.706421 -44.814777 161.999985
#vcolor 48.000000 48.000000 48.000000 255.000000
vt 1.040365 0.044922 0.0
#joint 14
#vjoint 34
v -1036.706421 -71.814774 -4.000000
#vcolor 94.000000 94.000000 94.000000 255.000000
vt 0.368490 0.555664 0.0
#joint 14
#vjoint 35
v -1127.706421 -88.814774 -77.999992
#vcolor 48.000000 48.000000 48.000000 255.000000
vt 0.007812 0.009766 0.0
#joint 14
#vjoint 36
f 34/34 35/35 36/36
#fvcolorindex 34 35 36 
v -1030.706421 -154.814774 -51.999996
#vcolor 94.000000 94.000000 94.000000 255.000000
vt 0.163411 0.583984 0.0
#joint 14
#vjoint 37
v -1127.706421 -169.814774 170.999985
#vcolor 48.000000 48.000000 48.000000 255.000000
vt 1.080729 0.046875 0.0
#joint 14
#vjoint 38
v -1127.706421 -174.814774 -71.999992
#vcolor 48.000000 48.000000 48.000000 255.000000
vt 0.035807 0.010742 0.0
#joint 14
#vjoint 39
f 37/37 38/38 39/39
#fvcolorindex 37 38 39 
v -1092.706421 -81.814774 147.999985
#vcolor 212.000000 212.000000 212.000000 255.000000
vt 0.994792 0.252930 0.0
#joint 14
#vjoint 40
v -1094.706421 -139.814774 174.999985
#vcolor 226.000000 226.000000 226.000000 255.000000
vt 1.110677 0.245117 0.0
#joint 14
#vjoint 41
v -1036.706421 -71.814774 -4.000000
#vcolor 94.000000 94.000000 94.000000 255.000000
vt 0.368490 0.555664 0.0
#joint 14
#vjoint 42
f 40/40 41/41 42/42
#fvcolorindex 40 41 42 
v -1030.706421 -154.814774 -51.999996
#vcolor 94.000000 94.000000 94.000000 255.000000
vt 0.163411 0.583984 0.0
#joint 14
#vjoint 43
v -1024.706421 -149.814774 -16.999998
#vcolor 94.000000 94.000000 94.000000 255.000000
vt 0.315104 0.625977 0.0
#joint 14
#vjoint 44
v -1094.706421 -139.814774 174.999985
#vcolor 226.000000 226.000000 226.000000 255.000000
vt 1.110677 0.245117 0.0
#joint 14
#vjoint 45
f 43/43 44/44 45/45
#fvcolorindex 43 44 45 
v -1127.706421 -88.814774 -77.999992
#vcolor 48.000000 48.000000 48.000000 255.000000
vt 0.007812 0.009766 0.0
#joint 14
#vjoint 46
v -1031.706421 -86.814774 -30.999998
#vcolor 94.000000 94.000000 94.000000 255.000000
vt 0.254557 0.580078 0.0
#joint 14
#vjoint 47
v -1025.706421 -106.814774 -64.999992
#vcolor 94.000000 94.000000 94.000000 255.000000
vt 0.108073 0.611328 0.0
#joint 14
#vjoint 48
f 46/46 47/47 48/48
#fvcolorindex 46 47 48 
g Room05_primary
usemtl m1ClampT
v -1025.104492 -87.354553 -76.999992
#vcolor 94.000000 94.000000 94.000000 255.000000
vt 0.476562 0.764974 0.0
#joint 12
#vjoint 49
v -1031.706421 -86.814774 -30.999998
#vcolor 94.000000 94.000000 94.000000 255.000000
vt 0.495117 0.754557 0.0
#joint 14
#vjoint 50
v -1030.104492 -48.354557 -8.000000
#vcolor 94.000000 94.000000 94.000000 255.000000
vt 0.556641 1.116536 0.0
#joint 12
#vjoint 51
f 49/49 50/50 51/51
#fvcolorindex 49 50 51 
v -1030.104492 -48.354557 -8.000000
#vcolor 94.000000 94.000000 94.000000 255.000000
vt 0.556641 1.116536 0.0
#joint 12
#vjoint 52
v -1031.706421 -86.814774 -30.999998
#vcolor 94.000000 94.000000 94.000000 255.000000
vt 0.495117 0.754557 0.0
#joint 14
#vjoint 53
v -1036.706421 -71.814774 -4.000000
#vcolor 94.000000 94.000000 94.000000 255.000000
vt 0.533203 0.888672 0.0
#joint 14
#vjoint 54
f 52/52 53/53 54/54
#fvcolorindex 52 53 54 
v -1030.104492 -48.354557 -8.000000
#vcolor 94.000000 94.000000 94.000000 255.000000
vt 0.556641 1.116536 0.0
#joint 12
#vjoint 55
v -1036.706421 -71.814774 -4.000000
#vcolor 94.000000 94.000000 94.000000 255.000000
vt 0.533203 0.888672 0.0
#joint 14
#vjoint 56
v -1038.104492 -68.354553 43.999996
#vcolor 94.000000 94.000000 94.000000 255.000000
vt 0.542969 0.927734 0.0
#joint 12
#vjoint 57
f 55/55 56/56 57/57
#fvcolorindex 55 56 57 
v -1038.104492 -68.354553 43.999996
#vcolor 94.000000 94.000000 94.000000 255.000000
vt 0.542969 0.927734 0.0
#joint 12
#vjoint 58
v -1036.706421 -71.814774 -4.000000
#vcolor 94.000000 94.000000 94.000000 255.000000
vt 0.533203 0.888672 0.0
#joint 14
#vjoint 59
v -1024.706421 -144.814774 20.999998
#vcolor 94.000000 94.000000 94.000000 255.000000
vt 0.380859 0.240885 0.0
#joint 14
#vjoint 60
f 58/58 59/59 60/60
#fvcolorindex 58 59 60 
v -1038.104492 -68.354553 43.999996
#vcolor 94.000000 94.000000 94.000000 255.000000
vt 0.542969 0.927734 0.0
#joint 12
#vjoint 61
v -1024.706421 -144.814774 20.999998
#vcolor 94.000000 94.000000 94.000000 255.000000
vt 0.380859 0.240885 0.0
#joint 14
#vjoint 62
v -1038.104492 -137.354538 58.999996
#vcolor 94.000000 94.000000 94.000000 255.000000
vt 0.423828 0.291667 0.0
#joint 12
#vjoint 63
f 61/61 62/62 63/63
#fvcolorindex 61 62 63 
v -1025.104492 -87.354553 -76.999992
#vcolor 94.000000 94.000000 94.000000 255.000000
vt 0.476562 0.764974 0.0
#joint 12
#vjoint 64
v -1025.706421 -106.814774 -64.999992
#vcolor 94.000000 94.000000 94.000000 255.000000
vt 0.446289 0.582031 0.0
#joint 14
#vjoint 65
v -1031.706421 -86.814774 -30.999998
#vcolor 94.000000 94.000000 94.000000 255.000000
vt 0.495117 0.754557 0.0
#joint 14
#vjoint 66
f 64/64 65/65 66/66
#fvcolorindex 64 65 66 
v -1038.104492 -137.354538 58.999996
#vcolor 94.000000 94.000000 94.000000 255.000000
vt 0.423828 0.291667 0.0
#joint 12
#vjoint 67
v -1024.706421 -144.814774 20.999998
#vcolor 94.000000 94.000000 94.000000 255.000000
vt 0.380859 0.240885 0.0
#joint 14
#vjoint 68
v -1029.104492 -189.354538 6.000000
#vcolor 94.000000 94.000000 94.000000 255.000000
vt 0.315430 -0.162109 0.0
#joint 12
#vjoint 69
f 67/67 68/68 69/69
#fvcolorindex 67 68 69 
v -1029.104492 -189.354538 6.000000
#vcolor 94.000000 94.000000 94.000000 255.000000
vt 0.315430 -0.162109 0.0
#joint 12
#vjoint 70
v -1024.706421 -144.814774 20.999998
#vcolor 94.000000 94.000000 94.000000 255.000000
vt 0.380859 0.240885 0.0
#joint 14
#vjoint 71
v -1024.706421 -149.814774 -16.999998
#vcolor 94.000000 94.000000 94.000000 255.000000
vt 0.370117 0.193359 0.0
#joint 14
#vjoint 72
f 70/70 71/71 72/72
#fvcolorindex 70 71 72 
v -1029.104492 -189.354538 6.000000
#vcolor 94.000000 94.000000 94.000000 255.000000
vt 0.315430 -0.162109 0.0
#joint 12
#vjoint 73
v -1024.706421 -149.814774 -16.999998
#vcolor 94.000000 94.000000 94.000000 255.000000
vt 0.370117 0.193359 0.0
#joint 14
#vjoint 74
v -1020.104553 -144.354538 -74.999992
#vcolor 94.000000 94.000000 94.000000 255.000000
vt 0.369141 0.260417 0.0
#joint 12
#vjoint 75
f 73/73 74/74 75/75
#fvcolorindex 73 74 75 
v -1020.104553 -144.354538 -74.999992
#vcolor 94.000000 94.000000 94.000000 255.000000
vt 0.369141 0.260417 0.0
#joint 12
#vjoint 76
v -1024.706421 -149.814774 -16.999998
#vcolor 94.000000 94.000000 94.000000 255.000000
vt 0.370117 0.193359 0.0
#joint 14
#vjoint 77
v -1030.706421 -154.814774 -51.999996
#vcolor 94.000000 94.000000 94.000000 255.000000
vt 0.377930 0.140625 0.0
#joint 14
#vjoint 78
f 76/76 77/77 78/78
#fvcolorindex 76 77 78 
v -1020.104553 -144.354538 -74.999992
#vcolor 94.000000 94.000000 94.000000 255.000000
vt 0.369141 0.260417 0.0
#joint 12
#vjoint 79
v -1030.706421 -154.814774 -51.999996
#vcolor 94.000000 94.000000 94.000000 255.000000
vt 0.377930 0.140625 0.0
#joint 14
#vjoint 80
v -1025.104492 -87.354553 -76.999992
#vcolor 94.000000 94.000000 94.000000 255.000000
vt 0.476562 0.764974 0.0
#joint 12
#vjoint 81
f 79/79 80/80 81/81
#fvcolorindex 79 80 81 
v -1025.104492 -87.354553 -76.999992
#vcolor 94.000000 94.000000 94.000000 255.000000
vt 0.476562 0.764974 0.0
#joint 12
#vjoint 82
v -1030.706421 -154.814774 -51.999996
#vcolor 94.000000 94.000000 94.000000 255.000000
vt 0.377930 0.140625 0.0
#joint 14
#vjoint 83
v -1025.706421 -106.814774 -64.999992
#vcolor 94.000000 94.000000 94.000000 255.000000
vt 0.446289 0.582031 0.0
#joint 14
#vjoint 84
f 82/82 83/83 84/84
#fvcolorindex 82 83 84 
v -611.104553 -55.354557 49.999996
#vcolor 170.000000 170.000000 170.000000 255.000000
vt 0.627930 1.065104 0.0
#joint 12
#vjoint 85
v -1038.104492 -68.354553 43.999996
#vcolor 94.000000 94.000000 94.000000 255.000000
vt 0.612305 2.263021 0.0
#joint 12
#vjoint 86
v -1038.104492 -137.354538 58.999996
#vcolor 94.000000 94.000000 94.000000 255.000000
vt 0.419922 2.261719 0.0
#joint 12
#vjoint 87
f 85/85 86/86 87/87
#fvcolorindex 85 86 87 
v -616.104553 -38.354557 -15.999999
#vcolor 170.000000 170.000000 170.000000 255.000000
vt 0.786133 1.078125 0.0
#joint 12
#vjoint 88
v -628.104553 -88.354553 -84.999992
#vcolor 240.000000 240.000000 240.000000 255.000000
vt 0.965820 1.111328 0.0
#joint 12
#vjoint 89
v -1025.104492 -87.354553 -76.999992
#vcolor 94.000000 94.000000 94.000000 255.000000
vt 0.963867 2.225911 0.0
#joint 12
#vjoint 90
f 88/88 89/89 90/90
#fvcolorindex 88 89 90 
v -616.104553 -38.354557 -15.999999
#vcolor 170.000000 170.000000 170.000000 255.000000
vt 0.786133 1.078125 0.0
#joint 12
#vjoint 91
v -1025.104492 -87.354553 -76.999992
#vcolor 94.000000 94.000000 94.000000 255.000000
vt 0.963867 2.225911 0.0
#joint 12
#vjoint 92
v -1030.104492 -48.354557 -8.000000
#vcolor 94.000000 94.000000 94.000000 255.000000
vt 0.771484 2.240885 0.0
#joint 12
#vjoint 93
f 91/91 92/92 93/93
#fvcolorindex 91 92 93 
v -626.104553 -152.354538 -71.999992
#vcolor 240.000000 240.000000 240.000000 255.000000
vt 0.089844 1.105469 0.0
#joint 12
#vjoint 94
v -616.104553 -185.354538 -3.000000
#vcolor 68.000000 68.000000 68.000000 255.000000
vt 0.243164 1.076172 0.0
#joint 12
#vjoint 95
v -1020.104553 -144.354538 -74.999992
#vcolor 94.000000 94.000000 94.000000 255.000000
vt 0.076172 2.210286 0.0
#joint 12
#vjoint 96
f 94/94 95/95 96/96
#fvcolorindex 94 95 96 
v -616.104553 -185.354538 -3.000000
#vcolor 68.000000 68.000000 68.000000 255.000000
vt 0.243164 1.076172 0.0
#joint 12
#vjoint 97
v -611.104553 -122.354553 65.999992
#vcolor 240.000000 240.000000 240.000000 255.000000
vt 0.462891 1.064453 0.0
#joint 12
#vjoint 98
v -1038.104492 -137.354538 58.999996
#vcolor 94.000000 94.000000 94.000000 255.000000
vt 0.419922 2.261719 0.0
#joint 12
#vjoint 99
f 97/97 98/98 99/99
#fvcolorindex 97 98 99 
v -616.104553 -38.354557 -15.999999
#vcolor 170.000000 170.000000 170.000000 255.000000
vt 0.786133 1.078125 0.0
#joint 12
#vjoint 100
v -1030.104492 -48.354557 -8.000000
#vcolor 94.000000 94.000000 94.000000 255.000000
vt 0.771484 2.240885 0.0
#joint 12
#vjoint 101
v -1038.104492 -68.354553 43.999996
#vcolor 94.000000 94.000000 94.000000 255.000000
vt 0.612305 2.263021 0.0
#joint 12
#vjoint 102
f 100/100 101/101 102/102
#fvcolorindex 100 101 102 
v -611.104553 -55.354557 49.999996
#vcolor 170.000000 170.000000 170.000000 255.000000
vt 0.627930 1.065104 0.0
#joint 12
#vjoint 103
v -616.104553 -38.354557 -15.999999
#vcolor 170.000000 170.000000 170.000000 255.000000
vt 0.786133 1.078125 0.0
#joint 12
#vjoint 104
v -1038.104492 -68.354553 43.999996
#vcolor 94.000000 94.000000 94.000000 255.000000
vt 0.612305 2.263021 0.0
#joint 12
#vjoint 105
f 103/103 104/104 105/105
#fvcolorindex 103 104 105 
v -616.104553 -185.354538 -3.000000
#vcolor 68.000000 68.000000 68.000000 255.000000
vt 0.243164 1.076172 0.0
#joint 12
#vjoint 106
v -1029.104492 -189.354538 6.000000
#vcolor 94.000000 94.000000 94.000000 255.000000
vt 0.260742 2.236328 0.0
#joint 12
#vjoint 107
v -1020.104553 -144.354538 -74.999992
#vcolor 94.000000 94.000000 94.000000 255.000000
vt 0.076172 2.210286 0.0
#joint 12
#vjoint 108
f 106/106 107/107 108/108
#fvcolorindex 106 107 108 
v -628.104553 -88.354553 -84.999992
#vcolor 240.000000 240.000000 240.000000 255.000000
vt 0.965820 1.111328 0.0
#joint 12
#vjoint 109
v -626.104553 -152.354538 -71.999992
#vcolor 240.000000 240.000000 240.000000 255.000000
vt 1.089844 1.105469 0.0
#joint 12
#vjoint 110
v -1025.104492 -87.354553 -76.999992
#vcolor 94.000000 94.000000 94.000000 255.000000
vt 0.963867 2.225911 0.0
#joint 12
#vjoint 111
f 109/109 110/110 111/111
#fvcolorindex 109 110 111 
v -611.104553 -122.354553 65.999992
#vcolor 240.000000 240.000000 240.000000 255.000000
vt 0.462891 1.064453 0.0
#joint 12
#vjoint 112
v -611.104553 -55.354557 49.999996
#vcolor 170.000000 170.000000 170.000000 255.000000
vt 0.627930 1.065104 0.0
#joint 12
#vjoint 113
v -1038.104492 -137.354538 58.999996
#vcolor 94.000000 94.000000 94.000000 255.000000
vt 0.419922 2.261719 0.0
#joint 12
#vjoint 114
f 112/112 113/113 114/114
#fvcolorindex 112 113 114 
v -616.104553 -185.354538 -3.000000
#vcolor 68.000000 68.000000 68.000000 255.000000
vt 0.243164 1.076172 0.0
#joint 12
#vjoint 115
v -1038.104492 -137.354538 58.999996
#vcolor 94.000000 94.000000 94.000000 255.000000
vt 0.419922 2.261719 0.0
#joint 12
#vjoint 116
v -1029.104492 -189.354538 6.000000
#vcolor 94.000000 94.000000 94.000000 255.000000
vt 0.260742 2.236328 0.0
#joint 12
#vjoint 117
f 115/115 116/116 117/117
#fvcolorindex 115 116 117 
v -626.104553 -152.354538 -71.999992
#vcolor 240.000000 240.000000 240.000000 255.000000
vt 1.089844 1.105469 0.0
#joint 12
#vjoint 118
v -1020.104553 -144.354538 -74.999992
#vcolor 94.000000 94.000000 94.000000 255.000000
vt 1.076172 2.210286 0.0
#joint 12
#vjoint 119
v -1025.104492 -87.354553 -76.999992
#vcolor 94.000000 94.000000 94.000000 255.000000
vt 0.963867 2.225911 0.0
#joint 12
#vjoint 120
f 118/118 119/119 120/120
#fvcolorindex 118 119 120 
v -560.104553 -54.354557 48.999996
#vcolor 136.000000 136.000000 136.000000 255.000000
vt 0.631836 0.921224 0.0
#joint 12
#vjoint 121
v -549.104553 -36.354557 -8.999999
#vcolor 136.000000 136.000000 136.000000 255.000000
vt 0.768555 0.890625 0.0
#joint 12
#vjoint 122
v -616.104553 -38.354557 -15.999999
#vcolor 170.000000 170.000000 170.000000 255.000000
vt 0.786133 1.078125 0.0
#joint 12
#vjoint 123
f 121/121 122/122 123/123
#fvcolorindex 121 122 123 
v -616.104553 -38.354557 -15.999999
#vcolor 170.000000 170.000000 170.000000 255.000000
vt 0.786133 1.078125 0.0
#joint 12
#vjoint 124
v -549.104553 -36.354557 -8.999999
#vcolor 136.000000 136.000000 136.000000 255.000000
vt 0.768555 0.890625 0.0
#joint 12
#vjoint 125
v -547.104553 -89.354553 -73.999992
#vcolor 240.000000 240.000000 240.000000 255.000000
vt 0.961914 0.883464 0.0
#joint 12
#vjoint 126
f 124/124 125/125 126/126
#fvcolorindex 124 125 126 
v -616.104553 -38.354557 -15.999999
#vcolor 170.000000 170.000000 170.000000 255.000000
vt 0.786133 1.078125 0.0
#joint 12
#vjoint 127
v -547.104553 -89.354553 -73.999992
#vcolor 240.000000 240.000000 240.000000 255.000000
vt 0.961914 0.883464 0.0
#joint 12
#vjoint 128
v -628.104553 -88.354553 -84.999992
#vcolor 240.000000 240.000000 240.000000 255.000000
vt 0.965820 1.111328 0.0
#joint 12
#vjoint 129
f 127/127 128/128 129/129
#fvcolorindex 127 128 129 
v -628.104553 -88.354553 -84.999992
#vcolor 240.000000 240.000000 240.000000 255.000000
vt 0.965820 1.111328 0.0
#joint 12
#vjoint 130
v -547.104553 -89.354553 -73.999992
#vcolor 240.000000 240.000000 240.000000 255.000000
vt 0.961914 0.883464 0.0
#joint 12
#vjoint 131
v -547.104553 -153.354538 -76.999992
#vcolor 240.000000 240.000000 240.000000 255.000000
vt 1.084961 0.882812 0.0
#joint 12
#vjoint 132
f 130/130 131/131 132/132
#fvcolorindex 130 131 132 
v -628.104553 -88.354553 -84.999992
#vcolor 240.000000 240.000000 240.000000 255.000000
vt 0.965820 1.111328 0.0
#joint 12
#vjoint 133
v -547.104553 -153.354538 -76.999992
#vcolor 240.000000 240.000000 240.000000 255.000000
vt 1.084961 0.882812 0.0
#joint 12
#vjoint 134
v -626.104553 -152.354538 -71.999992
#vcolor 240.000000 240.000000 240.000000 255.000000
vt 1.089844 1.105469 0.0
#joint 12
#vjoint 135
f 133/133 134/134 135/135
#fvcolorindex 133 134 135 
v -626.104553 -152.354538 -71.999992
#vcolor 240.000000 240.000000 240.000000 255.000000
vt 0.089844 1.105469 0.0
#joint 12
#vjoint 136
v -547.104553 -153.354538 -76.999992
#vcolor 240.000000 240.000000 240.000000 255.000000
vt 0.084961 0.882812 0.0
#joint 12
#vjoint 137
v -540.104553 -188.354538 8.999999
#vcolor 68.000000 68.000000 68.000000 255.000000
vt 0.267578 0.862630 0.0
#joint 12
#vjoint 138
f 136/136 137/137 138/138
#fvcolorindex 136 137 138 
v -626.104553 -152.354538 -71.999992
#vcolor 240.000000 240.000000 240.000000 255.000000
vt 0.089844 1.105469 0.0
#joint 12
#vjoint 139
v -540.104553 -188.354538 8.999999
#vcolor 68.000000 68.000000 68.000000 255.000000
vt 0.267578 0.862630 0.0
#joint 12
#vjoint 140
v -616.104553 -185.354538 -3.000000
#vcolor 68.000000 68.000000 68.000000 255.000000
vt 0.243164 1.076172 0.0
#joint 12
#vjoint 141
f 139/139 140/140 141/141
#fvcolorindex 139 140 141 
v -616.104553 -185.354538 -3.000000
#vcolor 68.000000 68.000000 68.000000 255.000000
vt 0.243164 1.076172 0.0
#joint 12
#vjoint 142
v -540.104553 -188.354538 8.999999
#vcolor 68.000000 68.000000 68.000000 255.000000
vt 0.267578 0.862630 0.0
#joint 12
#vjoint 143
v -560.104553 -122.354553 70.999992
#vcolor 240.000000 240.000000 240.000000 255.000000
vt 0.467773 0.919271 0.0
#joint 12
#vjoint 144
f 142/142 143/143 144/144
#fvcolorindex 142 143 144 
v -616.104553 -185.354538 -3.000000
#vcolor 68.000000 68.000000 68.000000 255.000000
vt 0.243164 1.076172 0.0
#joint 12
#vjoint 145
v -560.104553 -122.354553 70.999992
#vcolor 240.000000 240.000000 240.000000 255.000000
vt 0.467773 0.919271 0.0
#joint 12
#vjoint 146
v -611.104553 -122.354553 65.999992
#vcolor 240.000000 240.000000 240.000000 255.000000
vt 0.462891 1.064453 0.0
#joint 12
#vjoint 147
f 145/145 146/146 147/147
#fvcolorindex 145 146 147 
v -611.104553 -122.354553 65.999992
#vcolor 240.000000 240.000000 240.000000 255.000000
vt 0.462891 1.064453 0.0
#joint 12
#vjoint 148
v -560.104553 -122.354553 70.999992
#vcolor 240.000000 240.000000 240.000000 255.000000
vt 0.467773 0.919271 0.0
#joint 12
#vjoint 149
v -560.104553 -54.354557 48.999996
#vcolor 136.000000 136.000000 136.000000 255.000000
vt 0.631836 0.921224 0.0
#joint 12
#vjoint 150
f 148/148 149/149 150/150
#fvcolorindex 148 149 150 
v -611.104553 -122.354553 65.999992
#vcolor 240.000000 240.000000 240.000000 255.000000
vt 0.462891 1.064453 0.0
#joint 12
#vjoint 151
v -560.104553 -54.354557 48.999996
#vcolor 136.000000 136.000000 136.000000 255.000000
vt 0.631836 0.921224 0.0
#joint 12
#vjoint 152
v -611.104553 -55.354557 49.999996
#vcolor 170.000000 170.000000 170.000000 255.000000
vt 0.627930 1.065104 0.0
#joint 12
#vjoint 153
f 151/151 152/152 153/153
#fvcolorindex 151 152 153 
v -611.104553 -55.354557 49.999996
#vcolor 170.000000 170.000000 170.000000 255.000000
vt 0.627930 1.065104 0.0
#joint 12
#vjoint 154
v -560.104553 -54.354557 48.999996
#vcolor 136.000000 136.000000 136.000000 255.000000
vt 0.631836 0.921224 0.0
#joint 12
#vjoint 155
v -616.104553 -38.354557 -15.999999
#vcolor 170.000000 170.000000 170.000000 255.000000
vt 0.786133 1.078125 0.0
#joint 12
#vjoint 156
f 154/154 155/155 156/156
#fvcolorindex 154 155 156 
v -560.104553 -54.354557 48.999996
#vcolor 136.000000 136.000000 136.000000 255.000000
vt 0.631836 0.921224 0.0
#joint 12
#vjoint 157
v -514.104553 -50.354557 49.999996
#vcolor 136.000000 136.000000 136.000000 255.000000
vt 0.635742 0.792318 0.0
#joint 12
#vjoint 158
v -549.104553 -36.354557 -8.999999
#vcolor 136.000000 136.000000 136.000000 255.000000
vt 0.768555 0.890625 0.0
#joint 12
#vjoint 159
f 157/157 158/158 159/159
#fvcolorindex 157 158 159 
v -514.104553 -122.354553 74.999992
#vcolor 240.000000 240.000000 240.000000 255.000000
vt 0.469727 0.790365 0.0
#joint 12
#vjoint 160
v -514.104553 -50.354557 49.999996
#vcolor 136.000000 136.000000 136.000000 255.000000
vt 0.635742 0.792318 0.0
#joint 12
#vjoint 161
v -560.104553 -54.354557 48.999996
#vcolor 136.000000 136.000000 136.000000 255.000000
vt 0.631836 0.921224 0.0
#joint 12
#vjoint 162
f 160/160 161/161 162/162
#fvcolorindex 160 161 162 
v -560.104553 -122.354553 70.999992
#vcolor 240.000000 240.000000 240.000000 255.000000
vt 0.467773 0.919271 0.0
#joint 12
#vjoint 163
v -514.104553 -122.354553 74.999992
#vcolor 240.000000 240.000000 240.000000 255.000000
vt 0.469727 0.790365 0.0
#joint 12
#vjoint 164
v -560.104553 -54.354557 48.999996
#vcolor 136.000000 136.000000 136.000000 255.000000
vt 0.631836 0.921224 0.0
#joint 12
#vjoint 165
f 163/163 164/164 165/165
#fvcolorindex 163 164 165 
v -540.104553 -188.354538 8.999999
#vcolor 68.000000 68.000000 68.000000 255.000000
vt 0.267578 0.862630 0.0
#joint 12
#vjoint 166
v -514.104553 -122.354553 74.999992
#vcolor 240.000000 240.000000 240.000000 255.000000
vt 0.469727 0.790365 0.0
#joint 12
#vjoint 167
v -560.104553 -122.354553 70.999992
#vcolor 240.000000 240.000000 240.000000 255.000000
vt 0.467773 0.919271 0.0
#joint 12
#vjoint 168
f 166/166 167/167 168/168
#fvcolorindex 166 167 168 
g Room06_primary
v -206.626602 -33.167416 13.999999
#vcolor 120.000000 120.000000 120.000000 255.000000
vt 0.124023 0.444010 0.0
#joint 10
#vjoint 169
v -205.626602 -48.167416 5.000000
#vcolor 120.000000 120.000000 120.000000 255.000000
vt 0.156250 0.414062 0.0
#joint 10
#vjoint 170
v -205.626602 -71.167412 109.999992
#vcolor 109.000000 109.000000 109.000000 255.000000
vt 0.213867 0.772135 0.0
#joint 10
#vjoint 171
f 169/169 170/170 171/171
#fvcolorindex 169 170 171 
v -205.626602 -71.167412 109.999992
#vcolor 109.000000 109.000000 109.000000 255.000000
vt 0.213867 0.772135 0.0
#joint 10
#vjoint 172
v -205.626602 -48.167416 5.000000
#vcolor 120.000000 120.000000 120.000000 255.000000
vt 0.156250 0.414062 0.0
#joint 10
#vjoint 173
v -205.626602 -99.167412 102.999992
#vcolor 120.000000 120.000000 120.000000 255.000000
vt 0.278320 0.750000 0.0
#joint 10
#vjoint 174
f 172/172 173/173 174/174
#fvcolorindex 172 173 174 
v -205.626602 -71.167412 109.999992
#vcolor 109.000000 109.000000 109.000000 255.000000
vt 0.213867 0.772135 0.0
#joint 10
#vjoint 175
v -205.626602 -99.167412 102.999992
#vcolor 120.000000 120.000000 120.000000 255.000000
vt 0.278320 0.750000 0.0
#joint 10
#vjoint 176
v -205.626602 -126.167412 121.999992
#vcolor 152.000000 152.000000 152.000000 255.000000
vt 0.339844 0.814453 0.0
#joint 10
#vjoint 177
f 175/175 176/176 177/177
#fvcolorindex 175 176 177 
v -205.626602 -126.167412 121.999992
#vcolor 152.000000 152.000000 152.000000 255.000000
vt 0.339844 0.814453 0.0
#joint 10
#vjoint 178
v -205.626602 -99.167412 102.999992
#vcolor 120.000000 120.000000 120.000000 255.000000
vt 0.278320 0.750000 0.0
#joint 10
#vjoint 179
v -205.626602 -149.167404 101.999992
#vcolor 120.000000 120.000000 120.000000 255.000000
vt 0.390625 0.746745 0.0
#joint 10
#vjoint 180
f 178/178 179/179 180/180
#fvcolorindex 178 179 180 
v -205.626602 -126.167412 121.999992
#vcolor 152.000000 152.000000 152.000000 255.000000
vt 0.339844 0.814453 0.0
#joint 10
#vjoint 181
v -205.626602 -149.167404 101.999992
#vcolor 120.000000 120.000000 120.000000 255.000000
vt 0.390625 0.746745 0.0
#joint 10
#vjoint 182
v -205.626602 -201.167404 125.999992
#vcolor 68.000000 68.000000 68.000000 255.000000
vt 0.509766 0.830078 0.0
#joint 10
#vjoint 183
f 181/181 182/182 183/183
#fvcolorindex 181 182 183 
v -205.626602 -201.167404 125.999992
#vcolor 68.000000 68.000000 68.000000 255.000000
vt 0.509766 0.830078 0.0
#joint 10
#vjoint 184
v -205.626602 -149.167404 101.999992
#vcolor 120.000000 120.000000 120.000000 255.000000
vt 0.390625 0.746745 0.0
#joint 10
#vjoint 185
v -205.626602 -196.167404 69.999992
#vcolor 68.000000 68.000000 68.000000 255.000000
vt 0.499023 0.639974 0.0
#joint 10
#vjoint 186
f 184/184 185/185 186/186
#fvcolorindex 184 185 186 
v -205.626602 -201.167404 125.999992
#vcolor 68.000000 68.000000 68.000000 255.000000
vt 0.509766 0.830078 0.0
#joint 10
#vjoint 187
v -205.626602 -196.167404 69.999992
#vcolor 68.000000 68.000000 68.000000 255.000000
vt 0.499023 0.639974 0.0
#joint 10
#vjoint 188
v -205.626602 -200.167404 -97.999992
#vcolor 68.000000 68.000000 68.000000 255.000000
vt 0.503906 0.069661 0.0
#joint 10
#vjoint 189
f 187/187 188/188 189/189
#fvcolorindex 187 188 189 
v -205.626602 -200.167404 -97.999992
#vcolor 68.000000 68.000000 68.000000 255.000000
vt 0.503906 0.069661 0.0
#joint 10
#vjoint 190
v -205.626602 -196.167404 69.999992
#vcolor 68.000000 68.000000 68.000000 255.000000
vt 0.499023 0.639974 0.0
#joint 10
#vjoint 191
v -205.626602 -197.167404 -40.999996
#vcolor 68.000000 68.000000 68.000000 255.000000
vt 0.496094 0.262370 0.0
#joint 10
#vjoint 192
f 190/190 191/191 192/192
#fvcolorindex 190 191 192 
v -205.626602 -200.167404 -97.999992
#vcolor 68.000000 68.000000 68.000000 255.000000
vt 0.503906 0.069661 0.0
#joint 10
#vjoint 193
v -205.626602 -197.167404 -40.999996
#vcolor 68.000000 68.000000 68.000000 255.000000
vt 0.496094 0.262370 0.0
#joint 10
#vjoint 194
v -205.626602 -154.167404 -90.999992
#vcolor 106.000000 106.000000 106.000000 255.000000
vt 0.397461 0.090495 0.0
#joint 10
#vjoint 195
f 193/193 194/194 195/195
#fvcolorindex 193 194 195 
v -205.626602 -154.167404 -90.999992
#vcolor 106.000000 106.000000 106.000000 255.000000
vt 0.397461 0.090495 0.0
#joint 10
#vjoint 196
v -205.626602 -197.167404 -40.999996
#vcolor 68.000000 68.000000 68.000000 255.000000
vt 0.496094 0.262370 0.0
#joint 10
#vjoint 197
v -205.626602 -156.167404 -67.999992
#vcolor 106.000000 106.000000 106.000000 255.000000
vt 0.403320 0.167969 0.0
#joint 10
#vjoint 198
f 196/196 197/197 198/198
#fvcolorindex 196 197 198 
v -205.626602 -154.167404 -90.999992
#vcolor 106.000000 106.000000 106.000000 255.000000
vt 0.397461 0.090495 0.0
#joint 10
#vjoint 199
v -205.626602 -156.167404 -67.999992
#vcolor 106.000000 106.000000 106.000000 255.000000
vt 0.403320 0.167969 0.0
#joint 10
#vjoint 200
v -206.626602 -49.167416 -77.999992
#vcolor 106.000000 106.000000 106.000000 255.000000
vt 0.157227 0.134766 0.0
#joint 10
#vjoint 201
f 199/199 200/200 201/201
#fvcolorindex 199 200 201 
v -206.626602 -49.167416 -77.999992
#vcolor 106.000000 106.000000 106.000000 255.000000
vt 0.157227 0.134766 0.0
#joint 10
#vjoint 202
v -205.626602 -156.167404 -67.999992
#vcolor 106.000000 106.000000 106.000000 255.000000
vt 0.403320 0.167969 0.0
#joint 10
#vjoint 203
v -205.626602 -63.167416 -74.999992
#vcolor 106.000000 106.000000 106.000000 255.000000
vt 0.190430 0.143229 0.0
#joint 10
#vjoint 204
f 202/202 203/203 204/204
#fvcolorindex 202 203 204 
v -206.626602 -49.167416 -77.999992
#vcolor 106.000000 106.000000 106.000000 255.000000
vt 0.157227 0.134766 0.0
#joint 10
#vjoint 205
v -205.626602 -63.167416 -74.999992
#vcolor 106.000000 106.000000 106.000000 255.000000
vt 0.190430 0.143229 0.0
#joint 10
#vjoint 206
v -206.626602 -33.167416 13.999999
#vcolor 120.000000 120.000000 120.000000 255.000000
vt 0.124023 0.444010 0.0
#joint 10
#vjoint 207
f 205/205 206/206 207/207
#fvcolorindex 205 206 207 
v -206.626602 -33.167416 13.999999
#vcolor 120.000000 120.000000 120.000000 255.000000
vt 0.124023 0.444010 0.0
#joint 10
#vjoint 208
v -205.626602 -63.167416 -74.999992
#vcolor 106.000000 106.000000 106.000000 255.000000
vt 0.190430 0.143229 0.0
#joint 10
#vjoint 209
v -205.626602 -48.167416 5.000000
#vcolor 120.000000 120.000000 120.000000 255.000000
vt 0.156250 0.414062 0.0
#joint 10
#vjoint 210
f 208/208 209/209 210/210
#fvcolorindex 208 209 210 
v -205.626602 -154.167404 -90.999992
#vcolor 106.000000 106.000000 106.000000 255.000000
vt 0.640625 0.027995 0.0
#joint 10
#vjoint 211
v -34.000000 -80.000000 -88.000000
#vcolor 255.000000 255.000000 255.000000 255.000000
vt 0.597656 0.215495 0.0
#joint 1
#vjoint 212
v 0.000000 -81.000000 -94.000000
#vcolor 255.000000 255.000000 255.000000 255.000000
vt 0.500000 0.214193 0.0
#joint 1
#vjoint 213
f 211/211 212/212 213/213
#fvcolorindex 211 212 213 
v -205.626602 -200.167404 -97.999992
#vcolor 68.000000 68.000000 68.000000 255.000000
vt 0.507812 0.027344 0.0
#joint 10
#vjoint 214
v -205.626602 -154.167404 -90.999992
#vcolor 106.000000 106.000000 106.000000 255.000000
vt 0.640625 0.027995 0.0
#joint 10
#vjoint 215
v 0.000000 -81.000000 -94.000000
#vcolor 255.000000 255.000000 255.000000 255.000000
vt 0.500000 0.214193 0.0
#joint 1
#vjoint 216
f 214/214 215/215 216/216
#fvcolorindex 214 215 216 
v -206.626602 -49.167416 -77.999992
#vcolor 106.000000 106.000000 106.000000 255.000000
vt 0.943359 0.028646 0.0
#joint 10
#vjoint 217
v -108.000000 -45.000000 -82.000000
#vcolor 124.000000 124.000000 124.000000 255.000000
vt 0.806641 0.263672 0.0
#joint 1
#vjoint 218
v -205.626602 -154.167404 -90.999992
#vcolor 106.000000 106.000000 106.000000 255.000000
vt 0.640625 0.027995 0.0
#joint 10
#vjoint 219
f 217/217 218/218 219/219
#fvcolorindex 217 218 219 
v -108.000000 -45.000000 -82.000000
#vcolor 124.000000 124.000000 124.000000 255.000000
vt 0.806641 0.263672 0.0
#joint 1
#vjoint 220
v -206.626602 -49.167416 -77.999992
#vcolor 106.000000 106.000000 106.000000 255.000000
vt 0.943359 0.028646 0.0
#joint 10
#vjoint 221
v -154.000000 -28.000000 20.000000
#vcolor 27.000000 27.000000 27.000000 255.000000
vt 0.937500 0.287760 0.0
#joint 1
#vjoint 222
f 220/220 221/221 222/222
#fvcolorindex 220 221 222 
v -206.626602 -49.167416 -77.999992
#vcolor 106.000000 106.000000 106.000000 255.000000
vt 0.943359 0.028646 0.0
#joint 10
#vjoint 223
v -206.626602 -33.167416 13.999999
#vcolor 120.000000 120.000000 120.000000 255.000000
vt 0.987305 0.029297 0.0
#joint 10
#vjoint 224
v -154.000000 -28.000000 20.000000
#vcolor 27.000000 27.000000 27.000000 255.000000
vt 0.937500 0.287760 0.0
#joint 1
#vjoint 225
f 223/223 224/224 225/225
#fvcolorindex 223 224 225 
v -108.000000 -45.000000 -82.000000
#vcolor 124.000000 124.000000 124.000000 255.000000
vt 0.806641 0.263672 0.0
#joint 1
#vjoint 226
v -34.000000 -80.000000 -88.000000
#vcolor 255.000000 255.000000 255.000000 255.000000
vt 0.597656 0.215495 0.0
#joint 1
#vjoint 227
v -205.626602 -154.167404 -90.999992
#vcolor 106.000000 106.000000 106.000000 255.000000
vt 0.640625 0.027995 0.0
#joint 10
#vjoint 228
f 226/226 227/227 228/228
#fvcolorindex 226 227 228 
v -549.104553 -36.354557 -8.999999
#vcolor 136.000000 136.000000 136.000000 255.000000
vt 0.768555 0.890625 0.0
#joint 12
#vjoint 229
v -434.626587 -32.167416 -4.000000
#vcolor 136.000000 136.000000 136.000000 255.000000
vt 0.757812 0.571615 0.0
#joint 10
#vjoint 230
v -547.104553 -89.354553 -73.999992
#vcolor 240.000000 240.000000 240.000000 255.000000
vt 0.961914 0.883464 0.0
#joint 12
#vjoint 231
f 229/229 230/230 231/231
#fvcolorindex 229 230 231 
v -547.104553 -89.354553 -73.999992
#vcolor 240.000000 240.000000 240.000000 255.000000
vt 0.961914 0.883464 0.0
#joint 12
#vjoint 232
v -434.626587 -32.167416 -4.000000
#vcolor 136.000000 136.000000 136.000000 255.000000
vt 0.757812 0.571615 0.0
#joint 10
#vjoint 233
v -405.626587 -90.167412 -85.999992
#vcolor 240.000000 240.000000 240.000000 255.000000
vt 0.967773 0.488281 0.0
#joint 10
#vjoint 234
f 232/232 233/233 234/234
#fvcolorindex 232 233 234 
v -547.104553 -89.354553 -73.999992
#vcolor 240.000000 240.000000 240.000000 255.000000
vt 0.961914 0.883464 0.0
#joint 12
#vjoint 235
v -405.626587 -90.167412 -85.999992
#vcolor 240.000000 240.000000 240.000000 255.000000
vt 0.967773 0.488281 0.0
#joint 10
#vjoint 236
v -547.104553 -153.354538 -76.999992
#vcolor 240.000000 240.000000 240.000000 255.000000
vt 1.084961 0.882812 0.0
#joint 12
#vjoint 237
f 235/235 236/236 237/237
#fvcolorindex 235 236 237 
v -547.104553 -153.354538 -76.999992
#vcolor 240.000000 240.000000 240.000000 255.000000
vt 1.084961 0.882812 0.0
#joint 12
#vjoint 238
v -405.626587 -90.167412 -85.999992
#vcolor 240.000000 240.000000 240.000000 255.000000
vt 0.967773 0.488281 0.0
#joint 10
#vjoint 239
v -406.626587 -170.167404 -78.999992
#vcolor 68.000000 68.000000 68.000000 255.000000
vt 1.106445 0.490885 0.0
#joint 10
#vjoint 240
f 238/238 239/239 240/240
#fvcolorindex 238 239 240 
v -547.104553 -153.354538 -76.999992
#vcolor 240.000000 240.000000 240.000000 255.000000
vt 0.084961 0.882812 0.0
#joint 12
#vjoint 241
v -406.626587 -170.167404 -78.999992
#vcolor 68.000000 68.000000 68.000000 255.000000
vt 0.106445 0.490885 0.0
#joint 10
#vjoint 242
v -540.104553 -188.354538 8.999999
#vcolor 68.000000 68.000000 68.000000 255.000000
vt 0.267578 0.862630 0.0
#joint 12
#vjoint 243
f 241/241 242/242 243/243
#fvcolorindex 241 242 243 
v -540.104553 -188.354538 8.999999
#vcolor 68.000000 68.000000 68.000000 255.000000
vt 0.267578 0.862630 0.0
#joint 12
#vjoint 244
v -406.626587 -170.167404 -78.999992
#vcolor 68.000000 68.000000 68.000000 255.000000
vt 0.106445 0.490885 0.0
#joint 10
#vjoint 245
v -453.626587 -189.167404 22.999998
#vcolor 68.000000 68.000000 68.000000 255.000000
vt 0.292969 0.623047 0.0
#joint 10
#vjoint 246
f 244/244 245/245 246/246
#fvcolorindex 244 245 246 
v -540.104553 -188.354538 8.999999
#vcolor 68.000000 68.000000 68.000000 255.000000
vt 0.267578 0.862630 0.0
#joint 12
#vjoint 247
v -453.626587 -189.167404 22.999998
#vcolor 68.000000 68.000000 68.000000 255.000000
vt 0.292969 0.623047 0.0
#joint 10
#vjoint 248
v -514.104553 -122.354553 74.999992
#vcolor 240.000000 240.000000 240.000000 255.000000
vt 0.469727 0.790365 0.0
#joint 12
#vjoint 249
f 247/247 248/248 249/249
#fvcolorindex 247 248 249 
v -514.104553 -122.354553 74.999992
#vcolor 240.000000 240.000000 240.000000 255.000000
vt 0.469727 0.790365 0.0
#joint 12
#vjoint 250
v -453.626587 -189.167404 22.999998
#vcolor 68.000000 68.000000 68.000000 255.000000
vt 0.292969 0.623047 0.0
#joint 10
#vjoint 251
v -431.626587 -122.167412 82.999992
#vcolor 240.000000 240.000000 240.000000 255.000000
vt 0.471680 0.561849 0.0
#joint 10
#vjoint 252
f 250/250 251/251 252/252
#fvcolorindex 250 251 252 
v -514.104553 -122.354553 74.999992
#vcolor 240.000000 240.000000 240.000000 255.000000
vt 0.469727 0.790365 0.0
#joint 12
#vjoint 253
v -431.626587 -122.167412 82.999992
#vcolor 240.000000 240.000000 240.000000 255.000000
vt 0.471680 0.561849 0.0
#joint 10
#vjoint 254
v -514.104553 -50.354557 49.999996
#vcolor 136.000000 136.000000 136.000000 255.000000
vt 0.635742 0.792318 0.0
#joint 12
#vjoint 255
f 253/253 254/254 255/255
#fvcolorindex 253 254 255 
v -514.104553 -50.354557 49.999996
#vcolor 136.000000 136.000000 136.000000 255.000000
vt 0.635742 0.792318 0.0
#joint 12
#vjoint 256
v -431.626587 -122.167412 82.999992
#vcolor 240.000000 240.000000 240.000000 255.000000
vt 0.471680 0.561849 0.0
#joint 10
#vjoint 257
v -453.626587 -55.167416 52.999996
#vcolor 138.000000 138.000000 138.000000 255.000000
vt 0.624023 0.623047 0.0
#joint 10
#vjoint 258
f 256/256 257/257 258/258
#fvcolorindex 256 257 258 
v -514.104553 -50.354557 49.999996
#vcolor 136.000000 136.000000 136.000000 255.000000
vt 0.635742 0.792318 0.0
#joint 12
#vjoint 259
v -453.626587 -55.167416 52.999996
#vcolor 138.000000 138.000000 138.000000 255.000000
vt 0.624023 0.623047 0.0
#joint 10
#vjoint 260
v -434.626587 -32.167416 -4.000000
#vcolor 136.000000 136.000000 136.000000 255.000000
vt 0.757812 0.571615 0.0
#joint 10
#vjoint 261
f 259/259 260/260 261/261
#fvcolorindex 259 260 261 
v -514.104553 -50.354557 49.999996
#vcolor 136.000000 136.000000 136.000000 255.000000
vt 0.635742 0.792318 0.0
#joint 12
#vjoint 262
v -434.626587 -32.167416 -4.000000
#vcolor 136.000000 136.000000 136.000000 255.000000
vt 0.757812 0.571615 0.0
#joint 10
#vjoint 263
v -549.104553 -36.354557 -8.999999
#vcolor 136.000000 136.000000 136.000000 255.000000
vt 0.768555 0.890625 0.0
#joint 12
#vjoint 264
f 262/262 263/263 264/264
#fvcolorindex 262 263 264 
v -453.626587 -189.167404 22.999998
#vcolor 68.000000 68.000000 68.000000 255.000000
vt 0.292969 0.623047 0.0
#joint 10
#vjoint 265
v -205.626602 -197.167404 -40.999996
#vcolor 68.000000 68.000000 68.000000 255.000000
vt 0.180664 -0.074219 0.0
#joint 10
#vjoint 266
v -205.626602 -196.167404 69.999992
#vcolor 68.000000 68.000000 68.000000 255.000000
vt 0.357422 -0.074219 0.0
#joint 10
#vjoint 267
f 265/265 266/266 267/267
#fvcolorindex 265 266 267 
v -205.626602 -63.167416 -74.999992
#vcolor 106.000000 106.000000 106.000000 255.000000
vt 0.914062 -0.072917 0.0
#joint 10
#vjoint 268
v -205.626602 -156.167404 -67.999992
#vcolor 106.000000 106.000000 106.000000 255.000000
vt 1.097656 -0.073568 0.0
#joint 10
#vjoint 269
v -406.626587 -170.167404 -78.999992
#vcolor 68.000000 68.000000 68.000000 255.000000
vt 1.106445 0.490885 0.0
#joint 10
#vjoint 270
f 268/268 269/269 270/270
#fvcolorindex 268 269 270 
v -205.626602 -63.167416 -74.999992
#vcolor 106.000000 106.000000 106.000000 255.000000
vt 0.914062 -0.072917 0.0
#joint 10
#vjoint 271
v -405.626587 -90.167412 -85.999992
#vcolor 240.000000 240.000000 240.000000 255.000000
vt 0.967773 0.488281 0.0
#joint 10
#vjoint 272
v -434.626587 -32.167416 -4.000000
#vcolor 136.000000 136.000000 136.000000 255.000000
vt 0.757812 0.571615 0.0
#joint 10
#vjoint 273
f 271/271 272/272 273/273
#fvcolorindex 271 272 273 
v -406.626587 -170.167404 -78.999992
#vcolor 68.000000 68.000000 68.000000 255.000000
vt 0.106445 0.490885 0.0
#joint 10
#vjoint 274
v -205.626602 -156.167404 -67.999992
#vcolor 106.000000 106.000000 106.000000 255.000000
vt 0.097656 -0.073568 0.0
#joint 10
#vjoint 275
v -205.626602 -197.167404 -40.999996
#vcolor 68.000000 68.000000 68.000000 255.000000
vt 0.180664 -0.074219 0.0
#joint 10
#vjoint 276
f 274/274 275/275 276/276
#fvcolorindex 274 275 276 
v -453.626587 -55.167416 52.999996
#vcolor 138.000000 138.000000 138.000000 255.000000
vt 0.624023 0.623047 0.0
#joint 10
#vjoint 277
v -431.626587 -122.167412 82.999992
#vcolor 240.000000 240.000000 240.000000 255.000000
vt 0.471680 0.561849 0.0
#joint 10
#vjoint 278
v -205.626602 -99.167412 102.999992
#vcolor 120.000000 120.000000 120.000000 255.000000
vt 0.513672 -0.072917 0.0
#joint 10
#vjoint 279
f 277/277 278/278 279/279
#fvcolorindex 277 278 279 
v -205.626602 -48.167416 5.000000
#vcolor 120.000000 120.000000 120.000000 255.000000
vt 0.737305 -0.072266 0.0
#joint 10
#vjoint 280
v -205.626602 -63.167416 -74.999992
#vcolor 106.000000 106.000000 106.000000 255.000000
vt 0.914062 -0.072917 0.0
#joint 10
#vjoint 281
v -434.626587 -32.167416 -4.000000
#vcolor 136.000000 136.000000 136.000000 255.000000
vt 0.757812 0.571615 0.0
#joint 10
#vjoint 282
f 280/280 281/281 282/282
#fvcolorindex 280 281 282 
v -453.626587 -55.167416 52.999996
#vcolor 138.000000 138.000000 138.000000 255.000000
vt 0.624023 0.623047 0.0
#joint 10
#vjoint 283
v -205.626602 -99.167412 102.999992
#vcolor 120.000000 120.000000 120.000000 255.000000
vt 0.513672 -0.072917 0.0
#joint 10
#vjoint 284
v -205.626602 -48.167416 5.000000
#vcolor 120.000000 120.000000 120.000000 255.000000
vt 0.737305 -0.072266 0.0
#joint 10
#vjoint 285
f 283/283 284/284 285/285
#fvcolorindex 283 284 285 
v -434.626587 -32.167416 -4.000000
#vcolor 136.000000 136.000000 136.000000 255.000000
vt 0.757812 0.571615 0.0
#joint 10
#vjoint 286
v -453.626587 -55.167416 52.999996
#vcolor 138.000000 138.000000 138.000000 255.000000
vt 0.624023 0.623047 0.0
#joint 10
#vjoint 287
v -205.626602 -48.167416 5.000000
#vcolor 120.000000 120.000000 120.000000 255.000000
vt 0.737305 -0.072266 0.0
#joint 10
#vjoint 288
f 286/286 287/287 288/288
#fvcolorindex 286 287 288 
v -205.626602 -63.167416 -74.999992
#vcolor 106.000000 106.000000 106.000000 255.000000
vt 0.914062 -0.072917 0.0
#joint 10
#vjoint 289
v -406.626587 -170.167404 -78.999992
#vcolor 68.000000 68.000000 68.000000 255.000000
vt 1.106445 0.490885 0.0
#joint 10
#vjoint 290
v -405.626587 -90.167412 -85.999992
#vcolor 240.000000 240.000000 240.000000 255.000000
vt 0.967773 0.488281 0.0
#joint 10
#vjoint 291
f 289/289 290/290 291/291
#fvcolorindex 289 290 291 
v -205.626602 -99.167412 102.999992
#vcolor 120.000000 120.000000 120.000000 255.000000
vt 0.513672 -0.072917 0.0
#joint 10
#vjoint 292
v -431.626587 -122.167412 82.999992
#vcolor 240.000000 240.000000 240.000000 255.000000
vt 0.471680 0.561849 0.0
#joint 10
#vjoint 293
v -205.626602 -149.167404 101.999992
#vcolor 120.000000 120.000000 120.000000 255.000000
vt 0.440430 -0.073568 0.0
#joint 10
#vjoint 294
f 292/292 293/293 294/294
#fvcolorindex 292 293 294 
v -453.626587 -189.167404 22.999998
#vcolor 68.000000 68.000000 68.000000 255.000000
vt 0.292969 0.623047 0.0
#joint 10
#vjoint 295
v -406.626587 -170.167404 -78.999992
#vcolor 68.000000 68.000000 68.000000 255.000000
vt 0.106445 0.490885 0.0
#joint 10
#vjoint 296
v -205.626602 -197.167404 -40.999996
#vcolor 68.000000 68.000000 68.000000 255.000000
vt 0.180664 -0.074219 0.0
#joint 10
#vjoint 297
f 295/295 296/296 297/297
#fvcolorindex 295 296 297 
v -453.626587 -189.167404 22.999998
#vcolor 68.000000 68.000000 68.000000 255.000000
vt 0.292969 0.623047 0.0
#joint 10
#vjoint 298
v -205.626602 -149.167404 101.999992
#vcolor 120.000000 120.000000 120.000000 255.000000
vt 0.440430 -0.073568 0.0
#joint 10
#vjoint 299
v -431.626587 -122.167412 82.999992
#vcolor 240.000000 240.000000 240.000000 255.000000
vt 0.471680 0.561849 0.0
#joint 10
#vjoint 300
f 298/298 299/299 300/300
#fvcolorindex 298 299 300 
v -453.626587 -189.167404 22.999998
#vcolor 68.000000 68.000000 68.000000 255.000000
vt 0.292969 0.623047 0.0
#joint 10
#vjoint 301
v -205.626602 -196.167404 69.999992
#vcolor 68.000000 68.000000 68.000000 255.000000
vt 0.357422 -0.074219 0.0
#joint 10
#vjoint 302
v -205.626602 -149.167404 101.999992
#vcolor 120.000000 120.000000 120.000000 255.000000
vt 0.440430 -0.073568 0.0
#joint 10
#vjoint 303
f 301/301 302/302 303/303
#fvcolorindex 301 302 303 
usemtl m2ClampT
v 0.000000 -114.000000 124.000000
#vcolor 255.000000 255.000000 255.000000 255.000000
vt 0.500977 0.189453 0.0
#joint 1
#vjoint 304
v -205.626602 -126.167412 121.999992
#vcolor 152.000000 152.000000 152.000000 255.000000
vt 0.294922 0.055339 0.0
#joint 10
#vjoint 305
v -205.626602 -201.167404 125.999992
#vcolor 68.000000 68.000000 68.000000 255.000000
vt 0.500977 0.054688 0.0
#joint 10
#vjoint 306
f 304/304 305/305 306/306
#fvcolorindex 304 305 306 
v -205.626602 -71.167412 109.999992
#vcolor 109.000000 109.000000 109.000000 255.000000
vt 0.142578 0.055990 0.0
#joint 10
#vjoint 307
v -154.000000 -28.000000 20.000000
#vcolor 27.000000 27.000000 27.000000 255.000000
vt 0.076172 0.305990 0.0
#joint 1
#vjoint 308
v -206.626602 -33.167416 13.999999
#vcolor 120.000000 120.000000 120.000000 255.000000
vt 0.037109 0.055990 0.0
#joint 10
#vjoint 309
f 307/307 308/308 309/309
#fvcolorindex 307 308 309 
v 0.000000 -81.000000 -94.000000
#vcolor 255.000000 255.000000 255.000000 255.000000
vt 0.500000 0.234375 0.0
#joint 1
#vjoint 310
v 0.000000 -114.000000 124.000000
#vcolor 255.000000 255.000000 255.000000 255.000000
vt 0.500977 0.189453 0.0
#joint 1
#vjoint 311
v -205.626602 -201.167404 125.999992
#vcolor 68.000000 68.000000 68.000000 255.000000
vt 0.500977 0.054688 0.0
#joint 10
#vjoint 312
f 310/310 311/311 312/312
#fvcolorindex 310 311 312 
v -205.626602 -71.167412 109.999992
#vcolor 109.000000 109.000000 109.000000 255.000000
vt 0.142578 0.055990 0.0
#joint 10
#vjoint 313
v -205.626602 -126.167412 121.999992
#vcolor 152.000000 152.000000 152.000000 255.000000
vt 0.294922 0.055339 0.0
#joint 10
#vjoint 314
v -81.000000 -76.000000 122.000000
#vcolor 255.000000 255.000000 255.000000 255.000000
vt 0.278320 0.240885 0.0
#joint 1
#vjoint 315
f 313/313 314/314 315/315
#fvcolorindex 313 314 315 
v -205.626602 -71.167412 109.999992
#vcolor 109.000000 109.000000 109.000000 255.000000
vt 0.142578 0.055990 0.0
#joint 10
#vjoint 316
v -81.000000 -76.000000 122.000000
#vcolor 255.000000 255.000000 255.000000 255.000000
vt 0.278320 0.240885 0.0
#joint 1
#vjoint 317
v -154.000000 -28.000000 20.000000
#vcolor 27.000000 27.000000 27.000000 255.000000
vt 0.076172 0.305990 0.0
#joint 1
#vjoint 318
f 316/316 317/317 318/318
#fvcolorindex 316 317 318 
v 0.000000 -114.000000 124.000000
#vcolor 255.000000 255.000000 255.000000 255.000000
vt 0.500977 0.189453 0.0
#joint 1
#vjoint 319
v -81.000000 -76.000000 122.000000
#vcolor 255.000000 255.000000 255.000000 255.000000
vt 0.278320 0.240885 0.0
#joint 1
#vjoint 320
v -205.626602 -126.167412 121.999992
#vcolor 152.000000 152.000000 152.000000 255.000000
vt 0.294922 0.055339 0.0
#joint 10
#vjoint 321
f 319/319 320/320 321/321
#fvcolorindex 319 320 321 
v -205.626602 -200.167404 -97.999992
#vcolor 68.000000 68.000000 68.000000 255.000000
vt 0.500000 0.054036 0.0
#joint 10
#vjoint 322
v 0.000000 -81.000000 -94.000000
#vcolor 255.000000 255.000000 255.000000 255.000000
vt 0.500000 0.234375 0.0
#joint 1
#vjoint 323
v -205.626602 -201.167404 125.999992
#vcolor 68.000000 68.000000 68.000000 255.000000
vt 0.500977 0.054688 0.0
#joint 10
#vjoint 324
f 322/322 323/323 324/324
#fvcolorindex 322 323 324 
g Room01_primary
usemtl m0ClampS
v 1138.093872 -46.567966 160.999985
#vcolor 48.000000 48.000000 48.000000 255.000000
vt 0.967448 -0.001953 0.0
#joint 13
#vjoint 325
v 1138.093872 -179.567947 -70.999992
#vcolor 48.000000 48.000000 48.000000 255.000000
vt 0.108724 0.008789 0.0
#joint 13
#vjoint 326
v 1138.093872 -92.567963 -77.999992
#vcolor 48.000000 48.000000 48.000000 255.000000
vt 0.082031 0.008789 0.0
#joint 13
#vjoint 327
f 325/325 326/326 327/327
#fvcolorindex 325 326 327 
v 1138.093872 -171.567947 171.999985
#vcolor 48.000000 48.000000 48.000000 255.000000
vt 1.006510 -0.002930 0.0
#joint 13
#vjoint 328
v 1138.093872 -179.567947 -70.999992
#vcolor 48.000000 48.000000 48.000000 255.000000
vt 0.108724 0.008789 0.0
#joint 13
#vjoint 329
v 1138.093872 -46.567966 160.999985
#vcolor 48.000000 48.000000 48.000000 255.000000
vt 0.967448 -0.001953 0.0
#joint 13
#vjoint 330
f 328/328 329/329 330/330
#fvcolorindex 328 329 330 
v 1046.093872 -74.567963 -4.000000
#vcolor 94.000000 94.000000 94.000000 255.000000
vt 0.329427 0.631836 0.0
#joint 13
#vjoint 331
v 1102.093872 -86.567963 146.999985
#vcolor 226.000000 226.000000 226.000000 255.000000
vt 0.905599 0.244141 0.0
#joint 13
#vjoint 332
v 1138.093872 -46.567966 160.999985
#vcolor 48.000000 48.000000 48.000000 255.000000
vt 0.967448 -0.001953 0.0
#joint 13
#vjoint 333
f 331/331 332/332 333/333
#fvcolorindex 331 332 333 
v 1138.093872 -171.567947 171.999985
#vcolor 48.000000 48.000000 48.000000 255.000000
vt 1.006510 -0.002930 0.0
#joint 13
#vjoint 334
v 1104.093872 -141.567947 174.999985
#vcolor 226.000000 226.000000 226.000000 255.000000
vt 1.007161 0.225586 0.0
#joint 13
#vjoint 335
v 1038.093872 -158.567947 -50.999996
#vcolor 94.000000 94.000000 94.000000 255.000000
vt 0.151042 0.691406 0.0
#joint 13
#vjoint 336
f 334/334 335/335 336/336
#fvcolorindex 334 335 336 
v 1104.093872 -141.567947 174.999985
#vcolor 226.000000 226.000000 226.000000 255.000000
vt 1.007161 0.225586 0.0
#joint 13
#vjoint 337
v 1138.093872 -46.567966 160.999985
#vcolor 48.000000 48.000000 48.000000 255.000000
vt 0.967448 -0.001953 0.0
#joint 13
#vjoint 338
v 1102.093872 -86.567963 146.999985
#vcolor 226.000000 226.000000 226.000000 255.000000
vt 0.905599 0.244141 0.0
#joint 13
#vjoint 339
f 337/337 338/338 339/339
#fvcolorindex 337 338 339 
v 1138.093872 -171.567947 171.999985
#vcolor 48.000000 48.000000 48.000000 255.000000
vt 1.006510 -0.002930 0.0
#joint 13
#vjoint 340
v 1138.093872 -46.567966 160.999985
#vcolor 48.000000 48.000000 48.000000 255.000000
vt 0.967448 -0.001953 0.0
#joint 13
#vjoint 341
v 1104.093872 -141.567947 174.999985
#vcolor 226.000000 226.000000 226.000000 255.000000
vt 1.007161 0.225586 0.0
#joint 13
#vjoint 342
f 340/340 341/341 342/342
#fvcolorindex 340 341 342 
v 1038.093872 -158.567947 -50.999996
#vcolor 94.000000 94.000000 94.000000 255.000000
vt 0.151042 0.691406 0.0
#joint 13
#vjoint 343
v 1035.093872 -110.567963 -64.999992
#vcolor 94.000000 94.000000 94.000000 255.000000
vt 0.099609 0.710938 0.0
#joint 13
#vjoint 344
v 1138.093872 -92.567963 -77.999992
#vcolor 48.000000 48.000000 48.000000 255.000000
vt 0.082031 0.008789 0.0
#joint 13
#vjoint 345
f 343/343 344/344 345/345
#fvcolorindex 343 344 345 
v 1038.093872 -158.567947 -50.999996
#vcolor 94.000000 94.000000 94.000000 255.000000
vt 0.151042 0.691406 0.0
#joint 13
#vjoint 346
v 1138.093872 -92.567963 -77.999992
#vcolor 48.000000 48.000000 48.000000 255.000000
vt 0.082031 0.008789 0.0
#joint 13
#vjoint 347
v 1138.093872 -179.567947 -70.999992
#vcolor 48.000000 48.000000 48.000000 255.000000
vt 0.108724 0.008789 0.0
#joint 13
#vjoint 348
f 346/346 347/347 348/348
#fvcolorindex 346 347 348 
v 1104.093872 -141.567947 174.999985
#vcolor 226.000000 226.000000 226.000000 255.000000
vt 1.007161 0.225586 0.0
#joint 13
#vjoint 349
v 1034.093872 -147.567947 20.999998
#vcolor 94.000000 94.000000 94.000000 255.000000
vt 0.418620 0.712891 0.0
#joint 13
#vjoint 350
v 1038.093872 -152.567947 -12.999999
#vcolor 94.000000 94.000000 94.000000 255.000000
vt 0.292969 0.687500 0.0
#joint 13
#vjoint 351
f 349/349 350/350 351/351
#fvcolorindex 349 350 351 
v 1040.093872 -94.567963 -36.999996
#vcolor 94.000000 94.000000 94.000000 255.000000
vt 0.205729 0.674805 0.0
#joint 13
#vjoint 352
v 1046.093872 -74.567963 -4.000000
#vcolor 94.000000 94.000000 94.000000 255.000000
vt 0.329427 0.631836 0.0
#joint 13
#vjoint 353
v 1138.093872 -92.567963 -77.999992
#vcolor 48.000000 48.000000 48.000000 255.000000
vt 0.082031 0.008789 0.0
#joint 13
#vjoint 354
f 352/352 353/353 354/354
#fvcolorindex 352 353 354 
v 1104.093872 -141.567947 174.999985
#vcolor 226.000000 226.000000 226.000000 255.000000
vt 1.007161 0.225586 0.0
#joint 13
#vjoint 355
v 1102.093872 -86.567963 146.999985
#vcolor 226.000000 226.000000 226.000000 255.000000
vt 0.905599 0.244141 0.0
#joint 13
#vjoint 356
v 1046.093872 -74.567963 -4.000000
#vcolor 94.000000 94.000000 94.000000 255.000000
vt 0.329427 0.631836 0.0
#joint 13
#vjoint 357
f 355/355 356/356 357/357
#fvcolorindex 355 356 357 
v 1138.093872 -92.567963 -77.999992
#vcolor 48.000000 48.000000 48.000000 255.000000
vt 0.082031 0.008789 0.0
#joint 13
#vjoint 358
v 1046.093872 -74.567963 -4.000000
#vcolor 94.000000 94.000000 94.000000 255.000000
vt 0.329427 0.631836 0.0
#joint 13
#vjoint 359
v 1138.093872 -46.567966 160.999985
#vcolor 48.000000 48.000000 48.000000 255.000000
vt 0.967448 -0.001953 0.0
#joint 13
#vjoint 360
f 358/358 359/359 360/360
#fvcolorindex 358 359 360 
v 1138.093872 -179.567947 -70.999992
#vcolor 48.000000 48.000000 48.000000 255.000000
vt 0.108724 0.008789 0.0
#joint 13
#vjoint 361
v 1138.093872 -171.567947 171.999985
#vcolor 48.000000 48.000000 48.000000 255.000000
vt 1.006510 -0.002930 0.0
#joint 13
#vjoint 362
v 1038.093872 -158.567947 -50.999996
#vcolor 94.000000 94.000000 94.000000 255.000000
vt 0.151042 0.691406 0.0
#joint 13
#vjoint 363
f 361/361 362/362 363/363
#fvcolorindex 361 362 363 
v 1034.093872 -147.567947 20.999998
#vcolor 94.000000 94.000000 94.000000 255.000000
vt 0.418620 0.712891 0.0
#joint 13
#vjoint 364
v 1104.093872 -141.567947 174.999985
#vcolor 226.000000 226.000000 226.000000 255.000000
vt 1.007161 0.225586 0.0
#joint 13
#vjoint 365
v 1046.093872 -74.567963 -4.000000
#vcolor 94.000000 94.000000 94.000000 255.000000
vt 0.329427 0.631836 0.0
#joint 13
#vjoint 366
f 364/364 365/365 366/366
#fvcolorindex 364 365 366 
v 1035.093872 -110.567963 -64.999992
#vcolor 94.000000 94.000000 94.000000 255.000000
vt 0.099609 0.710938 0.0
#joint 13
#vjoint 367
v 1040.093872 -94.567963 -36.999996
#vcolor 94.000000 94.000000 94.000000 255.000000
vt 0.205729 0.674805 0.0
#joint 13
#vjoint 368
v 1138.093872 -92.567963 -77.999992
#vcolor 48.000000 48.000000 48.000000 255.000000
vt 0.082031 0.008789 0.0
#joint 13
#vjoint 369
f 367/367 368/368 369/369
#fvcolorindex 367 368 369 
v 1104.093872 -141.567947 174.999985
#vcolor 226.000000 226.000000 226.000000 255.000000
vt 1.007161 0.225586 0.0
#joint 13
#vjoint 370
v 1038.093872 -152.567947 -12.999999
#vcolor 94.000000 94.000000 94.000000 255.000000
vt 0.292969 0.687500 0.0
#joint 13
#vjoint 371
v 1038.093872 -158.567947 -50.999996
#vcolor 94.000000 94.000000 94.000000 255.000000
vt 0.151042 0.691406 0.0
#joint 13
#vjoint 372
f 370/370 371/371 372/372
#fvcolorindex 370 371 372 
g Room02_primary
usemtl m1ClampT
v 1038.248657 -184.091293 6.000000
#vcolor 94.000000 94.000000 94.000000 255.000000
vt 0.737305 2.398438 0.0
#joint 11
#vjoint 373
v 1034.093872 -147.567947 20.999998
#vcolor 94.000000 94.000000 94.000000 255.000000
vt 0.653320 2.386719 0.0
#joint 13
#vjoint 374
v 1047.248657 -140.091293 59.999996
#vcolor 94.000000 94.000000 94.000000 255.000000
vt 0.560547 2.427734 0.0
#joint 11
#vjoint 375
f 373/373 374/374 375/375
#fvcolorindex 373 374 375 
v 1047.248657 -140.091293 59.999996
#vcolor 94.000000 94.000000 94.000000 255.000000
vt 0.560547 2.427734 0.0
#joint 11
#vjoint 376
v 1034.093872 -147.567947 20.999998
#vcolor 94.000000 94.000000 94.000000 255.000000
vt 0.653320 2.386719 0.0
#joint 13
#vjoint 377
v 1046.093872 -74.567963 -4.000000
#vcolor 94.000000 94.000000 94.000000 255.000000
vt 0.235352 2.425781 0.0
#joint 13
#vjoint 378
f 376/376 377/377 378/378
#fvcolorindex 376 377 378 
v 1047.248657 -140.091293 59.999996
#vcolor 94.000000 94.000000 94.000000 255.000000
vt 0.560547 2.427734 0.0
#joint 11
#vjoint 379
v 1046.093872 -74.567963 -4.000000
#vcolor 94.000000 94.000000 94.000000 255.000000
vt 0.235352 2.425781 0.0
#joint 13
#vjoint 380
v 1047.248657 -70.091301 43.999996
#vcolor 94.000000 94.000000 94.000000 255.000000
vt 0.370117 2.428385 0.0
#joint 11
#vjoint 381
f 379/379 380/380 381/381
#fvcolorindex 379 380 381 
v 1047.248657 -70.091301 43.999996
#vcolor 94.000000 94.000000 94.000000 255.000000
vt 0.370117 2.428385 0.0
#joint 11
#vjoint 382
v 1046.093872 -74.567963 -4.000000
#vcolor 94.000000 94.000000 94.000000 255.000000
vt 0.235352 2.425781 0.0
#joint 13
#vjoint 383
v 1040.093872 -94.567963 -36.999996
#vcolor 94.000000 94.000000 94.000000 255.000000
vt 0.088867 2.406250 0.0
#joint 13
#vjoint 384
f 382/382 383/383 384/384
#fvcolorindex 382 383 384 
v 1047.248657 -70.091301 43.999996
#vcolor 94.000000 94.000000 94.000000 255.000000
vt 0.370117 2.428385 0.0
#joint 11
#vjoint 385
v 1040.093872 -94.567963 -36.999996
#vcolor 94.000000 94.000000 94.000000 255.000000
vt 0.088867 2.406250 0.0
#joint 13
#vjoint 386
v 1039.248657 -43.091305 -8.000000
#vcolor 94.000000 94.000000 94.000000 255.000000
vt 0.232422 2.401042 0.0
#joint 11
#vjoint 387
f 385/385 386/386 387/387
#fvcolorindex 385 386 387 
v 1039.248657 -43.091305 -8.000000
#vcolor 94.000000 94.000000 94.000000 255.000000
vt 0.232422 2.401042 0.0
#joint 11
#vjoint 388
v 1040.093872 -94.567963 -36.999996
#vcolor 94.000000 94.000000 94.000000 255.000000
vt 0.088867 2.406250 0.0
#joint 13
#vjoint 389
v 1035.093872 -110.567963 -64.999992
#vcolor 94.000000 94.000000 94.000000 255.000000
vt 0.015625 2.389323 0.0
#joint 13
#vjoint 390
f 388/388 389/389 390/390
#fvcolorindex 388 389 390 
v 1039.248657 -43.091305 -8.000000
#vcolor 94.000000 94.000000 94.000000 255.000000
vt 0.232422 2.401042 0.0
#joint 11
#vjoint 391
v 1035.093872 -110.567963 -64.999992
#vcolor 94.000000 94.000000 94.000000 255.000000
vt 0.015625 2.389323 0.0
#joint 13
#vjoint 392
v 1033.248657 -90.091301 -77.999992
#vcolor 94.000000 94.000000 94.000000 255.000000
vt 0.052734 2.383464 0.0
#joint 11
#vjoint 393
f 391/391 392/392 393/393
#fvcolorindex 391 392 393 
v 1033.248657 -90.091301 -77.999992
#vcolor 94.000000 94.000000 94.000000 255.000000
vt 1.052734 2.383464 0.0
#joint 11
#vjoint 394
v 1035.093872 -110.567963 -64.999992
#vcolor 94.000000 94.000000 94.000000 255.000000
vt 1.015625 2.389323 0.0
#joint 13
#vjoint 395
v 1038.093872 -158.567947 -50.999996
#vcolor 94.000000 94.000000 94.000000 255.000000
vt 0.891602 2.398438 0.0
#joint 13
#vjoint 396
f 394/394 395/395 396/396
#fvcolorindex 394 395 396 
v 1033.248657 -90.091301 -77.999992
#vcolor 94.000000 94.000000 94.000000 255.000000
vt 1.052734 2.383464 0.0
#joint 11
#vjoint 397
v 1038.093872 -158.567947 -50.999996
#vcolor 94.000000 94.000000 94.000000 255.000000
vt 0.891602 2.398438 0.0
#joint 13
#vjoint 398
v 1028.248657 -147.091293 -75.999992
#vcolor 94.000000 94.000000 94.000000 255.000000
vt 0.939453 2.365885 0.0
#joint 11
#vjoint 399
f 397/397 398/398 399/399
#fvcolorindex 397 398 399 
v 1028.248657 -147.091293 -75.999992
#vcolor 94.000000 94.000000 94.000000 255.000000
vt 0.939453 2.365885 0.0
#joint 11
#vjoint 400
v 1038.093872 -158.567947 -50.999996
#vcolor 94.000000 94.000000 94.000000 255.000000
vt 0.891602 2.398438 0.0
#joint 13
#vjoint 401
v 1038.093872 -152.567947 -12.999999
#vcolor 94.000000 94.000000 94.000000 255.000000
vt 0.805664 2.399740 0.0
#joint 13
#vjoint 402
f 400/400 401/401 402/402
#fvcolorindex 400 401 402 
v 1028.248657 -147.091293 -75.999992
#vcolor 94.000000 94.000000 94.000000 255.000000
vt 0.939453 2.365885 0.0
#joint 11
#vjoint 403
v 1038.093872 -152.567947 -12.999999
#vcolor 94.000000 94.000000 94.000000 255.000000
vt 0.805664 2.399740 0.0
#joint 13
#vjoint 404
v 1038.248657 -184.091293 6.000000
#vcolor 94.000000 94.000000 94.000000 255.000000
vt 0.737305 2.398438 0.0
#joint 11
#vjoint 405
f 403/403 404/404 405/405
#fvcolorindex 403 404 405 
v 1038.248657 -184.091293 6.000000
#vcolor 94.000000 94.000000 94.000000 255.000000
vt 0.737305 2.398438 0.0
#joint 11
#vjoint 406
v 1038.093872 -152.567947 -12.999999
#vcolor 94.000000 94.000000 94.000000 255.000000
vt 0.805664 2.399740 0.0
#joint 13
#vjoint 407
v 1034.093872 -147.567947 20.999998
#vcolor 94.000000 94.000000 94.000000 255.000000
vt 0.653320 2.386719 0.0
#joint 13
#vjoint 408
f 406/406 407/407 408/408
#fvcolorindex 406 407 408 
v 1047.248657 -140.091293 59.999996
#vcolor 94.000000 94.000000 94.000000 255.000000
vt 0.560547 2.427734 0.0
#joint 11
#vjoint 409
v 1047.248657 -70.091301 43.999996
#vcolor 94.000000 94.000000 94.000000 255.000000
vt 0.370117 2.428385 0.0
#joint 11
#vjoint 410
v 621.248779 -69.091301 49.999996
#vcolor 152.000000 152.000000 152.000000 255.000000
vt 0.380859 1.014323 0.0
#joint 11
#vjoint 411
f 409/409 410/410 411/411
#fvcolorindex 409 410 411 
v 1033.248657 -90.091301 -77.999992
#vcolor 94.000000 94.000000 94.000000 255.000000
vt 0.052734 2.383464 0.0
#joint 11
#vjoint 412
v 637.248779 -91.091301 -84.999992
#vcolor 240.000000 240.000000 240.000000 255.000000
vt 0.045898 1.069010 0.0
#joint 11
#vjoint 413
v 625.248779 -42.091305 -15.999999
#vcolor 152.000000 152.000000 152.000000 255.000000
vt 0.215820 1.028646 0.0
#joint 11
#vjoint 414
f 412/412 413/413 414/414
#fvcolorindex 412 413 414 
v 1039.248657 -43.091305 -8.000000
#vcolor 94.000000 94.000000 94.000000 255.000000
vt 0.232422 2.401042 0.0
#joint 11
#vjoint 415
v 1033.248657 -90.091301 -77.999992
#vcolor 94.000000 94.000000 94.000000 255.000000
vt 0.052734 2.383464 0.0
#joint 11
#vjoint 416
v 625.248779 -42.091305 -15.999999
#vcolor 152.000000 152.000000 152.000000 255.000000
vt 0.215820 1.028646 0.0
#joint 11
#vjoint 417
f 415/415 416/416 417/417
#fvcolorindex 415 416 417 
v 1028.248657 -147.091293 -75.999992
#vcolor 94.000000 94.000000 94.000000 255.000000
vt 0.939453 2.365885 0.0
#joint 11
#vjoint 418
v 625.248779 -186.091293 -3.000000
#vcolor 68.000000 68.000000 68.000000 255.000000
vt 0.756836 1.029297 0.0
#joint 11
#vjoint 419
v 635.248779 -155.091293 -71.999992
#vcolor 240.000000 240.000000 240.000000 255.000000
vt 0.920898 1.063151 0.0
#joint 11
#vjoint 420
f 418/418 419/419 420/420
#fvcolorindex 418 419 420 
v 1047.248657 -140.091293 59.999996
#vcolor 94.000000 94.000000 94.000000 255.000000
vt 0.560547 2.427734 0.0
#joint 11
#vjoint 421
v 621.248779 -127.091301 65.999992
#vcolor 240.000000 240.000000 240.000000 255.000000
vt 0.527344 1.014974 0.0
#joint 11
#vjoint 422
v 625.248779 -186.091293 -3.000000
#vcolor 68.000000 68.000000 68.000000 255.000000
vt 0.756836 1.029297 0.0
#joint 11
#vjoint 423
f 421/421 422/422 423/423
#fvcolorindex 421 422 423 
v 1047.248657 -70.091301 43.999996
#vcolor 94.000000 94.000000 94.000000 255.000000
vt 0.370117 2.428385 0.0
#joint 11
#vjoint 424
v 1039.248657 -43.091305 -8.000000
#vcolor 94.000000 94.000000 94.000000 255.000000
vt 0.232422 2.401042 0.0
#joint 11
#vjoint 425
v 625.248779 -42.091305 -15.999999
#vcolor 152.000000 152.000000 152.000000 255.000000
vt 0.215820 1.028646 0.0
#joint 11
#vjoint 426
f 424/424 425/425 426/426
#fvcolorindex 424 425 426 
v 1047.248657 -70.091301 43.999996
#vcolor 94.000000 94.000000 94.000000 255.000000
vt 0.370117 2.428385 0.0
#joint 11
#vjoint 427
v 625.248779 -42.091305 -15.999999
#vcolor 152.000000 152.000000 152.000000 255.000000
vt 0.215820 1.028646 0.0
#joint 11
#vjoint 428
v 621.248779 -69.091301 49.999996
#vcolor 152.000000 152.000000 152.000000 255.000000
vt 0.380859 1.014323 0.0
#joint 11
#vjoint 429
f 427/427 428/428 429/429
#fvcolorindex 427 428 429 
v 1028.248657 -147.091293 -75.999992
#vcolor 94.000000 94.000000 94.000000 255.000000
vt 0.939453 2.365885 0.0
#joint 11
#vjoint 430
v 1038.248657 -184.091293 6.000000
#vcolor 94.000000 94.000000 94.000000 255.000000
vt 0.737305 2.398438 0.0
#joint 11
#vjoint 431
v 625.248779 -186.091293 -3.000000
#vcolor 68.000000 68.000000 68.000000 255.000000
vt 0.756836 1.029297 0.0
#joint 11
#vjoint 432
f 430/430 431/431 432/432
#fvcolorindex 430 431 432 
v 1033.248657 -90.091301 -77.999992
#vcolor 94.000000 94.000000 94.000000 255.000000
vt 1.052734 2.383464 0.0
#joint 11
#vjoint 433
v 635.248779 -155.091293 -71.999992
#vcolor 240.000000 240.000000 240.000000 255.000000
vt 0.920898 1.063151 0.0
#joint 11
#vjoint 434
v 637.248779 -91.091301 -84.999992
#vcolor 240.000000 240.000000 240.000000 255.000000
vt 1.045898 1.069010 0.0
#joint 11
#vjoint 435
f 433/433 434/434 435/435
#fvcolorindex 433 434 435 
v 1047.248657 -140.091293 59.999996
#vcolor 94.000000 94.000000 94.000000 255.000000
vt 0.560547 2.427734 0.0
#joint 11
#vjoint 436
v 621.248779 -69.091301 49.999996
#vcolor 152.000000 152.000000 152.000000 255.000000
vt 0.380859 1.014323 0.0
#joint 11
#vjoint 437
v 621.248779 -127.091301 65.999992
#vcolor 240.000000 240.000000 240.000000 255.000000
vt 0.527344 1.014974 0.0
#joint 11
#vjoint 438
f 436/436 437/437 438/438
#fvcolorindex 436 437 438 
v 1038.248657 -184.091293 6.000000
#vcolor 94.000000 94.000000 94.000000 255.000000
vt 0.737305 2.398438 0.0
#joint 11
#vjoint 439
v 1047.248657 -140.091293 59.999996
#vcolor 94.000000 94.000000 94.000000 255.000000
vt 0.560547 2.427734 0.0
#joint 11
#vjoint 440
v 625.248779 -186.091293 -3.000000
#vcolor 68.000000 68.000000 68.000000 255.000000
vt 0.756836 1.029297 0.0
#joint 11
#vjoint 441
f 439/439 440/440 441/441
#fvcolorindex 439 440 441 
v 1033.248657 -90.091301 -77.999992
#vcolor 94.000000 94.000000 94.000000 255.000000
vt 1.052734 2.383464 0.0
#joint 11
#vjoint 442
v 1028.248657 -147.091293 -75.999992
#vcolor 94.000000 94.000000 94.000000 255.000000
vt 0.939453 2.365885 0.0
#joint 11
#vjoint 443
v 635.248779 -155.091293 -71.999992
#vcolor 240.000000 240.000000 240.000000 255.000000
vt 0.920898 1.063151 0.0
#joint 11
#vjoint 444
f 442/442 443/443 444/444
#fvcolorindex 442 443 444 
v 625.248779 -42.091305 -15.999999
#vcolor 152.000000 152.000000 152.000000 255.000000
vt 0.215820 1.028646 0.0
#joint 11
#vjoint 445
v 558.248779 -41.091305 -8.999999
#vcolor 152.000000 152.000000 152.000000 255.000000
vt 0.232422 0.807292 0.0
#joint 11
#vjoint 446
v 621.248779 -69.091301 49.999996
#vcolor 152.000000 152.000000 152.000000 255.000000
vt 0.380859 1.014323 0.0
#joint 11
#vjoint 447
f 445/445 446/446 447/447
#fvcolorindex 445 446 447 
v 556.248779 -92.091301 -73.999992
#vcolor 240.000000 240.000000 240.000000 255.000000
vt 0.049805 0.800781 0.0
#joint 11
#vjoint 448
v 558.248779 -41.091305 -8.999999
#vcolor 152.000000 152.000000 152.000000 255.000000
vt 0.232422 0.807292 0.0
#joint 11
#vjoint 449
v 625.248779 -42.091305 -15.999999
#vcolor 152.000000 152.000000 152.000000 255.000000
vt 0.215820 1.028646 0.0
#joint 11
#vjoint 450
f 448/448 449/449 450/450
#fvcolorindex 448 449 450 
v 637.248779 -91.091301 -84.999992
#vcolor 240.000000 240.000000 240.000000 255.000000
vt 0.045898 1.069010 0.0
#joint 11
#vjoint 451
v 556.248779 -92.091301 -73.999992
#vcolor 240.000000 240.000000 240.000000 255.000000
vt 0.049805 0.800781 0.0
#joint 11
#vjoint 452
v 625.248779 -42.091305 -15.999999
#vcolor 152.000000 152.000000 152.000000 255.000000
vt 0.215820 1.028646 0.0
#joint 11
#vjoint 453
f 451/451 452/452 453/453
#fvcolorindex 451 452 453 
v 556.248779 -159.091293 -76.999992
#vcolor 240.000000 240.000000 240.000000 255.000000
vt 0.918945 0.800781 0.0
#joint 11
#vjoint 454
v 556.248779 -92.091301 -73.999992
#vcolor 240.000000 240.000000 240.000000 255.000000
vt 1.049805 0.800781 0.0
#joint 11
#vjoint 455
v 637.248779 -91.091301 -84.999992
#vcolor 240.000000 240.000000 240.000000 255.000000
vt 1.045898 1.069010 0.0
#joint 11
#vjoint 456
f 454/454 455/455 456/456
#fvcolorindex 454 455 456 
v 635.248779 -155.091293 -71.999992
#vcolor 240.000000 240.000000 240.000000 255.000000
vt 0.920898 1.063151 0.0
#joint 11
#vjoint 457
v 556.248779 -159.091293 -76.999992
#vcolor 240.000000 240.000000 240.000000 255.000000
vt 0.918945 0.800781 0.0
#joint 11
#vjoint 458
v 637.248779 -91.091301 -84.999992
#vcolor 240.000000 240.000000 240.000000 255.000000
vt 1.045898 1.069010 0.0
#joint 11
#vjoint 459
f 457/457 458/458 459/459
#fvcolorindex 457 458 459 
v 550.248779 -189.091293 8.999999
#vcolor 68.000000 68.000000 68.000000 255.000000
vt 0.730469 0.781250 0.0
#joint 11
#vjoint 460
v 556.248779 -159.091293 -76.999992
#vcolor 240.000000 240.000000 240.000000 255.000000
vt 0.918945 0.800781 0.0
#joint 11
#vjoint 461
v 635.248779 -155.091293 -71.999992
#vcolor 240.000000 240.000000 240.000000 255.000000
vt 0.920898 1.063151 0.0
#joint 11
#vjoint 462
f 460/460 461/461 462/462
#fvcolorindex 460 461 462 
v 625.248779 -186.091293 -3.000000
#vcolor 68.000000 68.000000 68.000000 255.000000
vt 0.756836 1.029297 0.0
#joint 11
#vjoint 463
v 550.248779 -189.091293 8.999999
#vcolor 68.000000 68.000000 68.000000 255.000000
vt 0.730469 0.781250 0.0
#joint 11
#vjoint 464
v 635.248779 -155.091293 -71.999992
#vcolor 240.000000 240.000000 240.000000 255.000000
vt 0.920898 1.063151 0.0
#joint 11
#vjoint 465
f 463/463 464/464 465/465
#fvcolorindex 463 464 465 
v 568.248779 -128.091293 70.999992
#vcolor 240.000000 240.000000 240.000000 255.000000
vt 0.526367 0.841797 0.0
#joint 11
#vjoint 466
v 550.248779 -189.091293 8.999999
#vcolor 68.000000 68.000000 68.000000 255.000000
vt 0.730469 0.781250 0.0
#joint 11
#vjoint 467
v 625.248779 -186.091293 -3.000000
#vcolor 68.000000 68.000000 68.000000 255.000000
vt 0.756836 1.029297 0.0
#joint 11
#vjoint 468
f 466/466 467/467 468/468
#fvcolorindex 466 467 468 
v 621.248779 -127.091301 65.999992
#vcolor 240.000000 240.000000 240.000000 255.000000
vt 0.527344 1.014974 0.0
#joint 11
#vjoint 469
v 568.248779 -128.091293 70.999992
#vcolor 240.000000 240.000000 240.000000 255.000000
vt 0.526367 0.841797 0.0
#joint 11
#vjoint 470
v 625.248779 -186.091293 -3.000000
#vcolor 68.000000 68.000000 68.000000 255.000000
vt 0.756836 1.029297 0.0
#joint 11
#vjoint 471
f 469/469 470/470 471/471
#fvcolorindex 469 470 471 
v 569.248779 -65.091301 48.999996
#vcolor 152.000000 152.000000 152.000000 255.000000
vt 0.373047 0.841797 0.0
#joint 11
#vjoint 472
v 568.248779 -128.091293 70.999992
#vcolor 240.000000 240.000000 240.000000 255.000000
vt 0.526367 0.841797 0.0
#joint 11
#vjoint 473
v 621.248779 -127.091301 65.999992
#vcolor 240.000000 240.000000 240.000000 255.000000
vt 0.527344 1.014974 0.0
#joint 11
#vjoint 474
f 472/472 473/473 474/474
#fvcolorindex 472 473 474 
v 621.248779 -69.091301 49.999996
#vcolor 152.000000 152.000000 152.000000 255.000000
vt 0.380859 1.014323 0.0
#joint 11
#vjoint 475
v 569.248779 -65.091301 48.999996
#vcolor 152.000000 152.000000 152.000000 255.000000
vt 0.373047 0.841797 0.0
#joint 11
#vjoint 476
v 621.248779 -127.091301 65.999992
#vcolor 240.000000 240.000000 240.000000 255.000000
vt 0.527344 1.014974 0.0
#joint 11
#vjoint 477
f 475/475 476/476 477/477
#fvcolorindex 475 476 477 
v 558.248779 -41.091305 -8.999999
#vcolor 152.000000 152.000000 152.000000 255.000000
vt 0.232422 0.807292 0.0
#joint 11
#vjoint 478
v 569.248779 -65.091301 48.999996
#vcolor 152.000000 152.000000 152.000000 255.000000
vt 0.373047 0.841797 0.0
#joint 11
#vjoint 479
v 621.248779 -69.091301 49.999996
#vcolor 152.000000 152.000000 152.000000 255.000000
vt 0.380859 1.014323 0.0
#joint 11
#vjoint 480
f 478/478 479/479 480/480
#fvcolorindex 478 479 480 
v 568.248779 -128.091293 70.999992
#vcolor 240.000000 240.000000 240.000000 255.000000
vt 0.526367 0.841797 0.0
#joint 11
#vjoint 481
v 523.248779 -128.091293 74.999992
#vcolor 240.000000 240.000000 240.000000 255.000000
vt 0.525391 0.691406 0.0
#joint 11
#vjoint 482
v 550.248779 -189.091293 8.999999
#vcolor 68.000000 68.000000 68.000000 255.000000
vt 0.730469 0.781250 0.0
#joint 11
#vjoint 483
f 481/481 482/482 483/483
#fvcolorindex 481 482 483 
v 523.248779 -66.091301 49.999996
#vcolor 152.000000 152.000000 152.000000 255.000000
vt 0.375000 0.690104 0.0
#joint 11
#vjoint 484
v 523.248779 -128.091293 74.999992
#vcolor 240.000000 240.000000 240.000000 255.000000
vt 0.525391 0.691406 0.0
#joint 11
#vjoint 485
v 568.248779 -128.091293 70.999992
#vcolor 240.000000 240.000000 240.000000 255.000000
vt 0.526367 0.841797 0.0
#joint 11
#vjoint 486
f 484/484 485/485 486/486
#fvcolorindex 484 485 486 
v 569.248779 -65.091301 48.999996
#vcolor 152.000000 152.000000 152.000000 255.000000
vt 0.373047 0.841797 0.0
#joint 11
#vjoint 487
v 523.248779 -66.091301 49.999996
#vcolor 152.000000 152.000000 152.000000 255.000000
vt 0.375000 0.690104 0.0
#joint 11
#vjoint 488
v 568.248779 -128.091293 70.999992
#vcolor 240.000000 240.000000 240.000000 255.000000
vt 0.526367 0.841797 0.0
#joint 11
#vjoint 489
f 487/487 488/488 489/489
#fvcolorindex 487 488 489 
v 558.248779 -41.091305 -8.999999
#vcolor 152.000000 152.000000 152.000000 255.000000
vt 0.232422 0.807292 0.0
#joint 11
#vjoint 490
v 523.248779 -66.091301 49.999996
#vcolor 152.000000 152.000000 152.000000 255.000000
vt 0.375000 0.690104 0.0
#joint 11
#vjoint 491
v 569.248779 -65.091301 48.999996
#vcolor 152.000000 152.000000 152.000000 255.000000
vt 0.373047 0.841797 0.0
#joint 11
#vjoint 492
f 490/490 491/491 492/492
#fvcolorindex 490 491 492 
g Room03_primary
v 215.496506 -73.779221 109.999992
#vcolor 94.000000 94.000000 94.000000 255.000000
vt 0.809570 0.777995 0.0
#joint 9
#vjoint 493
v 215.496506 -103.779221 102.999992
#vcolor 94.000000 94.000000 94.000000 255.000000
vt 0.741211 0.754557 0.0
#joint 9
#vjoint 494
v 216.496506 -33.779224 13.999999
#vcolor 120.000000 120.000000 120.000000 255.000000
vt 0.898438 0.451823 0.0
#joint 9
#vjoint 495
f 493/493 494/494 495/495
#fvcolorindex 493 494 495 
v 216.496506 -33.779224 13.999999
#vcolor 120.000000 120.000000 120.000000 255.000000
vt 0.898438 0.451823 0.0
#joint 9
#vjoint 496
v 215.496506 -103.779221 102.999992
#vcolor 94.000000 94.000000 94.000000 255.000000
vt 0.741211 0.754557 0.0
#joint 9
#vjoint 497
v 215.496506 -51.779224 5.000000
#vcolor 112.000000 112.000000 112.000000 255.000000
vt 0.857422 0.421224 0.0
#joint 9
#vjoint 498
f 496/496 497/497 498/498
#fvcolorindex 496 497 498 
v 216.496506 -33.779224 13.999999
#vcolor 120.000000 120.000000 120.000000 255.000000
vt 0.898438 0.451823 0.0
#joint 9
#vjoint 499
v 215.496506 -51.779224 5.000000
#vcolor 112.000000 112.000000 112.000000 255.000000
vt 0.857422 0.421224 0.0
#joint 9
#vjoint 500
v 216.496506 -51.779224 -77.999992
#vcolor 106.000000 106.000000 106.000000 255.000000
vt 0.855469 0.141927 0.0
#joint 9
#vjoint 501
f 499/499 500/500 501/501
#fvcolorindex 499 500 501 
v 216.496506 -51.779224 -77.999992
#vcolor 106.000000 106.000000 106.000000 255.000000
vt 0.855469 0.141927 0.0
#joint 9
#vjoint 502
v 215.496506 -51.779224 5.000000
#vcolor 112.000000 112.000000 112.000000 255.000000
vt 0.857422 0.421224 0.0
#joint 9
#vjoint 503
v 215.496506 -67.779221 -74.999992
#vcolor 106.000000 106.000000 106.000000 255.000000
vt 0.819336 0.149740 0.0
#joint 9
#vjoint 504
f 502/502 503/503 504/504
#fvcolorindex 502 503 504 
v 216.496506 -51.779224 -77.999992
#vcolor 106.000000 106.000000 106.000000 255.000000
vt 0.855469 0.141927 0.0
#joint 9
#vjoint 505
v 215.496506 -67.779221 -74.999992
#vcolor 106.000000 106.000000 106.000000 255.000000
vt 0.819336 0.149740 0.0
#joint 9
#vjoint 506
v 216.496506 -156.779221 -90.999992
#vcolor 106.000000 106.000000 106.000000 255.000000
vt 0.614258 0.092448 0.0
#joint 9
#vjoint 507
f 505/505 506/506 507/507
#fvcolorindex 505 506 507 
v 216.496506 -156.779221 -90.999992
#vcolor 106.000000 106.000000 106.000000 255.000000
vt 0.614258 0.092448 0.0
#joint 9
#vjoint 508
v 215.496506 -67.779221 -74.999992
#vcolor 106.000000 106.000000 106.000000 255.000000
vt 0.819336 0.149740 0.0
#joint 9
#vjoint 509
v 215.496506 -160.779221 -67.999992
#vcolor 106.000000 106.000000 106.000000 255.000000
vt 0.606445 0.169922 0.0
#joint 9
#vjoint 510
f 508/508 509/509 510/510
#fvcolorindex 508 509 510 
v 216.496506 -156.779221 -90.999992
#vcolor 106.000000 106.000000 106.000000 255.000000
vt 0.614258 0.092448 0.0
#joint 9
#vjoint 511
v 215.496506 -160.779221 -67.999992
#vcolor 106.000000 106.000000 106.000000 255.000000
vt 0.606445 0.169922 0.0
#joint 9
#vjoint 512
v 216.496506 -204.779221 -97.999992
#vcolor 68.000000 68.000000 68.000000 255.000000
vt 0.503906 0.069661 0.0
#joint 9
#vjoint 513
f 511/511 512/512 513/513
#fvcolorindex 511 512 513 
v 216.496506 -204.779221 -97.999992
#vcolor 68.000000 68.000000 68.000000 255.000000
vt 0.503906 0.069661 0.0
#joint 9
#vjoint 514
v 215.496506 -160.779221 -67.999992
#vcolor 106.000000 106.000000 106.000000 255.000000
vt 0.606445 0.169922 0.0
#joint 9
#vjoint 515
v 215.496506 -204.779221 -40.999996
#vcolor 68.000000 68.000000 68.000000 255.000000
vt 0.506836 0.262370 0.0
#joint 9
#vjoint 516
f 514/514 515/515 516/516
#fvcolorindex 514 515 516 
v 216.496506 -204.779221 -97.999992
#vcolor 68.000000 68.000000 68.000000 255.000000
vt 0.503906 0.069661 0.0
#joint 9
#vjoint 517
v 215.496506 -204.779221 -40.999996
#vcolor 68.000000 68.000000 68.000000 255.000000
vt 0.506836 0.262370 0.0
#joint 9
#vjoint 518
v 215.496506 -204.779221 125.999992
#vcolor 68.000000 68.000000 68.000000 255.000000
vt 0.509766 0.830078 0.0
#joint 9
#vjoint 519
f 517/517 518/518 519/519
#fvcolorindex 517 518 519 
v 215.496506 -204.779221 125.999992
#vcolor 68.000000 68.000000 68.000000 255.000000
vt 0.509766 0.830078 0.0
#joint 9
#vjoint 520
v 215.496506 -204.779221 -40.999996
#vcolor 68.000000 68.000000 68.000000 255.000000
vt 0.506836 0.262370 0.0
#joint 9
#vjoint 521
v 215.496506 -200.779221 69.999992
#vcolor 68.000000 68.000000 68.000000 255.000000
vt 0.518555 0.639974 0.0
#joint 9
#vjoint 522
f 520/520 521/521 522/522
#fvcolorindex 520 521 522 
v 215.496506 -204.779221 125.999992
#vcolor 68.000000 68.000000 68.000000 255.000000
vt 0.509766 0.830078 0.0
#joint 9
#vjoint 523
v 215.496506 -200.779221 69.999992
#vcolor 68.000000 68.000000 68.000000 255.000000
vt 0.518555 0.639974 0.0
#joint 9
#vjoint 524
v 215.496506 -152.779221 101.999992
#vcolor 120.000000 120.000000 120.000000 255.000000
vt 0.628906 0.749349 0.0
#joint 9
#vjoint 525
f 523/523 524/524 525/525
#fvcolorindex 523 524 525 
v 215.496506 -128.779221 121.999992
#vcolor 143.000000 143.000000 143.000000 255.000000
vt 0.683594 0.817708 0.0
#joint 9
#vjoint 526
v 215.496506 -152.779221 101.999992
#vcolor 120.000000 120.000000 120.000000 255.000000
vt 0.628906 0.749349 0.0
#joint 9
#vjoint 527
v 215.496506 -103.779221 102.999992
#vcolor 94.000000 94.000000 94.000000 255.000000
vt 0.741211 0.754557 0.0
#joint 9
#vjoint 528
f 526/526 527/527 528/528
#fvcolorindex 526 527 528 
v 215.496506 -204.779221 125.999992
#vcolor 68.000000 68.000000 68.000000 255.000000
vt 0.509766 0.830078 0.0
#joint 9
#vjoint 529
v 215.496506 -152.779221 101.999992
#vcolor 120.000000 120.000000 120.000000 255.000000
vt 0.628906 0.749349 0.0
#joint 9
#vjoint 530
v 215.496506 -128.779221 121.999992
#vcolor 143.000000 143.000000 143.000000 255.000000
vt 0.683594 0.817708 0.0
#joint 9
#vjoint 531
f 529/529 530/530 531/531
#fvcolorindex 529 530 531 
v 215.496506 -73.779221 109.999992
#vcolor 94.000000 94.000000 94.000000 255.000000
vt 0.809570 0.777995 0.0
#joint 9
#vjoint 532
v 215.496506 -128.779221 121.999992
#vcolor 143.000000 143.000000 143.000000 255.000000
vt 0.683594 0.817708 0.0
#joint 9
#vjoint 533
v 215.496506 -103.779221 102.999992
#vcolor 94.000000 94.000000 94.000000 255.000000
vt 0.741211 0.754557 0.0
#joint 9
#vjoint 534
f 532/532 533/533 534/534
#fvcolorindex 532 533 534 
v 0.000000 -81.000000 -94.000000
#vcolor 255.000000 255.000000 255.000000 255.000000
vt 0.500000 0.214193 0.0
#joint 1
#vjoint 535
v 46.000000 -80.000000 -88.000000
#vcolor 255.000000 255.000000 255.000000 255.000000
vt 0.366211 0.214844 0.0
#joint 1
#vjoint 536
v 216.496506 -156.779221 -90.999992
#vcolor 106.000000 106.000000 106.000000 255.000000
vt 0.369141 0.026693 0.0
#joint 9
#vjoint 537
f 535/535 536/536 537/537
#fvcolorindex 535 536 537 
v 0.000000 -81.000000 -94.000000
#vcolor 255.000000 255.000000 255.000000 255.000000
vt 0.500000 0.214193 0.0
#joint 1
#vjoint 538
v 216.496506 -156.779221 -90.999992
#vcolor 106.000000 106.000000 106.000000 255.000000
vt 0.369141 0.026693 0.0
#joint 9
#vjoint 539
v 216.496506 -204.779221 -97.999992
#vcolor 68.000000 68.000000 68.000000 255.000000
vt 0.507812 0.027344 0.0
#joint 9
#vjoint 540
f 538/538 539/539 540/540
#fvcolorindex 538 539 540 
v 216.496506 -156.779221 -90.999992
#vcolor 106.000000 106.000000 106.000000 255.000000
vt 0.369141 0.026693 0.0
#joint 9
#vjoint 541
v 105.000000 -43.000000 -86.000000
#vcolor 121.000000 121.000000 121.000000 255.000000
vt 0.196289 0.263672 0.0
#joint 1
#vjoint 542
v 216.496506 -51.779224 -77.999992
#vcolor 106.000000 106.000000 106.000000 255.000000
vt 0.067383 0.025391 0.0
#joint 9
#vjoint 543
f 541/541 542/542 543/543
#fvcolorindex 541 542 543 
v 160.000000 -24.000000 22.000000
#vcolor 27.000000 27.000000 27.000000 255.000000
vt 0.037109 0.289062 0.0
#joint 1
#vjoint 544
v 216.496506 -51.779224 -77.999992
#vcolor 106.000000 106.000000 106.000000 255.000000
vt 0.067383 0.025391 0.0
#joint 9
#vjoint 545
v 105.000000 -43.000000 -86.000000
#vcolor 121.000000 121.000000 121.000000 255.000000
vt 0.196289 0.263672 0.0
#joint 1
#vjoint 546
f 544/544 545/545 546/546
#fvcolorindex 544 545 546 
v 160.000000 -24.000000 22.000000
#vcolor 27.000000 27.000000 27.000000 255.000000
vt 0.037109 0.289062 0.0
#joint 1
#vjoint 547
v 216.496506 -33.779224 13.999999
#vcolor 120.000000 120.000000 120.000000 255.000000
vt 0.016602 0.025391 0.0
#joint 9
#vjoint 548
v 216.496506 -51.779224 -77.999992
#vcolor 106.000000 106.000000 106.000000 255.000000
vt 0.067383 0.025391 0.0
#joint 9
#vjoint 549
f 547/547 548/548 549/549
#fvcolorindex 547 548 549 
v 216.496506 -156.779221 -90.999992
#vcolor 106.000000 106.000000 106.000000 255.000000
vt 0.369141 0.026693 0.0
#joint 9
#vjoint 550
v 46.000000 -80.000000 -88.000000
#vcolor 255.000000 255.000000 255.000000 255.000000
vt 0.366211 0.214844 0.0
#joint 1
#vjoint 551
v 105.000000 -43.000000 -86.000000
#vcolor 121.000000 121.000000 121.000000 255.000000
vt 0.196289 0.263672 0.0
#joint 1
#vjoint 552
f 550/550 551/551 552/552
#fvcolorindex 550 551 552 
v 556.248779 -92.091301 -73.999992
#vcolor 240.000000 240.000000 240.000000 255.000000
vt 0.049805 0.800781 0.0
#joint 11
#vjoint 553
v 445.496490 -41.779224 -4.000000
#vcolor 152.000000 152.000000 152.000000 255.000000
vt 0.242188 0.430990 0.0
#joint 9
#vjoint 554
v 558.248779 -41.091305 -8.999999
#vcolor 152.000000 152.000000 152.000000 255.000000
vt 0.232422 0.807292 0.0
#joint 11
#vjoint 555
f 553/553 554/554 555/555
#fvcolorindex 553 554 555 
v 415.496490 -91.779221 -85.999992
#vcolor 240.000000 240.000000 240.000000 255.000000
vt 0.041992 0.332682 0.0
#joint 9
#vjoint 556
v 445.496490 -41.779224 -4.000000
#vcolor 152.000000 152.000000 152.000000 255.000000
vt 0.242188 0.430990 0.0
#joint 9
#vjoint 557
v 556.248779 -92.091301 -73.999992
#vcolor 240.000000 240.000000 240.000000 255.000000
vt 0.049805 0.800781 0.0
#joint 11
#vjoint 558
f 556/556 557/557 558/558
#fvcolorindex 556 557 558 
v 556.248779 -159.091293 -76.999992
#vcolor 240.000000 240.000000 240.000000 255.000000
vt 0.918945 0.800781 0.0
#joint 11
#vjoint 559
v 415.496490 -91.779221 -85.999992
#vcolor 240.000000 240.000000 240.000000 255.000000
vt 1.041992 0.332682 0.0
#joint 9
#vjoint 560
v 556.248779 -92.091301 -73.999992
#vcolor 240.000000 240.000000 240.000000 255.000000
vt 1.049805 0.800781 0.0
#joint 11
#vjoint 561
f 559/559 560/560 561/561
#fvcolorindex 559 560 561 
v 416.496490 -169.779221 -78.999992
#vcolor 68.000000 68.000000 68.000000 255.000000
vt 0.903320 0.337240 0.0
#joint 9
#vjoint 562
v 415.496490 -91.779221 -85.999992
#vcolor 240.000000 240.000000 240.000000 255.000000
vt 1.041992 0.332682 0.0
#joint 9
#vjoint 563
v 556.248779 -159.091293 -76.999992
#vcolor 240.000000 240.000000 240.000000 255.000000
vt 0.918945 0.800781 0.0
#joint 11
#vjoint 564
f 562/562 563/563 564/564
#fvcolorindex 562 563 564 
v 550.248779 -189.091293 8.999999
#vcolor 68.000000 68.000000 68.000000 255.000000
vt 0.730469 0.781250 0.0
#joint 11
#vjoint 565
v 416.496490 -169.779221 -78.999992
#vcolor 68.000000 68.000000 68.000000 255.000000
vt 0.903320 0.337240 0.0
#joint 9
#vjoint 566
v 556.248779 -159.091293 -76.999992
#vcolor 240.000000 240.000000 240.000000 255.000000
vt 0.918945 0.800781 0.0
#joint 11
#vjoint 567
f 565/565 566/566 567/567
#fvcolorindex 565 566 567 
v 464.496490 -192.779221 22.999998
#vcolor 68.000000 68.000000 68.000000 255.000000
vt 0.705078 0.494792 0.0
#joint 9
#vjoint 568
v 416.496490 -169.779221 -78.999992
#vcolor 68.000000 68.000000 68.000000 255.000000
vt 0.903320 0.337240 0.0
#joint 9
#vjoint 569
v 550.248779 -189.091293 8.999999
#vcolor 68.000000 68.000000 68.000000 255.000000
vt 0.730469 0.781250 0.0
#joint 11
#vjoint 570
f 568/568 569/569 570/570
#fvcolorindex 568 569 570 
v 523.248779 -128.091293 74.999992
#vcolor 240.000000 240.000000 240.000000 255.000000
vt 0.525391 0.691406 0.0
#joint 11
#vjoint 571
v 464.496490 -192.779221 22.999998
#vcolor 68.000000 68.000000 68.000000 255.000000
vt 0.705078 0.494792 0.0
#joint 9
#vjoint 572
v 550.248779 -189.091293 8.999999
#vcolor 68.000000 68.000000 68.000000 255.000000
vt 0.730469 0.781250 0.0
#joint 11
#vjoint 573
f 571/571 572/572 573/573
#fvcolorindex 571 572 573 
v 441.496490 -123.779221 82.999992
#vcolor 240.000000 240.000000 240.000000 255.000000
vt 0.516602 0.420573 0.0
#joint 9
#vjoint 574
v 464.496490 -192.779221 22.999998
#vcolor 68.000000 68.000000 68.000000 255.000000
vt 0.705078 0.494792 0.0
#joint 9
#vjoint 575
v 523.248779 -128.091293 74.999992
#vcolor 240.000000 240.000000 240.000000 255.000000
vt 0.525391 0.691406 0.0
#joint 11
#vjoint 576
f 574/574 575/575 576/576
#fvcolorindex 574 575 576 
v 523.248779 -66.091301 49.999996
#vcolor 152.000000 152.000000 152.000000 255.000000
vt 0.375000 0.690104 0.0
#joint 11
#vjoint 577
v 441.496490 -123.779221 82.999992
#vcolor 240.000000 240.000000 240.000000 255.000000
vt 0.516602 0.420573 0.0
#joint 9
#vjoint 578
v 523.248779 -128.091293 74.999992
#vcolor 240.000000 240.000000 240.000000 255.000000
vt 0.525391 0.691406 0.0
#joint 11
#vjoint 579
f 577/577 578/578 579/579
#fvcolorindex 577 578 579 
v 463.496490 -65.779221 52.999996
#vcolor 152.000000 152.000000 152.000000 255.000000
vt 0.379883 0.492188 0.0
#joint 9
#vjoint 580
v 441.496490 -123.779221 82.999992
#vcolor 240.000000 240.000000 240.000000 255.000000
vt 0.516602 0.420573 0.0
#joint 9
#vjoint 581
v 523.248779 -66.091301 49.999996
#vcolor 152.000000 152.000000 152.000000 255.000000
vt 0.375000 0.690104 0.0
#joint 11
#vjoint 582
f 580/580 581/581 582/582
#fvcolorindex 580 581 582 
v 558.248779 -41.091305 -8.999999
#vcolor 152.000000 152.000000 152.000000 255.000000
vt 0.232422 0.807292 0.0
#joint 11
#vjoint 583
v 463.496490 -65.779221 52.999996
#vcolor 152.000000 152.000000 152.000000 255.000000
vt 0.379883 0.492188 0.0
#joint 9
#vjoint 584
v 523.248779 -66.091301 49.999996
#vcolor 152.000000 152.000000 152.000000 255.000000
vt 0.375000 0.690104 0.0
#joint 11
#vjoint 585
f 583/583 584/584 585/585
#fvcolorindex 583 584 585 
v 445.496490 -41.779224 -4.000000
#vcolor 152.000000 152.000000 152.000000 255.000000
vt 0.242188 0.430990 0.0
#joint 9
#vjoint 586
v 463.496490 -65.779221 52.999996
#vcolor 152.000000 152.000000 152.000000 255.000000
vt 0.379883 0.492188 0.0
#joint 9
#vjoint 587
v 558.248779 -41.091305 -8.999999
#vcolor 152.000000 152.000000 152.000000 255.000000
vt 0.232422 0.807292 0.0
#joint 11
#vjoint 588
f 586/586 587/587 588/588
#fvcolorindex 586 587 588 
v 215.496506 -200.779221 69.999992
#vcolor 68.000000 68.000000 68.000000 255.000000
vt 0.640625 -0.329427 0.0
#joint 9
#vjoint 589
v 215.496506 -204.779221 -40.999996
#vcolor 68.000000 68.000000 68.000000 255.000000
vt 0.818359 -0.329427 0.0
#joint 9
#vjoint 590
v 464.496490 -192.779221 22.999998
#vcolor 68.000000 68.000000 68.000000 255.000000
vt 0.705078 0.494792 0.0
#joint 9
#vjoint 591
f 589/589 590/590 591/591
#fvcolorindex 589 590 591 
v 416.496490 -169.779221 -78.999992
#vcolor 68.000000 68.000000 68.000000 255.000000
vt 0.903320 0.337240 0.0
#joint 9
#vjoint 592
v 215.496506 -160.779221 -67.999992
#vcolor 106.000000 106.000000 106.000000 255.000000
vt 0.906250 -0.329427 0.0
#joint 9
#vjoint 593
v 215.496506 -67.779221 -74.999992
#vcolor 106.000000 106.000000 106.000000 255.000000
vt 1.089844 -0.330729 0.0
#joint 9
#vjoint 594
f 592/592 593/593 594/594
#fvcolorindex 592 593 594 
v 445.496490 -41.779224 -4.000000
#vcolor 152.000000 152.000000 152.000000 255.000000
vt 0.242188 0.430990 0.0
#joint 9
#vjoint 595
v 415.496490 -91.779221 -85.999992
#vcolor 240.000000 240.000000 240.000000 255.000000
vt 0.041992 0.332682 0.0
#joint 9
#vjoint 596
v 215.496506 -67.779221 -74.999992
#vcolor 106.000000 106.000000 106.000000 255.000000
vt 0.089844 -0.330729 0.0
#joint 9
#vjoint 597
f 595/595 596/596 597/597
#fvcolorindex 595 596 597 
v 215.496506 -204.779221 -40.999996
#vcolor 68.000000 68.000000 68.000000 255.000000
vt 0.818359 -0.329427 0.0
#joint 9
#vjoint 598
v 215.496506 -160.779221 -67.999992
#vcolor 106.000000 106.000000 106.000000 255.000000
vt 0.906250 -0.329427 0.0
#joint 9
#vjoint 599
v 416.496490 -169.779221 -78.999992
#vcolor 68.000000 68.000000 68.000000 255.000000
vt 0.903320 0.337240 0.0
#joint 9
#vjoint 600
f 598/598 599/599 600/600
#fvcolorindex 598 599 600 
v 215.496506 -103.779221 102.999992
#vcolor 94.000000 94.000000 94.000000 255.000000
vt 0.482422 -0.329427 0.0
#joint 9
#vjoint 601
v 441.496490 -123.779221 82.999992
#vcolor 240.000000 240.000000 240.000000 255.000000
vt 0.516602 0.420573 0.0
#joint 9
#vjoint 602
v 463.496490 -65.779221 52.999996
#vcolor 152.000000 152.000000 152.000000 255.000000
vt 0.379883 0.492188 0.0
#joint 9
#vjoint 603
f 601/601 602/602 603/603
#fvcolorindex 601 602 603 
v 445.496490 -41.779224 -4.000000
#vcolor 152.000000 152.000000 152.000000 255.000000
vt 0.242188 0.430990 0.0
#joint 9
#vjoint 604
v 215.496506 -67.779221 -74.999992
#vcolor 106.000000 106.000000 106.000000 255.000000
vt 0.089844 -0.330729 0.0
#joint 9
#vjoint 605
v 215.496506 -51.779224 5.000000
#vcolor 112.000000 112.000000 112.000000 255.000000
vt 0.261719 -0.330078 0.0
#joint 9
#vjoint 606
f 604/604 605/605 606/606
#fvcolorindex 604 605 606 
v 215.496506 -51.779224 5.000000
#vcolor 112.000000 112.000000 112.000000 255.000000
vt 0.261719 -0.330078 0.0
#joint 9
#vjoint 607
v 215.496506 -103.779221 102.999992
#vcolor 94.000000 94.000000 94.000000 255.000000
vt 0.482422 -0.329427 0.0
#joint 9
#vjoint 608
v 463.496490 -65.779221 52.999996
#vcolor 152.000000 152.000000 152.000000 255.000000
vt 0.379883 0.492188 0.0
#joint 9
#vjoint 609
f 607/607 608/608 609/609
#fvcolorindex 607 608 609 
v 215.496506 -51.779224 5.000000
#vcolor 112.000000 112.000000 112.000000 255.000000
vt 0.261719 -0.330078 0.0
#joint 9
#vjoint 610
v 463.496490 -65.779221 52.999996
#vcolor 152.000000 152.000000 152.000000 255.000000
vt 0.379883 0.492188 0.0
#joint 9
#vjoint 611
v 445.496490 -41.779224 -4.000000
#vcolor 152.000000 152.000000 152.000000 255.000000
vt 0.242188 0.430990 0.0
#joint 9
#vjoint 612
f 610/610 611/611 612/612
#fvcolorindex 610 611 612 
v 415.496490 -91.779221 -85.999992
#vcolor 240.000000 240.000000 240.000000 255.000000
vt 1.041992 0.332682 0.0
#joint 9
#vjoint 613
v 416.496490 -169.779221 -78.999992
#vcolor 68.000000 68.000000 68.000000 255.000000
vt 0.903320 0.337240 0.0
#joint 9
#vjoint 614
v 215.496506 -67.779221 -74.999992
#vcolor 106.000000 106.000000 106.000000 255.000000
vt 1.089844 -0.330729 0.0
#joint 9
#vjoint 615
f 613/613 614/614 615/615
#fvcolorindex 613 614 615 
v 215.496506 -152.779221 101.999992
#vcolor 120.000000 120.000000 120.000000 255.000000
vt 0.556641 -0.330078 0.0
#joint 9
#vjoint 616
v 441.496490 -123.779221 82.999992
#vcolor 240.000000 240.000000 240.000000 255.000000
vt 0.516602 0.420573 0.0
#joint 9
#vjoint 617
v 215.496506 -103.779221 102.999992
#vcolor 94.000000 94.000000 94.000000 255.000000
vt 0.482422 -0.329427 0.0
#joint 9
#vjoint 618
f 616/616 617/617 618/618
#fvcolorindex 616 617 618 
v 215.496506 -204.779221 -40.999996
#vcolor 68.000000 68.000000 68.000000 255.000000
vt 0.818359 -0.329427 0.0
#joint 9
#vjoint 619
v 416.496490 -169.779221 -78.999992
#vcolor 68.000000 68.000000 68.000000 255.000000
vt 0.903320 0.337240 0.0
#joint 9
#vjoint 620
v 464.496490 -192.779221 22.999998
#vcolor 68.000000 68.000000 68.000000 255.000000
vt 0.705078 0.494792 0.0
#joint 9
#vjoint 621
f 619/619 620/620 621/621
#fvcolorindex 619 620 621 
v 441.496490 -123.779221 82.999992
#vcolor 240.000000 240.000000 240.000000 255.000000
vt 0.516602 0.420573 0.0
#joint 9
#vjoint 622
v 215.496506 -152.779221 101.999992
#vcolor 120.000000 120.000000 120.000000 255.000000
vt 0.556641 -0.330078 0.0
#joint 9
#vjoint 623
v 464.496490 -192.779221 22.999998
#vcolor 68.000000 68.000000 68.000000 255.000000
vt 0.705078 0.494792 0.0
#joint 9
#vjoint 624
f 622/622 623/623 624/624
#fvcolorindex 622 623 624 
v 215.496506 -152.779221 101.999992
#vcolor 120.000000 120.000000 120.000000 255.000000
vt 0.556641 -0.330078 0.0
#joint 9
#vjoint 625
v 215.496506 -200.779221 69.999992
#vcolor 68.000000 68.000000 68.000000 255.000000
vt 0.640625 -0.329427 0.0
#joint 9
#vjoint 626
v 464.496490 -192.779221 22.999998
#vcolor 68.000000 68.000000 68.000000 255.000000
vt 0.705078 0.494792 0.0
#joint 9
#vjoint 627
f 625/625 626/626 627/627
#fvcolorindex 625 626 627 
usemtl m2ClampT
v 215.496506 -204.779221 125.999992
#vcolor 68.000000 68.000000 68.000000 255.000000
vt 0.500977 0.054688 0.0
#joint 9
#vjoint 628
v 215.496506 -128.779221 121.999992
#vcolor 143.000000 143.000000 143.000000 255.000000
vt 0.709961 0.053385 0.0
#joint 9
#vjoint 629
v 0.000000 -114.000000 124.000000
#vcolor 255.000000 255.000000 255.000000 255.000000
vt 0.500977 0.189453 0.0
#joint 1
#vjoint 630
f 628/628 629/629 630/630
#fvcolorindex 628 629 630 
v 216.496506 -33.779224 13.999999
#vcolor 120.000000 120.000000 120.000000 255.000000
vt 0.973633 0.051432 0.0
#joint 9
#vjoint 631
v 160.000000 -24.000000 22.000000
#vcolor 27.000000 27.000000 27.000000 255.000000
vt 0.944336 0.305990 0.0
#joint 1
#vjoint 632
v 215.496506 -73.779221 109.999992
#vcolor 94.000000 94.000000 94.000000 255.000000
vt 0.863281 0.052734 0.0
#joint 9
#vjoint 633
f 631/631 632/632 633/633
#fvcolorindex 631 632 633 
v 0.000000 -114.000000 124.000000
#vcolor 255.000000 255.000000 255.000000 255.000000
vt 0.500977 0.189453 0.0
#joint 1
#vjoint 634
v 0.000000 -81.000000 -94.000000
#vcolor 255.000000 255.000000 255.000000 255.000000
vt 0.500000 0.234375 0.0
#joint 1
#vjoint 635
v 216.496506 -204.779221 -97.999992
#vcolor 68.000000 68.000000 68.000000 255.000000
vt 0.500000 0.054036 0.0
#joint 9
#vjoint 636
f 634/634 635/635 636/636
#fvcolorindex 634 635 636 
v 80.000000 -73.000000 125.000000
#vcolor 255.000000 255.000000 255.000000 255.000000
vt 0.723633 0.243490 0.0
#joint 1
#vjoint 637
v 215.496506 -128.779221 121.999992
#vcolor 143.000000 143.000000 143.000000 255.000000
vt 0.709961 0.053385 0.0
#joint 9
#vjoint 638
v 215.496506 -73.779221 109.999992
#vcolor 94.000000 94.000000 94.000000 255.000000
vt 0.863281 0.052734 0.0
#joint 9
#vjoint 639
f 637/637 638/638 639/639
#fvcolorindex 637 638 639 
v 160.000000 -24.000000 22.000000
#vcolor 27.000000 27.000000 27.000000 255.000000
vt 0.944336 0.305990 0.0
#joint 1
#vjoint 640
v 80.000000 -73.000000 125.000000
#vcolor 255.000000 255.000000 255.000000 255.000000
vt 0.723633 0.243490 0.0
#joint 1
#vjoint 641
v 215.496506 -73.779221 109.999992
#vcolor 94.000000 94.000000 94.000000 255.000000
vt 0.863281 0.052734 0.0
#joint 9
#vjoint 642
f 640/640 641/641 642/642
#fvcolorindex 640 641 642 
v 215.496506 -128.779221 121.999992
#vcolor 143.000000 143.000000 143.000000 255.000000
vt 0.709961 0.053385 0.0
#joint 9
#vjoint 643
v 80.000000 -73.000000 125.000000
#vcolor 255.000000 255.000000 255.000000 255.000000
vt 0.723633 0.243490 0.0
#joint 1
#vjoint 644
v 0.000000 -114.000000 124.000000
#vcolor 255.000000 255.000000 255.000000 255.000000
vt 0.500977 0.189453 0.0
#joint 1
#vjoint 645
f 643/643 644/644 645/645
#fvcolorindex 643 644 645 
v 215.496506 -204.779221 125.999992
#vcolor 68.000000 68.000000 68.000000 255.000000
vt 0.500977 0.054688 0.0
#joint 9
#vjoint 646
v 0.000000 -114.000000 124.000000
#vcolor 255.000000 255.000000 255.000000 255.000000
vt 0.500977 0.189453 0.0
#joint 1
#vjoint 647
v 216.496506 -204.779221 -97.999992
#vcolor 68.000000 68.000000 68.000000 255.000000
vt 0.500000 0.054036 0.0
#joint 9
#vjoint 648
f 646/646 647/647 648/648
#fvcolorindex 646 647 648 
g Room08_primary
usemtl m3
v 51.229591 485.036041 0.000000
#vcolor 255.000000 255.000000 255.000000 255.000000
vt 0.770508 0.349609 0.0
#joint 1
#vjoint 649
v 42.661255 545.391663 9.233653
#vcolor 255.000000 255.000000 255.000000 255.000000
vt 0.762695 0.728516 0.0
#joint 2
#vjoint 650
v 32.661255 524.391663 27.233652
#vcolor 255.000000 255.000000 255.000000 255.000000
vt 0.709961 0.597656 0.0
#joint 2
#vjoint 651
f 649/649 650/650 651/651
#fvcolorindex 649 650 651 
v 0.229596 423.036041 65.999992
#vcolor 255.000000 255.000000 255.000000 255.000000
vt 0.516602 -0.050781 0.0
#joint 1
#vjoint 652
v 0.661259 491.391693 65.233650
#vcolor 255.000000 255.000000 255.000000 255.000000
vt 0.548828 0.380859 0.0
#joint 2
#vjoint 653
v -19.338739 502.391693 51.233650
#vcolor 255.000000 255.000000 255.000000 255.000000
vt 0.461914 0.444336 0.0
#joint 2
#vjoint 654
f 652/652 653/653 654/654
#fvcolorindex 652 653 654 
v 0.229596 423.036041 65.999992
#vcolor 255.000000 255.000000 255.000000 255.000000
vt 0.516602 -0.050781 0.0
#joint 1
#vjoint 655
v 51.229591 485.036041 0.000000
#vcolor 255.000000 255.000000 255.000000 255.000000
vt 0.770508 0.349609 0.0
#joint 1
#vjoint 656
v 19.661257 502.391693 49.233650
#vcolor 255.000000 255.000000 255.000000 255.000000
vt 0.637695 0.455078 0.0
#joint 2
#vjoint 657
f 655/655 656/656 657/657
#fvcolorindex 655 656 657 
v -51.770401 484.036041 0.000000
#vcolor 255.000000 255.000000 255.000000 255.000000
vt 0.306641 0.316406 0.0
#joint 1
#vjoint 658
v -43.338737 545.391663 9.233653
#vcolor 255.000000 255.000000 255.000000 255.000000
vt 0.372070 0.703125 0.0
#joint 2
#vjoint 659
v -43.338737 541.391663 -1.766346
#vcolor 255.000000 255.000000 255.000000 255.000000
vt 0.372070 0.679688 0.0
#joint 2
#vjoint 660
f 658/658 659/659 660/660
#fvcolorindex 658 659 660 
v 42.661255 541.391663 -1.766346
#vcolor 255.000000 255.000000 255.000000 255.000000
vt 0.758789 0.705078 0.0
#joint 2
#vjoint 661
v 42.661255 545.391663 9.233653
#vcolor 255.000000 255.000000 255.000000 255.000000
vt 0.762695 0.728516 0.0
#joint 2
#vjoint 662
v 51.229591 485.036041 0.000000
#vcolor 255.000000 255.000000 255.000000 255.000000
vt 0.770508 0.349609 0.0
#joint 1
#vjoint 663
f 661/661 662/662 663/663
#fvcolorindex 661 662 663 
v 51.229591 485.036041 0.000000
#vcolor 255.000000 255.000000 255.000000 255.000000
vt 0.770508 0.349609 0.0
#joint 1
#vjoint 664
v 27.661257 512.391663 40.233650
#vcolor 255.000000 255.000000 255.000000 255.000000
vt 0.681641 0.518555 0.0
#joint 2
#vjoint 665
v 19.661257 502.391693 49.233650
#vcolor 255.000000 255.000000 255.000000 255.000000
vt 0.637695 0.455078 0.0
#joint 2
#vjoint 666
f 664/664 665/665 666/666
#fvcolorindex 664 665 666 
v 0.229596 423.036041 65.999992
#vcolor 255.000000 255.000000 255.000000 255.000000
vt 0.516602 -0.050781 0.0
#joint 1
#vjoint 667
v -19.338739 502.391693 51.233650
#vcolor 255.000000 255.000000 255.000000 255.000000
vt 0.461914 0.444336 0.0
#joint 2
#vjoint 668
v -51.770401 484.036041 0.000000
#vcolor 255.000000 255.000000 255.000000 255.000000
vt 0.306641 0.316406 0.0
#joint 1
#vjoint 669
f 667/667 668/668 669/669
#fvcolorindex 667 668 669 
v -51.770401 484.036041 0.000000
#vcolor 255.000000 255.000000 255.000000 255.000000
vt 0.306641 0.316406 0.0
#joint 1
#vjoint 670
v -36.338737 524.391663 27.233652
#vcolor 255.000000 255.000000 255.000000 255.000000
vt 0.394531 0.577148 0.0
#joint 2
#vjoint 671
v -43.338737 545.391663 9.233653
#vcolor 255.000000 255.000000 255.000000 255.000000
vt 0.372070 0.703125 0.0
#joint 2
#vjoint 672
f 670/670 671/671 672/672
#fvcolorindex 670 671 672 
v -51.770401 484.036041 0.000000
#vcolor 255.000000 255.000000 255.000000 255.000000
vt 0.306641 0.316406 0.0
#joint 1
#vjoint 673
v -29.338739 512.391663 40.233650
#vcolor 255.000000 255.000000 255.000000 255.000000
vt 0.423828 0.503906 0.0
#joint 2
#vjoint 674
v -36.338737 524.391663 27.233652
#vcolor 255.000000 255.000000 255.000000 255.000000
vt 0.394531 0.577148 0.0
#joint 2
#vjoint 675
f 673/673 674/674 675/675
#fvcolorindex 673 674 675 
v 51.229591 485.036041 0.000000
#vcolor 255.000000 255.000000 255.000000 255.000000
vt 0.770508 0.349609 0.0
#joint 1
#vjoint 676
v 32.661255 524.391663 27.233652
#vcolor 255.000000 255.000000 255.000000 255.000000
vt 0.709961 0.597656 0.0
#joint 2
#vjoint 677
v 27.661257 512.391663 40.233650
#vcolor 255.000000 255.000000 255.000000 255.000000
vt 0.681641 0.518555 0.0
#joint 2
#vjoint 678
f 676/676 677/677 678/678
#fvcolorindex 676 677 678 
v 0.229596 423.036041 65.999992
#vcolor 255.000000 255.000000 255.000000 255.000000
vt 0.516602 -0.050781 0.0
#joint 1
#vjoint 679
v 19.661257 502.391693 49.233650
#vcolor 255.000000 255.000000 255.000000 255.000000
vt 0.637695 0.455078 0.0
#joint 2
#vjoint 680
v 0.661259 491.391693 65.233650
#vcolor 255.000000 255.000000 255.000000 255.000000
vt 0.548828 0.380859 0.0
#joint 2
#vjoint 681
f 679/679 680/680 681/681
#fvcolorindex 679 680 681 
v -19.338739 502.391693 51.233650
#vcolor 255.000000 255.000000 255.000000 255.000000
vt 0.461914 0.444336 0.0
#joint 2
#vjoint 682
v -29.338739 512.391663 40.233650
#vcolor 255.000000 255.000000 255.000000 255.000000
vt 0.423828 0.503906 0.0
#joint 2
#vjoint 683
v -51.770401 484.036041 0.000000
#vcolor 255.000000 255.000000 255.000000 255.000000
vt 0.306641 0.316406 0.0
#joint 1
#vjoint 684
f 682/682 683/683 684/684
#fvcolorindex 682 683 684 
usemtl m4
v 52.229591 476.036041 -51.999996
#vcolor 197.000000 197.000000 197.000000 255.000000
vt 0.182617 0.101562 0.0
#joint 1
#vjoint 685
v 24.661257 530.391663 -36.766342
#vcolor 255.000000 255.000000 255.000000 255.000000
vt 0.326172 0.615234 0.0
#joint 2
#vjoint 686
v 42.661255 541.391663 -1.766346
#vcolor 255.000000 255.000000 255.000000 255.000000
vt 0.208984 0.718750 0.0
#joint 2
#vjoint 687
f 685/685 686/686 687/687
#fvcolorindex 685 686 687 
v -52.770401 476.036041 -51.999996
#vcolor 255.000000 255.000000 255.000000 255.000000
vt 0.844727 0.115234 0.0
#joint 1
#vjoint 688
v -27.338739 530.391663 -35.766342
#vcolor 255.000000 255.000000 255.000000 255.000000
vt 0.656250 0.621094 0.0
#joint 2
#vjoint 689
v 52.229591 476.036041 -51.999996
#vcolor 197.000000 197.000000 197.000000 255.000000
vt 0.182617 0.101562 0.0
#joint 1
#vjoint 690
f 688/688 689/689 690/690
#fvcolorindex 688 689 690 
v 52.229591 476.036041 -51.999996
#vcolor 197.000000 197.000000 197.000000 255.000000
vt 0.182617 0.101562 0.0
#joint 1
#vjoint 691
v -27.338739 530.391663 -35.766342
#vcolor 255.000000 255.000000 255.000000 255.000000
vt 0.656250 0.621094 0.0
#joint 2
#vjoint 692
v 24.661257 530.391663 -36.766342
#vcolor 255.000000 255.000000 255.000000 255.000000
vt 0.326172 0.615234 0.0
#joint 2
#vjoint 693
f 691/691 692/692 693/693
#fvcolorindex 691 692 693 
v -51.770401 484.036041 0.000000
#vcolor 255.000000 255.000000 255.000000 255.000000
vt 0.836914 0.194336 0.0
#joint 1
#vjoint 694
v -43.338737 541.391663 -1.766346
#vcolor 255.000000 255.000000 255.000000 255.000000
vt 0.750000 0.728516 0.0
#joint 2
#vjoint 695
v -52.770401 476.036041 -51.999996
#vcolor 255.000000 255.000000 255.000000 255.000000
vt 0.844727 0.115234 0.0
#joint 1
#vjoint 696
f 694/694 695/695 696/696
#fvcolorindex 694 695 696 
v -43.338737 541.391663 -1.766346
#vcolor 255.000000 255.000000 255.000000 255.000000
vt 0.750000 0.728516 0.0
#joint 2
#vjoint 697
v -27.338739 530.391663 -35.766342
#vcolor 255.000000 255.000000 255.000000 255.000000
vt 0.656250 0.621094 0.0
#joint 2
#vjoint 698
v -52.770401 476.036041 -51.999996
#vcolor 255.000000 255.000000 255.000000 255.000000
vt 0.844727 0.115234 0.0
#joint 1
#vjoint 699
f 697/697 698/698 699/699
#fvcolorindex 697 698 699 
v 52.229591 476.036041 -51.999996
#vcolor 197.000000 197.000000 197.000000 255.000000
vt 0.182617 0.101562 0.0
#joint 1
#vjoint 700
v 42.661255 541.391663 -1.766346
#vcolor 255.000000 255.000000 255.000000 255.000000
vt 0.208984 0.718750 0.0
#joint 2
#vjoint 701
v 51.229591 485.036041 0.000000
#vcolor 255.000000 255.000000 255.000000 255.000000
vt 0.188477 0.186523 0.0
#joint 1
#vjoint 702
f 700/700 701/701 702/702
#fvcolorindex 700 701 702 
g Room09_primary
usemtl m5ClampSClampT
v 692.853027 410.174072 -21.999376
#vcolor 188.000000 188.000000 188.000000 255.000000
vt 0.672852 0.215820 0.0
#joint 7
#vjoint 703
v 691.853027 434.174072 21.000620
#vcolor 188.000000 188.000000 188.000000 255.000000
vt 0.382812 0.057617 0.0
#joint 7
#vjoint 704
v 777.853027 424.174072 -20.999376
#vcolor 240.000000 240.000000 240.000000 255.000000
vt 0.631836 0.792969 0.0
#joint 7
#vjoint 705
f 703/703 704/704 705/705
#fvcolorindex 703 704 705 
v 691.853027 434.174072 21.000620
#vcolor 188.000000 188.000000 188.000000 255.000000
vt 0.382812 0.057617 0.0
#joint 7
#vjoint 706
v 690.853027 424.174072 51.000618
#vcolor 212.000000 212.000000 212.000000 255.000000
vt 0.184570 -0.049805 0.0
#joint 7
#vjoint 707
v 788.853027 451.174072 62.000618
#vcolor 240.000000 240.000000 240.000000 255.000000
vt 0.069336 0.580078 0.0
#joint 7
#vjoint 708
f 706/706 707/707 708/708
#fvcolorindex 706 707 708 
v 691.853027 434.174072 21.000620
#vcolor 188.000000 188.000000 188.000000 255.000000
vt 0.382812 0.057617 0.0
#joint 7
#vjoint 709
v 788.853027 451.174072 62.000618
#vcolor 240.000000 240.000000 240.000000 255.000000
vt 0.069336 0.580078 0.0
#joint 7
#vjoint 710
v 777.853027 424.174072 -20.999376
#vcolor 240.000000 240.000000 240.000000 255.000000
vt 0.631836 0.792969 0.0
#joint 7
#vjoint 711
f 709/709 710/710 711/711
#fvcolorindex 709 710 711 
usemtl m6ClampSClampT
v 777.853027 424.174072 -20.999376
#vcolor 240.000000 240.000000 240.000000 255.000000
vt 0.157227 0.547852 0.0
#joint 7
#vjoint 712
v 800.853027 376.174072 -36.999374
#vcolor 240.000000 240.000000 240.000000 255.000000
vt 0.786133 0.915039 0.0
#joint 7
#vjoint 713
v 692.853027 410.174072 -21.999376
#vcolor 188.000000 188.000000 188.000000 255.000000
vt 0.340820 -0.022461 0.0
#joint 7
#vjoint 714
f 712/712 713/713 714/714
#fvcolorindex 712 713 714 
v 692.853027 410.174072 -21.999376
#vcolor 188.000000 188.000000 188.000000 255.000000
vt 0.340820 -0.022461 0.0
#joint 7
#vjoint 715
v 800.853027 376.174072 -36.999374
#vcolor 240.000000 240.000000 240.000000 255.000000
vt 0.786133 0.915039 0.0
#joint 7
#vjoint 716
v 695.853027 375.174072 -16.999376
#vcolor 212.000000 212.000000 212.000000 255.000000
vt 0.802734 0.144531 0.0
#joint 7
#vjoint 717
f 715/715 716/716 717/717
#fvcolorindex 715 716 717 
usemtl m7ClampSClampT
v 694.853027 369.174072 48.000618
#vcolor 212.000000 212.000000 212.000000 255.000000
vt 0.659180 0.885742 0.0
#joint 7
#vjoint 718
v 811.853027 372.174072 67.000618
#vcolor 240.000000 240.000000 240.000000 255.000000
vt 0.954102 0.039062 0.0
#joint 7
#vjoint 719
v 690.853027 424.174072 51.000618
#vcolor 212.000000 212.000000 212.000000 255.000000
vt 0.037109 0.812500 0.0
#joint 7
#vjoint 720
f 718/718 719/719 720/720
#fvcolorindex 718 719 720 
v 690.853027 424.174072 51.000618
#vcolor 212.000000 212.000000 212.000000 255.000000
vt 0.037109 0.812500 0.0
#joint 7
#vjoint 721
v 811.853027 372.174072 67.000618
#vcolor 240.000000 240.000000 240.000000 255.000000
vt 0.954102 0.039062 0.0
#joint 7
#vjoint 722
v 788.853027 451.174072 62.000618
#vcolor 240.000000 240.000000 240.000000 255.000000
vt 0.012695 0.059570 0.0
#joint 7
#vjoint 723
f 721/721 722/722 723/723
#fvcolorindex 721 722 723 
usemtl m8ClampSClampT
v 695.853027 372.174072 14.000621
#vcolor 212.000000 212.000000 212.000000 255.000000
vt 0.606445 0.023438 0.0
#joint 7
#vjoint 724
v 695.853027 375.174072 -16.999376
#vcolor 212.000000 212.000000 212.000000 255.000000
vt 0.315430 0.041992 0.0
#joint 7
#vjoint 725
v 800.853027 376.174072 -36.999374
#vcolor 240.000000 240.000000 240.000000 255.000000
vt -0.000977 0.638672 0.0
#joint 7
#vjoint 726
f 724/724 725/725 726/726
#fvcolorindex 724 725 726 
v 811.853027 372.174072 67.000618
#vcolor 240.000000 240.000000 240.000000 255.000000
vt 0.962891 0.639648 0.0
#joint 7
#vjoint 727
v 694.853027 369.174072 48.000618
#vcolor 212.000000 212.000000 212.000000 255.000000
vt 0.920898 0.001953 0.0
#joint 7
#vjoint 728
v 695.853027 372.174072 14.000621
#vcolor 212.000000 212.000000 212.000000 255.000000
vt 0.606445 0.023438 0.0
#joint 7
#vjoint 729
f 727/727 728/728 729/729
#fvcolorindex 727 728 729 
v 811.853027 372.174072 67.000618
#vcolor 240.000000 240.000000 240.000000 255.000000
vt 0.962891 0.639648 0.0
#joint 7
#vjoint 730
v 695.853027 372.174072 14.000621
#vcolor 212.000000 212.000000 212.000000 255.000000
vt 0.606445 0.023438 0.0
#joint 7
#vjoint 731
v 800.853027 376.174072 -36.999374
#vcolor 240.000000 240.000000 240.000000 255.000000
vt -0.000977 0.638672 0.0
#joint 7
#vjoint 732
f 730/730 731/731 732/732
#fvcolorindex 730 731 732 
usemtl m9
v 800.853027 376.174072 -36.999374
#vcolor 240.000000 240.000000 240.000000 255.000000
vt -0.022461 0.529297 0.0
#joint 7
#vjoint 733
v 777.853027 424.174072 -20.999376
#vcolor 240.000000 240.000000 240.000000 255.000000
vt 0.161133 0.820312 0.0
#joint 7
#vjoint 734
v 811.853027 372.174072 67.000618
#vcolor 240.000000 240.000000 240.000000 255.000000
vt 0.922852 0.560547 0.0
#joint 7
#vjoint 735
f 733/733 734/734 735/735
#fvcolorindex 733 734 735 
v 811.853027 372.174072 67.000618
#vcolor 240.000000 240.000000 240.000000 255.000000
vt 0.922852 0.560547 0.0
#joint 7
#vjoint 736
v 777.853027 424.174072 -20.999376
#vcolor 240.000000 240.000000 240.000000 255.000000
vt 0.161133 0.820312 0.0
#joint 7
#vjoint 737
v 788.853027 451.174072 62.000618
#vcolor 240.000000 240.000000 240.000000 255.000000
vt 0.929688 1.021484 0.0
#joint 7
#vjoint 738
f 736/736 737/737 738/738
#fvcolorindex 736 737 738 
g Room0A_primary
usemtl m10ClampSClampT
v 513.049377 434.918854 55.439217
#vcolor 184.000000 184.000000 184.000000 255.000000
vt 1.071289 0.929688 0.0
#joint 5
#vjoint 739
v 512.049377 392.918854 65.439217
#vcolor 255.000000 255.000000 255.000000 255.000000
vt 0.958008 0.940104 0.0
#joint 5
#vjoint 740
v 693.049377 417.918854 67.439217
#vcolor 94.000000 94.000000 94.000000 255.000000
vt 1.005859 0.036458 0.0
#joint 5
#vjoint 741
f 739/739 740/740 741/741
#fvcolorindex 739 740 741 
v 513.049377 438.918854 9.439220
#vcolor 197.000000 197.000000 197.000000 255.000000
vt 0.221680 0.928385 0.0
#joint 5
#vjoint 742
v 693.049377 444.918854 23.439219
#vcolor 94.000000 94.000000 94.000000 255.000000
vt 0.168945 0.035807 0.0
#joint 5
#vjoint 743
v 695.049377 418.918854 -26.560778
#vcolor 94.000000 94.000000 94.000000 255.000000
vt 0.476562 0.030599 0.0
#joint 5
#vjoint 744
f 742/742 743/743 744/744
#fvcolorindex 742 743 744 
v 514.049377 341.918854 -4.560778
#vcolor 27.000000 27.000000 27.000000 255.000000
vt 0.725586 0.942057 0.0
#joint 5
#vjoint 745
v 516.049377 398.918854 -43.560776
#vcolor 255.000000 255.000000 255.000000 255.000000
vt 0.530273 0.928385 0.0
#joint 5
#vjoint 746
v 693.049377 371.918854 -33.560776
#vcolor 182.000000 182.000000 182.000000 255.000000
vt 0.625977 0.052734 0.0
#joint 5
#vjoint 747
f 745/745 746/746 747/747
#fvcolorindex 745 746 747 
v 513.049377 434.918854 55.439217
#vcolor 184.000000 184.000000 184.000000 255.000000
vt 0.071289 0.929688 0.0
#joint 5
#vjoint 748
v 693.049377 417.918854 67.439217
#vcolor 94.000000 94.000000 94.000000 255.000000
vt 0.005859 0.036458 0.0
#joint 5
#vjoint 749
v 693.049377 444.918854 23.439219
#vcolor 94.000000 94.000000 94.000000 255.000000
vt 0.168945 0.035807 0.0
#joint 5
#vjoint 750
f 748/748 749/749 750/750
#fvcolorindex 748 749 750 
v 516.049377 398.918854 -43.560776
#vcolor 255.000000 255.000000 255.000000 255.000000
vt 0.530273 0.928385 0.0
#joint 5
#vjoint 751
v 513.049377 438.918854 9.439220
#vcolor 197.000000 197.000000 197.000000 255.000000
vt 0.221680 0.928385 0.0
#joint 5
#vjoint 752
v 695.049377 418.918854 -26.560778
#vcolor 94.000000 94.000000 94.000000 255.000000
vt 0.476562 0.030599 0.0
#joint 5
#vjoint 753
f 751/751 752/752 753/753
#fvcolorindex 751 752 753 
v 512.049377 392.918854 65.439217
#vcolor 255.000000 255.000000 255.000000 255.000000
vt 0.958008 0.940104 0.0
#joint 5
#vjoint 754
v 695.049377 362.918854 65.439217
#vcolor 182.000000 182.000000 182.000000 255.000000
vt 0.881836 0.033854 0.0
#joint 5
#vjoint 755
v 693.049377 417.918854 67.439217
#vcolor 94.000000 94.000000 94.000000 255.000000
vt 1.005859 0.036458 0.0
#joint 5
#vjoint 756
f 754/754 755/755 756/756
#fvcolorindex 754 755 756 
v 516.049377 398.918854 -43.560776
#vcolor 255.000000 255.000000 255.000000 255.000000
vt 0.530273 0.928385 0.0
#joint 5
#vjoint 757
v 695.049377 418.918854 -26.560778
#vcolor 94.000000 94.000000 94.000000 255.000000
vt 0.476562 0.030599 0.0
#joint 5
#vjoint 758
v 693.049377 371.918854 -33.560776
#vcolor 182.000000 182.000000 182.000000 255.000000
vt 0.625977 0.052734 0.0
#joint 5
#vjoint 759
f 757/757 758/758 759/759
#fvcolorindex 757 758 759 
v 695.049377 362.918854 65.439217
#vcolor 182.000000 182.000000 182.000000 255.000000
vt 0.881836 0.033854 0.0
#joint 5
#vjoint 760
v 512.049377 347.918854 52.439217
#vcolor 27.000000 27.000000 27.000000 255.000000
vt 0.853516 0.944010 0.0
#joint 5
#vjoint 761
v 694.049377 352.918854 22.439219
#vcolor 182.000000 182.000000 182.000000 255.000000
vt 0.785156 0.042318 0.0
#joint 5
#vjoint 762
f 760/760 761/761 762/762
#fvcolorindex 760 761 762 
v 513.049377 438.918854 9.439220
#vcolor 197.000000 197.000000 197.000000 255.000000
vt 0.221680 0.928385 0.0
#joint 5
#vjoint 763
v 513.049377 434.918854 55.439217
#vcolor 184.000000 184.000000 184.000000 255.000000
vt 0.071289 0.929688 0.0
#joint 5
#vjoint 764
v 693.049377 444.918854 23.439219
#vcolor 94.000000 94.000000 94.000000 255.000000
vt 0.168945 0.035807 0.0
#joint 5
#vjoint 765
f 763/763 764/764 765/765
#fvcolorindex 763 764 765 
v 514.049377 341.918854 -4.560778
#vcolor 27.000000 27.000000 27.000000 255.000000
vt 0.725586 0.942057 0.0
#joint 5
#vjoint 766
v 693.049377 371.918854 -33.560776
#vcolor 182.000000 182.000000 182.000000 255.000000
vt 0.625977 0.052734 0.0
#joint 5
#vjoint 767
v 694.049377 352.918854 22.439219
#vcolor 182.000000 182.000000 182.000000 255.000000
vt 0.785156 0.042318 0.0
#joint 5
#vjoint 768
f 766/766 767/767 768/768
#fvcolorindex 766 767 768 
v 512.049377 347.918854 52.439217
#vcolor 27.000000 27.000000 27.000000 255.000000
vt 0.853516 0.944010 0.0
#joint 5
#vjoint 769
v 514.049377 341.918854 -4.560778
#vcolor 27.000000 27.000000 27.000000 255.000000
vt 0.725586 0.942057 0.0
#joint 5
#vjoint 770
v 694.049377 352.918854 22.439219
#vcolor 182.000000 182.000000 182.000000 255.000000
vt 0.785156 0.042318 0.0
#joint 5
#vjoint 771
f 769/769 770/770 771/771
#fvcolorindex 769 770 771 
v 695.049377 362.918854 65.439217
#vcolor 182.000000 182.000000 182.000000 255.000000
vt 0.881836 0.033854 0.0
#joint 5
#vjoint 772
v 512.049377 392.918854 65.439217
#vcolor 255.000000 255.000000 255.000000 255.000000
vt 0.958008 0.940104 0.0
#joint 5
#vjoint 773
v 512.049377 347.918854 52.439217
#vcolor 27.000000 27.000000 27.000000 255.000000
vt 0.853516 0.944010 0.0
#joint 5
#vjoint 774
f 772/772 773/773 774/774
#fvcolorindex 772 773 774 
usemtl m1ClampT
v 514.049377 341.918854 -4.560778
#vcolor 27.000000 27.000000 27.000000 255.000000
vt 0.245117 0.132161 0.0
#joint 5
#vjoint 775
v 428.049377 336.918854 -6.560778
#vcolor 27.000000 27.000000 27.000000 255.000000
vt 0.236328 0.298177 0.0
#joint 5
#vjoint 776
v 516.049377 398.918854 -43.560776
#vcolor 255.000000 255.000000 255.000000 255.000000
vt 0.616211 0.134115 0.0
#joint 5
#vjoint 777
f 775/775 776/776 777/777
#fvcolorindex 775 776 777 
v 516.049377 398.918854 -43.560776
#vcolor 255.000000 255.000000 255.000000 255.000000
vt 0.616211 0.134115 0.0
#joint 5
#vjoint 778
v 428.049377 336.918854 -6.560778
#vcolor 27.000000 27.000000 27.000000 255.000000
vt 0.236328 0.298177 0.0
#joint 5
#vjoint 779
v 433.049377 398.918854 -44.560776
#vcolor 255.000000 255.000000 255.000000 255.000000
vt 0.636719 0.292969 0.0
#joint 5
#vjoint 780
f 778/778 779/779 780/780
#fvcolorindex 778 779 780 
v 516.049377 398.918854 -43.560776
#vcolor 255.000000 255.000000 255.000000 255.000000
vt 0.616211 0.134115 0.0
#joint 5
#vjoint 781
v 433.049377 398.918854 -44.560776
#vcolor 255.000000 255.000000 255.000000 255.000000
vt 0.636719 0.292969 0.0
#joint 5
#vjoint 782
v 513.049377 438.918854 9.439220
#vcolor 197.000000 197.000000 197.000000 255.000000
vt 0.867188 0.139323 0.0
#joint 5
#vjoint 783
f 781/781 782/782 783/783
#fvcolorindex 781 782 783 
v 513.049377 438.918854 9.439220
#vcolor 197.000000 197.000000 197.000000 255.000000
vt 0.867188 0.139323 0.0
#joint 5
#vjoint 784
v 433.049377 398.918854 -44.560776
#vcolor 255.000000 255.000000 255.000000 255.000000
vt 0.636719 0.292969 0.0
#joint 5
#vjoint 785
v 431.049377 434.918854 8.439220
#vcolor 197.000000 197.000000 197.000000 255.000000
vt 0.865234 0.297526 0.0
#joint 5
#vjoint 786
f 784/784 785/785 786/786
#fvcolorindex 784 785 786 
v 513.049377 438.918854 9.439220
#vcolor 197.000000 197.000000 197.000000 255.000000
vt 0.867188 0.139323 0.0
#joint 5
#vjoint 787
v 431.049377 434.918854 8.439220
#vcolor 197.000000 197.000000 197.000000 255.000000
vt 0.865234 0.297526 0.0
#joint 5
#vjoint 788
v 513.049377 434.918854 55.439217
#vcolor 184.000000 184.000000 184.000000 255.000000
vt 0.835938 0.138672 0.0
#joint 5
#vjoint 789
f 787/787 788/788 789/789
#fvcolorindex 787 788 789 
v 513.049377 434.918854 55.439217
#vcolor 184.000000 184.000000 184.000000 255.000000
vt 0.835938 0.138672 0.0
#joint 5
#vjoint 790
v 431.049377 434.918854 8.439220
#vcolor 197.000000 197.000000 197.000000 255.000000
vt 0.865234 0.297526 0.0
#joint 5
#vjoint 791
v 430.049377 432.918854 53.439217
#vcolor 188.000000 188.000000 188.000000 255.000000
vt 0.843750 0.297526 0.0
#joint 5
#vjoint 792
f 790/790 791/791 792/792
#fvcolorindex 790 791 792 
v 513.049377 434.918854 55.439217
#vcolor 184.000000 184.000000 184.000000 255.000000
vt 0.835938 0.138672 0.0
#joint 5
#vjoint 793
v 430.049377 432.918854 53.439217
#vcolor 188.000000 188.000000 188.000000 255.000000
vt 0.843750 0.297526 0.0
#joint 5
#vjoint 794
v 512.049377 392.918854 65.439217
#vcolor 255.000000 255.000000 255.000000 255.000000
vt 0.569336 0.138021 0.0
#joint 5
#vjoint 795
f 793/793 794/794 795/795
#fvcolorindex 793 794 795 
v 512.049377 392.918854 65.439217
#vcolor 255.000000 255.000000 255.000000 255.000000
vt 0.569336 0.138021 0.0
#joint 5
#vjoint 796
v 430.049377 432.918854 53.439217
#vcolor 188.000000 188.000000 188.000000 255.000000
vt 0.843750 0.297526 0.0
#joint 5
#vjoint 797
v 429.049377 392.918854 63.439217
#vcolor 255.000000 255.000000 255.000000 255.000000
vt 0.589844 0.296875 0.0
#joint 5
#vjoint 798
f 796/796 797/797 798/798
#fvcolorindex 796 797 798 
v 512.049377 392.918854 65.439217
#vcolor 255.000000 255.000000 255.000000 255.000000
vt 0.569336 0.138021 0.0
#joint 5
#vjoint 799
v 429.049377 392.918854 63.439217
#vcolor 255.000000 255.000000 255.000000 255.000000
vt 0.589844 0.296875 0.0
#joint 5
#vjoint 800
v 512.049377 347.918854 52.439217
#vcolor 27.000000 27.000000 27.000000 255.000000
vt 0.276367 0.133464 0.0
#joint 5
#vjoint 801
f 799/799 800/800 801/801
#fvcolorindex 799 800 801 
v 512.049377 347.918854 52.439217
#vcolor 27.000000 27.000000 27.000000 255.000000
vt 0.276367 0.133464 0.0
#joint 5
#vjoint 802
v 429.049377 392.918854 63.439217
#vcolor 255.000000 255.000000 255.000000 255.000000
vt 0.589844 0.296875 0.0
#joint 5
#vjoint 803
v 430.049377 344.918854 57.439217
#vcolor 27.000000 27.000000 27.000000 255.000000
vt 0.280273 0.292318 0.0
#joint 5
#vjoint 804
f 802/802 803/803 804/804
#fvcolorindex 802 803 804 
v 512.049377 347.918854 52.439217
#vcolor 27.000000 27.000000 27.000000 255.000000
vt 0.276367 0.133464 0.0
#joint 5
#vjoint 805
v 430.049377 344.918854 57.439217
#vcolor 27.000000 27.000000 27.000000 255.000000
vt 0.280273 0.292318 0.0
#joint 5
#vjoint 806
v 514.049377 341.918854 -4.560778
#vcolor 27.000000 27.000000 27.000000 255.000000
vt 0.245117 0.132161 0.0
#joint 5
#vjoint 807
f 805/805 806/806 807/807
#fvcolorindex 805 806 807 
v 514.049377 341.918854 -4.560778
#vcolor 27.000000 27.000000 27.000000 255.000000
vt 0.245117 0.132161 0.0
#joint 5
#vjoint 808
v 430.049377 344.918854 57.439217
#vcolor 27.000000 27.000000 27.000000 255.000000
vt 0.280273 0.292318 0.0
#joint 5
#vjoint 809
v 428.049377 336.918854 -6.560778
#vcolor 27.000000 27.000000 27.000000 255.000000
vt 0.236328 0.298177 0.0
#joint 5
#vjoint 810
f 808/808 809/809 810/810
#fvcolorindex 808 809 810 
usemtl m11
v 695.853027 372.174072 14.000621
#vcolor 212.000000 212.000000 212.000000 255.000000
vt 0.312500 0.562500 0.0
#joint 7
#vjoint 811
v 694.049377 352.918854 22.439219
#vcolor 182.000000 182.000000 182.000000 255.000000
vt 0.375000 0.562500 0.0
#joint 5
#vjoint 812
v 695.853027 375.174072 -16.999376
#vcolor 212.000000 212.000000 212.000000 255.000000
vt 0.250000 0.656250 0.0
#joint 7
#vjoint 813
f 811/811 812/812 813/813
#fvcolorindex 811 812 813 
v 695.049377 362.918854 65.439217
#vcolor 182.000000 182.000000 182.000000 255.000000
vt 0.437500 0.406250 0.0
#joint 5
#vjoint 814
v 694.049377 352.918854 22.439219
#vcolor 182.000000 182.000000 182.000000 255.000000
vt 0.375000 0.562500 0.0
#joint 5
#vjoint 815
v 695.853027 372.174072 14.000621
#vcolor 212.000000 212.000000 212.000000 255.000000
vt 0.312500 0.562500 0.0
#joint 7
#vjoint 816
f 814/814 815/815 816/816
#fvcolorindex 814 815 816 
v 694.853027 369.174072 48.000618
#vcolor 212.000000 212.000000 212.000000 255.000000
vt 0.406250 0.468750 0.0
#joint 7
#vjoint 817
v 695.049377 362.918854 65.439217
#vcolor 182.000000 182.000000 182.000000 255.000000
vt 0.437500 0.406250 0.0
#joint 5
#vjoint 818
v 695.853027 372.174072 14.000621
#vcolor 212.000000 212.000000 212.000000 255.000000
vt 0.312500 0.562500 0.0
#joint 7
#vjoint 819
f 817/817 818/818 819/819
#fvcolorindex 817 818 819 
v 693.049377 417.918854 67.439217
#vcolor 94.000000 94.000000 94.000000 255.000000
vt 0.343750 0.312500 0.0
#joint 5
#vjoint 820
v 695.049377 362.918854 65.439217
#vcolor 182.000000 182.000000 182.000000 255.000000
vt 0.437500 0.406250 0.0
#joint 5
#vjoint 821
v 694.853027 369.174072 48.000618
#vcolor 212.000000 212.000000 212.000000 255.000000
vt 0.406250 0.468750 0.0
#joint 7
#vjoint 822
f 820/820 821/821 822/822
#fvcolorindex 820 821 822 
v 690.853027 424.174072 51.000618
#vcolor 94.000000 94.000000 94.000000 255.000000
vt 0.281250 0.375000 0.0
#joint 7
#vjoint 823
v 693.049377 417.918854 67.439217
#vcolor 94.000000 94.000000 94.000000 255.000000
vt 0.343750 0.312500 0.0
#joint 5
#vjoint 824
v 694.853027 369.174072 48.000618
#vcolor 212.000000 212.000000 212.000000 255.000000
vt 0.406250 0.468750 0.0
#joint 7
#vjoint 825
f 823/823 824/824 825/825
#fvcolorindex 823 824 825 
v 693.049377 444.918854 23.439219
#vcolor 94.000000 94.000000 94.000000 255.000000
vt 0.187500 0.437500 0.0
#joint 5
#vjoint 826
v 693.049377 417.918854 67.439217
#vcolor 94.000000 94.000000 94.000000 255.000000
vt 0.343750 0.312500 0.0
#joint 5
#vjoint 827
v 690.853027 424.174072 51.000618
#vcolor 94.000000 94.000000 94.000000 255.000000
vt 0.281250 0.375000 0.0
#joint 7
#vjoint 828
f 826/826 827/827 828/828
#fvcolorindex 826 827 828 
v 691.853027 434.174072 21.000620
#vcolor 94.000000 94.000000 94.000000 255.000000
vt 0.218750 0.437500 0.0
#joint 7
#vjoint 829
v 693.049377 444.918854 23.439219
#vcolor 94.000000 94.000000 94.000000 255.000000
vt 0.187500 0.437500 0.0
#joint 5
#vjoint 830
v 690.853027 424.174072 51.000618
#vcolor 94.000000 94.000000 94.000000 255.000000
vt 0.281250 0.375000 0.0
#joint 7
#vjoint 831
f 829/829 830/830 831/831
#fvcolorindex 829 830 831 
v 695.049377 418.918854 -26.560778
#vcolor 94.000000 94.000000 94.000000 255.000000
vt 0.125000 0.625000 0.0
#joint 5
#vjoint 832
v 693.049377 444.918854 23.439219
#vcolor 94.000000 94.000000 94.000000 255.000000
vt 0.187500 0.437500 0.0
#joint 5
#vjoint 833
v 691.853027 434.174072 21.000620
#vcolor 94.000000 94.000000 94.000000 255.000000
vt 0.218750 0.437500 0.0
#joint 7
#vjoint 834
f 832/832 833/833 834/834
#fvcolorindex 832 833 834 
v 692.853027 410.174072 -21.999376
#vcolor 94.000000 94.000000 94.000000 255.000000
vt 0.156250 0.625000 0.0
#joint 7
#vjoint 835
v 695.049377 418.918854 -26.560778
#vcolor 94.000000 94.000000 94.000000 255.000000
vt 0.125000 0.625000 0.0
#joint 5
#vjoint 836
v 691.853027 434.174072 21.000620
#vcolor 94.000000 94.000000 94.000000 255.000000
vt 0.218750 0.437500 0.0
#joint 7
#vjoint 837
f 835/835 836/836 837/837
#fvcolorindex 835 836 837 
v 693.049377 371.918854 -33.560776
#vcolor 182.000000 182.000000 182.000000 255.000000
vt 0.218750 0.718750 0.0
#joint 5
#vjoint 838
v 695.049377 418.918854 -26.560778
#vcolor 94.000000 94.000000 94.000000 255.000000
vt 0.125000 0.625000 0.0
#joint 5
#vjoint 839
v 692.853027 410.174072 -21.999376
#vcolor 94.000000 94.000000 94.000000 255.000000
vt 0.156250 0.625000 0.0
#joint 7
#vjoint 840
f 838/838 839/839 840/840
#fvcolorindex 838 839 840 
v 695.853027 375.174072 -16.999376
#vcolor 212.000000 212.000000 212.000000 255.000000
vt 0.250000 0.656250 0.0
#joint 7
#vjoint 841
v 693.049377 371.918854 -33.560776
#vcolor 182.000000 182.000000 182.000000 255.000000
vt 0.218750 0.718750 0.0
#joint 5
#vjoint 842
v 692.853027 410.174072 -21.999376
#vcolor 94.000000 94.000000 94.000000 255.000000
vt 0.156250 0.625000 0.0
#joint 7
#vjoint 843
f 841/841 842/842 843/843
#fvcolorindex 841 842 843 
v 694.049377 352.918854 22.439219
#vcolor 182.000000 182.000000 182.000000 255.000000
vt 0.375000 0.562500 0.0
#joint 5
#vjoint 844
v 693.049377 371.918854 -33.560776
#vcolor 182.000000 182.000000 182.000000 255.000000
vt 0.218750 0.718750 0.0
#joint 5
#vjoint 845
v 695.853027 375.174072 -16.999376
#vcolor 212.000000 212.000000 212.000000 255.000000
vt 0.250000 0.656250 0.0
#joint 7
#vjoint 846
f 844/844 845/845 846/846
#fvcolorindex 844 845 846 
g Room0B_primary
usemtl m1ClampT
v 433.049377 398.918854 -44.560776
#vcolor 255.000000 255.000000 255.000000 255.000000
vt 0.636719 0.292969 0.0
#joint 5
#vjoint 847
v 337.941437 429.128510 7.000000
#vcolor 197.000000 197.000000 197.000000 255.000000
vt 0.847656 0.476562 0.0
#joint 3
#vjoint 848
v 431.049377 434.918854 8.439220
#vcolor 197.000000 197.000000 197.000000 255.000000
vt 0.865234 0.297526 0.0
#joint 5
#vjoint 849
f 847/847 848/848 849/849
#fvcolorindex 847 848 849 
v 351.941437 398.128510 -47.999996
#vcolor 255.000000 255.000000 255.000000 255.000000
vt 0.652344 0.449870 0.0
#joint 3
#vjoint 850
v 337.941437 429.128510 7.000000
#vcolor 197.000000 197.000000 197.000000 255.000000
vt 0.847656 0.476562 0.0
#joint 3
#vjoint 851
v 433.049377 398.918854 -44.560776
#vcolor 255.000000 255.000000 255.000000 255.000000
vt 0.636719 0.292969 0.0
#joint 5
#vjoint 852
f 850/850 851/851 852/852
#fvcolorindex 850 851 852 
v 428.049377 336.918854 -6.560778
#vcolor 27.000000 27.000000 27.000000 255.000000
vt 0.236328 0.298177 0.0
#joint 5
#vjoint 853
v 351.941437 398.128510 -47.999996
#vcolor 255.000000 255.000000 255.000000 255.000000
vt 0.652344 0.449870 0.0
#joint 3
#vjoint 854
v 433.049377 398.918854 -44.560776
#vcolor 255.000000 255.000000 255.000000 255.000000
vt 0.636719 0.292969 0.0
#joint 5
#vjoint 855
f 853/853 854/854 855/855
#fvcolorindex 853 854 855 
v 348.941437 323.128510 -8.000000
#vcolor 27.000000 27.000000 27.000000 255.000000
vt 0.169922 0.447917 0.0
#joint 3
#vjoint 856
v 351.941437 398.128510 -47.999996
#vcolor 255.000000 255.000000 255.000000 255.000000
vt 0.652344 0.449870 0.0
#joint 3
#vjoint 857
v 428.049377 336.918854 -6.560778
#vcolor 27.000000 27.000000 27.000000 255.000000
vt 0.236328 0.298177 0.0
#joint 5
#vjoint 858
f 856/856 857/857 858/858
#fvcolorindex 856 857 858 
v 430.049377 344.918854 57.439217
#vcolor 27.000000 27.000000 27.000000 255.000000
vt 0.280273 0.292318 0.0
#joint 5
#vjoint 859
v 348.941437 323.128510 -8.000000
#vcolor 27.000000 27.000000 27.000000 255.000000
vt 0.169922 0.447917 0.0
#joint 3
#vjoint 860
v 428.049377 336.918854 -6.560778
#vcolor 27.000000 27.000000 27.000000 255.000000
vt 0.236328 0.298177 0.0
#joint 5
#vjoint 861
f 859/859 860/860 861/861
#fvcolorindex 859 860 861 
v 347.941437 339.128510 63.999996
#vcolor 27.000000 27.000000 27.000000 255.000000
vt 0.263672 0.449219 0.0
#joint 3
#vjoint 862
v 348.941437 323.128510 -8.000000
#vcolor 27.000000 27.000000 27.000000 255.000000
vt 0.169922 0.447917 0.0
#joint 3
#vjoint 863
v 430.049377 344.918854 57.439217
#vcolor 27.000000 27.000000 27.000000 255.000000
vt 0.280273 0.292318 0.0
#joint 5
#vjoint 864
f 862/862 863/863 864/864
#fvcolorindex 862 863 864 
v 429.049377 392.918854 63.439217
#vcolor 255.000000 255.000000 255.000000 255.000000
vt 0.589844 0.296875 0.0
#joint 5
#vjoint 865
v 347.941437 339.128510 63.999996
#vcolor 27.000000 27.000000 27.000000 255.000000
vt 0.263672 0.449219 0.0
#joint 3
#vjoint 866
v 430.049377 344.918854 57.439217
#vcolor 27.000000 27.000000 27.000000 255.000000
vt 0.280273 0.292318 0.0
#joint 5
#vjoint 867
f 865/865 866/866 867/867
#fvcolorindex 865 866 867 
v 348.941437 391.128510 66.999992
#vcolor 255.000000 255.000000 255.000000 255.000000
vt 0.594727 0.449870 0.0
#joint 3
#vjoint 868
v 347.941437 339.128510 63.999996
#vcolor 27.000000 27.000000 27.000000 255.000000
vt 0.263672 0.449219 0.0
#joint 3
#vjoint 869
v 429.049377 392.918854 63.439217
#vcolor 255.000000 255.000000 255.000000 255.000000
vt 0.589844 0.296875 0.0
#joint 5
#vjoint 870
f 868/868 869/869 870/870
#fvcolorindex 868 869 870 
v 430.049377 432.918854 53.439217
#vcolor 188.000000 188.000000 188.000000 255.000000
vt 0.843750 0.297526 0.0
#joint 5
#vjoint 871
v 348.941437 391.128510 66.999992
#vcolor 255.000000 255.000000 255.000000 255.000000
vt 0.594727 0.449870 0.0
#joint 3
#vjoint 872
v 429.049377 392.918854 63.439217
#vcolor 255.000000 255.000000 255.000000 255.000000
vt 0.589844 0.296875 0.0
#joint 5
#vjoint 873
f 871/871 872/872 873/873
#fvcolorindex 871 872 873 
v 346.941437 426.128510 57.999996
#vcolor 197.000000 197.000000 197.000000 255.000000
vt 0.822266 0.455729 0.0
#joint 3
#vjoint 874
v 348.941437 391.128510 66.999992
#vcolor 255.000000 255.000000 255.000000 255.000000
vt 0.594727 0.449870 0.0
#joint 3
#vjoint 875
v 430.049377 432.918854 53.439217
#vcolor 188.000000 188.000000 188.000000 255.000000
vt 0.843750 0.297526 0.0
#joint 5
#vjoint 876
f 874/874 875/875 876/876
#fvcolorindex 874 875 876 
v 431.049377 434.918854 8.439220
#vcolor 197.000000 197.000000 197.000000 255.000000
vt 0.865234 0.297526 0.0
#joint 5
#vjoint 877
v 346.941437 426.128510 57.999996
#vcolor 197.000000 197.000000 197.000000 255.000000
vt 0.822266 0.455729 0.0
#joint 3
#vjoint 878
v 430.049377 432.918854 53.439217
#vcolor 188.000000 188.000000 188.000000 255.000000
vt 0.843750 0.297526 0.0
#joint 5
#vjoint 879
f 877/877 878/878 879/879
#fvcolorindex 877 878 879 
v 337.941437 429.128510 7.000000
#vcolor 197.000000 197.000000 197.000000 255.000000
vt 0.847656 0.476562 0.0
#joint 3
#vjoint 880
v 346.941437 426.128510 57.999996
#vcolor 197.000000 197.000000 197.000000 255.000000
vt 0.822266 0.455729 0.0
#joint 3
#vjoint 881
v 431.049377 434.918854 8.439220
#vcolor 197.000000 197.000000 197.000000 255.000000
vt 0.865234 0.297526 0.0
#joint 5
#vjoint 882
f 880/880 881/881 882/882
#fvcolorindex 880 881 882 
v 245.941452 301.128510 70.999992
#vcolor 27.000000 27.000000 27.000000 255.000000
vt 0.037109 0.615885 0.0
#joint 3
#vjoint 883
v 257.941437 295.128510 -14.999999
#vcolor 27.000000 27.000000 27.000000 255.000000
vt 0.007812 0.597005 0.0
#joint 3
#vjoint 884
v 347.941437 339.128510 63.999996
#vcolor 27.000000 27.000000 27.000000 255.000000
vt 0.263672 0.449219 0.0
#joint 3
#vjoint 885
f 883/883 884/884 885/885
#fvcolorindex 883 884 885 
v 348.941437 391.128510 66.999992
#vcolor 255.000000 255.000000 255.000000 255.000000
vt 0.594727 0.449870 0.0
#joint 3
#vjoint 886
v 182.941452 355.128510 71.999992
#vcolor 255.000000 255.000000 255.000000 255.000000
vt 0.403320 0.740885 0.0
#joint 3
#vjoint 887
v 347.941437 339.128510 63.999996
#vcolor 27.000000 27.000000 27.000000 255.000000
vt 0.263672 0.449219 0.0
#joint 3
#vjoint 888
f 886/886 887/887 888/888
#fvcolorindex 886 887 888 
v 170.941452 346.128510 -56.999996
#vcolor 255.000000 255.000000 255.000000 255.000000
vt 0.362305 0.767578 0.0
#joint 3
#vjoint 889
v 133.941452 381.128510 8.999999
#vcolor 197.000000 197.000000 197.000000 255.000000
vt 0.592773 0.839193 0.0
#joint 3
#vjoint 890
v 351.941437 398.128510 -47.999996
#vcolor 255.000000 255.000000 255.000000 255.000000
vt 0.652344 0.449870 0.0
#joint 3
#vjoint 891
f 889/889 890/890 891/891
#fvcolorindex 889 890 891 
v 182.941452 355.128510 71.999992
#vcolor 255.000000 255.000000 255.000000 255.000000
vt 0.403320 0.740885 0.0
#joint 3
#vjoint 892
v 245.941452 301.128510 70.999992
#vcolor 27.000000 27.000000 27.000000 255.000000
vt 0.037109 0.615885 0.0
#joint 3
#vjoint 893
v 347.941437 339.128510 63.999996
#vcolor 27.000000 27.000000 27.000000 255.000000
vt 0.263672 0.449219 0.0
#joint 3
#vjoint 894
f 892/892 893/893 894/894
#fvcolorindex 892 893 894 
v 170.941452 346.128510 -56.999996
#vcolor 255.000000 255.000000 255.000000 255.000000
vt 0.362305 0.767578 0.0
#joint 3
#vjoint 895
v 351.941437 398.128510 -47.999996
#vcolor 255.000000 255.000000 255.000000 255.000000
vt 0.652344 0.449870 0.0
#joint 3
#vjoint 896
v 257.941437 295.128510 -14.999999
#vcolor 27.000000 27.000000 27.000000 255.000000
vt 0.007812 0.597005 0.0
#joint 3
#vjoint 897
f 895/895 896/896 897/897
#fvcolorindex 895 896 897 
v 257.941437 295.128510 -14.999999
#vcolor 27.000000 27.000000 27.000000 255.000000
vt 0.007812 0.597005 0.0
#joint 3
#vjoint 898
v 351.941437 398.128510 -47.999996
#vcolor 255.000000 255.000000 255.000000 255.000000
vt 0.652344 0.449870 0.0
#joint 3
#vjoint 899
v 348.941437 323.128510 -8.000000
#vcolor 27.000000 27.000000 27.000000 255.000000
vt 0.169922 0.447917 0.0
#joint 3
#vjoint 900
f 898/898 899/899 900/900
#fvcolorindex 898 899 900 
v 346.941437 426.128510 57.999996
#vcolor 197.000000 197.000000 197.000000 255.000000
vt 0.822266 0.455729 0.0
#joint 3
#vjoint 901
v 133.941452 381.128510 8.999999
#vcolor 197.000000 197.000000 197.000000 255.000000
vt 0.592773 0.839193 0.0
#joint 3
#vjoint 902
v 182.941452 355.128510 71.999992
#vcolor 255.000000 255.000000 255.000000 255.000000
vt 0.403320 0.740885 0.0
#joint 3
#vjoint 903
f 901/901 902/902 903/903
#fvcolorindex 901 902 903 
v 257.941437 295.128510 -14.999999
#vcolor 27.000000 27.000000 27.000000 255.000000
vt 0.007812 0.597005 0.0
#joint 3
#vjoint 904
v 348.941437 323.128510 -8.000000
#vcolor 27.000000 27.000000 27.000000 255.000000
vt 0.169922 0.447917 0.0
#joint 3
#vjoint 905
v 347.941437 339.128510 63.999996
#vcolor 27.000000 27.000000 27.000000 255.000000
vt 0.263672 0.449219 0.0
#joint 3
#vjoint 906
f 904/904 905/905 906/906
#fvcolorindex 904 905 906 
v 133.941452 381.128510 8.999999
#vcolor 197.000000 197.000000 197.000000 255.000000
vt 0.592773 0.839193 0.0
#joint 3
#vjoint 907
v 337.941437 429.128510 7.000000
#vcolor 197.000000 197.000000 197.000000 255.000000
vt 0.847656 0.476562 0.0
#joint 3
#vjoint 908
v 351.941437 398.128510 -47.999996
#vcolor 255.000000 255.000000 255.000000 255.000000
vt 0.652344 0.449870 0.0
#joint 3
#vjoint 909
f 907/907 908/908 909/909
#fvcolorindex 907 908 909 
v 346.941437 426.128510 57.999996
#vcolor 197.000000 197.000000 197.000000 255.000000
vt 0.822266 0.455729 0.0
#joint 3
#vjoint 910
v 337.941437 429.128510 7.000000
#vcolor 197.000000 197.000000 197.000000 255.000000
vt 0.847656 0.476562 0.0
#joint 3
#vjoint 911
v 133.941452 381.128510 8.999999
#vcolor 197.000000 197.000000 197.000000 255.000000
vt 0.592773 0.839193 0.0
#joint 3
#vjoint 912
f 910/910 911/911 912/912
#fvcolorindex 910 911 912 
v 346.941437 426.128510 57.999996
#vcolor 197.000000 197.000000 197.000000 255.000000
vt 0.822266 0.455729 0.0
#joint 3
#vjoint 913
v 182.941452 355.128510 71.999992
#vcolor 255.000000 255.000000 255.000000 255.000000
vt 0.403320 0.740885 0.0
#joint 3
#vjoint 914
v 348.941437 391.128510 66.999992
#vcolor 255.000000 255.000000 255.000000 255.000000
vt 0.594727 0.449870 0.0
#joint 3
#vjoint 915
f 913/913 914/914 915/915
#fvcolorindex 913 914 915 
v 245.941452 301.128510 70.999992
#vcolor 27.000000 27.000000 27.000000 255.000000
vt 0.037109 0.615885 0.0
#joint 3
#vjoint 916
v 172.229584 302.036041 69.999992
#vcolor 27.000000 27.000000 27.000000 255.000000
vt 0.000977 0.620443 0.0
#joint 1
#vjoint 917
v 257.941437 295.128510 -14.999999
#vcolor 27.000000 27.000000 27.000000 255.000000
vt 0.007812 0.597005 0.0
#joint 3
#vjoint 918
f 916/916 917/917 918/918
#fvcolorindex 916 917 918 
v 257.941437 295.128510 -14.999999
#vcolor 27.000000 27.000000 27.000000 255.000000
vt 0.007812 0.597005 0.0
#joint 3
#vjoint 919
v 172.229584 302.036041 69.999992
#vcolor 27.000000 27.000000 27.000000 255.000000
vt 0.000977 0.620443 0.0
#joint 1
#vjoint 920
v 169.229584 291.036041 -16.999998
#vcolor 27.000000 27.000000 27.000000 255.000000
vt -0.019531 0.598958 0.0
#joint 1
#vjoint 921
f 919/919 920/920 921/921
#fvcolorindex 919 920 921 
v 257.941437 295.128510 -14.999999
#vcolor 27.000000 27.000000 27.000000 255.000000
vt 0.007812 0.597005 0.0
#joint 3
#vjoint 922
v 169.229584 291.036041 -16.999998
#vcolor 27.000000 27.000000 27.000000 255.000000
vt -0.019531 0.598958 0.0
#joint 1
#vjoint 923
v 170.941452 346.128510 -56.999996
#vcolor 255.000000 255.000000 255.000000 255.000000
vt 0.362305 0.767578 0.0
#joint 3
#vjoint 924
f 922/922 923/923 924/924
#fvcolorindex 922 923 924 
v 170.941452 346.128510 -56.999996
#vcolor 255.000000 255.000000 255.000000 255.000000
vt 0.362305 0.767578 0.0
#joint 3
#vjoint 925
v 169.229584 291.036041 -16.999998
#vcolor 27.000000 27.000000 27.000000 255.000000
vt -0.019531 0.598958 0.0
#joint 1
#vjoint 926
v 174.229584 425.036041 -50.999996
#vcolor 255.000000 255.000000 255.000000 255.000000
vt 0.041992 0.855469 0.0
#joint 1
#vjoint 927
f 925/925 926/926 927/927
#fvcolorindex 925 926 927 
v 170.941452 346.128510 -56.999996
#vcolor 255.000000 255.000000 255.000000 255.000000
vt 0.362305 0.767578 0.0
#joint 3
#vjoint 928
v 174.229584 425.036041 -50.999996
#vcolor 255.000000 255.000000 255.000000 255.000000
vt 0.041992 0.855469 0.0
#joint 1
#vjoint 929
v 133.941452 381.128510 8.999999
#vcolor 197.000000 197.000000 197.000000 255.000000
vt 0.592773 0.839193 0.0
#joint 3
#vjoint 930
f 928/928 929/929 930/930
#fvcolorindex 928 929 930 
v 133.941452 381.128510 8.999999
#vcolor 197.000000 197.000000 197.000000 255.000000
vt 0.592773 0.839193 0.0
#joint 3
#vjoint 931
v 174.229584 425.036041 -50.999996
#vcolor 255.000000 255.000000 255.000000 255.000000
vt 0.041992 0.855469 0.0
#joint 1
#vjoint 932
v 174.229584 447.036041 26.999998
#vcolor 184.000000 184.000000 184.000000 255.000000
vt 0.049805 0.899740 0.0
#joint 1
#vjoint 933
f 931/931 932/932 933/933
#fvcolorindex 931 932 933 
v 133.941452 381.128510 8.999999
#vcolor 197.000000 197.000000 197.000000 255.000000
vt 0.592773 0.839193 0.0
#joint 3
#vjoint 934
v 174.229584 447.036041 26.999998
#vcolor 184.000000 184.000000 184.000000 255.000000
vt 0.049805 0.899740 0.0
#joint 1
#vjoint 935
v 182.941452 355.128510 71.999992
#vcolor 255.000000 255.000000 255.000000 255.000000
vt 0.403320 0.740885 0.0
#joint 3
#vjoint 936
f 934/934 935/935 936/936
#fvcolorindex 934 935 936 
v 182.941452 355.128510 71.999992
#vcolor 255.000000 255.000000 255.000000 255.000000
vt 0.403320 0.740885 0.0
#joint 3
#vjoint 937
v 174.229584 447.036041 26.999998
#vcolor 184.000000 184.000000 184.000000 255.000000
vt 0.049805 0.899740 0.0
#joint 1
#vjoint 938
v 173.229584 405.036041 78.999992
#vcolor 255.000000 255.000000 255.000000 255.000000
vt 0.033203 0.817708 0.0
#joint 1
#vjoint 939
f 937/937 938/938 939/939
#fvcolorindex 937 938 939 
v 182.941452 355.128510 71.999992
#vcolor 255.000000 255.000000 255.000000 255.000000
vt 0.403320 0.740885 0.0
#joint 3
#vjoint 940
v 173.229584 405.036041 78.999992
#vcolor 255.000000 255.000000 255.000000 255.000000
vt 0.033203 0.817708 0.0
#joint 1
#vjoint 941
v 245.941452 301.128510 70.999992
#vcolor 27.000000 27.000000 27.000000 255.000000
vt 0.037109 0.615885 0.0
#joint 3
#vjoint 942
f 940/940 941/941 942/942
#fvcolorindex 940 941 942 
v 245.941452 301.128510 70.999992
#vcolor 27.000000 27.000000 27.000000 255.000000
vt 0.037109 0.615885 0.0
#joint 3
#vjoint 943
v 173.229584 405.036041 78.999992
#vcolor 255.000000 255.000000 255.000000 255.000000
vt 0.033203 0.817708 0.0
#joint 1
#vjoint 944
v 172.229584 302.036041 69.999992
#vcolor 27.000000 27.000000 27.000000 255.000000
vt 0.000977 0.620443 0.0
#joint 1
#vjoint 945
f 943/943 944/944 945/945
#fvcolorindex 943 944 945 
g Room0C_primary
usemtl m5ClampSClampT
v -770.351990 430.311554 -28.999998
#vcolor 240.000000 240.000000 240.000000 255.000000
vt 0.157227 0.590820 0.0
#joint 8
#vjoint 946
v -782.351990 455.311554 53.999996
#vcolor 240.000000 240.000000 240.000000 255.000000
vt 0.760742 0.878906 0.0
#joint 8
#vjoint 947
v -685.351990 433.311554 8.000000
#vcolor 255.000000 255.000000 255.000000 255.000000
vt 0.488281 0.053711 0.0
#joint 8
#vjoint 948
f 946/946 947/947 948/948
#fvcolorindex 946 947 948 
v -782.351990 455.311554 53.999996
#vcolor 240.000000 240.000000 240.000000 255.000000
vt 0.760742 0.878906 0.0
#joint 8
#vjoint 949
v -686.351990 428.311554 43.999996
#vcolor 255.000000 255.000000 255.000000 255.000000
vt 0.756836 0.146484 0.0
#joint 8
#vjoint 950
v -685.351990 433.311554 8.000000
#vcolor 255.000000 255.000000 255.000000 255.000000
vt 0.488281 0.053711 0.0
#joint 8
#vjoint 951
f 949/949 950/950 951/951
#fvcolorindex 949 950 951 
v -770.351990 430.311554 -28.999998
#vcolor 240.000000 240.000000 240.000000 255.000000
vt 0.157227 0.590820 0.0
#joint 8
#vjoint 952
v -685.351990 433.311554 8.000000
#vcolor 255.000000 255.000000 255.000000 255.000000
vt 0.488281 0.053711 0.0
#joint 8
#vjoint 953
v -685.351990 415.311554 -28.999998
#vcolor 255.000000 255.000000 255.000000 255.000000
vt 0.218750 -0.033203 0.0
#joint 8
#vjoint 954
f 952/952 953/953 954/954
#fvcolorindex 952 953 954 
usemtl m6ClampSClampT
v -685.351990 415.311554 -28.999998
#vcolor 255.000000 255.000000 255.000000 255.000000
vt 0.473633 -0.060547 0.0
#joint 8
#vjoint 955
v -793.351990 382.311554 -45.999996
#vcolor 240.000000 240.000000 240.000000 255.000000
vt 0.751953 0.927734 0.0
#joint 8
#vjoint 956
v -770.351990 430.311554 -28.999998
#vcolor 240.000000 240.000000 240.000000 255.000000
vt 0.121094 0.530273 0.0
#joint 8
#vjoint 957
f 955/955 956/956 957/957
#fvcolorindex 955 956 957 
v -688.351990 380.311554 -23.999998
#vcolor 255.000000 255.000000 255.000000 255.000000
vt 0.961914 0.124023 0.0
#joint 8
#vjoint 958
v -793.351990 382.311554 -45.999996
#vcolor 240.000000 240.000000 240.000000 255.000000
vt 0.751953 0.927734 0.0
#joint 8
#vjoint 959
v -685.351990 415.311554 -28.999998
#vcolor 255.000000 255.000000 255.000000 255.000000
vt 0.473633 -0.060547 0.0
#joint 8
#vjoint 960
f 958/958 959/959 960/960
#fvcolorindex 958 959 960 
usemtl m7ClampSClampT
v -686.351990 428.311554 43.999996
#vcolor 255.000000 255.000000 255.000000 255.000000
vt 0.079102 0.857422 0.0
#joint 8
#vjoint 961
v -805.351990 376.311554 57.999996
#vcolor 240.000000 240.000000 240.000000 255.000000
vt 0.938477 0.070312 0.0
#joint 8
#vjoint 962
v -690.351990 373.311554 39.999996
#vcolor 255.000000 255.000000 255.000000 255.000000
vt 0.608398 0.903320 0.0
#joint 8
#vjoint 963
f 961/961 962/962 963/963
#fvcolorindex 961 962 963 
v -782.351990 455.311554 53.999996
#vcolor 240.000000 240.000000 240.000000 255.000000
vt 0.125000 0.128906 0.0
#joint 8
#vjoint 964
v -805.351990 376.311554 57.999996
#vcolor 240.000000 240.000000 240.000000 255.000000
vt 0.938477 0.070312 0.0
#joint 8
#vjoint 965
v -686.351990 428.311554 43.999996
#vcolor 255.000000 255.000000 255.000000 255.000000
vt 0.079102 0.857422 0.0
#joint 8
#vjoint 966
f 964/964 965/965 966/966
#fvcolorindex 964 965 966 
usemtl m8ClampSClampT
v -693.351990 376.311554 8.999999
#vcolor 255.000000 255.000000 255.000000 255.000000
vt 0.587891 -0.011719 0.0
#joint 8
#vjoint 967
v -690.351990 373.311554 39.999996
#vcolor 255.000000 255.000000 255.000000 255.000000
vt 0.869141 -0.057617 0.0
#joint 8
#vjoint 968
v -805.351990 376.311554 57.999996
#vcolor 240.000000 240.000000 240.000000 255.000000
vt 0.945312 0.666016 0.0
#joint 8
#vjoint 969
f 967/967 968/968 969/969
#fvcolorindex 967 968 969 
v -793.351990 382.311554 -45.999996
#vcolor 240.000000 240.000000 240.000000 255.000000
vt 0.023438 0.686523 0.0
#joint 8
#vjoint 970
v -688.351990 380.311554 -23.999998
#vcolor 255.000000 255.000000 255.000000 255.000000
vt 0.294922 -0.007812 0.0
#joint 8
#vjoint 971
v -693.351990 376.311554 8.999999
#vcolor 255.000000 255.000000 255.000000 255.000000
vt 0.587891 -0.011719 0.0
#joint 8
#vjoint 972
f 970/970 971/971 972/972
#fvcolorindex 970 971 972 
v -793.351990 382.311554 -45.999996
#vcolor 240.000000 240.000000 240.000000 255.000000
vt 0.023438 0.686523 0.0
#joint 8
#vjoint 973
v -693.351990 376.311554 8.999999
#vcolor 255.000000 255.000000 255.000000 255.000000
vt 0.587891 -0.011719 0.0
#joint 8
#vjoint 974
v -805.351990 376.311554 57.999996
#vcolor 240.000000 240.000000 240.000000 255.000000
vt 0.945312 0.666016 0.0
#joint 8
#vjoint 975
f 973/973 974/974 975/975
#fvcolorindex 973 974 975 
usemtl m9
v -805.351990 376.311554 57.999996
#vcolor 240.000000 240.000000 240.000000 255.000000
vt 0.916016 0.438477 0.0
#joint 8
#vjoint 976
v -770.351990 430.311554 -28.999998
#vcolor 240.000000 240.000000 240.000000 255.000000
vt 0.165039 0.708984 0.0
#joint 8
#vjoint 977
v -793.351990 382.311554 -45.999996
#vcolor 240.000000 240.000000 240.000000 255.000000
vt -0.006836 0.381836 0.0
#joint 8
#vjoint 978
f 976/976 977/977 978/978
#fvcolorindex 976 977 978 
v -782.351990 455.311554 53.999996
#vcolor 240.000000 240.000000 240.000000 255.000000
vt 0.909180 0.949219 0.0
#joint 8
#vjoint 979
v -770.351990 430.311554 -28.999998
#vcolor 240.000000 240.000000 240.000000 255.000000
vt 0.165039 0.708984 0.0
#joint 8
#vjoint 980
v -805.351990 376.311554 57.999996
#vcolor 240.000000 240.000000 240.000000 255.000000
vt 0.916016 0.438477 0.0
#joint 8
#vjoint 981
f 979/979 980/980 981/981
#fvcolorindex 979 980 981 
g Room0D_primary
usemtl m10ClampSClampT
v -686.212952 440.946747 49.999996
#vcolor 255.000000 255.000000 255.000000 255.000000
vt 0.150391 0.046875 0.0
#joint 6
#vjoint 982
v -505.212952 400.946747 60.999996
#vcolor 255.000000 255.000000 255.000000 255.000000
vt 0.259766 0.870443 0.0
#joint 6
#vjoint 983
v -506.212952 441.946747 51.999996
#vcolor 136.000000 136.000000 136.000000 255.000000
vt 0.150391 0.866536 0.0
#joint 6
#vjoint 984
f 982/982 983/983 984/984
#fvcolorindex 982 983 984 
v -687.212952 427.946747 -33.999996
#vcolor 255.000000 255.000000 255.000000 255.000000
vt 0.845703 0.042318 0.0
#joint 6
#vjoint 985
v -685.212952 452.946747 16.999998
#vcolor 255.000000 255.000000 255.000000 255.000000
vt 1.052734 0.050781 0.0
#joint 6
#vjoint 986
v -506.212952 446.946747 5.000000
#vcolor 136.000000 136.000000 136.000000 255.000000
vt 1.020508 0.866536 0.0
#joint 6
#vjoint 987
f 985/985 986/986 987/987
#fvcolorindex 985 986 987 
v -684.212952 380.946747 -40.999996
#vcolor 255.000000 255.000000 255.000000 255.000000
vt 0.666992 0.056641 0.0
#joint 6
#vjoint 988
v -507.212952 407.946747 -47.999996
#vcolor 255.000000 255.000000 255.000000 255.000000
vt 0.761719 0.860677 0.0
#joint 6
#vjoint 989
v -506.212952 356.946747 -9.999999
#vcolor 27.000000 27.000000 27.000000 255.000000
vt 0.534180 0.865234 0.0
#joint 6
#vjoint 990
f 988/988 989/989 990/990
#fvcolorindex 988 989 990 
v -685.212952 452.946747 16.999998
#vcolor 255.000000 255.000000 255.000000 255.000000
vt 0.052734 0.050781 0.0
#joint 6
#vjoint 991
v -686.212952 440.946747 49.999996
#vcolor 255.000000 255.000000 255.000000 255.000000
vt 0.150391 0.046875 0.0
#joint 6
#vjoint 992
v -506.212952 441.946747 51.999996
#vcolor 136.000000 136.000000 136.000000 255.000000
vt 0.150391 0.866536 0.0
#joint 6
#vjoint 993
f 991/991 992/992 993/993
#fvcolorindex 991 992 993 
v -687.212952 427.946747 -33.999996
#vcolor 255.000000 255.000000 255.000000 255.000000
vt 0.845703 0.042318 0.0
#joint 6
#vjoint 994
v -506.212952 446.946747 5.000000
#vcolor 136.000000 136.000000 136.000000 255.000000
vt 1.020508 0.866536 0.0
#joint 6
#vjoint 995
v -507.212952 407.946747 -47.999996
#vcolor 255.000000 255.000000 255.000000 255.000000
vt 0.761719 0.860677 0.0
#joint 6
#vjoint 996
f 994/994 995/995 996/996
#fvcolorindex 994 995 996 
v -686.212952 440.946747 49.999996
#vcolor 255.000000 255.000000 255.000000 255.000000
vt 0.150391 0.046875 0.0
#joint 6
#vjoint 997
v -688.212952 369.946747 56.999996
#vcolor 255.000000 255.000000 255.000000 255.000000
vt 0.336914 0.037109 0.0
#joint 6
#vjoint 998
v -505.212952 400.946747 60.999996
#vcolor 255.000000 255.000000 255.000000 255.000000
vt 0.259766 0.870443 0.0
#joint 6
#vjoint 999
f 997/997 998/998 999/999
#fvcolorindex 997 998 999 
v -684.212952 380.946747 -40.999996
#vcolor 255.000000 255.000000 255.000000 255.000000
vt 0.666992 0.056641 0.0
#joint 6
#vjoint 1000
v -687.212952 427.946747 -33.999996
#vcolor 255.000000 255.000000 255.000000 255.000000
vt 0.845703 0.042318 0.0
#joint 6
#vjoint 1001
v -507.212952 407.946747 -47.999996
#vcolor 255.000000 255.000000 255.000000 255.000000
vt 0.761719 0.860677 0.0
#joint 6
#vjoint 1002
f 1000/1000 1001/1001 1002/1002
#fvcolorindex 1000 1001 1002 
v -687.212952 360.946747 13.999999
#vcolor 255.000000 255.000000 255.000000 255.000000
vt 0.451172 0.043620 0.0
#joint 6
#vjoint 1003
v -505.212952 359.946747 47.999996
#vcolor 27.000000 27.000000 27.000000 255.000000
vt 0.369141 0.867839 0.0
#joint 6
#vjoint 1004
v -688.212952 369.946747 56.999996
#vcolor 255.000000 255.000000 255.000000 255.000000
vt 0.336914 0.037109 0.0
#joint 6
#vjoint 1005
f 1003/1003 1004/1004 1005/1005
#fvcolorindex 1003 1004 1005 
v -685.212952 452.946747 16.999998
#vcolor 255.000000 255.000000 255.000000 255.000000
vt 0.052734 0.050781 0.0
#joint 6
#vjoint 1006
v -506.212952 441.946747 51.999996
#vcolor 136.000000 136.000000 136.000000 255.000000
vt 0.150391 0.866536 0.0
#joint 6
#vjoint 1007
v -506.212952 446.946747 5.000000
#vcolor 136.000000 136.000000 136.000000 255.000000
vt 0.020508 0.866536 0.0
#joint 6
#vjoint 1008
f 1006/1006 1007/1007 1008/1008
#fvcolorindex 1006 1007 1008 
v -687.212952 360.946747 13.999999
#vcolor 255.000000 255.000000 255.000000 255.000000
vt 0.451172 0.043620 0.0
#joint 6
#vjoint 1009
v -684.212952 380.946747 -40.999996
#vcolor 255.000000 255.000000 255.000000 255.000000
vt 0.666992 0.056641 0.0
#joint 6
#vjoint 1010
v -506.212952 356.946747 -9.999999
#vcolor 27.000000 27.000000 27.000000 255.000000
vt 0.534180 0.865234 0.0
#joint 6
#vjoint 1011
f 1009/1009 1010/1010 1011/1011
#fvcolorindex 1009 1010 1011 
v -687.212952 360.946747 13.999999
#vcolor 255.000000 255.000000 255.000000 255.000000
vt 0.451172 0.043620 0.0
#joint 6
#vjoint 1012
v -506.212952 356.946747 -9.999999
#vcolor 27.000000 27.000000 27.000000 255.000000
vt 0.534180 0.865234 0.0
#joint 6
#vjoint 1013
v -505.212952 359.946747 47.999996
#vcolor 27.000000 27.000000 27.000000 255.000000
vt 0.369141 0.867839 0.0
#joint 6
#vjoint 1014
f 1012/1012 1013/1013 1014/1014
#fvcolorindex 1012 1013 1014 
v -505.212952 359.946747 47.999996
#vcolor 27.000000 27.000000 27.000000 255.000000
vt 0.369141 0.867839 0.0
#joint 6
#vjoint 1015
v -505.212952 400.946747 60.999996
#vcolor 255.000000 255.000000 255.000000 255.000000
vt 0.259766 0.870443 0.0
#joint 6
#vjoint 1016
v -688.212952 369.946747 56.999996
#vcolor 255.000000 255.000000 255.000000 255.000000
vt 0.336914 0.037109 0.0
#joint 6
#vjoint 1017
f 1015/1015 1016/1016 1017/1017
#fvcolorindex 1015 1016 1017 
usemtl m1ClampT
v -506.212952 446.946747 5.000000
#vcolor 136.000000 136.000000 136.000000 255.000000
vt 0.144531 0.145833 0.0
#joint 6
#vjoint 1018
v -423.212952 443.946747 6.000000
#vcolor 136.000000 136.000000 136.000000 255.000000
vt 0.137695 0.314453 0.0
#joint 6
#vjoint 1019
v -507.212952 407.946747 -47.999996
#vcolor 255.000000 255.000000 255.000000 255.000000
vt 0.427734 0.145182 0.0
#joint 6
#vjoint 1020
f 1018/1018 1019/1019 1020/1020
#fvcolorindex 1018 1019 1020 
v -507.212952 407.946747 -47.999996
#vcolor 255.000000 255.000000 255.000000 255.000000
vt 0.427734 0.145182 0.0
#joint 6
#vjoint 1021
v -423.212952 443.946747 6.000000
#vcolor 136.000000 136.000000 136.000000 255.000000
vt 0.137695 0.314453 0.0
#joint 6
#vjoint 1022
v -424.212952 407.946747 -47.999996
#vcolor 255.000000 255.000000 255.000000 255.000000
vt 0.395508 0.313151 0.0
#joint 6
#vjoint 1023
f 1021/1021 1022/1022 1023/1023
#fvcolorindex 1021 1022 1023 
v -507.212952 407.946747 -47.999996
#vcolor 255.000000 255.000000 255.000000 255.000000
vt 0.427734 0.145182 0.0
#joint 6
#vjoint 1024
v -424.212952 407.946747 -47.999996
#vcolor 255.000000 255.000000 255.000000 255.000000
vt 0.395508 0.313151 0.0
#joint 6
#vjoint 1025
v -506.212952 356.946747 -9.999999
#vcolor 27.000000 27.000000 27.000000 255.000000
vt 0.795898 0.149089 0.0
#joint 6
#vjoint 1026
f 1024/1024 1025/1025 1026/1026
#fvcolorindex 1024 1025 1026 
v -506.212952 356.946747 -9.999999
#vcolor 27.000000 27.000000 27.000000 255.000000
vt 0.795898 0.149089 0.0
#joint 6
#vjoint 1027
v -424.212952 407.946747 -47.999996
#vcolor 255.000000 255.000000 255.000000 255.000000
vt 0.395508 0.313151 0.0
#joint 6
#vjoint 1028
v -423.212952 350.946747 -9.999999
#vcolor 27.000000 27.000000 27.000000 255.000000
vt 0.809570 0.317708 0.0
#joint 6
#vjoint 1029
f 1027/1027 1028/1028 1029/1029
#fvcolorindex 1027 1028 1029 
v -506.212952 356.946747 -9.999999
#vcolor 27.000000 27.000000 27.000000 255.000000
vt 0.795898 0.149089 0.0
#joint 6
#vjoint 1030
v -423.212952 350.946747 -9.999999
#vcolor 27.000000 27.000000 27.000000 255.000000
vt 0.809570 0.317708 0.0
#joint 6
#vjoint 1031
v -505.212952 359.946747 47.999996
#vcolor 27.000000 27.000000 27.000000 255.000000
vt 0.774414 0.150391 0.0
#joint 6
#vjoint 1032
f 1030/1030 1031/1031 1032/1032
#fvcolorindex 1030 1031 1032 
v -505.212952 359.946747 47.999996
#vcolor 27.000000 27.000000 27.000000 255.000000
vt 0.774414 0.150391 0.0
#joint 6
#vjoint 1033
v -423.212952 350.946747 -9.999999
#vcolor 27.000000 27.000000 27.000000 255.000000
vt 0.809570 0.317708 0.0
#joint 6
#vjoint 1034
v -423.212952 357.946747 52.999996
#vcolor 27.000000 27.000000 27.000000 255.000000
vt 0.755859 0.318359 0.0
#joint 6
#vjoint 1035
f 1033/1033 1034/1034 1035/1035
#fvcolorindex 1033 1034 1035 
v -505.212952 359.946747 47.999996
#vcolor 27.000000 27.000000 27.000000 255.000000
vt 0.774414 0.150391 0.0
#joint 6
#vjoint 1036
v -423.212952 357.946747 52.999996
#vcolor 27.000000 27.000000 27.000000 255.000000
vt 0.755859 0.318359 0.0
#joint 6
#vjoint 1037
v -505.212952 400.946747 60.999996
#vcolor 255.000000 255.000000 255.000000 255.000000
vt 0.481445 0.149740 0.0
#joint 6
#vjoint 1038
f 1036/1036 1037/1037 1038/1038
#fvcolorindex 1036 1037 1038 
v -505.212952 400.946747 60.999996
#vcolor 255.000000 255.000000 255.000000 255.000000
vt 0.481445 0.149740 0.0
#joint 6
#vjoint 1039
v -423.212952 357.946747 52.999996
#vcolor 27.000000 27.000000 27.000000 255.000000
vt 0.755859 0.318359 0.0
#joint 6
#vjoint 1040
v -422.212952 400.946747 60.999996
#vcolor 255.000000 255.000000 255.000000 255.000000
vt 0.448242 0.317708 0.0
#joint 6
#vjoint 1041
f 1039/1039 1040/1040 1041/1041
#fvcolorindex 1039 1040 1041 
v -505.212952 400.946747 60.999996
#vcolor 255.000000 255.000000 255.000000 255.000000
vt 0.481445 0.149740 0.0
#joint 6
#vjoint 1042
v -422.212952 400.946747 60.999996
#vcolor 255.000000 255.000000 255.000000 255.000000
vt 0.448242 0.317708 0.0
#joint 6
#vjoint 1043
v -506.212952 441.946747 51.999996
#vcolor 136.000000 136.000000 136.000000 255.000000
vt 0.180664 0.146484 0.0
#joint 6
#vjoint 1044
f 1042/1042 1043/1043 1044/1044
#fvcolorindex 1042 1043 1044 
v -506.212952 441.946747 51.999996
#vcolor 136.000000 136.000000 136.000000 255.000000
vt 0.180664 0.146484 0.0
#joint 6
#vjoint 1045
v -422.212952 400.946747 60.999996
#vcolor 255.000000 255.000000 255.000000 255.000000
vt 0.448242 0.317708 0.0
#joint 6
#vjoint 1046
v -423.212952 439.946747 50.999996
#vcolor 136.000000 136.000000 136.000000 255.000000
vt 0.161133 0.314453 0.0
#joint 6
#vjoint 1047
f 1045/1045 1046/1046 1047/1047
#fvcolorindex 1045 1046 1047 
v -506.212952 441.946747 51.999996
#vcolor 136.000000 136.000000 136.000000 255.000000
vt 0.180664 0.146484 0.0
#joint 6
#vjoint 1048
v -423.212952 439.946747 50.999996
#vcolor 136.000000 136.000000 136.000000 255.000000
vt 0.161133 0.314453 0.0
#joint 6
#vjoint 1049
v -506.212952 446.946747 5.000000
#vcolor 136.000000 136.000000 136.000000 255.000000
vt 0.144531 0.145833 0.0
#joint 6
#vjoint 1050
f 1048/1048 1049/1049 1050/1050
#fvcolorindex 1048 1049 1050 
v -506.212952 446.946747 5.000000
#vcolor 136.000000 136.000000 136.000000 255.000000
vt 0.144531 0.145833 0.0
#joint 6
#vjoint 1051
v -423.212952 439.946747 50.999996
#vcolor 136.000000 136.000000 136.000000 255.000000
vt 0.161133 0.314453 0.0
#joint 6
#vjoint 1052
v -423.212952 443.946747 6.000000
#vcolor 136.000000 136.000000 136.000000 255.000000
vt 0.137695 0.314453 0.0
#joint 6
#vjoint 1053
f 1051/1051 1052/1052 1053/1053
#fvcolorindex 1051 1052 1053 
usemtl m11
v -687.212952 360.946747 13.999999
#vcolor 255.000000 255.000000 255.000000 255.000000
vt 1.375000 1.218750 0.0
#joint 6
#vjoint 1054
v -693.351990 376.311554 8.999999
#vcolor 255.000000 255.000000 255.000000 255.000000
vt 1.406250 1.250000 0.0
#joint 8
#vjoint 1055
v -684.212952 380.946747 -40.999996
#vcolor 255.000000 255.000000 255.000000 255.000000
vt 1.312500 1.406250 0.0
#joint 6
#vjoint 1056
f 1054/1054 1055/1055 1056/1056
#fvcolorindex 1054 1055 1056 
v -684.212952 380.946747 -40.999996
#vcolor 255.000000 255.000000 255.000000 255.000000
vt 1.312500 1.406250 0.0
#joint 6
#vjoint 1057
v -693.351990 376.311554 8.999999
#vcolor 255.000000 255.000000 255.000000 255.000000
vt 1.406250 1.250000 0.0
#joint 8
#vjoint 1058
v -688.351990 380.311554 -23.999998
#vcolor 255.000000 255.000000 255.000000 255.000000
vt 1.343750 1.343750 0.0
#joint 8
#vjoint 1059
f 1057/1057 1058/1058 1059/1059
#fvcolorindex 1057 1058 1059 
v -684.212952 380.946747 -40.999996
#vcolor 255.000000 255.000000 255.000000 255.000000
vt 1.312500 1.406250 0.0
#joint 6
#vjoint 1060
v -688.351990 380.311554 -23.999998
#vcolor 255.000000 255.000000 255.000000 255.000000
vt 1.343750 1.343750 0.0
#joint 8
#vjoint 1061
v -687.212952 427.946747 -33.999996
#vcolor 255.000000 255.000000 255.000000 255.000000
vt 1.437500 1.468750 0.0
#joint 6
#vjoint 1062
f 1060/1060 1061/1061 1062/1062
#fvcolorindex 1060 1061 1062 
v -687.212952 427.946747 -33.999996
#vcolor 255.000000 255.000000 255.000000 255.000000
vt 1.437500 1.468750 0.0
#joint 6
#vjoint 1063
v -688.351990 380.311554 -23.999998
#vcolor 255.000000 255.000000 255.000000 255.000000
vt 1.343750 1.343750 0.0
#joint 8
#vjoint 1064
v -685.351990 415.311554 -28.999998
#vcolor 255.000000 255.000000 255.000000 255.000000
vt 1.406250 1.437500 0.0
#joint 8
#vjoint 1065
f 1063/1063 1064/1064 1065/1065
#fvcolorindex 1063 1064 1065 
v -687.212952 427.946747 -33.999996
#vcolor 255.000000 255.000000 255.000000 255.000000
vt 1.437500 1.468750 0.0
#joint 6
#vjoint 1066
v -685.351990 415.311554 -28.999998
#vcolor 255.000000 255.000000 255.000000 255.000000
vt 1.406250 1.437500 0.0
#joint 8
#vjoint 1067
v -685.212952 452.946747 16.999998
#vcolor 255.000000 255.000000 255.000000 255.000000
vt 1.593750 1.343750 0.0
#joint 6
#vjoint 1068
f 1066/1066 1067/1067 1068/1068
#fvcolorindex 1066 1067 1068 
v -685.212952 452.946747 16.999998
#vcolor 255.000000 255.000000 255.000000 255.000000
vt 1.593750 1.343750 0.0
#joint 6
#vjoint 1069
v -685.351990 415.311554 -28.999998
#vcolor 255.000000 255.000000 255.000000 255.000000
vt 1.406250 1.437500 0.0
#joint 8
#vjoint 1070
v -685.351990 433.311554 8.000000
#vcolor 255.000000 255.000000 255.000000 255.000000
vt 1.531250 1.343750 0.0
#joint 8
#vjoint 1071
f 1069/1069 1070/1070 1071/1071
#fvcolorindex 1069 1070 1071 
v -685.212952 452.946747 16.999998
#vcolor 255.000000 255.000000 255.000000 255.000000
vt 1.593750 1.343750 0.0
#joint 6
#vjoint 1072
v -685.351990 433.311554 8.000000
#vcolor 255.000000 255.000000 255.000000 255.000000
vt 1.531250 1.343750 0.0
#joint 8
#vjoint 1073
v -686.212952 440.946747 49.999996
#vcolor 255.000000 255.000000 255.000000 255.000000
vt 1.625000 1.218750 0.0
#joint 6
#vjoint 1074
f 1072/1072 1073/1073 1074/1074
#fvcolorindex 1072 1073 1074 
v -686.212952 440.946747 49.999996
#vcolor 255.000000 255.000000 255.000000 255.000000
vt 1.625000 1.218750 0.0
#joint 6
#vjoint 1075
v -685.351990 433.311554 8.000000
#vcolor 255.000000 255.000000 255.000000 255.000000
vt 1.531250 1.343750 0.0
#joint 8
#vjoint 1076
v -686.351990 428.311554 43.999996
#vcolor 255.000000 255.000000 255.000000 255.000000
vt 1.593750 1.218750 0.0
#joint 8
#vjoint 1077
f 1075/1075 1076/1076 1077/1077
#fvcolorindex 1075 1076 1077 
v -686.212952 440.946747 49.999996
#vcolor 255.000000 255.000000 255.000000 255.000000
vt 1.625000 1.218750 0.0
#joint 6
#vjoint 1078
v -686.351990 428.311554 43.999996
#vcolor 255.000000 255.000000 255.000000 255.000000
vt 1.593750 1.218750 0.0
#joint 8
#vjoint 1079
v -688.212952 369.946747 56.999996
#vcolor 255.000000 255.000000 255.000000 255.000000
vt 1.500000 1.093750 0.0
#joint 6
#vjoint 1080
f 1078/1078 1079/1079 1080/1080
#fvcolorindex 1078 1079 1080 
v -688.212952 369.946747 56.999996
#vcolor 255.000000 255.000000 255.000000 255.000000
vt 1.500000 1.093750 0.0
#joint 6
#vjoint 1081
v -686.351990 428.311554 43.999996
#vcolor 255.000000 255.000000 255.000000 255.000000
vt 1.593750 1.218750 0.0
#joint 8
#vjoint 1082
v -690.351990 373.311554 39.999996
#vcolor 255.000000 255.000000 255.000000 255.000000
vt 1.468750 1.156250 0.0
#joint 8
#vjoint 1083
f 1081/1081 1082/1082 1083/1083
#fvcolorindex 1081 1082 1083 
v -688.212952 369.946747 56.999996
#vcolor 255.000000 255.000000 255.000000 255.000000
vt 1.500000 1.093750 0.0
#joint 6
#vjoint 1084
v -690.351990 373.311554 39.999996
#vcolor 255.000000 255.000000 255.000000 255.000000
vt 1.468750 1.156250 0.0
#joint 8
#vjoint 1085
v -687.212952 360.946747 13.999999
#vcolor 255.000000 255.000000 255.000000 255.000000
vt 1.375000 1.218750 0.0
#joint 6
#vjoint 1086
f 1084/1084 1085/1085 1086/1086
#fvcolorindex 1084 1085 1086 
v -687.212952 360.946747 13.999999
#vcolor 255.000000 255.000000 255.000000 255.000000
vt 1.375000 1.218750 0.0
#joint 6
#vjoint 1087
v -690.351990 373.311554 39.999996
#vcolor 255.000000 255.000000 255.000000 255.000000
vt 1.468750 1.156250 0.0
#joint 8
#vjoint 1088
v -693.351990 376.311554 8.999999
#vcolor 255.000000 255.000000 255.000000 255.000000
vt 1.406250 1.250000 0.0
#joint 8
#vjoint 1089
f 1087/1087 1088/1088 1089/1089
#fvcolorindex 1087 1088 1089 
g Room0E_primary
usemtl m1ClampT
v -423.212952 443.946747 6.000000
#vcolor 136.000000 136.000000 136.000000 255.000000
vt 0.137695 0.314453 0.0
#joint 6
#vjoint 1090
v -329.759125 436.720367 7.000000
#vcolor 182.000000 182.000000 182.000000 255.000000
vt 0.147461 0.503255 0.0
#joint 4
#vjoint 1091
v -424.212952 407.946747 -47.999996
#vcolor 255.000000 255.000000 255.000000 255.000000
vt 0.395508 0.313151 0.0
#joint 6
#vjoint 1092
f 1090/1090 1091/1091 1092/1092
#fvcolorindex 1090 1091 1092 
v -424.212952 407.946747 -47.999996
#vcolor 255.000000 255.000000 255.000000 255.000000
vt 0.395508 0.313151 0.0
#joint 6
#vjoint 1093
v -329.759125 436.720367 7.000000
#vcolor 182.000000 182.000000 182.000000 255.000000
vt 0.147461 0.503255 0.0
#joint 4
#vjoint 1094
v -342.759125 406.720367 -48.999996
#vcolor 255.000000 255.000000 255.000000 255.000000
vt 0.369141 0.478516 0.0
#joint 4
#vjoint 1095
f 1093/1093 1094/1094 1095/1095
#fvcolorindex 1093 1094 1095 
v -424.212952 407.946747 -47.999996
#vcolor 255.000000 255.000000 255.000000 255.000000
vt 0.395508 0.313151 0.0
#joint 6
#vjoint 1096
v -342.759125 406.720367 -48.999996
#vcolor 255.000000 255.000000 255.000000 255.000000
vt 0.369141 0.478516 0.0
#joint 4
#vjoint 1097
v -423.212952 350.946747 -9.999999
#vcolor 27.000000 27.000000 27.000000 255.000000
vt 0.809570 0.317708 0.0
#joint 6
#vjoint 1098
f 1096/1096 1097/1097 1098/1098
#fvcolorindex 1096 1097 1098 
v -423.212952 350.946747 -9.999999
#vcolor 27.000000 27.000000 27.000000 255.000000
vt 0.809570 0.317708 0.0
#joint 6
#vjoint 1099
v -342.759125 406.720367 -48.999996
#vcolor 255.000000 255.000000 255.000000 255.000000
vt 0.369141 0.478516 0.0
#joint 4
#vjoint 1100
v -340.759125 338.720367 -10.999999
#vcolor 27.000000 27.000000 27.000000 255.000000
vt 0.865234 0.485026 0.0
#joint 4
#vjoint 1101
f 1099/1099 1100/1100 1101/1101
#fvcolorindex 1099 1100 1101 
v -423.212952 350.946747 -9.999999
#vcolor 27.000000 27.000000 27.000000 255.000000
vt 0.809570 0.317708 0.0
#joint 6
#vjoint 1102
v -340.759125 338.720367 -10.999999
#vcolor 27.000000 27.000000 27.000000 255.000000
vt 0.865234 0.485026 0.0
#joint 4
#vjoint 1103
v -423.212952 357.946747 52.999996
#vcolor 27.000000 27.000000 27.000000 255.000000
vt 0.755859 0.318359 0.0
#joint 6
#vjoint 1104
f 1102/1102 1103/1103 1104/1104
#fvcolorindex 1102 1103 1104 
v -423.212952 357.946747 52.999996
#vcolor 27.000000 27.000000 27.000000 255.000000
vt 0.755859 0.318359 0.0
#joint 6
#vjoint 1105
v -340.759125 338.720367 -10.999999
#vcolor 27.000000 27.000000 27.000000 255.000000
vt 0.865234 0.485026 0.0
#joint 4
#vjoint 1106
v -340.759125 352.720367 61.999996
#vcolor 27.000000 27.000000 27.000000 255.000000
vt 0.759766 0.484375 0.0
#joint 4
#vjoint 1107
f 1105/1105 1106/1106 1107/1107
#fvcolorindex 1105 1106 1107 
v -423.212952 357.946747 52.999996
#vcolor 27.000000 27.000000 27.000000 255.000000
vt 0.755859 0.318359 0.0
#joint 6
#vjoint 1108
v -340.759125 352.720367 61.999996
#vcolor 27.000000 27.000000 27.000000 255.000000
vt 0.759766 0.484375 0.0
#joint 4
#vjoint 1109
v -422.212952 400.946747 60.999996
#vcolor 255.000000 255.000000 255.000000 255.000000
vt 0.448242 0.317708 0.0
#joint 6
#vjoint 1110
f 1108/1108 1109/1109 1110/1110
#fvcolorindex 1108 1109 1110 
v -422.212952 400.946747 60.999996
#vcolor 255.000000 255.000000 255.000000 255.000000
vt 0.448242 0.317708 0.0
#joint 6
#vjoint 1111
v -340.759125 352.720367 61.999996
#vcolor 27.000000 27.000000 27.000000 255.000000
vt 0.759766 0.484375 0.0
#joint 4
#vjoint 1112
v -341.759125 397.720367 64.999992
#vcolor 255.000000 255.000000 255.000000 255.000000
vt 0.434570 0.479818 0.0
#joint 4
#vjoint 1113
f 1111/1111 1112/1112 1113/1113
#fvcolorindex 1111 1112 1113 
v -422.212952 400.946747 60.999996
#vcolor 255.000000 255.000000 255.000000 255.000000
vt 0.448242 0.317708 0.0
#joint 6
#vjoint 1114
v -341.759125 397.720367 64.999992
#vcolor 255.000000 255.000000 255.000000 255.000000
vt 0.434570 0.479818 0.0
#joint 4
#vjoint 1115
v -423.212952 439.946747 50.999996
#vcolor 136.000000 136.000000 136.000000 255.000000
vt 0.161133 0.314453 0.0
#joint 6
#vjoint 1116
f 1114/1114 1115/1115 1116/1116
#fvcolorindex 1114 1115 1116 
v -423.212952 439.946747 50.999996
#vcolor 136.000000 136.000000 136.000000 255.000000
vt 0.161133 0.314453 0.0
#joint 6
#vjoint 1117
v -341.759125 397.720367 64.999992
#vcolor 255.000000 255.000000 255.000000 255.000000
vt 0.434570 0.479818 0.0
#joint 4
#vjoint 1118
v -339.759125 432.720367 56.999996
#vcolor 182.000000 182.000000 182.000000 255.000000
vt 0.179688 0.482422 0.0
#joint 4
#vjoint 1119
f 1117/1117 1118/1118 1119/1119
#fvcolorindex 1117 1118 1119 
v -423.212952 439.946747 50.999996
#vcolor 136.000000 136.000000 136.000000 255.000000
vt 0.161133 0.314453 0.0
#joint 6
#vjoint 1120
v -339.759125 432.720367 56.999996
#vcolor 182.000000 182.000000 182.000000 255.000000
vt 0.179688 0.482422 0.0
#joint 4
#vjoint 1121
v -423.212952 443.946747 6.000000
#vcolor 136.000000 136.000000 136.000000 255.000000
vt 0.137695 0.314453 0.0
#joint 6
#vjoint 1122
f 1120/1120 1121/1121 1122/1122
#fvcolorindex 1120 1121 1122 
v -423.212952 443.946747 6.000000
#vcolor 136.000000 136.000000 136.000000 255.000000
vt 0.137695 0.314453 0.0
#joint 6
#vjoint 1123
v -339.759125 432.720367 56.999996
#vcolor 182.000000 182.000000 182.000000 255.000000
vt 0.179688 0.482422 0.0
#joint 4
#vjoint 1124
v -329.759125 436.720367 7.000000
#vcolor 182.000000 182.000000 182.000000 255.000000
vt 0.147461 0.503255 0.0
#joint 4
#vjoint 1125
f 1123/1123 1124/1124 1125/1125
#fvcolorindex 1123 1124 1125 
v -340.759125 352.720367 61.999996
#vcolor 27.000000 27.000000 27.000000 255.000000
vt 0.759766 0.484375 0.0
#joint 4
#vjoint 1126
v -248.759155 316.720367 -15.999999
#vcolor 27.000000 27.000000 27.000000 255.000000
vt 0.993164 0.645182 0.0
#joint 4
#vjoint 1127
v -238.759155 320.720367 68.999992
#vcolor 27.000000 27.000000 27.000000 255.000000
vt 0.958984 0.664714 0.0
#joint 4
#vjoint 1128
f 1126/1126 1127/1127 1128/1128
#fvcolorindex 1126 1127 1128 
v -340.759125 352.720367 61.999996
#vcolor 27.000000 27.000000 27.000000 255.000000
vt 0.759766 0.484375 0.0
#joint 4
#vjoint 1129
v -175.759155 376.720367 72.999992
#vcolor 255.000000 255.000000 255.000000 255.000000
vt 0.526367 0.790365 0.0
#joint 4
#vjoint 1130
v -341.759125 397.720367 64.999992
#vcolor 255.000000 255.000000 255.000000 255.000000
vt 0.434570 0.479818 0.0
#joint 4
#vjoint 1131
f 1129/1129 1130/1130 1131/1131
#fvcolorindex 1129 1130 1131 
v -342.759125 406.720367 -48.999996
#vcolor 255.000000 255.000000 255.000000 255.000000
vt 0.369141 0.478516 0.0
#joint 4
#vjoint 1132
v -125.759163 404.720367 10.999999
#vcolor 184.000000 184.000000 184.000000 255.000000
vt 0.306641 0.891276 0.0
#joint 4
#vjoint 1133
v -161.759155 369.720367 -55.999996
#vcolor 255.000000 255.000000 255.000000 255.000000
vt 0.571289 0.819661 0.0
#joint 4
#vjoint 1134
f 1132/1132 1133/1133 1134/1134
#fvcolorindex 1132 1133 1134 
v -340.759125 352.720367 61.999996
#vcolor 27.000000 27.000000 27.000000 255.000000
vt 0.759766 0.484375 0.0
#joint 4
#vjoint 1135
v -238.759155 320.720367 68.999992
#vcolor 27.000000 27.000000 27.000000 255.000000
vt 0.958984 0.664714 0.0
#joint 4
#vjoint 1136
v -175.759155 376.720367 72.999992
#vcolor 255.000000 255.000000 255.000000 255.000000
vt 0.526367 0.790365 0.0
#joint 4
#vjoint 1137
f 1135/1135 1136/1136 1137/1137
#fvcolorindex 1135 1136 1137 
v -248.759155 316.720367 -15.999999
#vcolor 27.000000 27.000000 27.000000 255.000000
vt 0.993164 0.645182 0.0
#joint 4
#vjoint 1138
v -342.759125 406.720367 -48.999996
#vcolor 255.000000 255.000000 255.000000 255.000000
vt 0.369141 0.478516 0.0
#joint 4
#vjoint 1139
v -161.759155 369.720367 -55.999996
#vcolor 255.000000 255.000000 255.000000 255.000000
vt 0.571289 0.819661 0.0
#joint 4
#vjoint 1140
f 1138/1138 1139/1139 1140/1140
#fvcolorindex 1138 1139 1140 
v -340.759125 338.720367 -10.999999
#vcolor 27.000000 27.000000 27.000000 255.000000
vt 0.865234 0.485026 0.0
#joint 4
#vjoint 1141
v -342.759125 406.720367 -48.999996
#vcolor 255.000000 255.000000 255.000000 255.000000
vt 0.369141 0.478516 0.0
#joint 4
#vjoint 1142
v -248.759155 316.720367 -15.999999
#vcolor 27.000000 27.000000 27.000000 255.000000
vt 0.993164 0.645182 0.0
#joint 4
#vjoint 1143
f 1141/1141 1142/1142 1143/1143
#fvcolorindex 1141 1142 1143 
v -175.759155 376.720367 72.999992
#vcolor 255.000000 255.000000 255.000000 255.000000
vt 0.526367 0.790365 0.0
#joint 4
#vjoint 1144
v -125.759163 404.720367 10.999999
#vcolor 184.000000 184.000000 184.000000 255.000000
vt 0.306641 0.891276 0.0
#joint 4
#vjoint 1145
v -339.759125 432.720367 56.999996
#vcolor 182.000000 182.000000 182.000000 255.000000
vt 0.179688 0.482422 0.0
#joint 4
#vjoint 1146
f 1144/1144 1145/1145 1146/1146
#fvcolorindex 1144 1145 1146 
v -340.759125 352.720367 61.999996
#vcolor 27.000000 27.000000 27.000000 255.000000
vt 0.759766 0.484375 0.0
#joint 4
#vjoint 1147
v -340.759125 338.720367 -10.999999
#vcolor 27.000000 27.000000 27.000000 255.000000
vt 0.865234 0.485026 0.0
#joint 4
#vjoint 1148
v -248.759155 316.720367 -15.999999
#vcolor 27.000000 27.000000 27.000000 255.000000
vt 0.993164 0.645182 0.0
#joint 4
#vjoint 1149
f 1147/1147 1148/1148 1149/1149
#fvcolorindex 1147 1148 1149 
v -342.759125 406.720367 -48.999996
#vcolor 255.000000 255.000000 255.000000 255.000000
vt 0.369141 0.478516 0.0
#joint 4
#vjoint 1150
v -329.759125 436.720367 7.000000
#vcolor 182.000000 182.000000 182.000000 255.000000
vt 0.147461 0.503255 0.0
#joint 4
#vjoint 1151
v -125.759163 404.720367 10.999999
#vcolor 184.000000 184.000000 184.000000 255.000000
vt 0.306641 0.891276 0.0
#joint 4
#vjoint 1152
f 1150/1150 1151/1151 1152/1152
#fvcolorindex 1150 1151 1152 
v -125.759163 404.720367 10.999999
#vcolor 184.000000 184.000000 184.000000 255.000000
vt 0.306641 0.891276 0.0
#joint 4
#vjoint 1153
v -329.759125 436.720367 7.000000
#vcolor 182.000000 182.000000 182.000000 255.000000
vt 0.147461 0.503255 0.0
#joint 4
#vjoint 1154
v -339.759125 432.720367 56.999996
#vcolor 182.000000 182.000000 182.000000 255.000000
vt 0.179688 0.482422 0.0
#joint 4
#vjoint 1155
f 1153/1153 1154/1154 1155/1155
#fvcolorindex 1153 1154 1155 
v -341.759125 397.720367 64.999992
#vcolor 255.000000 255.000000 255.000000 255.000000
vt 0.434570 0.479818 0.0
#joint 4
#vjoint 1156
v -175.759155 376.720367 72.999992
#vcolor 255.000000 255.000000 255.000000 255.000000
vt 0.526367 0.790365 0.0
#joint 4
#vjoint 1157
v -339.759125 432.720367 56.999996
#vcolor 182.000000 182.000000 182.000000 255.000000
vt 0.179688 0.482422 0.0
#joint 4
#vjoint 1158
f 1156/1156 1157/1157 1158/1158
#fvcolorindex 1156 1157 1158 
v -248.759155 316.720367 -15.999999
#vcolor 27.000000 27.000000 27.000000 255.000000
vt 0.993164 0.645182 0.0
#joint 4
#vjoint 1159
v -171.770386 302.036041 70.999992
#vcolor 27.000000 27.000000 27.000000 255.000000
vt 1.022461 0.668620 0.0
#joint 1
#vjoint 1160
v -238.759155 320.720367 68.999992
#vcolor 27.000000 27.000000 27.000000 255.000000
vt 0.958984 0.664714 0.0
#joint 4
#vjoint 1161
f 1159/1159 1160/1160 1161/1161
#fvcolorindex 1159 1160 1161 
v -170.770386 289.036041 -19.999998
#vcolor 27.000000 27.000000 27.000000 255.000000
vt 1.038086 0.642578 0.0
#joint 1
#vjoint 1162
v -171.770386 302.036041 70.999992
#vcolor 27.000000 27.000000 27.000000 255.000000
vt 1.022461 0.668620 0.0
#joint 1
#vjoint 1163
v -248.759155 316.720367 -15.999999
#vcolor 27.000000 27.000000 27.000000 255.000000
vt 0.993164 0.645182 0.0
#joint 4
#vjoint 1164
f 1162/1162 1163/1163 1164/1164
#fvcolorindex 1162 1163 1164 
v -161.759155 369.720367 -55.999996
#vcolor 255.000000 255.000000 255.000000 255.000000
vt 0.571289 0.819661 0.0
#joint 4
#vjoint 1165
v -170.770386 289.036041 -19.999998
#vcolor 27.000000 27.000000 27.000000 255.000000
vt 1.038086 0.642578 0.0
#joint 1
#vjoint 1166
v -248.759155 316.720367 -15.999999
#vcolor 27.000000 27.000000 27.000000 255.000000
vt 0.993164 0.645182 0.0
#joint 4
#vjoint 1167
f 1165/1165 1166/1166 1167/1167
#fvcolorindex 1165 1166 1167 
v -176.770386 425.036041 -52.999996
#vcolor 255.000000 255.000000 255.000000 255.000000
vt 0.935547 0.917969 0.0
#joint 1
#vjoint 1168
v -170.770386 289.036041 -19.999998
#vcolor 27.000000 27.000000 27.000000 255.000000
vt 1.038086 0.642578 0.0
#joint 1
#vjoint 1169
v -161.759155 369.720367 -55.999996
#vcolor 255.000000 255.000000 255.000000 255.000000
vt 0.571289 0.819661 0.0
#joint 4
#vjoint 1170
f 1168/1168 1169/1169 1170/1170
#fvcolorindex 1168 1169 1170 
v -125.759163 404.720367 10.999999
#vcolor 184.000000 184.000000 184.000000 255.000000
vt 0.306641 0.891276 0.0
#joint 4
#vjoint 1171
v -176.770386 425.036041 -52.999996
#vcolor 255.000000 255.000000 255.000000 255.000000
vt 0.935547 0.917969 0.0
#joint 1
#vjoint 1172
v -161.759155 369.720367 -55.999996
#vcolor 255.000000 255.000000 255.000000 255.000000
vt 0.571289 0.819661 0.0
#joint 4
#vjoint 1173
f 1171/1171 1172/1172 1173/1173
#fvcolorindex 1171 1172 1173 
v -175.770386 444.036041 28.999998
#vcolor 197.000000 197.000000 197.000000 255.000000
vt 0.936523 0.957031 0.0
#joint 1
#vjoint 1174
v -176.770386 425.036041 -52.999996
#vcolor 255.000000 255.000000 255.000000 255.000000
vt 0.935547 0.917969 0.0
#joint 1
#vjoint 1175
v -125.759163 404.720367 10.999999
#vcolor 184.000000 184.000000 184.000000 255.000000
vt 0.306641 0.891276 0.0
#joint 4
#vjoint 1176
f 1174/1174 1175/1175 1176/1176
#fvcolorindex 1174 1175 1176 
v -175.759155 376.720367 72.999992
#vcolor 255.000000 255.000000 255.000000 255.000000
vt 0.526367 0.790365 0.0
#joint 4
#vjoint 1177
v -175.770386 444.036041 28.999998
#vcolor 197.000000 197.000000 197.000000 255.000000
vt 0.936523 0.957031 0.0
#joint 1
#vjoint 1178
v -125.759163 404.720367 10.999999
#vcolor 184.000000 184.000000 184.000000 255.000000
vt 0.306641 0.891276 0.0
#joint 4
#vjoint 1179
f 1177/1177 1178/1178 1179/1179
#fvcolorindex 1177 1178 1179 
v -177.770386 404.036041 78.999992
#vcolor 255.000000 255.000000 255.000000 255.000000
vt 0.941406 0.875000 0.0
#joint 1
#vjoint 1180
v -175.770386 444.036041 28.999998
#vcolor 197.000000 197.000000 197.000000 255.000000
vt 0.936523 0.957031 0.0
#joint 1
#vjoint 1181
v -175.759155 376.720367 72.999992
#vcolor 255.000000 255.000000 255.000000 255.000000
vt 0.526367 0.790365 0.0
#joint 4
#vjoint 1182
f 1180/1180 1181/1181 1182/1182
#fvcolorindex 1180 1181 1182 
v -238.759155 320.720367 68.999992
#vcolor 27.000000 27.000000 27.000000 255.000000
vt 0.958984 0.664714 0.0
#joint 4
#vjoint 1183
v -177.770386 404.036041 78.999992
#vcolor 255.000000 255.000000 255.000000 255.000000
vt 0.941406 0.875000 0.0
#joint 1
#vjoint 1184
v -175.759155 376.720367 72.999992
#vcolor 255.000000 255.000000 255.000000 255.000000
vt 0.526367 0.790365 0.0
#joint 4
#vjoint 1185
f 1183/1183 1184/1184 1185/1185
#fvcolorindex 1183 1184 1185 
v -171.770386 302.036041 70.999992
#vcolor 27.000000 27.000000 27.000000 255.000000
vt 1.022461 0.668620 0.0
#joint 1
#vjoint 1186
v -177.770386 404.036041 78.999992
#vcolor 255.000000 255.000000 255.000000 255.000000
vt 0.941406 0.875000 0.0
#joint 1
#vjoint 1187
v -238.759155 320.720367 68.999992
#vcolor 27.000000 27.000000 27.000000 255.000000
vt 0.958984 0.664714 0.0
#joint 4
#vjoint 1188
f 1186/1186 1187/1187 1188/1188
#fvcolorindex 1186 1187 1188 
g Room0F_primary
v -141.770386 81.036049 20.999998
#vcolor 27.000000 27.000000 27.000000 255.000000
vt 0.897461 0.436198 0.0
#joint 1
#vjoint 1189
v -146.770386 144.036041 20.999998
#vcolor 27.000000 27.000000 27.000000 255.000000
vt 0.910156 0.522135 0.0
#joint 1
#vjoint 1190
v -100.770393 88.036049 -61.999996
#vcolor 182.000000 182.000000 182.000000 255.000000
vt 0.780273 0.445312 0.0
#joint 1
#vjoint 1191
f 1189/1189 1190/1190 1191/1191
#fvcolorindex 1189 1190 1191 
v -100.770393 88.036049 -61.999996
#vcolor 182.000000 182.000000 182.000000 255.000000
vt 0.780273 0.445312 0.0
#joint 1
#vjoint 1192
v -146.770386 144.036041 20.999998
#vcolor 27.000000 27.000000 27.000000 255.000000
vt 0.910156 0.522135 0.0
#joint 1
#vjoint 1193
v -111.770393 148.036041 -57.999996
#vcolor 182.000000 182.000000 182.000000 255.000000
vt 0.807617 0.526042 0.0
#joint 1
#vjoint 1194
f 1192/1192 1193/1193 1194/1194
#fvcolorindex 1192 1193 1194 
v -100.770393 88.036049 -61.999996
#vcolor 182.000000 182.000000 182.000000 255.000000
vt 0.780273 0.445312 0.0
#joint 1
#vjoint 1195
v -111.770393 148.036041 -57.999996
#vcolor 182.000000 182.000000 182.000000 255.000000
vt 0.807617 0.526042 0.0
#joint 1
#vjoint 1196
v -51.770401 90.036049 -67.999992
#vcolor 197.000000 197.000000 197.000000 255.000000
vt 0.638672 0.447266 0.0
#joint 1
#vjoint 1197
f 1195/1195 1196/1196 1197/1197
#fvcolorindex 1195 1196 1197 
v -51.770401 90.036049 -67.999992
#vcolor 197.000000 197.000000 197.000000 255.000000
vt 0.638672 0.447266 0.0
#joint 1
#vjoint 1198
v -111.770393 148.036041 -57.999996
#vcolor 182.000000 182.000000 182.000000 255.000000
vt 0.807617 0.526042 0.0
#joint 1
#vjoint 1199
v -62.770401 149.036041 -68.999992
#vcolor 255.000000 255.000000 255.000000 255.000000
vt 0.666992 0.527344 0.0
#joint 1
#vjoint 1200
f 1198/1198 1199/1199 1200/1200
#fvcolorindex 1198 1199 1200 
v -51.770401 90.036049 -67.999992
#vcolor 197.000000 197.000000 197.000000 255.000000
vt 0.638672 0.447266 0.0
#joint 1
#vjoint 1201
v -62.770401 149.036041 -68.999992
#vcolor 255.000000 255.000000 255.000000 255.000000
vt 0.666992 0.527344 0.0
#joint 1
#vjoint 1202
v -8.770403 89.036049 -66.999992
#vcolor 197.000000 197.000000 197.000000 255.000000
vt 0.514648 0.445964 0.0
#joint 1
#vjoint 1203
f 1201/1201 1202/1202 1203/1203
#fvcolorindex 1201 1202 1203 
v -8.770403 89.036049 -66.999992
#vcolor 197.000000 197.000000 197.000000 255.000000
vt 0.514648 0.445964 0.0
#joint 1
#vjoint 1204
v -62.770401 149.036041 -68.999992
#vcolor 255.000000 255.000000 255.000000 255.000000
vt 0.666992 0.527344 0.0
#joint 1
#vjoint 1205
v 1.229596 151.036041 -70.999992
#vcolor 255.000000 255.000000 255.000000 255.000000
vt 0.483398 0.529948 0.0
#joint 1
#vjoint 1206
f 1204/1204 1205/1205 1206/1206
#fvcolorindex 1204 1205 1206 
v -8.770403 89.036049 -66.999992
#vcolor 197.000000 197.000000 197.000000 255.000000
vt 0.514648 0.445964 0.0
#joint 1
#vjoint 1207
v 1.229596 151.036041 -70.999992
#vcolor 255.000000 255.000000 255.000000 255.000000
vt 0.483398 0.529948 0.0
#joint 1
#vjoint 1208
v 46.229591 90.036049 -67.999992
#vcolor 197.000000 197.000000 197.000000 255.000000
vt 0.358398 0.445964 0.0
#joint 1
#vjoint 1209
f 1207/1207 1208/1208 1209/1209
#fvcolorindex 1207 1208 1209 
v 46.229591 90.036049 -67.999992
#vcolor 197.000000 197.000000 197.000000 255.000000
vt 0.358398 0.445964 0.0
#joint 1
#vjoint 1210
v 1.229596 151.036041 -70.999992
#vcolor 255.000000 255.000000 255.000000 255.000000
vt 0.483398 0.529948 0.0
#joint 1
#vjoint 1211
v 63.229591 149.036041 -70.999992
#vcolor 255.000000 255.000000 255.000000 255.000000
vt 0.303711 0.526042 0.0
#joint 1
#vjoint 1212
f 1210/1210 1211/1211 1212/1212
#fvcolorindex 1210 1211 1212 
v 46.229591 90.036049 -67.999992
#vcolor 197.000000 197.000000 197.000000 255.000000
vt 0.358398 0.445964 0.0
#joint 1
#vjoint 1213
v 63.229591 149.036041 -70.999992
#vcolor 255.000000 255.000000 255.000000 255.000000
vt 0.303711 0.526042 0.0
#joint 1
#vjoint 1214
v 99.229591 90.036049 -64.999992
#vcolor 184.000000 184.000000 184.000000 255.000000
vt 0.204102 0.444661 0.0
#joint 1
#vjoint 1215
f 1213/1213 1214/1214 1215/1215
#fvcolorindex 1213 1214 1215 
v 99.229591 90.036049 -64.999992
#vcolor 184.000000 184.000000 184.000000 255.000000
vt 0.204102 0.444661 0.0
#joint 1
#vjoint 1216
v 63.229591 149.036041 -70.999992
#vcolor 255.000000 255.000000 255.000000 255.000000
vt 0.303711 0.526042 0.0
#joint 1
#vjoint 1217
v 109.229591 149.036041 -59.999996
#vcolor 188.000000 188.000000 188.000000 255.000000
vt 0.173828 0.525391 0.0
#joint 1
#vjoint 1218
f 1216/1216 1217/1217 1218/1218
#fvcolorindex 1216 1217 1218 
v 99.229591 90.036049 -64.999992
#vcolor 184.000000 184.000000 184.000000 255.000000
vt 0.204102 0.444661 0.0
#joint 1
#vjoint 1219
v 109.229591 149.036041 -59.999996
#vcolor 188.000000 188.000000 188.000000 255.000000
vt 0.173828 0.525391 0.0
#joint 1
#vjoint 1220
v 150.229584 84.036049 22.999998
#vcolor 27.000000 27.000000 27.000000 255.000000
vt 0.059570 0.436849 0.0
#joint 1
#vjoint 1221
f 1219/1219 1220/1220 1221/1221
#fvcolorindex 1219 1220 1221 
v 150.229584 84.036049 22.999998
#vcolor 27.000000 27.000000 27.000000 255.000000
vt 0.059570 0.436849 0.0
#joint 1
#vjoint 1222
v 109.229591 149.036041 -59.999996
#vcolor 188.000000 188.000000 188.000000 255.000000
vt 0.173828 0.525391 0.0
#joint 1
#vjoint 1223
v 156.229584 144.036041 21.999998
#vcolor 27.000000 27.000000 27.000000 255.000000
vt 0.039062 0.517578 0.0
#joint 1
#vjoint 1224
f 1222/1222 1223/1223 1224/1224
#fvcolorindex 1222 1223 1224 
v -65.770393 285.036041 -98.999992
#vcolor 255.000000 255.000000 255.000000 255.000000
vt 0.668945 0.712891 0.0
#joint 1
#vjoint 1225
v -62.770401 149.036041 -68.999992
#vcolor 255.000000 255.000000 255.000000 255.000000
vt 0.666992 0.527344 0.0
#joint 1
#vjoint 1226
v -111.770393 148.036041 -57.999996
#vcolor 182.000000 182.000000 182.000000 255.000000
vt 0.807617 0.526042 0.0
#joint 1
#vjoint 1227
f 1225/1225 1226/1226 1227/1227
#fvcolorindex 1225 1226 1227 
v 68.229591 285.036041 -99.999992
#vcolor 255.000000 255.000000 255.000000 255.000000
vt 0.284180 0.711589 0.0
#joint 1
#vjoint 1228
v -65.770393 285.036041 -98.999992
#vcolor 255.000000 255.000000 255.000000 255.000000
vt 0.668945 0.712891 0.0
#joint 1
#vjoint 1229
v -45.770401 418.036041 -80.999992
#vcolor 255.000000 255.000000 255.000000 255.000000
vt 0.604492 0.893880 0.0
#joint 1
#vjoint 1230
f 1228/1228 1229/1229 1230/1230
#fvcolorindex 1228 1229 1230 
v 174.229584 447.036041 26.999998
#vcolor 184.000000 184.000000 184.000000 255.000000
vt -0.031250 0.931641 0.0
#joint 1
#vjoint 1231
v 52.229591 476.036041 -51.999996
#vcolor 197.000000 197.000000 197.000000 255.000000
vt 0.317383 0.971354 0.0
#joint 1
#vjoint 1232
v 51.229591 485.036041 0.000000
#vcolor 202.000000 202.000000 202.000000 255.000000
vt 0.321289 0.983724 0.0
#joint 1
#vjoint 1233
f 1231/1231 1232/1232 1233/1233
#fvcolorindex 1231 1232 1233 
v -65.770393 285.036041 -98.999992
#vcolor 255.000000 255.000000 255.000000 255.000000
vt 0.668945 0.712891 0.0
#joint 1
#vjoint 1234
v -170.770386 289.036041 -19.999998
#vcolor 27.000000 27.000000 27.000000 255.000000
vt 0.968750 0.719401 0.0
#joint 1
#vjoint 1235
v -176.770386 425.036041 -52.999996
#vcolor 255.000000 255.000000 255.000000 255.000000
vt 0.979492 0.904948 0.0
#joint 1
#vjoint 1236
f 1234/1234 1235/1235 1236/1236
#fvcolorindex 1234 1235 1236 
v -65.770393 285.036041 -98.999992
#vcolor 255.000000 255.000000 255.000000 255.000000
vt 0.668945 0.712891 0.0
#joint 1
#vjoint 1237
v -111.770393 148.036041 -57.999996
#vcolor 182.000000 182.000000 182.000000 255.000000
vt 0.807617 0.526042 0.0
#joint 1
#vjoint 1238
v -170.770386 289.036041 -19.999998
#vcolor 27.000000 27.000000 27.000000 255.000000
vt 0.968750 0.719401 0.0
#joint 1
#vjoint 1239
f 1237/1237 1238/1238 1239/1239
#fvcolorindex 1237 1238 1239 
v 1.229596 151.036041 -70.999992
#vcolor 255.000000 255.000000 255.000000 255.000000
vt 0.483398 0.529948 0.0
#joint 1
#vjoint 1240
v -62.770401 149.036041 -68.999992
#vcolor 255.000000 255.000000 255.000000 255.000000
vt 0.666992 0.527344 0.0
#joint 1
#vjoint 1241
v -65.770393 285.036041 -98.999992
#vcolor 255.000000 255.000000 255.000000 255.000000
vt 0.668945 0.712891 0.0
#joint 1
#vjoint 1242
f 1240/1240 1241/1241 1242/1242
#fvcolorindex 1240 1241 1242 
v 174.229584 425.036041 -50.999996
#vcolor 255.000000 255.000000 255.000000 255.000000
vt -0.029297 0.900391 0.0
#joint 1
#vjoint 1243
v 68.229591 285.036041 -99.999992
#vcolor 255.000000 255.000000 255.000000 255.000000
vt 0.284180 0.711589 0.0
#joint 1
#vjoint 1244
v 47.229591 419.036041 -81.999992
#vcolor 255.000000 255.000000 255.000000 255.000000
vt 0.336914 0.894531 0.0
#joint 1
#vjoint 1245
f 1243/1243 1244/1244 1245/1245
#fvcolorindex 1243 1244 1245 
v 68.229591 285.036041 -99.999992
#vcolor 255.000000 255.000000 255.000000 255.000000
vt 0.284180 0.711589 0.0
#joint 1
#vjoint 1246
v 63.229591 149.036041 -70.999992
#vcolor 255.000000 255.000000 255.000000 255.000000
vt 0.303711 0.526042 0.0
#joint 1
#vjoint 1247
v 1.229596 151.036041 -70.999992
#vcolor 255.000000 255.000000 255.000000 255.000000
vt 0.483398 0.529948 0.0
#joint 1
#vjoint 1248
f 1246/1246 1247/1247 1248/1248
#fvcolorindex 1246 1247 1248 
v -51.770401 484.036041 0.000000
#vcolor 197.000000 197.000000 197.000000 255.000000
vt 0.616211 0.984375 0.0
#joint 1
#vjoint 1249
v -52.770401 476.036041 -51.999996
#vcolor 212.000000 212.000000 212.000000 255.000000
vt 0.619141 0.972656 0.0
#joint 1
#vjoint 1250
v -175.770386 444.036041 28.999998
#vcolor 197.000000 197.000000 197.000000 255.000000
vt 0.975586 0.930990 0.0
#joint 1
#vjoint 1251
f 1249/1249 1250/1250 1251/1251
#fvcolorindex 1249 1250 1251 
v -176.770386 425.036041 -52.999996
#vcolor 255.000000 255.000000 255.000000 255.000000
vt 0.979492 0.904948 0.0
#joint 1
#vjoint 1252
v -175.770386 444.036041 28.999998
#vcolor 197.000000 197.000000 197.000000 255.000000
vt 0.975586 0.930990 0.0
#joint 1
#vjoint 1253
v -52.770401 476.036041 -51.999996
#vcolor 212.000000 212.000000 212.000000 255.000000
vt 0.619141 0.972656 0.0
#joint 1
#vjoint 1254
f 1252/1252 1253/1253 1254/1254
#fvcolorindex 1252 1253 1254 
v 68.229591 285.036041 -99.999992
#vcolor 255.000000 255.000000 255.000000 255.000000
vt 0.284180 0.711589 0.0
#joint 1
#vjoint 1255
v 169.229584 291.036041 -16.999998
#vcolor 27.000000 27.000000 27.000000 255.000000
vt -0.008789 0.718750 0.0
#joint 1
#vjoint 1256
v 109.229591 149.036041 -59.999996
#vcolor 188.000000 188.000000 188.000000 255.000000
vt 0.173828 0.525391 0.0
#joint 1
#vjoint 1257
f 1255/1255 1256/1256 1257/1257
#fvcolorindex 1255 1256 1257 
v 47.229591 419.036041 -81.999992
#vcolor 255.000000 255.000000 255.000000 255.000000
vt 0.336914 0.894531 0.0
#joint 1
#vjoint 1258
v 68.229591 285.036041 -99.999992
#vcolor 255.000000 255.000000 255.000000 255.000000
vt 0.284180 0.711589 0.0
#joint 1
#vjoint 1259
v -45.770401 418.036041 -80.999992
#vcolor 255.000000 255.000000 255.000000 255.000000
vt 0.604492 0.893880 0.0
#joint 1
#vjoint 1260
f 1258/1258 1259/1259 1260/1260
#fvcolorindex 1258 1259 1260 
v 47.229591 419.036041 -81.999992
#vcolor 255.000000 255.000000 255.000000 255.000000
vt 0.336914 0.894531 0.0
#joint 1
#vjoint 1261
v -45.770401 418.036041 -80.999992
#vcolor 255.000000 255.000000 255.000000 255.000000
vt 0.604492 0.893880 0.0
#joint 1
#vjoint 1262
v -52.770401 476.036041 -51.999996
#vcolor 212.000000 212.000000 212.000000 255.000000
vt 0.619141 0.972656 0.0
#joint 1
#vjoint 1263
f 1261/1261 1262/1262 1263/1263
#fvcolorindex 1261 1262 1263 
v 52.229591 476.036041 -51.999996
#vcolor 197.000000 197.000000 197.000000 255.000000
vt 0.317383 0.971354 0.0
#joint 1
#vjoint 1264
v 47.229591 419.036041 -81.999992
#vcolor 255.000000 255.000000 255.000000 255.000000
vt 0.336914 0.894531 0.0
#joint 1
#vjoint 1265
v -52.770401 476.036041 -51.999996
#vcolor 212.000000 212.000000 212.000000 255.000000
vt 0.619141 0.972656 0.0
#joint 1
#vjoint 1266
f 1264/1264 1265/1265 1266/1266
#fvcolorindex 1264 1265 1266 
v -45.770401 418.036041 -80.999992
#vcolor 255.000000 255.000000 255.000000 255.000000
vt 0.604492 0.893880 0.0
#joint 1
#vjoint 1267
v -176.770386 425.036041 -52.999996
#vcolor 255.000000 255.000000 255.000000 255.000000
vt 0.979492 0.904948 0.0
#joint 1
#vjoint 1268
v -52.770401 476.036041 -51.999996
#vcolor 212.000000 212.000000 212.000000 255.000000
vt 0.619141 0.972656 0.0
#joint 1
#vjoint 1269
f 1267/1267 1268/1268 1269/1269
#fvcolorindex 1267 1268 1269 
v 52.229591 476.036041 -51.999996
#vcolor 197.000000 197.000000 197.000000 255.000000
vt 0.317383 0.971354 0.0
#joint 1
#vjoint 1270
v 174.229584 447.036041 26.999998
#vcolor 184.000000 184.000000 184.000000 255.000000
vt -0.031250 0.931641 0.0
#joint 1
#vjoint 1271
v 174.229584 425.036041 -50.999996
#vcolor 255.000000 255.000000 255.000000 255.000000
vt -0.029297 0.900391 0.0
#joint 1
#vjoint 1272
f 1270/1270 1271/1271 1272/1272
#fvcolorindex 1270 1271 1272 
v 63.229591 149.036041 -70.999992
#vcolor 255.000000 255.000000 255.000000 255.000000
vt 0.303711 0.526042 0.0
#joint 1
#vjoint 1273
v 68.229591 285.036041 -99.999992
#vcolor 255.000000 255.000000 255.000000 255.000000
vt 0.284180 0.711589 0.0
#joint 1
#vjoint 1274
v 109.229591 149.036041 -59.999996
#vcolor 188.000000 188.000000 188.000000 255.000000
vt 0.173828 0.525391 0.0
#joint 1
#vjoint 1275
f 1273/1273 1274/1274 1275/1275
#fvcolorindex 1273 1274 1275 
v -111.770393 148.036041 -57.999996
#vcolor 182.000000 182.000000 182.000000 255.000000
vt 0.807617 0.526042 0.0
#joint 1
#vjoint 1276
v -146.770386 144.036041 20.999998
#vcolor 27.000000 27.000000 27.000000 255.000000
vt 0.910156 0.522135 0.0
#joint 1
#vjoint 1277
v -170.770386 289.036041 -19.999998
#vcolor 27.000000 27.000000 27.000000 255.000000
vt 0.968750 0.719401 0.0
#joint 1
#vjoint 1278
f 1276/1276 1277/1277 1278/1278
#fvcolorindex 1276 1277 1278 
v 68.229591 285.036041 -99.999992
#vcolor 255.000000 255.000000 255.000000 255.000000
vt 0.284180 0.711589 0.0
#joint 1
#vjoint 1279
v 174.229584 425.036041 -50.999996
#vcolor 255.000000 255.000000 255.000000 255.000000
vt -0.029297 0.900391 0.0
#joint 1
#vjoint 1280
v 169.229584 291.036041 -16.999998
#vcolor 27.000000 27.000000 27.000000 255.000000
vt -0.008789 0.718750 0.0
#joint 1
#vjoint 1281
f 1279/1279 1280/1280 1281/1281
#fvcolorindex 1279 1280 1281 
v 109.229591 149.036041 -59.999996
#vcolor 188.000000 188.000000 188.000000 255.000000
vt 0.173828 0.525391 0.0
#joint 1
#vjoint 1282
v 169.229584 291.036041 -16.999998
#vcolor 27.000000 27.000000 27.000000 255.000000
vt -0.008789 0.718750 0.0
#joint 1
#vjoint 1283
v 156.229584 144.036041 21.999998
#vcolor 27.000000 27.000000 27.000000 255.000000
vt 0.039062 0.517578 0.0
#joint 1
#vjoint 1284
f 1282/1282 1283/1283 1284/1284
#fvcolorindex 1282 1283 1284 
v 52.229591 476.036041 -51.999996
#vcolor 197.000000 197.000000 197.000000 255.000000
vt 0.317383 0.971354 0.0
#joint 1
#vjoint 1285
v 174.229584 425.036041 -50.999996
#vcolor 255.000000 255.000000 255.000000 255.000000
vt -0.029297 0.900391 0.0
#joint 1
#vjoint 1286
v 47.229591 419.036041 -81.999992
#vcolor 255.000000 255.000000 255.000000 255.000000
vt 0.336914 0.894531 0.0
#joint 1
#vjoint 1287
f 1285/1285 1286/1286 1287/1287
#fvcolorindex 1285 1286 1287 
v -45.770401 418.036041 -80.999992
#vcolor 255.000000 255.000000 255.000000 255.000000
vt 0.604492 0.893880 0.0
#joint 1
#vjoint 1288
v -65.770393 285.036041 -98.999992
#vcolor 255.000000 255.000000 255.000000 255.000000
vt 0.668945 0.712891 0.0
#joint 1
#vjoint 1289
v -176.770386 425.036041 -52.999996
#vcolor 255.000000 255.000000 255.000000 255.000000
vt 0.979492 0.904948 0.0
#joint 1
#vjoint 1290
f 1288/1288 1289/1289 1290/1290
#fvcolorindex 1288 1289 1290 
v 68.229591 285.036041 -99.999992
#vcolor 255.000000 255.000000 255.000000 255.000000
vt 0.284180 0.711589 0.0
#joint 1
#vjoint 1291
v 1.229596 151.036041 -70.999992
#vcolor 255.000000 255.000000 255.000000 255.000000
vt 0.483398 0.529948 0.0
#joint 1
#vjoint 1292
v -65.770393 285.036041 -98.999992
#vcolor 255.000000 255.000000 255.000000 255.000000
vt 0.668945 0.712891 0.0
#joint 1
#vjoint 1293
f 1291/1291 1292/1292 1293/1293
#fvcolorindex 1291 1292 1293 
usemtl m2ClampT
v 150.229584 84.036049 22.999998
#vcolor 27.000000 27.000000 27.000000 255.000000
vt 0.916992 0.449219 0.0
#joint 1
#vjoint 1294
v 156.229584 144.036041 21.999998
#vcolor 27.000000 27.000000 27.000000 255.000000
vt 0.933594 0.526693 0.0
#joint 1
#vjoint 1295
v 78.229591 78.036049 121.999992
#vcolor 255.000000 255.000000 255.000000 255.000000
vt 0.718750 0.441406 0.0
#joint 1
#vjoint 1296
f 1294/1294 1295/1295 1296/1296
#fvcolorindex 1294 1295 1296 
v 78.229591 78.036049 121.999992
#vcolor 255.000000 255.000000 255.000000 255.000000
vt 0.718750 0.441406 0.0
#joint 1
#vjoint 1297
v 156.229584 144.036041 21.999998
#vcolor 27.000000 27.000000 27.000000 255.000000
vt 0.933594 0.526693 0.0
#joint 1
#vjoint 1298
v 77.229591 153.036041 124.999992
#vcolor 255.000000 255.000000 255.000000 255.000000
vt 0.715820 0.541016 0.0
#joint 1
#vjoint 1299
f 1297/1297 1298/1298 1299/1299
#fvcolorindex 1297 1298 1299 
v 78.229591 78.036049 121.999992
#vcolor 255.000000 255.000000 255.000000 255.000000
vt 0.718750 0.441406 0.0
#joint 1
#vjoint 1300
v 77.229591 153.036041 124.999992
#vcolor 255.000000 255.000000 255.000000 255.000000
vt 0.715820 0.541016 0.0
#joint 1
#vjoint 1301
v -0.770404 73.036049 127.999992
#vcolor 255.000000 255.000000 255.000000 255.000000
vt 0.500000 0.436198 0.0
#joint 1
#vjoint 1302
f 1300/1300 1301/1301 1302/1302
#fvcolorindex 1300 1301 1302 
v -0.770404 73.036049 127.999992
#vcolor 255.000000 255.000000 255.000000 255.000000
vt 0.500000 0.436198 0.0
#joint 1
#vjoint 1303
v 77.229591 153.036041 124.999992
#vcolor 255.000000 255.000000 255.000000 255.000000
vt 0.715820 0.541016 0.0
#joint 1
#vjoint 1304
v 0.229596 154.036041 136.999985
#vcolor 255.000000 255.000000 255.000000 255.000000
vt 0.502930 0.542318 0.0
#joint 1
#vjoint 1305
f 1303/1303 1304/1304 1305/1305
#fvcolorindex 1303 1304 1305 
v -0.770404 73.036049 127.999992
#vcolor 255.000000 255.000000 255.000000 255.000000
vt 0.500000 0.436198 0.0
#joint 1
#vjoint 1306
v 0.229596 154.036041 136.999985
#vcolor 255.000000 255.000000 255.000000 255.000000
vt 0.502930 0.542318 0.0
#joint 1
#vjoint 1307
v -74.770393 75.036049 118.999992
#vcolor 226.000000 226.000000 226.000000 255.000000
vt 0.293945 0.439453 0.0
#joint 1
#vjoint 1308
f 1306/1306 1307/1307 1308/1308
#fvcolorindex 1306 1307 1308 
v -74.770393 75.036049 118.999992
#vcolor 226.000000 226.000000 226.000000 255.000000
vt 0.293945 0.439453 0.0
#joint 1
#vjoint 1309
v 0.229596 154.036041 136.999985
#vcolor 255.000000 255.000000 255.000000 255.000000
vt 0.502930 0.542318 0.0
#joint 1
#vjoint 1310
v -72.770393 153.036041 124.999992
#vcolor 226.000000 226.000000 226.000000 255.000000
vt 0.300781 0.542318 0.0
#joint 1
#vjoint 1311
f 1309/1309 1310/1310 1311/1311
#fvcolorindex 1309 1310 1311 
v -74.770393 75.036049 118.999992
#vcolor 226.000000 226.000000 226.000000 255.000000
vt 0.293945 0.439453 0.0
#joint 1
#vjoint 1312
v -72.770393 153.036041 124.999992
#vcolor 226.000000 226.000000 226.000000 255.000000
vt 0.300781 0.542318 0.0
#joint 1
#vjoint 1313
v -141.770386 81.036049 20.999998
#vcolor 27.000000 27.000000 27.000000 255.000000
vt 0.109375 0.449219 0.0
#joint 1
#vjoint 1314
f 1312/1312 1313/1313 1314/1314
#fvcolorindex 1312 1313 1314 
v -141.770386 81.036049 20.999998
#vcolor 27.000000 27.000000 27.000000 255.000000
vt 0.109375 0.449219 0.0
#joint 1
#vjoint 1315
v -72.770393 153.036041 124.999992
#vcolor 226.000000 226.000000 226.000000 255.000000
vt 0.300781 0.542318 0.0
#joint 1
#vjoint 1316
v -146.770386 144.036041 20.999998
#vcolor 27.000000 27.000000 27.000000 255.000000
vt 0.094727 0.531901 0.0
#joint 1
#vjoint 1317
f 1315/1315 1316/1316 1317/1317
#fvcolorindex 1315 1316 1317 
v 173.229584 405.036041 78.999992
#vcolor 255.000000 255.000000 255.000000 255.000000
vt 0.983398 0.870443 0.0
#joint 1
#vjoint 1318
v 0.229596 294.036041 146.999985
#vcolor 255.000000 255.000000 255.000000 255.000000
vt 0.502930 0.726562 0.0
#joint 1
#vjoint 1319
v 128.229584 280.036041 132.999985
#vcolor 226.000000 226.000000 226.000000 255.000000
vt 0.857422 0.707031 0.0
#joint 1
#vjoint 1320
f 1318/1318 1319/1319 1320/1320
#fvcolorindex 1318 1319 1320 
v -129.770386 280.036041 133.999985
#vcolor 226.000000 226.000000 226.000000 255.000000
vt 0.144531 0.710286 0.0
#joint 1
#vjoint 1321
v -146.770386 144.036041 20.999998
#vcolor 27.000000 27.000000 27.000000 255.000000
vt 0.094727 0.531901 0.0
#joint 1
#vjoint 1322
v -72.770393 153.036041 124.999992
#vcolor 226.000000 226.000000 226.000000 255.000000
vt 0.300781 0.542318 0.0
#joint 1
#vjoint 1323
f 1321/1321 1322/1322 1323/1323
#fvcolorindex 1321 1322 1323 
v 0.229596 423.036041 65.999992
#vcolor 255.000000 255.000000 255.000000 255.000000
vt 0.503906 0.896484 0.0
#joint 1
#vjoint 1324
v -51.770401 484.036041 0.000000
#vcolor 197.000000 197.000000 197.000000 255.000000
vt 0.360352 0.977865 0.0
#joint 1
#vjoint 1325
v -46.770401 434.036041 80.999992
#vcolor 255.000000 255.000000 255.000000 255.000000
vt 0.374023 0.911458 0.0
#joint 1
#vjoint 1326
f 1324/1324 1325/1325 1326/1326
#fvcolorindex 1324 1325 1326 
v 0.229596 294.036041 146.999985
#vcolor 255.000000 255.000000 255.000000 255.000000
vt 0.502930 0.726562 0.0
#joint 1
#vjoint 1327
v -72.770393 153.036041 124.999992
#vcolor 226.000000 226.000000 226.000000 255.000000
vt 0.300781 0.542318 0.0
#joint 1
#vjoint 1328
v 0.229596 154.036041 136.999985
#vcolor 255.000000 255.000000 255.000000 255.000000
vt 0.502930 0.542318 0.0
#joint 1
#vjoint 1329
f 1327/1327 1328/1328 1329/1329
#fvcolorindex 1327 1328 1329 
v 0.229596 294.036041 146.999985
#vcolor 255.000000 255.000000 255.000000 255.000000
vt 0.502930 0.726562 0.0
#joint 1
#vjoint 1330
v 0.229596 154.036041 136.999985
#vcolor 255.000000 255.000000 255.000000 255.000000
vt 0.502930 0.542318 0.0
#joint 1
#vjoint 1331
v 77.229591 153.036041 124.999992
#vcolor 255.000000 255.000000 255.000000 255.000000
vt 0.715820 0.541016 0.0
#joint 1
#vjoint 1332
f 1330/1330 1331/1331 1332/1332
#fvcolorindex 1330 1331 1332 
v 172.229584 302.036041 69.999992
#vcolor 27.000000 27.000000 27.000000 255.000000
vt 0.980469 0.735677 0.0
#joint 1
#vjoint 1333
v 173.229584 405.036041 78.999992
#vcolor 255.000000 255.000000 255.000000 255.000000
vt 0.983398 0.870443 0.0
#joint 1
#vjoint 1334
v 128.229584 280.036041 132.999985
#vcolor 226.000000 226.000000 226.000000 255.000000
vt 0.857422 0.707031 0.0
#joint 1
#vjoint 1335
f 1333/1333 1334/1334 1335/1335
#fvcolorindex 1333 1334 1335 
v 128.229584 280.036041 132.999985
#vcolor 226.000000 226.000000 226.000000 255.000000
vt 0.857422 0.707031 0.0
#joint 1
#vjoint 1336
v 0.229596 294.036041 146.999985
#vcolor 255.000000 255.000000 255.000000 255.000000
vt 0.502930 0.726562 0.0
#joint 1
#vjoint 1337
v 77.229591 153.036041 124.999992
#vcolor 255.000000 255.000000 255.000000 255.000000
vt 0.715820 0.541016 0.0
#joint 1
#vjoint 1338
f 1336/1336 1337/1337 1338/1338
#fvcolorindex 1336 1337 1338 
v 172.229584 302.036041 69.999992
#vcolor 27.000000 27.000000 27.000000 255.000000
vt 0.980469 0.735677 0.0
#joint 1
#vjoint 1339
v 128.229584 280.036041 132.999985
#vcolor 226.000000 226.000000 226.000000 255.000000
vt 0.857422 0.707031 0.0
#joint 1
#vjoint 1340
v 156.229584 144.036041 21.999998
#vcolor 27.000000 27.000000 27.000000 255.000000
vt 0.933594 0.526693 0.0
#joint 1
#vjoint 1341
f 1339/1339 1340/1340 1341/1341
#fvcolorindex 1339 1340 1341 
v 0.229596 294.036041 146.999985
#vcolor 255.000000 255.000000 255.000000 255.000000
vt 0.502930 0.726562 0.0
#joint 1
#vjoint 1342
v -129.770386 280.036041 133.999985
#vcolor 226.000000 226.000000 226.000000 255.000000
vt 0.144531 0.710286 0.0
#joint 1
#vjoint 1343
v -72.770393 153.036041 124.999992
#vcolor 226.000000 226.000000 226.000000 255.000000
vt 0.300781 0.542318 0.0
#joint 1
#vjoint 1344
f 1342/1342 1343/1343 1344/1344
#fvcolorindex 1342 1343 1344 
v -177.770386 404.036041 78.999992
#vcolor 255.000000 255.000000 255.000000 255.000000
vt 0.012695 0.873698 0.0
#joint 1
#vjoint 1345
v -171.770386 302.036041 70.999992
#vcolor 27.000000 27.000000 27.000000 255.000000
vt 0.027344 0.739583 0.0
#joint 1
#vjoint 1346
v -129.770386 280.036041 133.999985
#vcolor 226.000000 226.000000 226.000000 255.000000
vt 0.144531 0.710286 0.0
#joint 1
#vjoint 1347
f 1345/1345 1346/1346 1347/1347
#fvcolorindex 1345 1346 1347 
v -146.770386 144.036041 20.999998
#vcolor 27.000000 27.000000 27.000000 255.000000
vt 0.094727 0.531901 0.0
#joint 1
#vjoint 1348
v -129.770386 280.036041 133.999985
#vcolor 226.000000 226.000000 226.000000 255.000000
vt 0.144531 0.710286 0.0
#joint 1
#vjoint 1349
v -171.770386 302.036041 70.999992
#vcolor 27.000000 27.000000 27.000000 255.000000
vt 0.027344 0.739583 0.0
#joint 1
#vjoint 1350
f 1348/1348 1349/1349 1350/1350
#fvcolorindex 1348 1349 1350 
v 172.229584 302.036041 69.999992
#vcolor 27.000000 27.000000 27.000000 255.000000
vt 0.980469 0.735677 0.0
#joint 1
#vjoint 1351
v 156.229584 144.036041 21.999998
#vcolor 27.000000 27.000000 27.000000 255.000000
vt 0.933594 0.526693 0.0
#joint 1
#vjoint 1352
v 169.229584 291.036041 -16.999998
#vcolor 27.000000 27.000000 27.000000 255.000000
vt 0.972656 0.721354 0.0
#joint 1
#vjoint 1353
f 1351/1351 1352/1352 1353/1353
#fvcolorindex 1351 1352 1353 
v 128.229584 280.036041 132.999985
#vcolor 226.000000 226.000000 226.000000 255.000000
vt 0.857422 0.707031 0.0
#joint 1
#vjoint 1354
v 77.229591 153.036041 124.999992
#vcolor 255.000000 255.000000 255.000000 255.000000
vt 0.715820 0.541016 0.0
#joint 1
#vjoint 1355
v 156.229584 144.036041 21.999998
#vcolor 27.000000 27.000000 27.000000 255.000000
vt 0.933594 0.526693 0.0
#joint 1
#vjoint 1356
f 1354/1354 1355/1355 1356/1356
#fvcolorindex 1354 1355 1356 
v -46.770401 434.036041 80.999992
#vcolor 255.000000 255.000000 255.000000 255.000000
vt 0.374023 0.911458 0.0
#joint 1
#vjoint 1357
v -177.770386 404.036041 78.999992
#vcolor 255.000000 255.000000 255.000000 255.000000
vt 0.012695 0.873698 0.0
#joint 1
#vjoint 1358
v 0.229596 294.036041 146.999985
#vcolor 255.000000 255.000000 255.000000 255.000000
vt 0.502930 0.726562 0.0
#joint 1
#vjoint 1359
f 1357/1357 1358/1358 1359/1359
#fvcolorindex 1357 1358 1359 
v -175.770386 444.036041 28.999998
#vcolor 197.000000 197.000000 197.000000 255.000000
vt 0.016602 0.927083 0.0
#joint 1
#vjoint 1360
v -177.770386 404.036041 78.999992
#vcolor 255.000000 255.000000 255.000000 255.000000
vt 0.012695 0.873698 0.0
#joint 1
#vjoint 1361
v -46.770401 434.036041 80.999992
#vcolor 255.000000 255.000000 255.000000 255.000000
vt 0.374023 0.911458 0.0
#joint 1
#vjoint 1362
f 1360/1360 1361/1361 1362/1362
#fvcolorindex 1360 1361 1362 
v 0.229596 423.036041 65.999992
#vcolor 255.000000 255.000000 255.000000 255.000000
vt 0.503906 0.896484 0.0
#joint 1
#vjoint 1363
v -46.770401 434.036041 80.999992
#vcolor 255.000000 255.000000 255.000000 255.000000
vt 0.374023 0.911458 0.0
#joint 1
#vjoint 1364
v 0.229596 294.036041 146.999985
#vcolor 255.000000 255.000000 255.000000 255.000000
vt 0.502930 0.726562 0.0
#joint 1
#vjoint 1365
f 1363/1363 1364/1364 1365/1365
#fvcolorindex 1363 1364 1365 
v -177.770386 404.036041 78.999992
#vcolor 255.000000 255.000000 255.000000 255.000000
vt 0.012695 0.873698 0.0
#joint 1
#vjoint 1366
v -129.770386 280.036041 133.999985
#vcolor 226.000000 226.000000 226.000000 255.000000
vt 0.144531 0.710286 0.0
#joint 1
#vjoint 1367
v 0.229596 294.036041 146.999985
#vcolor 255.000000 255.000000 255.000000 255.000000
vt 0.502930 0.726562 0.0
#joint 1
#vjoint 1368
f 1366/1366 1367/1367 1368/1368
#fvcolorindex 1366 1367 1368 
v 173.229584 405.036041 78.999992
#vcolor 255.000000 255.000000 255.000000 255.000000
vt 0.983398 0.870443 0.0
#joint 1
#vjoint 1369
v 47.229591 435.036041 80.999992
#vcolor 255.000000 255.000000 255.000000 255.000000
vt 0.633789 0.911458 0.0
#joint 1
#vjoint 1370
v 0.229596 294.036041 146.999985
#vcolor 255.000000 255.000000 255.000000 255.000000
vt 0.502930 0.726562 0.0
#joint 1
#vjoint 1371
f 1369/1369 1370/1370 1371/1371
#fvcolorindex 1369 1370 1371 
v 173.229584 405.036041 78.999992
#vcolor 255.000000 255.000000 255.000000 255.000000
vt 0.983398 0.870443 0.0
#joint 1
#vjoint 1372
v 174.229584 447.036041 26.999998
#vcolor 184.000000 184.000000 184.000000 255.000000
vt 0.986328 0.926432 0.0
#joint 1
#vjoint 1373
v 47.229591 435.036041 80.999992
#vcolor 255.000000 255.000000 255.000000 255.000000
vt 0.633789 0.911458 0.0
#joint 1
#vjoint 1374
f 1372/1372 1373/1373 1374/1374
#fvcolorindex 1372 1373 1374 
v -51.770401 484.036041 0.000000
#vcolor 197.000000 197.000000 197.000000 255.000000
vt 0.360352 0.977865 0.0
#joint 1
#vjoint 1375
v -175.770386 444.036041 28.999998
#vcolor 197.000000 197.000000 197.000000 255.000000
vt 0.016602 0.927083 0.0
#joint 1
#vjoint 1376
v -46.770401 434.036041 80.999992
#vcolor 255.000000 255.000000 255.000000 255.000000
vt 0.374023 0.911458 0.0
#joint 1
#vjoint 1377
f 1375/1375 1376/1376 1377/1377
#fvcolorindex 1375 1376 1377 
v 174.229584 447.036041 26.999998
#vcolor 184.000000 184.000000 184.000000 255.000000
vt 0.986328 0.926432 0.0
#joint 1
#vjoint 1378
v 51.229591 485.036041 0.000000
#vcolor 202.000000 202.000000 202.000000 255.000000
vt 0.644531 0.977214 0.0
#joint 1
#vjoint 1379
v 47.229591 435.036041 80.999992
#vcolor 255.000000 255.000000 255.000000 255.000000
vt 0.633789 0.911458 0.0
#joint 1
#vjoint 1380
f 1378/1378 1379/1379 1380/1380
#fvcolorindex 1378 1379 1380 
v 0.229596 423.036041 65.999992
#vcolor 255.000000 255.000000 255.000000 255.000000
vt 0.503906 0.896484 0.0
#joint 1
#vjoint 1381
v 0.229596 294.036041 146.999985
#vcolor 255.000000 255.000000 255.000000 255.000000
vt 0.502930 0.726562 0.0
#joint 1
#vjoint 1382
v 47.229591 435.036041 80.999992
#vcolor 255.000000 255.000000 255.000000 255.000000
vt 0.633789 0.911458 0.0
#joint 1
#vjoint 1383
f 1381/1381 1382/1382 1383/1383
#fvcolorindex 1381 1382 1383 
v 51.229591 485.036041 0.000000
#vcolor 202.000000 202.000000 202.000000 255.000000
vt 0.644531 0.977214 0.0
#joint 1
#vjoint 1384
v 0.229596 423.036041 65.999992
#vcolor 255.000000 255.000000 255.000000 255.000000
vt 0.503906 0.896484 0.0
#joint 1
#vjoint 1385
v 47.229591 435.036041 80.999992
#vcolor 255.000000 255.000000 255.000000 255.000000
vt 0.633789 0.911458 0.0
#joint 1
#vjoint 1386
f 1384/1384 1385/1385 1386/1386
#fvcolorindex 1384 1385 1386 
v -170.770386 289.036041 -19.999998
#vcolor 27.000000 27.000000 27.000000 255.000000
vt 0.031250 0.722656 0.0
#joint 1
#vjoint 1387
v -146.770386 144.036041 20.999998
#vcolor 27.000000 27.000000 27.000000 255.000000
vt 0.094727 0.531901 0.0
#joint 1
#vjoint 1388
v -171.770386 302.036041 70.999992
#vcolor 27.000000 27.000000 27.000000 255.000000
vt 0.027344 0.739583 0.0
#joint 1
#vjoint 1389
f 1387/1387 1388/1388 1389/1389
#fvcolorindex 1387 1388 1389 
g Room07_primary
usemtl m1ClampT
v -148.000000 32.000000 21.000000
#vcolor 27.000000 27.000000 27.000000 255.000000
vt 0.917969 0.369141 0.0
#joint 1
#vjoint 1390
v -141.770386 81.036049 20.999998
#vcolor 27.000000 27.000000 27.000000 255.000000
vt 0.897461 0.436198 0.0
#joint 1
#vjoint 1391
v -100.000000 39.000000 -62.000000
#vcolor 255.000000 255.000000 255.000000 255.000000
vt 0.779297 0.378255 0.0
#joint 1
#vjoint 1392
f 1390/1390 1391/1391 1392/1392
#fvcolorindex 1390 1391 1392 
v -100.000000 39.000000 -62.000000
#vcolor 255.000000 255.000000 255.000000 255.000000
vt 0.779297 0.378255 0.0
#joint 1
#vjoint 1393
v -141.770386 81.036049 20.999998
#vcolor 27.000000 27.000000 27.000000 255.000000
vt 0.897461 0.436198 0.0
#joint 1
#vjoint 1394
v -100.770393 88.036049 -61.999996
#vcolor 182.000000 182.000000 182.000000 255.000000
vt 0.780273 0.445312 0.0
#joint 1
#vjoint 1395
f 1393/1393 1394/1394 1395/1395
#fvcolorindex 1393 1394 1395 
v -100.000000 39.000000 -62.000000
#vcolor 255.000000 255.000000 255.000000 255.000000
vt 0.779297 0.378255 0.0
#joint 1
#vjoint 1396
v -100.770393 88.036049 -61.999996
#vcolor 182.000000 182.000000 182.000000 255.000000
vt 0.780273 0.445312 0.0
#joint 1
#vjoint 1397
v -51.770401 90.036049 -67.999992
#vcolor 197.000000 197.000000 197.000000 255.000000
vt 0.638672 0.447266 0.0
#joint 1
#vjoint 1398
f 1396/1396 1397/1397 1398/1398
#fvcolorindex 1396 1397 1398 
v -37.000000 41.000000 -68.000000
#vcolor 255.000000 255.000000 255.000000 255.000000
vt 0.599609 0.379557 0.0
#joint 1
#vjoint 1399
v -51.770401 90.036049 -67.999992
#vcolor 197.000000 197.000000 197.000000 255.000000
vt 0.638672 0.447266 0.0
#joint 1
#vjoint 1400
v -1.000000 40.000000 -67.000000
#vcolor 255.000000 255.000000 255.000000 255.000000
vt 0.495117 0.378906 0.0
#joint 1
#vjoint 1401
f 1399/1399 1400/1400 1401/1401
#fvcolorindex 1399 1400 1401 
v -1.000000 40.000000 -67.000000
#vcolor 255.000000 255.000000 255.000000 255.000000
vt 0.495117 0.378906 0.0
#joint 1
#vjoint 1402
v -51.770401 90.036049 -67.999992
#vcolor 197.000000 197.000000 197.000000 255.000000
vt 0.638672 0.447266 0.0
#joint 1
#vjoint 1403
v -8.770403 89.036049 -66.999992
#vcolor 197.000000 197.000000 197.000000 255.000000
vt 0.514648 0.445964 0.0
#joint 1
#vjoint 1404
f 1402/1402 1403/1403 1404/1404
#fvcolorindex 1402 1403 1404 
v -1.000000 40.000000 -67.000000
#vcolor 255.000000 255.000000 255.000000 255.000000
vt 0.495117 0.378906 0.0
#joint 1
#vjoint 1405
v -8.770403 89.036049 -66.999992
#vcolor 197.000000 197.000000 197.000000 255.000000
vt 0.514648 0.445964 0.0
#joint 1
#vjoint 1406
v 41.000000 41.000000 -68.000000
#vcolor 255.000000 255.000000 255.000000 255.000000
vt 0.374023 0.378906 0.0
#joint 1
#vjoint 1407
f 1405/1405 1406/1406 1407/1407
#fvcolorindex 1405 1406 1407 
v 41.000000 41.000000 -68.000000
#vcolor 255.000000 255.000000 255.000000 255.000000
vt 0.374023 0.378906 0.0
#joint 1
#vjoint 1408
v -8.770403 89.036049 -66.999992
#vcolor 197.000000 197.000000 197.000000 255.000000
vt 0.514648 0.445964 0.0
#joint 1
#vjoint 1409
v 46.229591 90.036049 -67.999992
#vcolor 197.000000 197.000000 197.000000 255.000000
vt 0.358398 0.445964 0.0
#joint 1
#vjoint 1410
f 1408/1408 1409/1409 1410/1410
#fvcolorindex 1408 1409 1410 
v 41.000000 41.000000 -68.000000
#vcolor 255.000000 255.000000 255.000000 255.000000
vt 0.374023 0.378906 0.0
#joint 1
#vjoint 1411
v 46.229591 90.036049 -67.999992
#vcolor 197.000000 197.000000 197.000000 255.000000
vt 0.358398 0.445964 0.0
#joint 1
#vjoint 1412
v 95.000000 41.000000 -65.000000
#vcolor 255.000000 255.000000 255.000000 255.000000
vt 0.220703 0.378906 0.0
#joint 1
#vjoint 1413
f 1411/1411 1412/1412 1413/1413
#fvcolorindex 1411 1412 1413 
v 95.000000 41.000000 -65.000000
#vcolor 255.000000 255.000000 255.000000 255.000000
vt 0.220703 0.378906 0.0
#joint 1
#vjoint 1414
v 46.229591 90.036049 -67.999992
#vcolor 197.000000 197.000000 197.000000 255.000000
vt 0.358398 0.445964 0.0
#joint 1
#vjoint 1415
v 99.229591 90.036049 -64.999992
#vcolor 184.000000 184.000000 184.000000 255.000000
vt 0.204102 0.444661 0.0
#joint 1
#vjoint 1416
f 1414/1414 1415/1415 1416/1416
#fvcolorindex 1414 1415 1416 
v 95.000000 41.000000 -65.000000
#vcolor 255.000000 255.000000 255.000000 255.000000
vt 0.220703 0.378906 0.0
#joint 1
#vjoint 1417
v 99.229591 90.036049 -64.999992
#vcolor 184.000000 184.000000 184.000000 255.000000
vt 0.204102 0.444661 0.0
#joint 1
#vjoint 1418
v 153.000000 35.000000 23.000000
#vcolor 27.000000 27.000000 27.000000 255.000000
vt 0.051758 0.369792 0.0
#joint 1
#vjoint 1419
f 1417/1417 1418/1418 1419/1419
#fvcolorindex 1417 1418 1419 
v 153.000000 35.000000 23.000000
#vcolor 27.000000 27.000000 27.000000 255.000000
vt 0.051758 0.369792 0.0
#joint 1
#vjoint 1420
v 99.229591 90.036049 -64.999992
#vcolor 184.000000 184.000000 184.000000 255.000000
vt 0.204102 0.444661 0.0
#joint 1
#vjoint 1421
v 150.229584 84.036049 22.999998
#vcolor 27.000000 27.000000 27.000000 255.000000
vt 0.059570 0.436849 0.0
#joint 1
#vjoint 1422
f 1420/1420 1421/1421 1422/1422
#fvcolorindex 1420 1421 1422 
v -100.000000 39.000000 -62.000000
#vcolor 255.000000 255.000000 255.000000 255.000000
vt 0.779297 0.378255 0.0
#joint 1
#vjoint 1423
v -51.770401 90.036049 -67.999992
#vcolor 197.000000 197.000000 197.000000 255.000000
vt 0.638672 0.447266 0.0
#joint 1
#vjoint 1424
v -37.000000 41.000000 -68.000000
#vcolor 255.000000 255.000000 255.000000 255.000000
vt 0.599609 0.379557 0.0
#joint 1
#vjoint 1425
f 1423/1423 1424/1424 1425/1425
#fvcolorindex 1423 1424 1425 
v 95.000000 41.000000 -65.000000
#vcolor 255.000000 255.000000 255.000000 255.000000
vt 0.220703 0.378906 0.0
#joint 1
#vjoint 1426
v 105.000000 -43.000000 -86.000000
#vcolor 121.000000 121.000000 121.000000 255.000000
vt 0.196289 0.263672 0.0
#joint 1
#vjoint 1427
v 46.000000 -80.000000 -88.000000
#vcolor 255.000000 255.000000 255.000000 255.000000
vt 0.366211 0.214844 0.0
#joint 1
#vjoint 1428
f 1426/1426 1427/1427 1428/1428
#fvcolorindex 1426 1427 1428 
v 95.000000 41.000000 -65.000000
#vcolor 255.000000 255.000000 255.000000 255.000000
vt 0.220703 0.378906 0.0
#joint 1
#vjoint 1429
v 153.000000 35.000000 23.000000
#vcolor 27.000000 27.000000 27.000000 255.000000
vt 0.051758 0.369792 0.0
#joint 1
#vjoint 1430
v 160.000000 -24.000000 22.000000
#vcolor 27.000000 27.000000 27.000000 255.000000
vt 0.037109 0.289062 0.0
#joint 1
#vjoint 1431
f 1429/1429 1430/1430 1431/1431
#fvcolorindex 1429 1430 1431 
v 41.000000 41.000000 -68.000000
#vcolor 255.000000 255.000000 255.000000 255.000000
vt 0.374023 0.378906 0.0
#joint 1
#vjoint 1432
v 0.000000 -81.000000 -94.000000
#vcolor 255.000000 255.000000 255.000000 255.000000
vt 0.500000 0.214193 0.0
#joint 1
#vjoint 1433
v -1.000000 40.000000 -67.000000
#vcolor 255.000000 255.000000 255.000000 255.000000
vt 0.495117 0.378906 0.0
#joint 1
#vjoint 1434
f 1432/1432 1433/1433 1434/1434
#fvcolorindex 1432 1433 1434 
v 41.000000 41.000000 -68.000000
#vcolor 255.000000 255.000000 255.000000 255.000000
vt 0.374023 0.378906 0.0
#joint 1
#vjoint 1435
v 46.000000 -80.000000 -88.000000
#vcolor 255.000000 255.000000 255.000000 255.000000
vt 0.366211 0.214844 0.0
#joint 1
#vjoint 1436
v 0.000000 -81.000000 -94.000000
#vcolor 255.000000 255.000000 255.000000 255.000000
vt 0.500000 0.214193 0.0
#joint 1
#vjoint 1437
f 1435/1435 1436/1436 1437/1437
#fvcolorindex 1435 1436 1437 
v -108.000000 -45.000000 -82.000000
#vcolor 124.000000 124.000000 124.000000 255.000000
vt 0.806641 0.263672 0.0
#joint 1
#vjoint 1438
v -154.000000 -28.000000 20.000000
#vcolor 27.000000 27.000000 27.000000 255.000000
vt 0.937500 0.287760 0.0
#joint 1
#vjoint 1439
v -148.000000 32.000000 21.000000
#vcolor 27.000000 27.000000 27.000000 255.000000
vt 0.917969 0.369141 0.0
#joint 1
#vjoint 1440
f 1438/1438 1439/1439 1440/1440
#fvcolorindex 1438 1439 1440 
v 105.000000 -43.000000 -86.000000
#vcolor 121.000000 121.000000 121.000000 255.000000
vt 0.196289 0.263672 0.0
#joint 1
#vjoint 1441
v 95.000000 41.000000 -65.000000
#vcolor 255.000000 255.000000 255.000000 255.000000
vt 0.220703 0.378906 0.0
#joint 1
#vjoint 1442
v 160.000000 -24.000000 22.000000
#vcolor 27.000000 27.000000 27.000000 255.000000
vt 0.037109 0.289062 0.0
#joint 1
#vjoint 1443
f 1441/1441 1442/1442 1443/1443
#fvcolorindex 1441 1442 1443 
v 0.000000 -81.000000 -94.000000
#vcolor 255.000000 255.000000 255.000000 255.000000
vt 0.500000 0.214193 0.0
#joint 1
#vjoint 1444
v -34.000000 -80.000000 -88.000000
#vcolor 255.000000 255.000000 255.000000 255.000000
vt 0.597656 0.215495 0.0
#joint 1
#vjoint 1445
v -1.000000 40.000000 -67.000000
#vcolor 255.000000 255.000000 255.000000 255.000000
vt 0.495117 0.378906 0.0
#joint 1
#vjoint 1446
f 1444/1444 1445/1445 1446/1446
#fvcolorindex 1444 1445 1446 
v -34.000000 -80.000000 -88.000000
#vcolor 255.000000 255.000000 255.000000 255.000000
vt 0.597656 0.215495 0.0
#joint 1
#vjoint 1447
v -37.000000 41.000000 -68.000000
#vcolor 255.000000 255.000000 255.000000 255.000000
vt 0.599609 0.379557 0.0
#joint 1
#vjoint 1448
v -1.000000 40.000000 -67.000000
#vcolor 255.000000 255.000000 255.000000 255.000000
vt 0.495117 0.378906 0.0
#joint 1
#vjoint 1449
f 1447/1447 1448/1448 1449/1449
#fvcolorindex 1447 1448 1449 
v -108.000000 -45.000000 -82.000000
#vcolor 124.000000 124.000000 124.000000 255.000000
vt 0.806641 0.263672 0.0
#joint 1
#vjoint 1450
v -100.000000 39.000000 -62.000000
#vcolor 255.000000 255.000000 255.000000 255.000000
vt 0.779297 0.378255 0.0
#joint 1
#vjoint 1451
v -34.000000 -80.000000 -88.000000
#vcolor 255.000000 255.000000 255.000000 255.000000
vt 0.597656 0.215495 0.0
#joint 1
#vjoint 1452
f 1450/1450 1451/1451 1452/1452
#fvcolorindex 1450 1451 1452 
v -100.000000 39.000000 -62.000000
#vcolor 255.000000 255.000000 255.000000 255.000000
vt 0.779297 0.378255 0.0
#joint 1
#vjoint 1453
v -108.000000 -45.000000 -82.000000
#vcolor 124.000000 124.000000 124.000000 255.000000
vt 0.806641 0.263672 0.0
#joint 1
#vjoint 1454
v -148.000000 32.000000 21.000000
#vcolor 27.000000 27.000000 27.000000 255.000000
vt 0.917969 0.369141 0.0
#joint 1
#vjoint 1455
f 1453/1453 1454/1454 1455/1455
#fvcolorindex 1453 1454 1455 
v 41.000000 41.000000 -68.000000
#vcolor 255.000000 255.000000 255.000000 255.000000
vt 0.374023 0.378906 0.0
#joint 1
#vjoint 1456
v 95.000000 41.000000 -65.000000
#vcolor 255.000000 255.000000 255.000000 255.000000
vt 0.220703 0.378906 0.0
#joint 1
#vjoint 1457
v 46.000000 -80.000000 -88.000000
#vcolor 255.000000 255.000000 255.000000 255.000000
vt 0.366211 0.214844 0.0
#joint 1
#vjoint 1458
f 1456/1456 1457/1457 1458/1458
#fvcolorindex 1456 1457 1458 
v -100.000000 39.000000 -62.000000
#vcolor 255.000000 255.000000 255.000000 255.000000
vt 0.779297 0.378255 0.0
#joint 1
#vjoint 1459
v -37.000000 41.000000 -68.000000
#vcolor 255.000000 255.000000 255.000000 255.000000
vt 0.599609 0.379557 0.0
#joint 1
#vjoint 1460
v -34.000000 -80.000000 -88.000000
#vcolor 255.000000 255.000000 255.000000 255.000000
vt 0.597656 0.215495 0.0
#joint 1
#vjoint 1461
f 1459/1459 1460/1460 1461/1461
#fvcolorindex 1459 1460 1461 
usemtl m2ClampT
v -148.000000 32.000000 21.000000
#vcolor 27.000000 27.000000 27.000000 255.000000
vt 0.091797 0.384115 0.0
#joint 1
#vjoint 1462
v -74.770393 75.036049 118.999992
#vcolor 226.000000 226.000000 226.000000 255.000000
vt 0.293945 0.439453 0.0
#joint 1
#vjoint 1463
v -141.770386 81.036049 20.999998
#vcolor 27.000000 27.000000 27.000000 255.000000
vt 0.109375 0.449219 0.0
#joint 1
#vjoint 1464
f 1462/1462 1463/1463 1464/1464
#fvcolorindex 1462 1463 1464 
v 153.000000 35.000000 23.000000
#vcolor 27.000000 27.000000 27.000000 255.000000
vt 0.926758 0.384115 0.0
#joint 1
#vjoint 1465
v 150.229584 84.036049 22.999998
#vcolor 27.000000 27.000000 27.000000 255.000000
vt 0.916992 0.449219 0.0
#joint 1
#vjoint 1466
v 72.000000 28.000000 122.000000
#vcolor 255.000000 255.000000 255.000000 255.000000
vt 0.702148 0.375651 0.0
#joint 1
#vjoint 1467
f 1465/1465 1466/1466 1467/1467
#fvcolorindex 1465 1466 1467 
v 72.000000 28.000000 122.000000
#vcolor 255.000000 255.000000 255.000000 255.000000
vt 0.702148 0.375651 0.0
#joint 1
#vjoint 1468
v 150.229584 84.036049 22.999998
#vcolor 27.000000 27.000000 27.000000 255.000000
vt 0.916992 0.449219 0.0
#joint 1
#vjoint 1469
v 78.229591 78.036049 121.999992
#vcolor 255.000000 255.000000 255.000000 255.000000
vt 0.718750 0.441406 0.0
#joint 1
#vjoint 1470
f 1468/1468 1469/1469 1470/1470
#fvcolorindex 1468 1469 1470 
v 72.000000 28.000000 122.000000
#vcolor 255.000000 255.000000 255.000000 255.000000
vt 0.702148 0.375651 0.0
#joint 1
#vjoint 1471
v 78.229591 78.036049 121.999992
#vcolor 255.000000 255.000000 255.000000 255.000000
vt 0.718750 0.441406 0.0
#joint 1
#vjoint 1472
v 0.000000 23.000000 128.000000
#vcolor 255.000000 255.000000 255.000000 255.000000
vt 0.502930 0.370443 0.0
#joint 1
#vjoint 1473
f 1471/1471 1472/1472 1473/1473
#fvcolorindex 1471 1472 1473 
v 0.000000 23.000000 128.000000
#vcolor 255.000000 255.000000 255.000000 255.000000
vt 0.502930 0.370443 0.0
#joint 1
#vjoint 1474
v 78.229591 78.036049 121.999992
#vcolor 255.000000 255.000000 255.000000 255.000000
vt 0.718750 0.441406 0.0
#joint 1
#vjoint 1475
v -0.770404 73.036049 127.999992
#vcolor 255.000000 255.000000 255.000000 255.000000
vt 0.500000 0.436198 0.0
#joint 1
#vjoint 1476
f 1474/1474 1475/1475 1476/1476
#fvcolorindex 1474 1475 1476 
v 0.000000 23.000000 128.000000
#vcolor 255.000000 255.000000 255.000000 255.000000
vt 0.502930 0.370443 0.0
#joint 1
#vjoint 1477
v -0.770404 73.036049 127.999992
#vcolor 255.000000 255.000000 255.000000 255.000000
vt 0.500000 0.436198 0.0
#joint 1
#vjoint 1478
v -75.000000 25.000000 119.000000
#vcolor 255.000000 255.000000 255.000000 255.000000
vt 0.293945 0.373698 0.0
#joint 1
#vjoint 1479
f 1477/1477 1478/1478 1479/1479
#fvcolorindex 1477 1478 1479 
v -75.000000 25.000000 119.000000
#vcolor 255.000000 255.000000 255.000000 255.000000
vt 0.293945 0.373698 0.0
#joint 1
#vjoint 1480
v -0.770404 73.036049 127.999992
#vcolor 255.000000 255.000000 255.000000 255.000000
vt 0.500000 0.436198 0.0
#joint 1
#vjoint 1481
v -74.770393 75.036049 118.999992
#vcolor 226.000000 226.000000 226.000000 255.000000
vt 0.293945 0.439453 0.0
#joint 1
#vjoint 1482
f 1480/1480 1481/1481 1482/1482
#fvcolorindex 1480 1481 1482 
v -75.000000 25.000000 119.000000
#vcolor 255.000000 255.000000 255.000000 255.000000
vt 0.293945 0.373698 0.0
#joint 1
#vjoint 1483
v -74.770393 75.036049 118.999992
#vcolor 226.000000 226.000000 226.000000 255.000000
vt 0.293945 0.439453 0.0
#joint 1
#vjoint 1484
v -148.000000 32.000000 21.000000
#vcolor 27.000000 27.000000 27.000000 255.000000
vt 0.091797 0.384115 0.0
#joint 1
#vjoint 1485
f 1483/1483 1484/1484 1485/1485
#fvcolorindex 1483 1484 1485 
v 72.000000 28.000000 122.000000
#vcolor 255.000000 255.000000 255.000000 255.000000
vt 0.702148 0.375651 0.0
#joint 1
#vjoint 1486
v 80.000000 -73.000000 125.000000
#vcolor 255.000000 255.000000 255.000000 255.000000
vt 0.723633 0.243490 0.0
#joint 1
#vjoint 1487
v 160.000000 -24.000000 22.000000
#vcolor 27.000000 27.000000 27.000000 255.000000
vt 0.944336 0.305990 0.0
#joint 1
#vjoint 1488
f 1486/1486 1487/1487 1488/1488
#fvcolorindex 1486 1487 1488 
v 0.000000 23.000000 128.000000
#vcolor 255.000000 255.000000 255.000000 255.000000
vt 0.502930 0.370443 0.0
#joint 1
#vjoint 1489
v -81.000000 -76.000000 122.000000
#vcolor 255.000000 255.000000 255.000000 255.000000
vt 0.278320 0.240885 0.0
#joint 1
#vjoint 1490
v 0.000000 -114.000000 124.000000
#vcolor 255.000000 255.000000 255.000000 255.000000
vt 0.500977 0.189453 0.0
#joint 1
#vjoint 1491
f 1489/1489 1490/1490 1491/1491
#fvcolorindex 1489 1490 1491 
v 153.000000 35.000000 23.000000
#vcolor 27.000000 27.000000 27.000000 255.000000
vt 0.926758 0.384115 0.0
#joint 1
#vjoint 1492
v 72.000000 28.000000 122.000000
#vcolor 255.000000 255.000000 255.000000 255.000000
vt 0.702148 0.375651 0.0
#joint 1
#vjoint 1493
v 160.000000 -24.000000 22.000000
#vcolor 27.000000 27.000000 27.000000 255.000000
vt 0.944336 0.305990 0.0
#joint 1
#vjoint 1494
f 1492/1492 1493/1493 1494/1494
#fvcolorindex 1492 1493 1494 
v 80.000000 -73.000000 125.000000
#vcolor 255.000000 255.000000 255.000000 255.000000
vt 0.723633 0.243490 0.0
#joint 1
#vjoint 1495
v 0.000000 23.000000 128.000000
#vcolor 255.000000 255.000000 255.000000 255.000000
vt 0.502930 0.370443 0.0
#joint 1
#vjoint 1496
v 0.000000 -114.000000 124.000000
#vcolor 255.000000 255.000000 255.000000 255.000000
vt 0.500977 0.189453 0.0
#joint 1
#vjoint 1497
f 1495/1495 1496/1496 1497/1497
#fvcolorindex 1495 1496 1497 
v 72.000000 28.000000 122.000000
#vcolor 255.000000 255.000000 255.000000 255.000000
vt 0.702148 0.375651 0.0
#joint 1
#vjoint 1498
v 0.000000 23.000000 128.000000
#vcolor 255.000000 255.000000 255.000000 255.000000
vt 0.502930 0.370443 0.0
#joint 1
#vjoint 1499
v 80.000000 -73.000000 125.000000
#vcolor 255.000000 255.000000 255.000000 255.000000
vt 0.723633 0.243490 0.0
#joint 1
#vjoint 1500
f 1498/1498 1499/1499 1500/1500
#fvcolorindex 1498 1499 1500 
v 0.000000 23.000000 128.000000
#vcolor 255.000000 255.000000 255.000000 255.000000
vt 0.502930 0.370443 0.0
#joint 1
#vjoint 1501
v -75.000000 25.000000 119.000000
#vcolor 255.000000 255.000000 255.000000 255.000000
vt 0.293945 0.373698 0.0
#joint 1
#vjoint 1502
v -81.000000 -76.000000 122.000000
#vcolor 255.000000 255.000000 255.000000 255.000000
vt 0.278320 0.240885 0.0
#joint 1
#vjoint 1503
f 1501/1501 1502/1502 1503/1503
#fvcolorindex 1501 1502 1503 
v -75.000000 25.000000 119.000000
#vcolor 255.000000 255.000000 255.000000 255.000000
vt 0.293945 0.373698 0.0
#joint 1
#vjoint 1504
v -148.000000 32.000000 21.000000
#vcolor 27.000000 27.000000 27.000000 255.000000
vt 0.091797 0.384115 0.0
#joint 1
#vjoint 1505
v -154.000000 -28.000000 20.000000
#vcolor 27.000000 27.000000 27.000000 255.000000
vt 0.076172 0.305990 0.0
#joint 1
#vjoint 1506
f 1504/1504 1505/1505 1506/1506
#fvcolorindex 1504 1505 1506 
v -81.000000 -76.000000 122.000000
#vcolor 255.000000 255.000000 255.000000 255.000000
vt 0.278320 0.240885 0.0
#joint 1
#vjoint 1507
v -75.000000 25.000000 119.000000
#vcolor 255.000000 255.000000 255.000000 255.000000
vt 0.293945 0.373698 0.0
#joint 1
#vjoint 1508
v -154.000000 -28.000000 20.000000
#vcolor 27.000000 27.000000 27.000000 255.000000
vt 0.076172 0.305990 0.0
#joint 1
#vjoint 1509
f 1507/1507 1508/1508 1509/1509
#fvcolorindex 1507 1508 1509 
#animation Animation0286
#keyframe 0
#keyframetranslation -15.000000 684.000000 38.000000
#keyframerotation 3.251953 18.720703 350.859375
#part 0
#partrotation 0 0.000000 0
#part 1
#partrotation 69.697258 345.673798 10.722655
#part 2
#partrotation 310.166016 358.242188 7.294922
#part 3
#partrotation 329.238281 208.740234 308.232391
#part 4
#partrotation 180.439453 54.228512 321.855469
#part 5
#partrotation 0.966797 0.703125 333.896454
#part 6
#partrotation 359.033203 0.000000 104.853508
#part 7
#partrotation 307.265594 5.537109 1.494141
#part 8
#partrotation 44.560543 23.115234 307.001923
#part 9
#partrotation 236.337860 247.587875 42.451172
#part 10
#partrotation 294.169891 53.173824 34.013672
#part 11
#partrotation 0.000000 110.390617 0.000000
#part 12
#partrotation 0.000000 251.982407 0.000000
#part 13
#partrotation 3.339844 330.820312 358.857422
#part 14
#partrotation 330.556641 28.740232 352.617157
#keyframe 1
#keyframetranslation -37.000000 685.000000 74.000000
#keyframerotation 2.724609 21.884766 350.244141
#part 0
#partrotation 0 0.000000 0
#part 1
#partrotation 69.082024 346.289032 11.865234
#part 2
#partrotation 310.517578 357.539032 10.195312
#part 3
#partrotation 329.238281 208.740234 308.232391
#part 4
#partrotation 180.439453 54.228512 321.855469
#part 5
#partrotation 0.966797 0.703125 333.896454
#part 6
#partrotation 359.033203 0.000000 104.853508
#part 7
#partrotation 307.265594 5.537109 1.494141
#part 8
#partrotation 43.505856 25.576172 303.310547
#part 9
#partrotation 230.976547 248.994125 49.482418
#part 10
#partrotation 281.162109 56.601559 22.851561
#part 11
#partrotation 0.000000 112.939445 0.000000
#part 12
#partrotation 0.000000 262.617188 0.000000
#part 13
#partrotation 9.931640 330.820312 356.572235
#part 14
#partrotation 343.740204 30.673828 355.429657
#keyframe 2
#keyframetranslation -61.000000 680.000000 113.000000
#keyframerotation 1.494141 24.345703 349.189453
#part 0
#partrotation 0 0.000000 0
#part 1
#partrotation 68.642578 347.519501 13.886718
#part 2
#partrotation 311.220703 356.396454 12.304687
#part 3
#partrotation 329.238281 208.740234 308.232391
#part 4
#partrotation 180.439453 54.228512 321.855469
#part 5
#partrotation 0.966797 0.703125 333.896454
#part 6
#partrotation 359.033203 0.000000 104.853508
#part 7
#partrotation 307.265594 5.537109 1.494141
#part 8
#partrotation 43.242184 27.861326 299.882812
#part 9
#partrotation 222.890610 250.312485 59.677731
#part 10
#partrotation 272.988281 56.953121 16.259766
#part 11
#partrotation 0.000000 116.191399 0.000000
#part 12
#partrotation 0.000000 270.263672 0.000000
#part 13
#partrotation 14.238280 331.259766 355.165985
#part 14
#partrotation 358.593750 30.234373 359.296875
#keyframe 3
#keyframetranslation -87.000000 670.000000 157.000000
#keyframerotation 359.472656 26.367186 348.398438
#part 0
#partrotation 0 0.000000 0
#part 1
#partrotation 68.730461 348.750000 16.171873
#part 2
#partrotation 311.748047 354.462860 14.589844
#part 3
#partrotation 329.238281 208.740234 308.232391
#part 4
#partrotation 180.439453 54.228512 321.855469
#part 5
#partrotation 0.966797 0.703125 333.896454
#part 6
#partrotation 359.033203 0.000000 104.853508
#part 7
#partrotation 307.265594 5.537109 1.494141
#part 8
#partrotation 43.242184 30.234373 296.542938
#part 9
#partrotation 214.101562 249.609360 70.576172
#part 10
#partrotation 270.263672 56.777340 14.414062
#part 11
#partrotation 0.000000 120.058586 0.000000
#part 12
#partrotation 0.000000 268.945282 0.000000
#part 13
#partrotation 13.359375 330.468750 355.341766
#part 14
#partrotation 3.779297 29.970701 0.439453
#keyframe 4
#keyframetranslation -117.000000 653.000000 208.000000
#keyframerotation 357.539032 29.619137 347.871063
#part 0
#partrotation 0 0.000000 0
#part 1
#partrotation 68.466797 348.486328 18.193359
#part 2
#partrotation 311.923828 352.353485 16.347656
#part 3
#partrotation 329.238281 208.740234 308.232391
#part 4
#partrotation 180.439453 54.228512 321.855469
#part 5
#partrotation 0.966797 0.703125 333.896454
#part 6
#partrotation 359.033203 0.000000 104.853508
#part 7
#partrotation 307.265594 5.537109 1.494141
#part 8
#partrotation 43.681641 32.431637 293.818359
#part 9
#partrotation 210.322250 248.818344 76.464836
#part 10
#partrotation 271.845703 57.392574 15.292969
#part 11
#partrotation 0.000000 124.365227 0.000000
#part 12
#partrotation 0.000000 265.517548 0.000000
#part 13
#partrotation 10.107421 330.292969 356.308563
#part 14
#partrotation 3.339844 26.982420 359.912109
#keyframe 5
#keyframetranslation -145.000000 637.000000 260.000000
#keyframerotation 358.681641 33.222652 350.244141
#part 0
#partrotation 0 0.000000 0
#part 1
#partrotation 66.357414 348.046844 18.105469
#part 2
#partrotation 312.099609 350.332031 17.753906
#part 3
#partrotation 329.238281 208.740234 308.232391
#part 4
#partrotation 180.439453 54.228512 321.855469
#part 5
#partrotation 0.966797 0.703125 333.896454
#part 6
#partrotation 359.033203 0.000000 104.853508
#part 7
#partrotation 307.265594 5.537109 1.494141
#part 8
#partrotation 44.560543 34.101562 292.324219
#part 9
#partrotation 206.630844 249.697250 81.035149
#part 10
#partrotation 273.251953 59.326164 12.919921
#part 11
#partrotation 0.000000 128.496078 0.000000
#part 12
#partrotation 0.000000 262.705078 0.000000
#part 13
#partrotation 7.382812 331.523438 357.451141
#part 14
#partrotation 359.648438 24.521482 358.769531
#keyframe 6
#keyframetranslation -172.000000 628.000000 313.000000
#keyframerotation 359.384766 35.683590 351.474609
#part 0
#partrotation 0 0.000000 0
#part 1
#partrotation 64.775383 347.431610 19.775389
#part 2
#partrotation 311.220703 347.607391 18.017576
#part 3
#partrotation 329.238281 208.740234 308.232391
#part 4
#partrotation 180.439453 54.228512 321.855469
#part 5
#partrotation 0.966797 0.703125 333.896454
#part 6
#partrotation 359.033203 0.000000 104.853508
#part 7
#partrotation 307.265594 5.537109 1.494141
#part 8
#partrotation 45.966793 35.419922 291.445312
#part 9
#partrotation 198.720703 250.136703 91.494133
#part 10
#partrotation 273.339844 61.435539 12.568358
#part 11
#partrotation 0.000000 131.660156 0.000000
#part 12
#partrotation 0.000000 258.837860 0.000000
#part 13
#partrotation 4.306640 333.105438 358.593750
#part 14
#partrotation 355.165985 23.906248 357.802704
#keyframe 7
#keyframetranslation -198.000000 618.000000 366.000000
#keyframerotation 357.714813 34.013672 351.914032
#part 0
#partrotation 0 0.000000 0
#part 1
#partrotation 67.148430 349.101562 21.093748
#part 2
#partrotation 309.375000 345.761688 16.523438
#part 3
#partrotation 329.238281 208.740234 308.232391
#part 4
#partrotation 180.439453 54.228512 321.855469
#part 5
#partrotation 0.966797 0.703125 333.896454
#part 6
#partrotation 359.033203 0.000000 104.853508
#part 7
#partrotation 307.265594 5.537109 1.494141
#part 8
#partrotation 47.724606 34.892574 291.533203
#part 9
#partrotation 183.251938 245.126953 108.017570
#part 10
#partrotation 278.876923 65.126953 19.511719
#part 11
#partrotation 0.000000 134.560532 0.000000
#part 12
#partrotation 0.000000 252.685532 0.000000
#part 13
#partrotation 0.966797 335.214813 0.000000
#part 14
#partrotation 353.759735 25.400389 357.451141
#keyframe 8
#keyframetranslation -196.000000 600.000000 406.000000
#keyframerotation 351.474609 18.984373 352.617157
#part 0
#partrotation 0 0.000000 0
#part 1
#partrotation 76.728508 358.154297 20.742188
#part 2
#partrotation 308.320282 344.179657 13.183593
#part 3
#partrotation 329.238281 208.740234 308.232391
#part 4
#partrotation 180.439453 54.228512 321.855469
#part 5
#partrotation 0.966797 0.703125 333.896454
#part 6
#partrotation 359.033203 0.000000 104.853508
#part 7
#partrotation 307.265594 5.537109 1.494141
#part 8
#partrotation 49.921875 32.695312 292.763672
#part 9
#partrotation 165.937500 226.142563 123.574203
#part 10
#partrotation 310.605469 73.212891 50.361324
#part 11
#partrotation 0.000000 134.560532 0.000000
#part 12
#partrotation 0.000000 246.357391 0.000000
#part 13
#partrotation 358.242188 339.169922 0.615234
#part 14
#partrotation 356.835907 27.773436 357.539032
#keyframe 9
#keyframetranslation -219.000000 590.000000 446.000000
#keyframerotation 349.980469 15.908203 354.462860
#part 0
#partrotation 0 0.000000 0
#part 1
#partrotation 79.804688 357.275360 18.105469
#part 2
#partrotation 308.847626 343.476532 9.140625
#part 3
#partrotation 329.238281 208.740234 308.232391
#part 4
#partrotation 180.439453 54.228512 321.855469
#part 5
#partrotation 0.966797 0.703125 333.896454
#part 6
#partrotation 359.033203 0.000000 104.853508
#part 7
#partrotation 307.265594 5.537109 1.494141
#part 8
#partrotation 51.503902 29.882811 296.015594
#part 9
#partrotation 161.718735 214.541000 131.923828
#part 10
#partrotation 325.107391 73.300781 66.005859
#part 11
#partrotation 0.000000 131.132812 0.000000
#part 12
#partrotation 0.000000 242.050766 0.000000
#part 13
#partrotation 356.572235 345.673798 0.087891
#part 14
#partrotation 358.066406 30.410156 357.539032
#keyframe 10
#keyframetranslation -228.000000 599.000000 486.000000
#keyframerotation 349.365234 15.468749 355.869110
#part 0
#partrotation 0 0.000000 0
#part 1
#partrotation 80.771477 352.968719 14.765623
#part 2
#partrotation 310.429688 344.707001 4.570312
#part 3
#partrotation 329.238281 208.740234 308.232391
#part 4
#partrotation 180.439453 54.228512 321.855469
#part 5
#partrotation 0.966797 0.703125 333.896454
#part 6
#partrotation 359.033203 0.000000 104.853508
#part 7
#partrotation 307.265594 5.537109 1.494141
#part 8
#partrotation 52.558590 27.158201 299.707031
#part 9
#partrotation 165.585938 212.080063 135.000000
#part 10
#partrotation 330.380859 69.433586 72.246086
#part 11
#partrotation 0.000000 127.001953 0.000000
#part 12
#partrotation 0.000000 240.205063 0.000000
#part 13
#partrotation 355.165985 359.912109 358.945312
#part 14
#partrotation 358.593750 31.904297 357.802704
#keyframe 11
#keyframetranslation -228.000000 618.000000 523.000000
#keyframerotation 347.607391 14.765623 357.626923
#part 0
#partrotation 0 0.000000 0
#part 1
#partrotation 83.935539 349.716797 10.722655
#part 2
#partrotation 312.011719 347.167938 0.703125
#part 3
#partrotation 329.238281 208.740234 308.232391
#part 4
#partrotation 180.439453 54.228512 321.855469
#part 5
#partrotation 0.966797 0.703125 333.896454
#part 6
#partrotation 359.033203 0.000000 104.853508
#part 7
#partrotation 307.265594 5.537109 1.494141
#part 8
#partrotation 52.822262 25.048826 301.816406
#part 9
#partrotation 172.441391 215.859360 131.132812
#part 10
#partrotation 341.279297 64.072258 81.826164
#part 11
#partrotation 0.000000 127.089844 0.000000
#part 12
#partrotation 0.000000 239.941391 0.000000
#part 13
#partrotation 349.189453 2.109375 357.626923
#part 14
#partrotation 356.923798 32.431637 357.451141
#keyframe 12
#keyframetranslation -227.000000 626.000000 558.000000
#keyframerotation 346.025360 13.886718 359.384766
#part 0
#partrotation 0 0.000000 0
#part 1
#partrotation 86.220695 348.662109 7.382812
#part 2
#partrotation 313.945282 349.013672 359.384766
#part 3
#partrotation 329.238281 208.740234 308.232391
#part 4
#partrotation 180.439453 54.228512 321.855469
#part 5
#partrotation 0.966797 0.703125 333.896454
#part 6
#partrotation 359.033203 0.000000 104.853508
#part 7
#partrotation 307.265594 5.537109 1.494141
#part 8
#partrotation 52.646481 23.203123 303.398438
#part 9
#partrotation 181.582016 224.824203 122.431641
#part 10
#partrotation 350.068359 59.677731 88.681633
#part 11
#partrotation 0.000000 127.968735 0.000000
#part 12
#partrotation 0.000000 238.359360 0.000000
#part 13
#partrotation 340.488281 349.365234 0.263672
#part 14
#partrotation 353.232391 32.519531 356.396454
#keyframe 13
#keyframetranslation -218.000000 622.000000 596.000000
#keyframerotation 344.619110 12.832030 1.142578
#part 0
#partrotation 0 0.000000 0
#part 1
#partrotation 87.187500 348.662109 4.833984
#part 2
#partrotation 315.527313 350.507812 359.121094
#part 3
#partrotation 329.238281 208.740234 308.232391
#part 4
#partrotation 180.439453 54.228512 321.855469
#part 5
#partrotation 0.966797 0.703125 333.896454
#part 6
#partrotation 359.033203 0.000000 104.853508
#part 7
#partrotation 307.265594 5.537109 1.494141
#part 8
#partrotation 52.207031 21.357422 304.716766
#part 9
#partrotation 187.294907 238.183578 112.060539
#part 10
#partrotation 352.441376 56.337887 90.175781
#part 11
#partrotation 0.000000 124.277336 0.000000
#part 12
#partrotation 0.000000 235.458984 0.000000
#part 13
#partrotation 338.290985 342.509735 2.988281
#part 14
#partrotation 348.574219 31.816406 354.814423
#keyframe 14
#keyframetranslation -201.000000 611.000000 637.000000
#keyframerotation 343.037079 10.986328 3.251953
#part 0
#partrotation 0 0.000000 0
#part 1
#partrotation 87.626953 349.189453 2.197266
#part 2
#partrotation 316.757782 352.001923 358.593750
#part 3
#partrotation 329.238281 208.740234 308.232391
#part 4
#partrotation 180.439453 54.228512 321.855469
#part 5
#partrotation 0.966797 0.703125 333.896454
#part 6
#partrotation 359.033203 0.000000 104.853508
#part 7
#partrotation 307.265594 5.537109 1.494141
#part 8
#partrotation 51.591793 18.808594 305.332001
#part 9
#partrotation 186.855453 249.609360 102.041016
#part 10
#partrotation 349.980469 53.173824 86.923820
#part 11
#partrotation 0.000000 115.927727 0.000000
#part 12
#partrotation 0.000000 231.679672 0.000000
#part 13
#partrotation 339.345703 340.224609 3.691406
#part 14
#partrotation 343.915985 30.585938 353.144501
#keyframe 15
#keyframetranslation -180.000000 599.000000 683.000000
#keyframerotation 340.664062 8.525391 5.009766
#part 0
#partrotation 0 0.000000 0
#part 1
#partrotation 87.978508 349.804688 359.648438
#part 2
#partrotation 318.603485 352.705048 357.890594
#part 3
#partrotation 329.238281 208.740234 308.232391
#part 4
#partrotation 180.439453 54.228512 321.855469
#part 5
#partrotation 0.966797 0.703125 333.896454
#part 6
#partrotation 359.033203 0.000000 104.853508
#part 7
#partrotation 307.265594 5.537109 1.494141
#part 8
#partrotation 50.624996 15.292969 305.683563
#part 9
#partrotation 186.943344 255.410126 92.636719
#part 10
#partrotation 346.816376 49.306637 82.441406
#part 11
#partrotation 0.000000 104.326172 0.000000
#part 12
#partrotation 0.000000 227.900375 0.000000
#part 13
#partrotation 344.794891 341.718750 2.285156
#part 14
#partrotation 341.015625 28.916014 351.738251
#keyframe 16
#keyframetranslation -163.000000 585.000000 728.000000
#keyframerotation 339.082031 4.042968 3.955078
#part 0
#partrotation 0 0.000000 0
#part 1
#partrotation 87.363281 350.156250 0.000000
#part 2
#partrotation 320.185547 354.199188 355.253876
#part 3
#partrotation 329.238281 208.740234 308.232391
#part 4
#partrotation 180.439453 54.228512 321.855469
#part 5
#partrotation 0.966797 0.703125 333.896454
#part 6
#partrotation 359.033203 0.000000 104.853508
#part 7
#partrotation 307.265594 5.537109 1.494141
#part 8
#partrotation 50.009762 10.986328 307.089813
#part 9
#partrotation 184.306641 257.607391 93.691399
#part 10
#partrotation 346.376923 46.318359 82.792969
#part 11
#partrotation 0.000000 98.173820 0.000000
#part 12
#partrotation 0.000000 224.736313 0.000000
#part 13
#partrotation 354.199188 339.433594 1.054688
#part 14
#partrotation 338.994141 26.806639 350.683594
#keyframe 17
#keyframetranslation -144.000000 576.000000 775.000000
#keyframerotation 339.433594 358.945312 2.109375
#part 0
#partrotation 0 0.000000 0
#part 1
#partrotation 85.341797 350.332031 0.966797
#part 2
#partrotation 322.207031 358.066406 351.474609
#part 3
#partrotation 329.238281 208.740234 308.232391
#part 4
#partrotation 180.439453 54.228512 321.855469
#part 5
#partrotation 0.966797 0.703125 333.896454
#part 6
#partrotation 359.033203 0.000000 104.853508
#part 7
#partrotation 307.265594 5.537109 1.494141
#part 8
#partrotation 49.482418 6.591796 309.199219
#part 9
#partrotation 181.757797 258.222626 98.261711
#part 10
#partrotation 347.958954 43.769531 83.056641
#part 11
#partrotation 0.000000 95.097656 0.000000
#part 12
#partrotation 0.000000 222.626938 0.000000
#part 13
#partrotation 357.363251 338.466797 0.527344
#part 14
#partrotation 341.455078 25.576172 351.738251
#keyframe 18
#keyframetranslation -122.000000 571.000000 825.000000
#keyframerotation 341.630859 354.462860 0.527344
#part 0
#partrotation 0 0.000000 0
#part 1
#partrotation 82.265625 350.332031 1.230469
#part 2
#partrotation 323.964813 3.867187 346.464813
#part 3
#partrotation 329.238281 208.740234 308.232391
#part 4
#partrotation 180.439453 54.228512 321.855469
#part 5
#partrotation 0.966797 0.703125 333.896454
#part 6
#partrotation 359.033203 0.000000 104.853508
#part 7
#partrotation 307.265594 5.537109 1.494141
#part 8
#partrotation 49.130856 2.197266 311.660156
#part 9
#partrotation 180.527344 259.365204 101.601555
#part 10
#partrotation 351.386719 42.011715 82.792969
#part 11
#partrotation 0.000000 93.339836 0.000000
#part 12
#partrotation 0.000000 221.660141 0.000000
#part 13
#partrotation 356.132782 341.279297 0.527344
#part 14
#partrotation 346.464813 25.664061 354.023407
#keyframe 19
#keyframetranslation -94.000000 568.000000 877.000000
#keyframerotation 345.058563 350.332031 0.087891
#part 0
#partrotation 0 0.000000 0
#part 1
#partrotation 79.013664 350.947266 0.175781
#part 2
#partrotation 324.228485 8.876953 342.773407
#part 3
#partrotation 329.238281 208.740234 308.232391
#part 4
#partrotation 180.439453 54.228512 321.855469
#part 5
#partrotation 0.966797 0.703125 333.896454
#part 6
#partrotation 359.033203 0.000000 104.853508
#part 7
#partrotation 307.265594 5.537109 1.494141
#part 8
#partrotation 48.691406 359.121094 314.648407
#part 9
#partrotation 175.429688 262.177734 106.875000
#part 10
#partrotation 355.957001 40.429684 79.716797
#part 11
#partrotation 0.000000 94.482422 0.000000
#part 12
#partrotation 0.000000 222.275375 0.000000
#part 13
#partrotation 351.826141 345.234344 0.703125
#part 14
#partrotation 353.320282 26.103516 357.099579
#keyframe 20
#keyframetranslation -61.000000 571.000000 934.000000
#keyframerotation 348.837891 346.201141 358.681641
#part 0
#partrotation 0 0.000000 0
#part 1
#partrotation 76.992180 351.650360 0.527344
#part 2
#partrotation 322.910126 10.371094 339.960938
#part 3
#partrotation 329.238281 208.740234 308.232391
#part 4
#partrotation 180.439453 54.228512 321.855469
#part 5
#partrotation 0.966797 0.703125 333.896454
#part 6
#partrotation 359.033203 0.000000 104.853508
#part 7
#partrotation 307.265594 5.537109 1.494141
#part 8
#partrotation 48.339840 358.945312 318.251923
#part 9
#partrotation 154.335922 264.726562 127.441406
#part 10
#partrotation 359.208984 37.617188 75.673828
#part 11
#partrotation 0.000000 97.910149 0.000000
#part 12
#partrotation 0.000000 225.615219 0.000000
#part 13
#partrotation 348.486328 346.376923 0.703125
#part 14
#partrotation 359.560547 29.531246 359.824219
#keyframe 21
#keyframetranslation -29.000000 578.000000 993.000000
#keyframerotation 351.914032 345.761688 357.011688
#part 0
#partrotation 0 0.000000 0
#part 1
#partrotation 76.552727 350.595703 2.812500
#part 2
#partrotation 320.976562 6.943359 340.048828
#part 3
#partrotation 329.238281 208.740234 308.232391
#part 4
#partrotation 180.439453 54.228512 321.855469
#part 5
#partrotation 0.966797 0.703125 333.896454
#part 6
#partrotation 359.033203 0.000000 104.853508
#part 7
#partrotation 307.265594 5.537109 1.494141
#part 8
#partrotation 48.076168 0.000000 321.240234
#part 9
#partrotation 166.816391 266.835907 113.291008
#part 10
#partrotation 356.132782 31.816406 68.818352
#part 11
#partrotation 0.000000 101.601555 0.000000
#part 12
#partrotation 0.000000 230.800766 0.000000
#part 13
#partrotation 346.289032 346.025360 0.966797
#part 14
#partrotation 0.000000 32.167965 0.000000
#keyframe 22
#keyframetranslation -5.000000 591.000000 1050.000000
#keyframerotation 353.935516 348.398438 354.902313
#part 0
#partrotation 0 0.000000 0
#part 1
#partrotation 76.992180 349.013672 5.009766
#part 2
#partrotation 318.427704 5.009766 343.124969
#part 3
#partrotation 329.238281 208.740234 308.232391
#part 4
#partrotation 180.439453 54.228512 321.855469
#part 5
#partrotation 0.966797 0.703125 333.896454
#part 6
#partrotation 359.033203 0.000000 104.853508
#part 7
#partrotation 307.265594 5.537109 1.494141
#part 8
#partrotation 47.460938 1.757812 321.503906
#part 9
#partrotation 210.761703 266.308563 66.884758
#part 10
#partrotation 348.046844 23.642578 63.105465
#part 11
#partrotation 0.000000 104.941399 0.000000
#part 12
#partrotation 0.000000 236.425751 0.000000
#part 13
#partrotation 346.113251 344.267548 1.406250
#part 14
#partrotation 352.177704 33.310543 357.363251
#keyframe 23
#keyframetranslation 10.000000 608.000000 1104.000000
#keyframerotation 355.869110 352.089813 353.320282
#part 0
#partrotation 0 0.000000 0
#part 1
#partrotation 76.728508 348.925781 7.207031
#part 2
#partrotation 315.615204 4.042968 347.695282
#part 3
#partrotation 329.238281 208.740234 308.232391
#part 4
#partrotation 180.439453 54.228512 321.855469
#part 5
#partrotation 0.966797 0.703125 333.896454
#part 6
#partrotation 359.033203 0.000000 104.853508
#part 7
#partrotation 307.265594 5.537109 1.494141
#part 8
#partrotation 46.845699 4.746093 320.185547
#part 9
#partrotation 216.386703 264.550781 58.447266
#part 10
#partrotation 341.367188 17.490234 59.765621
#part 11
#partrotation 0.000000 107.402336 0.000000
#part 12
#partrotation 0.000000 240.820297 0.000000
#part 13
#partrotation 348.750000 341.103516 1.757812
#part 14
#partrotation 346.992157 28.037107 357.099579
#keyframe 24
#keyframetranslation 15.000000 627.000000 1152.000000
#keyframerotation 358.593750 357.802704 351.210938
#part 0
#partrotation 0 0.000000 0
#part 1
#partrotation 74.531242 348.134735 10.810546
#part 2
#partrotation 312.890625 2.460937 352.441376
#part 3
#partrotation 329.238281 208.740234 308.232391
#part 4
#partrotation 180.439453 54.228512 321.855469
#part 5
#partrotation 0.966797 0.703125 333.896454
#part 6
#partrotation 359.033203 0.000000 104.853508
#part 7
#partrotation 307.265594 5.537109 1.494141
#part 8
#partrotation 46.054688 8.876953 317.636688
#part 9
#partrotation 231.416000 261.562500 42.890621
#part 10
#partrotation 336.884735 15.556640 58.447266
#part 11
#partrotation 0.000000 109.072258 0.000000
#part 12
#partrotation 0.000000 243.544922 0.000000
#part 13
#partrotation 350.419922 337.763641 2.021484
#part 14
#partrotation 351.914032 11.074218 0.703125
#keyframe 25
#keyframetranslation 12.000000 647.000000 1197.000000
#keyframerotation 1.669922 5.009766 349.189453
#part 0
#partrotation 0 0.000000 0
#part 1
#partrotation 70.839844 346.464813 14.238280
#part 2
#partrotation 311.308594 0.878906 356.660126
#part 3
#partrotation 329.238281 208.740234 308.232391
#part 4
#partrotation 180.439453 54.228512 321.855469
#part 5
#partrotation 0.966797 0.703125 333.896454
#part 6
#partrotation 359.033203 0.000000 104.853508
#part 7
#partrotation 307.265594 5.537109 1.494141
#part 8
#partrotation 45.439449 13.095703 314.648407
#part 9
#partrotation 246.181610 256.552704 30.585938
#part 10
#partrotation 328.710938 20.390623 57.216793
#part 11
#partrotation 0.000000 109.511719 0.000000
#part 12
#partrotation 0.000000 242.314438 0.000000
#part 13
#partrotation 351.650360 334.687469 2.197266
#part 14
#partrotation 349.453125 358.593750 3.339844
#keyframe 26
#keyframetranslation 5.000000 665.000000 1240.000000
#keyframerotation 3.603515 10.371094 349.101562
#part 0
#partrotation 0 0.000000 0
#part 1
#partrotation 68.906242 346.025360 14.150390
#part 2
#partrotation 310.693359 359.736328 0.439453
#part 3
#partrotation 329.238281 208.740234 308.232391
#part 4
#partrotation 180.439453 54.228512 321.855469
#part 5
#partrotation 0.966797 0.703125 333.896454
#part 6
#partrotation 359.033203 0.000000 104.853508
#part 7
#partrotation 307.265594 5.537109 1.494141
#part 8
#partrotation 44.912109 17.666016 311.044922
#part 9
#partrotation 248.115219 252.158188 30.234373
#part 10
#partrotation 317.900360 30.234373 53.701168
#part 11
#partrotation 0.000000 109.248047 0.000000
#part 12
#partrotation 0.000000 239.150375 0.000000
#part 13
#partrotation 353.408173 332.578094 1.933594
#part 14
#partrotation 337.939423 13.623046 1.142578
#keyframe 27
#keyframetranslation -4.000000 678.000000 1282.000000
#keyframerotation 3.867187 14.326171 349.980469
#part 0
#partrotation 0 0.000000 0
#part 1
#partrotation 69.169914 345.673798 12.128906
#part 2
#partrotation 310.253906 359.296875 3.339844
#part 3
#partrotation 329.238281 208.740234 308.232391
#part 4
#partrotation 180.439453 54.228512 321.855469
#part 5
#partrotation 0.966797 0.703125 333.896454
#part 6
#partrotation 359.033203 0.000000 104.853508
#part 7
#partrotation 307.265594 5.537109 1.494141
#part 8
#partrotation 44.648434 21.357422 308.232391
#part 9
#partrotation 243.369141 248.994125 35.244141
#part 10
#partrotation 308.759735 41.923824 47.636715
#part 11
#partrotation 0.000000 109.072258 0.000000
#part 12
#partrotation 0.000000 242.841782 0.000000
#part 13
#partrotation 356.484344 331.435547 1.054688
#part 14
#partrotation 328.886719 24.433592 354.814423
