# Created by SubDrag and the GoldenEye Setup Editor V4.4
mtllib Gun0008.mtl
#joint 0
#jointposition 0.000000 -20.375574 -74.143860
#joint 1
#jointposition -0.126130 -34.500000 -403.726105
#joint 2
#jointposition 0.000000 -20.375574 -74.143860
#joint 3
#jointposition 28.404760 -54.346611 -32.664295
#joint 4
#jointposition 50.075203 -78.841194 -10.664248
#joint 5
#jointposition 28.643808 -16.714527 20.778549
#joint 6
#jointposition 26.518341 -24.155291 60.154758
#joint 7
#jointposition 24.862719 -25.637974 87.085503
#joint 8
#jointposition 8.820322 -11.296313 21.695198
#joint 9
#jointposition 8.668717 -23.348385 71.418152
#joint 10
#jointposition 7.570724 -26.182207 98.349426
#joint 11
#jointposition -7.449821 -15.536673 21.601517
#joint 12
#jointposition -6.777197 -21.532187 62.353848
#joint 13
#jointposition -6.290760 -23.494061 85.077034
#joint 14
#jointposition -23.590879 -23.057791 21.828247
#joint 15
#jointposition -21.894306 -25.130569 56.929543
#joint 16
#jointposition -20.740978 -24.727604 74.077179
#joint 17
#jointposition 234.474915 -34.500000 -403.725983
#joint 18
#jointposition 234.348785 -20.375599 -74.143890
#joint 19
#jointposition 205.943985 -54.346600 -32.664291
#joint 20
#jointposition 184.273590 -78.841202 -10.664192
#joint 21
#jointposition 205.704987 -16.714600 20.778511
#joint 22
#jointposition 207.830490 -24.155300 60.154812
#joint 23
#jointposition 209.561584 -25.811800 87.094810
#joint 24
#jointposition 225.528473 -11.296299 21.695213
#joint 25
#jointposition 225.680069 -23.348400 71.418114
#joint 26
#jointposition 226.778076 -26.182199 98.349411
#joint 27
#jointposition 241.798599 -15.536699 21.601509
#joint 28
#jointposition 241.125977 -21.532200 62.353809
#joint 29
#jointposition 240.639542 -23.494101 85.077011
#joint 30
#jointposition 257.939697 -23.057798 21.828209
#joint 31
#jointposition 256.243103 -25.130598 56.929508
#joint 32
#jointposition 255.089798 -24.727598 74.077209
#joint 33
#jointposition 0.000000 -16.428276 -194.170227
#joint 34
#jointposition 0.000000 5.591372 -151.856934
#joint 35
#jointposition 0.000000 20.436382 64.952972
#joint 36
#jointposition 0.000000 20.436382 77.086281
#joint 37
#jointposition 0.000000 20.393639 117.270462
#joint 38
#jointposition 0.000000 2.024761 -186.953583
#joint 39
#jointposition 0.000000 5.581623 -151.168900
#joint 40
#jointposition -9.367627 14.926629 -151.169006
#joint 41
#jointposition -12.831341 2.181307 -151.169006
#joint 42
#jointposition -3.455755 -7.299593 -151.169006
#joint 43
#jointposition 9.374467 -3.771484 -151.169006
#joint 44
#jointposition 12.993500 9.294720 -151.169006
#joint 45
#jointposition 3.354248 18.478264 -151.169006
#joint 46
#jointposition 289.293457 5.581623 -151.168884
#connection 0 1
#connection 1 2
#connection 2 3
#connection 3 4
#connection 2 5
#connection 5 6
#connection 6 7
#connection 2 8
#connection 8 9
#connection 9 10
#connection 2 11
#connection 11 12
#connection 12 13
#connection 2 14
#connection 14 15
#connection 15 16
#connection 2 33
#connection 33 34
#connection 33 35
#connection 35 36
#connection 35 37
#connection 33 38
#connection 33 39
#connection 39 40
#connection 39 41
#connection 39 42
#connection 39 43
#connection 39 44
#connection 39 45
#connection 0 17
#connection 17 18
#connection 18 19
#connection 19 20
#connection 18 21
#connection 21 22
#connection 22 23
#connection 18 24
#connection 24 25
#connection 25 26
#connection 18 27
#connection 27 28
#connection 28 29
#connection 18 30
#connection 30 31
#connection 31 32
#connection 18 46
g Room02
g Room02_primary
usemtl m0TransparentCullBothClampSClampT
vt 0.968750 0.968750 0.0
vt 0.000000 0.968750 0.0
vt 0.000000 0.000000 0.0
v 0.000000 94.393639 117.270462
#joint 37
#vjoint 1
#vcolor 255.000000 255.000000 255.000000 255.000000
v -74.000000 94.393639 117.270462
#joint 37
#vjoint 2
v -74.000000 20.393639 117.270462
#joint 37
#vjoint 3
f 1/1 2/2 3/3
#fvcolorindex 1 1 1 
vt 0.968750 0.968750 0.0
vt 0.000000 0.000000 0.0
vt 0.968750 0.000000 0.0
v 0.000000 20.393639 117.270462
#joint 37
#vjoint 4
f 1/4 3/5 4/6
#fvcolorindex 1 1 1 
vt 0.968750 0.968750 0.0
vt 0.000000 0.968750 0.0
vt 0.000000 0.000000 0.0
v 0.000000 94.436386 77.086281
#joint 36
#vjoint 5
v 74.000000 94.436386 77.086281
#joint 36
#vjoint 6
v 74.000000 20.436382 77.086281
#joint 36
#vjoint 7
f 5/7 6/8 7/9
#fvcolorindex 1 1 1 
vt 0.968750 0.968750 0.0
vt 0.000000 0.000000 0.0
vt 0.968750 0.000000 0.0
v 0.000000 20.436382 77.086281
#joint 36
#vjoint 8
f 5/10 7/11 8/12
#fvcolorindex 1 1 1 
usemtl m1TransparentCullBothClampSClampT
vt 0.968750 0.968750 0.0
vt 0.000000 0.968750 0.0
vt 0.000000 0.000000 0.0
v 74.000000 94.393639 117.270462
#joint 37
#vjoint 9
f 9/13 1/14 4/15
#fvcolorindex 1 1 1 
vt 0.968750 0.968750 0.0
vt 0.000000 0.000000 0.0
vt 0.968750 0.000000 0.0
v 74.000000 20.393639 117.270462
#joint 37
#vjoint 10
f 9/16 4/17 10/18
#fvcolorindex 1 1 1 
vt 0.968750 0.968750 0.0
vt 0.000000 0.968750 0.0
vt 0.000000 0.000000 0.0
v -74.000000 94.436386 77.086281
#joint 36
#vjoint 11
f 11/19 5/20 8/21
#fvcolorindex 1 1 1 
vt 0.968750 0.968750 0.0
vt 0.000000 0.000000 0.0
vt 0.968750 0.000000 0.0
v -74.000000 20.436382 77.086281
#joint 36
#vjoint 12
f 11/22 8/23 12/24
#fvcolorindex 1 1 1 
usemtl m2TransparentCullBothClampSClampT
vt 0.968750 0.968750 0.0
vt 0.000000 0.968750 0.0
vt 0.000000 0.000000 0.0
v -74.000000 -53.606361 117.270462
#joint 37
#vjoint 13
f 4/25 3/26 13/27
#fvcolorindex 1 1 1 
vt 0.968750 0.968750 0.0
vt 0.000000 0.000000 0.0
vt 0.968750 0.000000 0.0
v 0.000000 -53.606361 117.270462
#joint 37
#vjoint 14
f 4/28 13/29 14/30
#fvcolorindex 1 1 1 
vt 0.968750 0.968750 0.0
vt 0.000000 0.968750 0.0
vt 0.000000 0.000000 0.0
v 74.000000 -53.563618 77.086281
#joint 36
#vjoint 15
f 8/31 7/32 15/33
#fvcolorindex 1 1 1 
vt 0.968750 0.968750 0.0
vt 0.000000 0.000000 0.0
vt 0.968750 0.000000 0.0
v 0.000000 -53.563618 77.086281
#joint 36
#vjoint 16
f 8/34 15/35 16/36
#fvcolorindex 1 1 1 
usemtl m3TransparentCullBothClampSClampT
vt 0.968750 0.968750 0.0
vt 0.000000 0.968750 0.0
vt 0.000000 0.000000 0.0
f 10/37 4/38 14/39
#fvcolorindex 1 1 1 
vt 0.968750 0.968750 0.0
vt 0.000000 0.000000 0.0
vt 0.968750 0.000000 0.0
v 74.000000 -53.606361 117.270462
#joint 37
#vjoint 17
f 10/40 14/41 17/42
#fvcolorindex 1 1 1 
vt 0.968750 0.968750 0.0
vt 0.000000 0.968750 0.0
vt 0.000000 0.000000 0.0
f 12/43 8/44 16/45
#fvcolorindex 1 1 1 
vt 0.968750 0.968750 0.0
vt 0.000000 0.000000 0.0
vt 0.968750 0.000000 0.0
v -74.000000 -53.563618 77.086281
#joint 36
#vjoint 18
f 12/46 16/47 18/48
#fvcolorindex 1 1 1 
g Room03
g Room03_primary
usemtl m4CullBoth
vt 0.189453 0.896484 0.0
vt 0.189453 0.896484 0.0
vt 0.019531 1.120117 0.0
v -6.000000 -66.428276 -202.170227
#joint 33
#vjoint 19
#vcolor 67.000000 67.000000 67.000000 255.000000
v 6.000000 -66.428276 -202.170227
#joint 33
#vjoint 20
v 6.000000 -54.428276 -187.170227
#joint 33
#vjoint 21
f 19/49 20/50 21/51
#fvcolorindex 2 2 2 
vt 0.189453 0.896484 0.0
vt 0.019531 1.120117 0.0
vt 0.019531 1.120117 0.0
v -6.000000 -54.428276 -187.170227
#joint 33
#vjoint 22
f 19/52 21/53 22/54
#fvcolorindex 2 2 2 
vt 0.000000 0.000000 0.0
vt 0.000000 0.000000 0.0
vt 0.189453 0.896484 0.0
v -6.000000 -113.428276 -202.170227
#joint 33
#vjoint 23
v 6.000000 -113.428276 -202.170227
#joint 33
#vjoint 24
#vcolor 137.000000 137.000000 137.000000 255.000000
f 23/55 24/56 20/57
#fvcolorindex 2 3 2 
vt 0.000000 0.000000 0.0
vt 0.189453 0.896484 0.0
vt 0.189453 0.896484 0.0
f 23/58 20/59 19/60
#fvcolorindex 2 2 2 
vt 0.177734 1.456055 0.0
vt -0.181641 1.400391 0.0
vt 0.249023 1.791992 0.0
v -15.000000 -36.428276 -193.170227
#joint 33
#vjoint 25
v -9.000000 -39.428276 -170.170227
#joint 33
#vjoint 26
v -9.000000 -18.428276 -193.170227
#joint 33
#vjoint 27
f 25/61 26/62 27/63
#fvcolorindex 2 2 2 
vt 0.177734 1.456055 0.0
vt 0.019531 1.120117 0.0
vt -0.241211 1.120117 0.0
v -6.000000 -54.428276 -170.170227
#joint 33
#vjoint 28
f 25/64 22/65 28/66
#fvcolorindex 2 2 2 
vt 0.177734 1.456055 0.0
vt -0.241211 1.120117 0.0
vt -0.181641 1.400391 0.0
f 25/67 28/68 26/69
#fvcolorindex 2 2 2 
vt 0.387695 1.007812 0.0
vt 0.189453 0.896484 0.0
vt 0.019531 1.120117 0.0
v -15.000000 -60.428276 -214.170227
#joint 33
#vjoint 29
f 29/70 19/71 22/72
#fvcolorindex 2 2 2 
vt 0.387695 1.007812 0.0
vt 0.019531 1.120117 0.0
vt 0.177734 1.456055 0.0
f 29/73 22/74 25/75
#fvcolorindex 2 2 2 
usemtl m5CullBoth
vt 0.636719 2.183594 0.0
vt 0.699219 2.072266 0.0
vt 0.177734 1.456055 0.0
v -9.000000 2.571724 -214.170227
#joint 33
#vjoint 30
#vcolor 100.000000 100.000000 100.000000 255.000000
v -15.000000 -3.428276 -220.170227
#joint 33
#vjoint 31
f 30/76 31/77 25/78
#fvcolorindex 4 2 2 
vt 0.636719 2.183594 0.0
vt 0.177734 1.456055 0.0
vt 0.249023 1.791992 0.0
f 30/79 25/80 27/81
#fvcolorindex 4 2 2 
usemtl m4CullBoth
vt 0.901367 1.175781 0.0
vt 0.387695 1.007812 0.0
vt 0.177734 1.456055 0.0
v -15.000000 -51.428276 -247.170227
#joint 33
#vjoint 32
f 32/82 29/83 25/84
#fvcolorindex 2 2 2 
vt 0.901367 1.175781 0.0
vt 0.177734 1.456055 0.0
vt 0.699219 2.072266 0.0
f 32/85 25/86 31/87
#fvcolorindex 2 2 2 
vt 0.173828 0.000000 0.0
vt 0.000000 0.000000 0.0
vt 0.189453 0.896484 0.0
v -15.000000 -113.428276 -214.170227
#joint 33
#vjoint 33
f 33/88 23/89 19/90
#fvcolorindex 2 2 2 
vt 0.173828 0.000000 0.0
vt 0.189453 0.896484 0.0
vt 0.387695 1.007812 0.0
f 33/91 19/92 29/93
#fvcolorindex 2 2 2 
vt 0.901367 1.175781 0.0
vt 0.913086 0.000000 0.0
vt 0.173828 0.000000 0.0
v -15.000000 -113.428276 -265.170227
#joint 33
#vjoint 34
f 32/94 34/95 33/96
#fvcolorindex 2 2 2 
vt 0.901367 1.175781 0.0
vt 0.173828 0.000000 0.0
vt 0.387695 1.007812 0.0
f 32/97 33/98 29/99
#fvcolorindex 2 2 2 
vt 1.000000 0.000000 0.0
vt 1.000000 1.091797 0.0
vt 0.700195 1.114258 0.0
v -6.000000 -48.428276 -253.170227
#joint 33
#vjoint 35
#vcolor 98.000000 98.000000 98.000000 255.000000
f 34/100 32/101 35/102
#fvcolorindex 2 2 5 
vt 1.000000 0.000000 0.0
vt 0.700195 1.114258 0.0
vt 0.700195 -0.026367 0.0
v -6.000000 -113.428276 -271.170227
#joint 33
#vjoint 36
#vcolor 78.000000 78.000000 78.000000 255.000000
f 34/103 35/104 36/105
#fvcolorindex 2 5 6 
usemtl m6CullBoth
vt 0.700195 1.114258 0.0
vt 1.000000 1.091797 0.0
vt 1.000000 1.982422 0.0
f 35/106 32/107 31/108
#fvcolorindex 5 2 2 
vt 0.700195 1.114258 0.0
vt 1.000000 1.982422 0.0
vt 0.700195 1.956055 0.0
v -6.000000 -3.428276 -226.170227
#joint 33
#vjoint 37
#vcolor 142.000000 142.000000 142.000000 255.000000
f 35/109 31/110 37/111
#fvcolorindex 5 2 7 
vt 0.700195 1.114258 0.0
vt 0.299805 1.114258 0.0
vt 0.299805 -0.026367 0.0
v 6.000000 -48.428276 -253.170227
#joint 33
#vjoint 38
#vcolor 181.000000 181.000000 181.000000 255.000000
v 6.000000 -113.428276 -271.170227
#joint 33
#vjoint 39
#vcolor 157.000000 157.000000 157.000000 255.000000
f 35/112 38/113 39/114
#fvcolorindex 5 8 9 
vt 0.700195 1.114258 0.0
vt 0.299805 -0.026367 0.0
vt 0.700195 -0.026367 0.0
f 35/115 39/116 36/117
#fvcolorindex 5 9 6 
usemtl m7CullBoth
vt 0.700195 1.956055 0.0
vt 0.299805 1.956055 0.0
vt 0.299805 1.114258 0.0
v 6.000000 -3.428276 -226.170227
#joint 33
#vjoint 40
#vcolor 229.000000 229.000000 229.000000 255.000000
f 37/118 40/119 38/120
#fvcolorindex 7 10 8 
vt 0.700195 1.956055 0.0
vt 0.299805 1.114258 0.0
vt 0.700195 1.114258 0.0
f 37/121 38/122 35/123
#fvcolorindex 7 8 5 
usemtl m8CullBoth
vt 0.299805 1.956055 0.0
vt 0.000000 1.982422 0.0
vt 0.000000 1.091797 0.0
v 15.000000 -3.428276 -220.170227
#joint 33
#vjoint 41
#vcolor 254.000000 254.000000 254.000000 255.000000
v 15.000000 -51.428276 -247.170227
#joint 33
#vjoint 42
#vcolor 223.000000 223.000000 223.000000 255.000000
f 40/124 41/125 42/126
#fvcolorindex 10 11 12 
vt 0.299805 1.956055 0.0
vt 0.000000 1.091797 0.0
vt 0.299805 1.114258 0.0
f 40/127 42/128 38/129
#fvcolorindex 10 12 8 
usemtl m9CullBoth
vt 0.000000 0.000000 0.0
vt 0.360352 -0.403320 0.0
vt 0.378906 0.810547 0.0
v 9.000000 -18.428276 -193.170227
#joint 33
#vjoint 43
#vcolor 249.000000 249.000000 249.000000 255.000000
v 15.000000 -36.428276 -193.170227
#joint 33
#vjoint 44
#vcolor 193.000000 193.000000 193.000000 255.000000
f 43/130 44/131 41/132
#fvcolorindex 13 14 11 
vt 0.000000 0.000000 0.0
vt 0.378906 0.810547 0.0
vt 0.088867 0.841797 0.0
v 9.000000 2.571724 -214.170227
#joint 33
#vjoint 45
f 43/133 41/134 45/135
#fvcolorindex 13 11 11 
vt -0.663086 0.696289 0.0
vt 0.000000 0.000000 0.0
vt -0.132812 0.788086 0.0
v 9.000000 -39.428276 -170.170227
#joint 33
#vjoint 46
#vcolor 191.000000 191.000000 191.000000 255.000000
f 43/136 46/137 44/138
#fvcolorindex 13 15 14 
usemtl m10CullBoth
vt 0.299805 -0.026367 0.0
vt 0.299805 1.114258 0.0
vt 0.000000 1.091797 0.0
f 39/139 38/140 42/141
#fvcolorindex 9 8 12 
vt 0.299805 -0.026367 0.0
vt 0.000000 1.091797 0.0
vt 0.000000 0.000000 0.0
v 15.000000 -113.428276 -265.170227
#joint 33
#vjoint 47
#vcolor 212.000000 212.000000 212.000000 255.000000
f 39/142 42/143 47/144
#fvcolorindex 9 12 16 
usemtl m11CullBoth
vt 0.742188 1.035156 0.0
vt 0.092773 0.627930 0.0
vt 0.260742 0.078125 0.0
v 15.000000 -60.428276 -214.170227
#joint 33
#vjoint 48
f 41/145 44/146 48/147
#fvcolorindex 11 14 8 
vt 0.742188 1.035156 0.0
vt 0.260742 0.078125 0.0
vt 0.842773 0.029297 0.0
f 41/148 48/149 42/150
#fvcolorindex 11 8 12 
usemtl m12CullBoth
vt -0.004883 0.976562 0.0
vt -0.013672 -0.158203 0.0
vt 1.057617 -0.166992 0.0
v 15.000000 -113.428276 -214.170227
#joint 33
#vjoint 49
#vcolor 202.000000 202.000000 202.000000 255.000000
f 48/151 49/152 47/153
#fvcolorindex 8 17 16 
vt -0.004883 0.976562 0.0
vt 1.057617 -0.166992 0.0
vt 0.690430 1.160156 0.0
f 48/154 47/155 42/156
#fvcolorindex 8 16 12 
vt 0.583984 2.103516 0.0
vt 0.000000 1.869141 0.0
vt 0.000000 0.000000 0.0
f 48/157 20/158 24/159
#fvcolorindex 8 2 3 
vt 0.583984 2.103516 0.0
vt 0.000000 0.000000 0.0
vt 0.583984 0.000000 0.0
f 48/160 24/161 49/162
#fvcolorindex 8 3 17 
usemtl m13CullBoth
vt 0.295898 0.969727 0.0
vt -0.208984 0.563477 0.0
vt 0.000000 0.000000 0.0
f 44/163 21/164 20/165
#fvcolorindex 14 2 2 
vt 0.295898 0.969727 0.0
vt 0.000000 0.000000 0.0
vt 0.505859 0.000000 0.0
f 44/166 20/167 48/168
#fvcolorindex 14 2 8 
usemtl m14CullBoth
vt 0.300781 0.716797 0.0
vt -0.171875 0.576172 0.0
vt 0.000000 0.000000 0.0
v 6.000000 -54.428276 -170.170227
#joint 33
#vjoint 50
#vcolor 108.000000 108.000000 108.000000 255.000000
f 46/169 50/170 21/171
#fvcolorindex 15 18 2 
vt 0.300781 0.716797 0.0
vt 0.000000 0.000000 0.0
vt 0.701172 0.000000 0.0
f 46/172 21/173 44/174
#fvcolorindex 15 2 14 
usemtl m7CullBoth
vt 0.786133 2.072266 0.0
vt 0.699219 2.072266 0.0
vt 0.636719 2.183594 0.0
f 37/175 31/176 30/177
#fvcolorindex 7 2 4 
usemtl m11CullBoth
vt 0.636719 2.183594 0.0
vt 0.699219 2.072266 0.0
vt 0.786133 2.072266 0.0
f 45/178 41/179 40/180
#fvcolorindex 11 11 10 
usemtl m15CullBothEnvMappingTexScaleS0.031250TexScaleT0.031250
vt 0.000000 0.000000 0.0
vt 0.000000 0.000000 0.0
vt 0.000000 0.000000 0.0
v 6.000000 32.024761 -201.953583
#joint 38
#vjoint 51
#vcolor 48.000000 117.000000 252.000000 255.000000
v 0.000000 35.024761 -189.953583
#joint 38
#vjoint 52
#vcolor 0.000000 121.000000 37.000000 255.000000
v 6.000000 29.024761 -189.953583
#joint 38
#vjoint 53
#vcolor 112.000000 49.000000 31.000000 255.000000
vn 0.377953 0.921260 1.984252
vn 0.000000 0.952756 0.291339
vn 0.881890 0.385827 0.244094
f 51/181/1 52/182/2 53/183/3
#fvcolorindex 19 20 21 
usemtl m16CullBothEnvMappingTexScaleS0.031250TexScaleT0.031250
vt 0.000000 0.000000 0.0
vt 0.000000 0.000000 0.0
vt 0.000000 0.000000 0.0
v 3.000000 26.024761 -178.953583
#joint 38
#vjoint 54
#vcolor 107.000000 67.000000 1.000000 255.000000
vn 0.881890 0.385827 0.244094
vn 0.000000 0.952756 0.291339
vn 0.842520 0.527559 0.007874
f 53/184/4 52/185/5 54/186/6
#fvcolorindex 21 20 22 
vt 0.000000 0.000000 0.0
vt 0.000000 0.000000 0.0
vt 0.000000 0.000000 0.0
v 0.000000 17.024761 -181.953583
#joint 38
#vjoint 55
#vcolor 79.000000 175.000000 200.000000 255.000000
vn 0.881890 0.385827 0.244094
vn 0.842520 0.527559 0.007874
vn 0.622047 1.377953 1.574803
f 53/187/7 54/188/8 55/189/9
#fvcolorindex 21 22 23 
usemtl m17CullBothEnvMappingTexScaleS0.031250TexScaleT0.031250
vt 0.000000 0.000000 0.0
vt 0.000000 0.000000 0.0
vt 0.000000 0.000000 0.0
v 3.000000 15.024761 -178.953583
#joint 38
#vjoint 56
#vcolor 116.000000 27.000000 214.000000 255.000000
v 3.000000 9.024761 -195.953583
#joint 38
#vjoint 57
#vcolor 55.000000 102.000000 206.000000 255.000000
#vcolor 0.000000 83.000000 161.000000 255.000000
vn 0.913386 0.212598 1.685039
vn 0.433071 0.803150 1.622047
vn 0.000000 0.653543 1.267717
f 56/190/10 57/191/11 55/192/12
#fvcolorindex 24 25 26 
vt 0.000000 0.000000 0.0
vt 0.000000 0.000000 0.0
vt 0.000000 0.000000 0.0
vn 0.913386 0.212598 1.685039
vn 0.000000 0.653543 1.267717
vn 0.842520 0.527559 0.007874
f 56/193/13 55/194/14 54/195/15
#fvcolorindex 24 26 22 
vt 0.000000 0.000000 0.0
vt 0.000000 0.000000 0.0
vt 0.000000 0.000000 0.0
v 3.000000 29.024761 -169.953583
#joint 38
#vjoint 58
#vcolor 126.000000 251.000000 8.000000 255.000000
vn 0.913386 0.212598 1.685039
vn 0.842520 0.527559 0.007874
vn 0.992126 1.976378 0.062992
f 56/196/16 54/197/17 58/198/18
#fvcolorindex 24 22 27 
usemtl m18CullBothEnvMappingTexScaleS0.031250TexScaleT0.031250
vt 0.000000 0.000000 0.0
vt 0.000000 0.000000 0.0
vt 0.000000 0.000000 0.0
v -3.000000 26.024761 -178.953583
#joint 38
#vjoint 59
#vcolor 0.000000 125.000000 20.000000 255.000000
vn 0.000000 0.984252 0.157480
vn 0.842520 0.527559 0.007874
vn 0.000000 0.952756 0.291339
f 59/199/19 54/200/20 52/201/21
#fvcolorindex 28 22 20 
usemtl m19CullBothEnvMappingTexScaleS0.031250TexScaleT0.031250
vt 0.000000 0.000000 0.0
vt 0.000000 0.000000 0.0
vt 0.000000 0.000000 0.0
v -6.000000 29.024761 -189.953583
#joint 38
#vjoint 60
#vcolor 206.000000 151.000000 207.000000 255.000000
#vcolor 0.000000 151.000000 186.000000 255.000000
vn 1.622047 1.188976 1.629921
vn 0.000000 1.188976 1.464567
vn 0.622047 1.377953 1.574803
f 60/202/22 53/203/23 55/204/24
#fvcolorindex 29 30 23 
usemtl m20CullBothEnvMappingTexScaleS0.031250TexScaleT0.031250
vt 0.000000 0.000000 0.0
vt 0.000000 0.000000 0.0
vt 0.000000 0.000000 0.0
v -3.000000 29.024761 -169.953583
#joint 38
#vjoint 61
#vcolor 193.000000 106.000000 28.000000 255.000000
#vcolor 0.000000 125.000000 22.000000 255.000000
vn 1.519685 0.834646 0.220472
vn 0.000000 0.984252 0.173228
vn 0.842520 0.527559 0.007874
f 61/205/25 58/206/26 54/207/27
#fvcolorindex 31 32 22 
vt 0.000000 0.000000 0.0
vt 0.000000 0.000000 0.0
vt 0.000000 0.000000 0.0
vn 1.519685 0.834646 0.220472
vn 0.842520 0.527559 0.007874
vn 0.000000 0.984252 0.157480
f 61/208/28 54/209/29 59/210/30
#fvcolorindex 31 22 28 
usemtl m21CullBothEnvMappingTexScaleS0.031250TexScaleT0.031250
vt 0.000000 0.000000 0.0
vt 0.000000 0.000000 0.0
vt 0.000000 0.000000 0.0
#vcolor 0.000000 133.000000 226.000000 255.000000
vn 0.000000 1.047244 1.779528
vn 0.000000 1.188976 1.464567
vn 1.622047 1.188976 1.629921
f 51/211/31 53/212/32 60/213/33
#fvcolorindex 33 30 29 
vt 0.000000 0.000000 0.0
vt 0.000000 0.000000 0.0
vt 0.000000 0.000000 0.0
v -6.000000 32.024761 -201.953583
#joint 38
#vjoint 62
vn 0.000000 1.047244 1.779528
vn 1.622047 1.188976 1.629921
vn 0.000000 1.047244 1.779528
f 51/214/34 60/215/35 62/216/36
#fvcolorindex 33 29 33 
usemtl m22CullBothEnvMappingTexScaleS0.031250TexScaleT0.031250
vt 0.000000 0.000000 0.0
vt 0.000000 0.000000 0.0
vt 0.000000 0.000000 0.0
#vcolor 208.000000 117.000000 252.000000 255.000000
vn 0.000000 0.952756 0.291339
vn 0.377953 0.921260 1.984252
vn 1.637795 0.921260 1.984252
f 52/217/37 51/218/38 62/219/39
#fvcolorindex 20 19 34 
usemtl m23CullBothEnvMappingTexScaleS0.031250TexScaleT0.031250
vt 0.000000 0.000000 0.0
vt 0.000000 0.000000 0.0
vt 0.000000 0.000000 0.0
v -3.000000 9.024761 -195.953583
#joint 38
#vjoint 63
#vcolor 201.000000 102.000000 206.000000 255.000000
vn 0.000000 0.653543 1.267717
vn 0.433071 0.803150 1.622047
vn 1.582677 0.803150 1.622047
f 55/220/40 57/221/41 63/222/42
#fvcolorindex 26 25 35 
usemtl m24CullBothEnvMappingTexScaleS0.031250TexScaleT0.031250
vt 0.000000 0.000000 0.0
vt 0.000000 0.000000 0.0
vt 0.000000 0.000000 0.0
v -3.000000 15.024761 -178.953583
#joint 38
#vjoint 64
#vcolor 134.000000 17.000000 229.000000 255.000000
vn 1.055118 0.133858 1.803150
vn 0.000000 0.653543 1.267717
vn 1.582677 0.803150 1.622047
f 64/223/43 55/224/44 63/225/45
#fvcolorindex 36 26 35 
usemtl m25CullBothEnvMappingTexScaleS0.031250TexScaleT0.031250
vt 0.000000 0.000000 0.0
vt 0.000000 0.000000 0.0
vt 0.000000 0.000000 0.0
#vcolor 170.000000 86.000000 32.000000 255.000000
vn 1.637795 0.921260 1.984252
vn 1.338583 0.677165 0.251969
vn 0.000000 0.952756 0.291339
f 62/226/46 60/227/47 52/228/48
#fvcolorindex 34 37 20 
usemtl m22CullBothEnvMappingTexScaleS0.031250TexScaleT0.031250
vt 0.000000 0.000000 0.0
vt 0.000000 0.000000 0.0
vt 0.000000 0.000000 0.0
#vcolor 130.000000 11.000000 248.000000 255.000000
vn 0.000000 0.952756 0.291339
vn 1.338583 0.677165 0.251969
vn 1.023622 0.086614 1.952756
f 52/229/49 60/230/50 59/231/51
#fvcolorindex 20 37 38 
usemtl m26CullBothEnvMappingTexScaleS0.031250TexScaleT0.031250
vt 0.000000 0.000000 0.0
vt 0.000000 0.000000 0.0
vt 0.000000 0.000000 0.0
#vcolor 139.000000 211.000000 18.000000 255.000000
vn 1.094488 1.661417 0.141732
vn 1.023622 0.086614 1.952756
vn 1.622047 1.188976 1.629921
f 55/232/52 59/233/53 60/234/54
#fvcolorindex 39 38 29 
usemtl m27CullBothEnvMappingTexScaleS0.031250TexScaleT0.031250
vt 0.000000 0.000000 0.0
vt 0.000000 0.000000 0.0
vt 0.000000 0.000000 0.0
vn 1.023622 0.086614 1.952756
vn 0.000000 0.653543 1.267717
vn 1.055118 0.133858 1.803150
f 59/235/55 55/236/56 64/237/57
#fvcolorindex 38 26 36 
usemtl m28CullBothEnvMappingTexScaleS0.031250TexScaleT0.031250
vt 0.000000 0.000000 0.0
vt 0.000000 0.000000 0.0
vt 0.000000 0.000000 0.0
#vcolor 129.000000 0.000000 0.000000 255.000000
vn 1.015748 0.000000 0.000000
vn 1.023622 0.086614 1.952756
vn 1.055118 0.133858 1.803150
f 61/238/58 59/239/59 64/240/60
#fvcolorindex 40 38 36 
usemtl m29CullBothEnvMappingTexScaleS0.031250TexScaleT0.031250
vt 0.000000 0.000000 0.0
vt 0.000000 0.000000 0.0
vt 0.000000 0.000000 0.0
v 0.000000 17.024761 -154.953583
#joint 38
#vjoint 65
#vcolor 0.000000 72.000000 104.000000 255.000000
vn 0.000000 0.984252 0.173228
vn 1.519685 0.834646 0.220472
vn 0.000000 0.566929 0.818898
f 58/241/61 61/242/62 65/243/63
#fvcolorindex 32 31 41 
usemtl m30CullBothEnvMappingTexScaleS0.031250TexScaleT0.031250
vt 0.000000 0.000000 0.0
vt 0.000000 0.000000 0.0
vt 0.000000 0.000000 0.0
#vcolor 84.000000 165.000000 22.000000 255.000000
vn 0.661417 1.299213 0.173228
vn 0.992126 1.976378 0.062992
vn 0.000000 0.566929 0.818898
f 56/244/64 58/245/65 65/246/66
#fvcolorindex 42 27 41 
usemtl m24CullBothEnvMappingTexScaleS0.031250TexScaleT0.031250
vt 0.000000 0.000000 0.0
vt 0.000000 0.000000 0.0
vt 0.000000 0.000000 0.0
vn 1.055118 0.133858 1.803150
vn 0.000000 0.566929 0.818898
vn 1.519685 0.834646 0.220472
f 64/247/67 65/248/68 61/249/69
#fvcolorindex 36 41 31 
usemtl m30CullBothEnvMappingTexScaleS0.031250TexScaleT0.031250
vt 0.000000 0.000000 0.0
vt 0.000000 0.000000 0.0
vt 0.000000 0.000000 0.0
#vcolor 0.000000 130.000000 15.000000 255.000000
vn 0.661417 1.299213 0.173228
vn 0.000000 1.023622 0.118110
vn 0.000000 1.023622 0.118110
f 56/250/70 65/251/71 64/252/72
#fvcolorindex 42 43 43 
usemtl m31CullBothEnvMappingTexScaleS0.031250TexScaleT0.031250
vt 0.000000 0.000000 0.0
vt 0.000000 0.000000 0.0
vt 0.000000 0.000000 0.0
v 9.000000 28.571724 -101.170227
#joint 33
#vjoint 66
#vcolor 110.000000 62.000000 0.000000 255.000000
v 9.000000 28.571724 -78.170227
#joint 33
#vjoint 67
v 13.000000 22.571724 -78.170227
#joint 33
#vjoint 68
#vcolor 122.000000 32.000000 0.000000 255.000000
vn 0.866142 0.488189 0.000000
vn 0.866142 0.488189 0.000000
vn 0.960630 0.251969 0.000000
f 66/253/73 67/254/74 68/255/75
#fvcolorindex 44 44 45 
vt 0.000000 0.000000 0.0
vt 0.000000 0.000000 0.0
vt 0.000000 0.000000 0.0
v 13.000000 22.571724 -101.170227
#joint 33
#vjoint 69
vn 0.866142 0.488189 0.000000
vn 0.960630 0.251969 0.000000
vn 0.960630 0.251969 0.000000
f 66/256/76 68/257/77 69/258/78
#fvcolorindex 44 45 45 
usemtl m32CullBothEnvMappingTexScaleS0.031250TexScaleT0.031250
vt 0.000000 0.000000 0.0
vt 0.000000 0.000000 0.0
vt 0.000000 0.000000 0.0
v 13.000000 14.571724 -78.170227
#joint 33
#vjoint 70
#vcolor 122.000000 224.000000 0.000000 255.000000
vn 0.960630 0.251969 0.000000
vn 0.960630 0.251969 0.000000
vn 0.960630 1.763780 0.000000
f 69/259/79 68/260/80 70/261/81
#fvcolorindex 45 45 46 
vt 0.000000 0.000000 0.0
vt 0.000000 0.000000 0.0
vt 0.000000 0.000000 0.0
v 13.000000 14.571724 -101.170227
#joint 33
#vjoint 71
vn 0.960630 0.251969 0.000000
vn 0.960630 1.763780 0.000000
vn 0.960630 1.763780 0.000000
f 69/262/82 70/263/83 71/264/84
#fvcolorindex 45 46 46 
usemtl m33CullBothEnvMappingTexScaleS0.031250TexScaleT0.031250
vt 0.000000 0.000000 0.0
vt 0.000000 0.000000 0.0
vt 0.000000 0.000000 0.0
v 9.000000 8.571724 -78.170227
#joint 33
#vjoint 72
#vcolor 110.000000 194.000000 0.000000 255.000000
vn 0.960630 1.763780 0.000000
vn 0.960630 1.763780 0.000000
vn 0.866142 1.527559 0.000000
f 71/265/85 70/266/86 72/267/87
#fvcolorindex 46 46 47 
vt 0.000000 0.000000 0.0
vt 0.000000 0.000000 0.0
vt 0.000000 0.000000 0.0
v 9.000000 8.571724 -101.170227
#joint 33
#vjoint 73
vn 0.960630 1.763780 0.000000
vn 0.866142 1.527559 0.000000
vn 0.866142 1.527559 0.000000
f 71/268/88 72/269/89 73/270/90
#fvcolorindex 46 47 47 
usemtl m34CullBothEnvMappingTexScaleS0.031250TexScaleT0.031250
vt 0.000000 0.000000 0.0
vt 0.000000 0.000000 0.0
vt 0.000000 0.000000 0.0
v -13.000000 22.571724 -101.170227
#joint 33
#vjoint 74
#vcolor 134.000000 32.000000 0.000000 255.000000
v -13.000000 22.571724 -78.170227
#joint 33
#vjoint 75
v -9.000000 28.571724 -78.170227
#joint 33
#vjoint 76
#vcolor 146.000000 62.000000 0.000000 255.000000
vn 1.055118 0.251969 0.000000
vn 1.055118 0.251969 0.000000
vn 1.149606 0.488189 0.000000
f 74/271/91 75/272/92 76/273/93
#fvcolorindex 48 48 49 
vt 0.000000 0.000000 0.0
vt 0.000000 0.000000 0.0
vt 0.000000 0.000000 0.0
v -9.000000 28.571724 -101.170227
#joint 33
#vjoint 77
vn 1.055118 0.251969 0.000000
vn 1.149606 0.488189 0.000000
vn 1.149606 0.488189 0.000000
f 74/274/94 76/275/95 77/276/96
#fvcolorindex 48 49 49 
usemtl m35CullBothEnvMappingTexScaleS0.031250TexScaleT0.031250
vt 0.000000 0.000000 0.0
vt 0.000000 0.000000 0.0
vt 0.000000 0.000000 0.0
v -13.000000 14.571724 -101.170227
#joint 33
#vjoint 78
#vcolor 134.000000 224.000000 0.000000 255.000000
v -13.000000 14.571724 -78.170227
#joint 33
#vjoint 79
vn 1.055118 1.763780 0.000000
vn 1.055118 1.763780 0.000000
vn 1.055118 0.251969 0.000000
f 78/277/97 79/278/98 75/279/99
#fvcolorindex 50 50 48 
vt 0.000000 0.000000 0.0
vt 0.000000 0.000000 0.0
vt 0.000000 0.000000 0.0
vn 1.055118 1.763780 0.000000
vn 1.055118 0.251969 0.000000
vn 1.055118 0.251969 0.000000
f 78/280/100 75/281/101 74/282/102
#fvcolorindex 50 48 48 
usemtl m36CullBothEnvMappingTexScaleS0.031250TexScaleT0.031250
vt 0.000000 0.000000 0.0
vt 0.000000 0.000000 0.0
vt 0.000000 0.000000 0.0
v -9.000000 8.571724 -101.170227
#joint 33
#vjoint 80
#vcolor 146.000000 194.000000 0.000000 255.000000
v -9.000000 8.571724 -78.170227
#joint 33
#vjoint 81
vn 1.149606 1.527559 0.000000
vn 1.149606 1.527559 0.000000
vn 1.055118 1.763780 0.000000
f 80/283/103 81/284/104 79/285/105
#fvcolorindex 51 51 50 
vt 0.000000 0.000000 0.0
vt 0.000000 0.000000 0.0
vt 0.000000 0.000000 0.0
vn 1.149606 1.527559 0.000000
vn 1.055118 1.763780 0.000000
vn 1.055118 1.763780 0.000000
f 80/286/106 79/287/107 78/288/108
#fvcolorindex 51 50 50 
usemtl m37CullBothEnvMappingTexScaleS0.031250TexScaleT0.031250
vt 0.000000 0.000000 0.0
vt 0.000000 0.000000 0.0
vt 0.000000 0.000000 0.0
v 3.000000 7.571724 64.829773
#joint 33
#vjoint 82
#vcolor 63.000000 109.000000 0.000000 255.000000
v 7.000000 5.571724 64.829773
#joint 33
#vjoint 83
#vcolor 110.000000 63.000000 0.000000 255.000000
v 7.000000 5.571724 -78.170227
#joint 33
#vjoint 84
vn 0.496063 0.858268 0.000000
vn 0.866142 0.496063 0.000000
vn 0.866142 0.496063 0.000000
f 82/289/109 83/290/110 84/291/111
#fvcolorindex 52 53 53 
vt 0.000000 0.000000 0.0
vt 0.000000 0.000000 0.0
vt 0.000000 0.000000 0.0
v 3.000000 7.571724 -78.170227
#joint 33
#vjoint 85
vn 0.496063 0.858268 0.000000
vn 0.866142 0.496063 0.000000
vn 0.496063 0.858268 0.000000
f 82/292/112 84/293/113 85/294/114
#fvcolorindex 52 53 52 
usemtl m38CullBothEnvMappingTexScaleS0.031250TexScaleT0.031250
vt 0.000000 0.000000 0.0
vt 0.000000 0.000000 0.0
vt 0.000000 0.000000 0.0
v 7.000000 -1.428276 64.829773
#joint 33
#vjoint 86
#vcolor 109.000000 193.000000 0.000000 255.000000
v 7.000000 -1.428276 -78.170227
#joint 33
#vjoint 87
vn 0.858268 1.519685 0.000000
vn 0.858268 1.519685 0.000000
vn 0.866142 0.496063 0.000000
f 86/295/115 87/296/116 84/297/117
#fvcolorindex 54 54 53 
vt 0.000000 0.000000 0.0
vt 0.000000 0.000000 0.0
vt 0.000000 0.000000 0.0
vn 0.858268 1.519685 0.000000
vn 0.866142 0.496063 0.000000
vn 0.866142 0.496063 0.000000
f 86/298/118 84/299/119 83/300/120
#fvcolorindex 54 53 53 
usemtl m39CullBothEnvMappingTexScaleS0.031250TexScaleT0.031250
vt 0.000000 0.000000 0.0
vt 0.000000 0.000000 0.0
vt 0.000000 0.000000 0.0
v 0.000000 -5.428276 64.829773
#joint 33
#vjoint 88
#vcolor 0.000000 129.000000 0.000000 255.000000
v 0.000000 -5.428276 -78.170227
#joint 33
#vjoint 89
vn 0.000000 1.015748 0.000000
vn 0.000000 1.015748 0.000000
vn 0.858268 1.519685 0.000000
f 88/301/121 89/302/122 87/303/123
#fvcolorindex 55 55 54 
vt 0.000000 0.000000 0.0
vt 0.000000 0.000000 0.0
vt 0.000000 0.000000 0.0
vn 0.000000 1.015748 0.000000
vn 0.858268 1.519685 0.000000
vn 0.858268 1.519685 0.000000
f 88/304/124 87/305/125 86/306/126
#fvcolorindex 55 54 54 
usemtl m40CullBothEnvMappingTexScaleS0.031250TexScaleT0.031250
vt 0.000000 0.000000 0.0
vt 0.000000 0.000000 0.0
vt 0.000000 0.000000 0.0
v -7.000000 -1.428276 64.829773
#joint 33
#vjoint 90
#vcolor 147.000000 193.000000 0.000000 255.000000
v -7.000000 -1.428276 -78.170227
#joint 33
#vjoint 91
vn 1.157480 1.519685 0.000000
vn 1.157480 1.519685 0.000000
vn 0.000000 1.015748 0.000000
f 90/307/127 91/308/128 89/309/129
#fvcolorindex 56 56 55 
vt 0.000000 0.000000 0.0
vt 0.000000 0.000000 0.0
vt 0.000000 0.000000 0.0
vn 1.157480 1.519685 0.000000
vn 0.000000 1.015748 0.000000
vn 0.000000 1.015748 0.000000
f 90/310/130 89/311/131 88/312/132
#fvcolorindex 56 55 55 
usemtl m41CullBothEnvMappingTexScaleS0.031250TexScaleT0.031250
vt 0.000000 0.000000 0.0
vt 0.000000 0.000000 0.0
vt 0.000000 0.000000 0.0
v -7.000000 5.571724 64.829773
#joint 33
#vjoint 92
#vcolor 146.000000 63.000000 0.000000 255.000000
v -7.000000 5.571724 -78.170227
#joint 33
#vjoint 93
vn 1.149606 0.496063 0.000000
vn 1.149606 0.496063 0.000000
vn 1.157480 1.519685 0.000000
f 92/313/133 93/314/134 91/315/135
#fvcolorindex 57 57 56 
vt 0.000000 0.000000 0.0
vt 0.000000 0.000000 0.0
vt 0.000000 0.000000 0.0
vn 1.149606 0.496063 0.000000
vn 1.157480 1.519685 0.000000
vn 1.157480 1.519685 0.000000
f 92/316/136 91/317/137 90/318/138
#fvcolorindex 57 56 56 
usemtl m42CullBothEnvMappingTexScaleS0.031250TexScaleT0.031250
vt 0.000000 0.000000 0.0
vt 0.000000 0.000000 0.0
vt 0.000000 0.000000 0.0
v -3.000000 7.571724 64.829773
#joint 33
#vjoint 94
#vcolor 193.000000 109.000000 0.000000 255.000000
v -3.000000 7.571724 -78.170227
#joint 33
#vjoint 95
vn 1.519685 0.858268 0.000000
vn 1.519685 0.858268 0.000000
vn 1.149606 0.496063 0.000000
f 94/319/139 95/320/140 93/321/141
#fvcolorindex 58 58 57 
vt 0.000000 0.000000 0.0
vt 0.000000 0.000000 0.0
vt 0.000000 0.000000 0.0
vn 1.519685 0.858268 0.000000
vn 1.149606 0.496063 0.000000
vn 1.149606 0.496063 0.000000
f 94/322/142 93/323/143 92/324/144
#fvcolorindex 58 57 57 
usemtl m32CullBothEnvMappingTexScaleS0.031250TexScaleT0.031250
vt 0.000000 0.000000 0.0
vt 0.000000 0.000000 0.0
vt 0.000000 0.000000 0.0
v 12.000000 23.571724 64.829773
#joint 33
#vjoint 96
v 12.000000 23.571724 -78.170227
#joint 33
#vjoint 97
#vcolor 87.000000 92.000000 0.000000 255.000000
vn 0.960630 0.251969 0.000000
vn 0.960630 0.251969 0.000000
vn 0.685039 0.724409 0.000000
f 96/325/145 97/326/146 67/327/147
#fvcolorindex 45 45 59 
vt 0.000000 0.000000 0.0
vt 0.000000 0.000000 0.0
vt 0.000000 0.000000 0.0
v 9.000000 28.571724 64.829773
#joint 33
#vjoint 98
vn 0.960630 0.251969 0.000000
vn 0.685039 0.724409 0.000000
vn 0.685039 0.724409 0.000000
f 96/328/148 67/329/149 98/330/150
#fvcolorindex 45 59 59 
usemtl m33CullBothEnvMappingTexScaleS0.031250TexScaleT0.031250
vt 0.000000 0.000000 0.0
vt 0.000000 0.000000 0.0
vt 0.000000 0.000000 0.0
v 12.000000 16.571724 64.829773
#joint 33
#vjoint 99
v 12.000000 16.571724 -78.170227
#joint 33
#vjoint 100
vn 0.960630 1.763780 0.000000
vn 0.960630 1.763780 0.000000
vn 0.960630 0.251969 0.000000
f 99/331/151 100/332/152 97/333/153
#fvcolorindex 46 46 45 
vt 0.000000 0.000000 0.0
vt 0.000000 0.000000 0.0
vt 0.000000 0.000000 0.0
vn 0.960630 1.763780 0.000000
vn 0.960630 0.251969 0.000000
vn 0.960630 0.251969 0.000000
f 99/334/154 97/335/155 96/336/156
#fvcolorindex 46 45 45 
usemtl m43CullBothEnvMappingTexScaleS0.031250TexScaleT0.031250
vt 0.000000 0.000000 0.0
vt 0.000000 0.000000 0.0
vt 0.000000 0.000000 0.0
v 9.000000 11.571724 64.829773
#joint 33
#vjoint 101
#vcolor 89.000000 167.000000 0.000000 255.000000
v 9.000000 11.571724 -78.170227
#joint 33
#vjoint 102
vn 0.700787 1.314961 0.000000
vn 0.700787 1.314961 0.000000
vn 0.960630 1.763780 0.000000
f 101/337/157 102/338/158 100/339/159
#fvcolorindex 60 60 46 
vt 0.000000 0.000000 0.0
vt 0.000000 0.000000 0.0
vt 0.000000 0.000000 0.0
vn 0.700787 1.314961 0.000000
vn 0.960630 1.763780 0.000000
vn 0.960630 1.763780 0.000000
f 101/340/160 100/341/161 99/342/162
#fvcolorindex 60 46 46 
usemtl m44CullBothEnvMappingTexScaleS0.031250TexScaleT0.031250
vt 0.000000 0.000000 0.0
vt 0.000000 0.000000 0.0
vt 0.000000 0.000000 0.0
#vcolor 63.000000 147.000000 0.000000 255.000000
vn 0.496063 1.157480 0.000000
vn 0.496063 1.157480 0.000000
vn 0.700787 1.314961 0.000000
f 82/343/163 85/344/164 102/345/165
#fvcolorindex 61 61 60 
vt 0.000000 0.000000 0.0
vt 0.000000 0.000000 0.0
vt 0.000000 0.000000 0.0
vn 0.496063 1.157480 0.000000
vn 0.700787 1.314961 0.000000
vn 0.700787 1.314961 0.000000
f 82/346/166 102/347/167 101/348/168
#fvcolorindex 61 60 60 
usemtl m45CullBothEnvMappingTexScaleS0.031250TexScaleT0.031250
vt 0.000000 0.000000 0.0
vt 0.000000 0.000000 0.0
vt 0.000000 0.000000 0.0
#vcolor 193.000000 147.000000 0.000000 255.000000
v -9.000000 11.571724 64.829773
#joint 33
#vjoint 103
#vcolor 167.000000 167.000000 0.000000 255.000000
v -9.000000 11.571724 -78.170227
#joint 33
#vjoint 104
vn 1.519685 1.157480 0.000000
vn 1.314961 1.314961 0.000000
vn 1.314961 1.314961 0.000000
f 94/349/169 103/350/170 104/351/171
#fvcolorindex 62 63 63 
vt 0.000000 0.000000 0.0
vt 0.000000 0.000000 0.0
vt 0.000000 0.000000 0.0
vn 1.519685 1.157480 0.000000
vn 1.314961 1.314961 0.000000
vn 1.519685 1.157480 0.000000
f 94/352/172 104/353/173 95/354/174
#fvcolorindex 62 63 62 
usemtl m35CullBothEnvMappingTexScaleS0.031250TexScaleT0.031250
vt 0.000000 0.000000 0.0
vt 0.000000 0.000000 0.0
vt 0.000000 0.000000 0.0
v -12.000000 16.571724 64.829773
#joint 33
#vjoint 105
v -12.000000 16.571724 -78.170227
#joint 33
#vjoint 106
vn 1.055118 1.763780 0.000000
vn 1.055118 1.763780 0.000000
vn 1.314961 1.314961 0.000000
f 105/355/175 106/356/176 104/357/177
#fvcolorindex 50 50 63 
vt 0.000000 0.000000 0.0
vt 0.000000 0.000000 0.0
vt 0.000000 0.000000 0.0
vn 1.055118 1.763780 0.000000
vn 1.314961 1.314961 0.000000
vn 1.314961 1.314961 0.000000
f 105/358/178 104/359/179 103/360/180
#fvcolorindex 50 63 63 
usemtl m34CullBothEnvMappingTexScaleS0.031250TexScaleT0.031250
vt 0.000000 0.000000 0.0
vt 0.000000 0.000000 0.0
vt 0.000000 0.000000 0.0
v -12.000000 23.571724 64.829773
#joint 33
#vjoint 107
v -12.000000 23.571724 -78.170227
#joint 33
#vjoint 108
vn 1.055118 0.251969 0.000000
vn 1.055118 0.251969 0.000000
vn 1.055118 1.763780 0.000000
f 107/361/181 108/362/182 106/363/183
#fvcolorindex 48 48 50 
vt 0.000000 0.000000 0.0
vt 0.000000 0.000000 0.0
vt 0.000000 0.000000 0.0
vn 1.055118 0.251969 0.000000
vn 1.055118 1.763780 0.000000
vn 1.055118 1.763780 0.000000
f 107/364/184 106/365/185 105/366/186
#fvcolorindex 48 50 50 
usemtl m46CullBothEnvMappingTexScaleS0.031250TexScaleT0.031250
vt 0.000000 0.000000 0.0
vt 0.000000 0.000000 0.0
vt 0.000000 0.000000 0.0
v -9.000000 28.571724 64.829773
#joint 33
#vjoint 109
#vcolor 169.000000 92.000000 0.000000 255.000000
vn 1.330709 0.724409 0.000000
vn 1.330709 0.724409 0.000000
vn 1.055118 0.251969 0.000000
f 109/367/187 76/368/188 108/369/189
#fvcolorindex 64 64 48 
vt 0.000000 0.000000 0.0
vt 0.000000 0.000000 0.0
vt 0.000000 0.000000 0.0
vn 1.330709 0.724409 0.000000
vn 1.055118 0.251969 0.000000
vn 1.055118 0.251969 0.000000
f 109/370/190 108/371/191 107/372/192
#fvcolorindex 64 48 48 
usemtl m47CullBothEnvMappingTexScaleS0.031250TexScaleT0.031250
vt 0.000000 0.000000 0.0
vt 0.000000 0.000000 0.0
vt 0.000000 0.000000 0.0
v 3.000000 31.571724 -72.170227
#joint 33
#vjoint 110
#vcolor 56.000000 113.000000 0.000000 255.000000
vn 0.685039 0.724409 0.000000
vn 0.685039 0.724409 0.000000
vn 0.440945 0.889764 0.000000
f 98/373/193 67/374/194 110/375/195
#fvcolorindex 59 59 65 
vt 0.000000 0.000000 0.0
vt 0.000000 0.000000 0.0
vt 0.000000 0.000000 0.0
v 3.000000 31.571724 64.829773
#joint 33
#vjoint 111
vn 0.685039 0.724409 0.000000
vn 0.440945 0.889764 0.000000
vn 0.440945 0.889764 0.000000
f 98/376/196 110/377/197 111/378/198
#fvcolorindex 59 65 65 
usemtl m46CullBothEnvMappingTexScaleS0.031250TexScaleT0.031250
vt 0.000000 0.000000 0.0
vt 0.000000 0.000000 0.0
vt 0.000000 0.000000 0.0
v -3.000000 31.571724 64.829773
#joint 33
#vjoint 112
#vcolor 200.000000 113.000000 0.000000 255.000000
vn 1.330709 0.724409 0.000000
vn 1.330709 0.724409 0.000000
vn 1.574803 0.889764 0.000000
f 76/379/199 109/380/200 112/381/201
#fvcolorindex 64 64 66 
vt 0.000000 0.000000 0.0
vt 0.000000 0.000000 0.0
vt 0.000000 0.000000 0.0
v -3.000000 31.571724 -72.170227
#joint 33
#vjoint 113
vn 1.330709 0.724409 0.000000
vn 1.574803 0.889764 0.000000
vn 1.574803 0.889764 0.000000
f 76/382/202 112/383/203 113/384/204
#fvcolorindex 64 66 66 
usemtl m48CullBothEnvMappingTexScaleS0.031250TexScaleT0.031250
vt 0.000000 0.000000 0.0
vt 0.000000 0.000000 0.0
vt 0.000000 0.000000 0.0
v 19.000000 -5.428276 -155.170227
#joint 33
#vjoint 114
#vcolor 47.000000 235.000000 141.000000 255.000000
v 9.000000 5.571724 -161.170227
#joint 33
#vjoint 115
#vcolor 47.000000 0.000000 139.000000 255.000000
v 21.000000 5.571724 -155.170227
#joint 33
#vjoint 116
#vcolor 54.000000 0.000000 142.000000 255.000000
vn 0.370079 1.850394 1.110236
vn 0.370079 0.000000 1.094488
vn 0.425197 0.000000 1.118110
f 114/385/205 115/386/206 116/387/207
#fvcolorindex 67 68 69 
usemtl m49CullBothEnvMappingTexScaleS0.031250TexScaleT0.031250
vt 0.000000 0.000000 0.0
vt 0.000000 0.000000 0.0
vt 0.000000 0.000000 0.0
v 9.000000 -18.428276 -155.170227
#joint 33
#vjoint 117
#vcolor 39.000000 227.000000 139.000000 255.000000
vn 0.307087 1.787402 1.094488
vn 0.370079 0.000000 1.094488
vn 0.370079 1.850394 1.110236
f 117/388/208 115/389/209 114/390/210
#fvcolorindex 70 68 67 
usemtl m50CullBothEnvMappingTexScaleS0.031250TexScaleT0.031250
vt 0.000000 0.000000 0.0
vt 0.000000 0.000000 0.0
vt 0.000000 0.000000 0.0
v 19.000000 15.571724 -155.170227
#joint 33
#vjoint 118
#vcolor 47.000000 21.000000 141.000000 255.000000
vn 0.370079 0.165354 1.110236
vn 0.425197 0.000000 1.118110
vn 0.370079 0.000000 1.094488
f 118/391/211 116/392/212 115/393/213
#fvcolorindex 71 69 68 
vt 0.000000 0.000000 0.0
vt 0.000000 0.000000 0.0
vt 0.000000 0.000000 0.0
v 9.000000 28.571724 -155.170227
#joint 33
#vjoint 119
#vcolor 39.000000 29.000000 139.000000 255.000000
vn 0.370079 0.165354 1.110236
vn 0.370079 0.000000 1.094488
vn 0.307087 0.228346 1.094488
f 118/394/214 115/395/215 119/396/216
#fvcolorindex 71 68 72 
usemtl m51CullBothEnvMappingTexScaleS0.031250TexScaleT0.031250
vt 0.000000 0.000000 0.0
vt 0.000000 0.000000 0.0
vt 0.000000 0.000000 0.0
v -21.000000 5.571724 -155.170227
#joint 33
#vjoint 120
#vcolor 202.000000 0.000000 142.000000 255.000000
v -9.000000 5.571724 -161.170227
#joint 33
#vjoint 121
#vcolor 209.000000 0.000000 139.000000 255.000000
v -19.000000 -5.428276 -155.170227
#joint 33
#vjoint 122
#vcolor 209.000000 235.000000 141.000000 255.000000
vn 1.590551 0.000000 1.118110
vn 1.645669 0.000000 1.094488
vn 1.645669 1.850394 1.110236
f 120/397/217 121/398/218 122/399/219
#fvcolorindex 73 74 75 
usemtl m52CullBothEnvMappingTexScaleS0.031250TexScaleT0.031250
vt 0.000000 0.000000 0.0
vt 0.000000 0.000000 0.0
vt 0.000000 0.000000 0.0
v -9.000000 -18.428276 -155.170227
#joint 33
#vjoint 123
#vcolor 217.000000 227.000000 139.000000 255.000000
vn 1.645669 1.850394 1.110236
vn 1.645669 0.000000 1.094488
vn 1.708661 1.787402 1.094488
f 122/400/220 121/401/221 123/402/222
#fvcolorindex 75 74 76 
usemtl m53CullBothEnvMappingTexScaleS0.031250TexScaleT0.031250
vt 0.000000 0.000000 0.0
vt 0.000000 0.000000 0.0
vt 0.000000 0.000000 0.0
v -19.000000 15.571724 -155.170227
#joint 33
#vjoint 124
#vcolor 209.000000 21.000000 141.000000 255.000000
vn 1.645669 0.000000 1.094488
vn 1.590551 0.000000 1.118110
vn 1.645669 0.165354 1.110236
f 121/403/223 120/404/224 124/405/225
#fvcolorindex 74 73 77 
usemtl m54CullBothEnvMappingTexScaleS0.031250TexScaleT0.031250
vt 0.000000 0.000000 0.0
vt 0.000000 0.000000 0.0
vt 0.000000 0.000000 0.0
v -9.000000 28.571724 -155.170227
#joint 33
#vjoint 125
#vcolor 217.000000 29.000000 139.000000 255.000000
vn 1.708661 0.228346 1.094488
vn 1.645669 0.000000 1.094488
vn 1.645669 0.165354 1.110236
f 125/406/226 121/407/227 124/408/228
#fvcolorindex 78 74 77 
usemtl m39CullBothEnvMappingTexScaleS0.031250TexScaleT0.031250
vt 0.000000 0.000000 0.0
vt 0.000000 0.000000 0.0
vt 0.000000 0.000000 0.0
vn 0.000000 1.015748 0.000000
vn 0.000000 1.015748 0.000000
vn 0.000000 1.015748 0.000000
f 125/409/229 119/410/230 66/411/231
#fvcolorindex 55 55 55 
vt 0.000000 0.000000 0.0
vt 0.000000 0.000000 0.0
vt 0.000000 0.000000 0.0
vn 0.000000 1.015748 0.000000
vn 0.000000 1.015748 0.000000
vn 0.000000 1.015748 0.000000
f 125/412/232 66/413/233 77/414/234
#fvcolorindex 55 55 55 
usemtl m55CullBothEnvMappingTexScaleS0.031250TexScaleT0.031250
vt 0.000000 0.000000 0.0
vt 0.000000 0.000000 0.0
vt 0.000000 0.000000 0.0
v 9.000000 -18.428276 -101.170227
#joint 33
#vjoint 126
#vcolor 0.000000 0.000000 129.000000 255.000000
v -9.000000 -18.428276 -101.170227
#joint 33
#vjoint 127
vn 0.000000 0.000000 1.015748
vn 0.000000 0.000000 1.015748
vn 0.000000 0.000000 1.015748
f 126/415/235 127/416/236 77/417/237
#fvcolorindex 79 79 79 
vt 0.000000 0.000000 0.0
vt 0.000000 0.000000 0.0
vt 0.000000 0.000000 0.0
vn 0.000000 0.000000 1.015748
vn 0.000000 0.000000 1.015748
vn 0.000000 0.000000 1.015748
f 126/418/238 77/419/239 66/420/240
#fvcolorindex 79 79 79 
usemtl m56CullBothEnvMappingTexScaleS0.031250TexScaleT0.031250
vt 0.000000 0.000000 0.0
vt 0.000000 0.000000 0.0
vt 0.000000 0.000000 0.0
#vcolor 0.000000 127.000000 0.000000 255.000000
vn 0.000000 1.000000 0.000000
vn 0.000000 1.000000 0.000000
vn 0.000000 1.000000 0.000000
f 117/421/241 123/422/242 127/423/243
#fvcolorindex 80 80 80 
vt 0.000000 0.000000 0.0
vt 0.000000 0.000000 0.0
vt 0.000000 0.000000 0.0
vn 0.000000 1.000000 0.000000
vn 0.000000 1.000000 0.000000
vn 0.000000 1.000000 0.000000
f 117/424/244 127/425/245 126/426/246
#fvcolorindex 80 80 80 
usemtl m57CullBothEnvMappingTexScaleS0.031250TexScaleT0.031250
vt 0.000000 0.000000 0.0
vt 0.000000 0.000000 0.0
vt 0.000000 0.000000 0.0
#vcolor 0.000000 0.000000 127.000000 255.000000
vn 0.000000 0.000000 1.000000
vn 0.000000 0.000000 1.000000
vn 0.000000 0.000000 1.000000
f 119/427/247 125/428/248 123/429/249
#fvcolorindex 81 81 81 
vt 0.000000 0.000000 0.0
vt 0.000000 0.000000 0.0
vt 0.000000 0.000000 0.0
vn 0.000000 0.000000 1.000000
vn 0.000000 0.000000 1.000000
vn 0.000000 0.000000 1.000000
f 119/430/250 123/431/251 117/432/252
#fvcolorindex 81 81 81 
usemtl m58CullBothEnvMappingTexScaleS0.031250TexScaleT0.031250
vt 0.000000 0.000000 0.0
vt 0.000000 0.000000 0.0
vt 0.000000 0.000000 0.0
v 6.000000 -57.428276 -119.170227
#joint 33
#vjoint 128
#vcolor 56.000000 195.000000 95.000000 255.000000
v 0.000000 -57.428276 -116.170227
#joint 33
#vjoint 129
#vcolor 0.000000 187.000000 106.000000 255.000000
v 0.000000 -69.428276 -134.170227
#joint 33
#vjoint 130
#vcolor 0.000000 135.000000 35.000000 255.000000
vn 0.440945 1.535433 0.748031
vn 0.000000 1.472441 0.834646
vn 0.000000 1.062992 0.275591
f 128/433/253 129/434/254 130/435/255
#fvcolorindex 82 83 84 
vt 0.000000 0.000000 0.0
vt 0.000000 0.000000 0.0
vt 0.000000 0.000000 0.0
v 6.000000 -66.428276 -134.170227
#joint 33
#vjoint 131
#vcolor 54.000000 147.000000 33.000000 255.000000
vn 0.440945 1.535433 0.748031
vn 0.000000 1.062992 0.275591
vn 0.425197 1.157480 0.259843
f 128/436/256 130/437/257 131/438/258
#fvcolorindex 82 84 85 
usemtl m59CullBothEnvMappingTexScaleS0.031250TexScaleT0.031250
vt 0.000000 0.000000 0.0
vt 0.000000 0.000000 0.0
vt 0.000000 0.000000 0.0
v 0.000000 -69.428276 -161.170227
#joint 33
#vjoint 132
#vcolor 0.000000 138.000000 210.000000 255.000000
vn 0.425197 1.157480 0.259843
vn 0.000000 1.062992 0.275591
vn 0.000000 1.086614 1.653543
f 131/439/259 130/440/260 132/441/261
#fvcolorindex 85 84 86 
vt 0.000000 0.000000 0.0
vt 0.000000 0.000000 0.0
vt 0.000000 0.000000 0.0
v 6.000000 -66.428276 -158.170227
#joint 33
#vjoint 133
#vcolor 69.000000 157.000000 218.000000 255.000000
vn 0.425197 1.157480 0.259843
vn 0.000000 1.086614 1.653543
vn 0.543307 1.236220 1.716535
f 131/442/262 132/443/263 133/444/264
#fvcolorindex 85 86 87 
usemtl m60CullBothEnvMappingTexScaleS0.031250TexScaleT0.031250
vt 0.000000 0.000000 0.0
vt 0.000000 0.000000 0.0
vt 0.000000 0.000000 0.0
v 0.000000 -54.428276 -176.170227
#joint 33
#vjoint 134
#vcolor 0.000000 167.000000 167.000000 255.000000
vn 0.543307 1.236220 1.716535
vn 0.000000 1.086614 1.653543
vn 0.000000 1.314961 1.314961
f 133/445/265 132/446/266 134/447/267
#fvcolorindex 87 86 88 
vt 0.000000 0.000000 0.0
vt 0.000000 0.000000 0.0
vt 0.000000 0.000000 0.0
#vcolor 41.000000 144.000000 215.000000 255.000000
vn 0.543307 1.236220 1.716535
vn 0.000000 1.314961 1.314961
vn 0.322835 1.133858 1.692913
f 133/448/268 134/449/269 50/450/270
#fvcolorindex 87 88 89 
usemtl m61CullBothEnvMappingTexScaleS0.031250TexScaleT0.031250
vt 0.000000 0.000000 0.0
vt 0.000000 0.000000 0.0
vt 0.000000 0.000000 0.0
v -6.000000 -66.428276 -158.170227
#joint 33
#vjoint 135
#vcolor 187.000000 157.000000 218.000000 255.000000
vn 0.000000 1.314961 1.314961
vn 0.000000 1.086614 1.653543
vn 1.472441 1.236220 1.716535
f 134/451/271 132/452/272 135/453/273
#fvcolorindex 88 86 90 
vt 0.000000 0.000000 0.0
vt 0.000000 0.000000 0.0
vt 0.000000 0.000000 0.0
#vcolor 215.000000 144.000000 215.000000 255.000000
vn 0.000000 1.314961 1.314961
vn 1.472441 1.236220 1.716535
vn 1.692913 1.133858 1.692913
f 134/454/274 135/455/275 28/456/276
#fvcolorindex 88 90 91 
usemtl m62CullBothEnvMappingTexScaleS0.031250TexScaleT0.031250
vt 0.000000 0.000000 0.0
vt 0.000000 0.000000 0.0
vt 0.000000 0.000000 0.0
v -6.000000 -66.428276 -134.170227
#joint 33
#vjoint 136
#vcolor 201.000000 146.000000 30.000000 255.000000
vn 0.000000 1.086614 1.653543
vn 0.000000 1.062992 0.275591
vn 1.582677 1.149606 0.236220
f 132/457/277 130/458/278 136/459/279
#fvcolorindex 86 84 92 
vt 0.000000 0.000000 0.0
vt 0.000000 0.000000 0.0
vt 0.000000 0.000000 0.0
vn 0.000000 1.086614 1.653543
vn 1.582677 1.149606 0.236220
vn 1.472441 1.236220 1.716535
f 132/460/280 136/461/281 135/462/282
#fvcolorindex 86 92 90 
usemtl m63CullBothEnvMappingTexScaleS0.031250TexScaleT0.031250
vt 0.000000 0.000000 0.0
vt 0.000000 0.000000 0.0
vt 0.000000 0.000000 0.0
v -6.000000 -57.428276 -119.170227
#joint 33
#vjoint 137
#vcolor 199.000000 193.000000 93.000000 255.000000
vn 0.000000 1.472441 0.834646
vn 1.566929 1.519685 0.732283
vn 1.582677 1.149606 0.236220
f 129/463/283 137/464/284 136/465/285
#fvcolorindex 83 93 92 
vt 0.000000 0.000000 0.0
vt 0.000000 0.000000 0.0
vt 0.000000 0.000000 0.0
vn 0.000000 1.472441 0.834646
vn 1.582677 1.149606 0.236220
vn 0.000000 1.062992 0.275591
f 129/466/286 136/467/287 130/468/288
#fvcolorindex 83 92 84 
usemtl m64CullBothEnvMappingTexScaleS0.031250TexScaleT0.031250
vt 0.000000 0.000000 0.0
vt 0.000000 0.000000 0.0
vt 0.000000 0.000000 0.0
v 0.000000 -36.428276 -113.170227
#joint 33
#vjoint 138
#vcolor 0.000000 182.000000 102.000000 255.000000
vn 0.000000 1.433071 0.803150
vn 0.000000 1.472441 0.834646
vn 0.440945 1.535433 0.748031
f 138/469/289 129/470/290 128/471/291
#fvcolorindex 94 83 82 
vt 0.000000 0.000000 0.0
vt 0.000000 0.000000 0.0
vt 0.000000 0.000000 0.0
v 6.000000 -36.428276 -116.170227
#joint 33
#vjoint 139
#vcolor 83.000000 194.000000 71.000000 255.000000
vn 0.000000 1.433071 0.803150
vn 0.440945 1.535433 0.748031
vn 0.653543 1.527559 0.559055
f 138/472/292 128/473/293 139/474/294
#fvcolorindex 94 82 95 
usemtl m65CullBothEnvMappingTexScaleS0.031250TexScaleT0.031250
vt 0.000000 0.000000 0.0
vt 0.000000 0.000000 0.0
vt 0.000000 0.000000 0.0
v -6.000000 -36.428276 -116.170227
#joint 33
#vjoint 140
#vcolor 180.000000 162.000000 37.000000 255.000000
vn 1.417323 1.275591 0.291339
vn 1.566929 1.519685 0.732283
vn 0.000000 1.472441 0.834646
f 140/475/295 137/476/296 129/477/297
#fvcolorindex 96 93 83 
vt 0.000000 0.000000 0.0
vt 0.000000 0.000000 0.0
vt 0.000000 0.000000 0.0
vn 1.417323 1.275591 0.291339
vn 0.000000 1.472441 0.834646
vn 0.000000 1.433071 0.803150
f 140/478/298 129/479/299 138/480/300
#fvcolorindex 96 83 94 
usemtl m66CullBothEnvMappingTexScaleS0.031250TexScaleT0.031250
vt 0.000000 0.000000 0.0
vt 0.000000 0.000000 0.0
vt 0.000000 0.000000 0.0
#vcolor 0.000000 117.000000 48.000000 255.000000
#vcolor 0.000000 48.000000 117.000000 255.000000
vn 0.000000 0.921260 0.377953
vn 0.000000 0.921260 0.377953
vn 0.000000 0.377953 0.921260
f 135/481/301 133/482/302 50/483/303
#fvcolorindex 97 97 98 
vt 0.000000 0.000000 0.0
vt 0.000000 0.000000 0.0
vt 0.000000 0.000000 0.0
vn 0.000000 0.921260 0.377953
vn 0.000000 0.377953 0.921260
vn 0.000000 0.377953 0.921260
f 135/484/304 50/485/305 28/486/306
#fvcolorindex 97 98 98 
vt 0.000000 0.000000 0.0
vt 0.000000 0.000000 0.0
vt 0.000000 0.000000 0.0
#vcolor 0.000000 122.000000 223.000000 255.000000
vn 0.000000 0.921260 0.377953
vn 0.000000 0.921260 0.377953
vn 0.000000 0.960630 1.755906
f 133/487/307 135/488/308 136/489/309
#fvcolorindex 97 97 99 
vt 0.000000 0.000000 0.0
vt 0.000000 0.000000 0.0
vt 0.000000 0.000000 0.0
vn 0.000000 0.921260 0.377953
vn 0.000000 0.960630 1.755906
vn 0.000000 0.960630 1.755906
f 133/490/310 136/491/311 131/492/312
#fvcolorindex 97 99 99 
usemtl m67CullBothEnvMappingTexScaleS0.031250TexScaleT0.031250
vt 0.000000 0.000000 0.0
vt 0.000000 0.000000 0.0
vt 0.000000 0.000000 0.0
#vcolor 0.000000 70.000000 151.000000 255.000000
vn 0.000000 0.551181 1.188976
vn 0.000000 0.551181 1.188976
vn 0.000000 0.960630 1.755906
f 137/493/313 128/494/314 131/495/315
#fvcolorindex 100 100 99 
vt 0.000000 0.000000 0.0
vt 0.000000 0.000000 0.0
vt 0.000000 0.000000 0.0
vn 0.000000 0.551181 1.188976
vn 0.000000 0.960630 1.755906
vn 0.000000 0.960630 1.755906
f 137/496/316 131/497/317 136/498/318
#fvcolorindex 100 99 99 
vt 0.000000 0.000000 0.0
vt 0.000000 0.000000 0.0
vt 0.000000 0.000000 0.0
#vcolor 0.000000 17.000000 131.000000 255.000000
vn 0.000000 0.551181 1.188976
vn 0.000000 0.551181 1.188976
vn 0.000000 0.133858 1.031496
f 128/499/319 137/500/320 140/501/321
#fvcolorindex 100 100 101 
vt 0.000000 0.000000 0.0
vt 0.000000 0.000000 0.0
vt 0.000000 0.000000 0.0
#vcolor 0.000000 208.000000 139.000000 255.000000
vn 0.000000 0.551181 1.188976
vn 0.000000 0.133858 1.031496
vn 0.000000 1.637795 1.094488
f 128/502/322 140/503/323 139/504/324
#fvcolorindex 100 101 102 
usemtl m68CullBothEnvMappingTexScaleS0.031250TexScaleT0.031250
vt 0.000000 0.000000 0.0
vt 0.000000 0.000000 0.0
vt 0.000000 0.000000 0.0
v -9.000000 -27.428276 -104.170227
#joint 33
#vjoint 141
#vcolor 195.000000 165.000000 62.000000 255.000000
v -9.000000 -27.428276 -128.170227
#joint 33
#vjoint 142
#vcolor 206.000000 144.000000 225.000000 255.000000
vn 1.535433 1.299213 0.488189
vn 1.622047 1.133858 1.771654
vn 1.417323 1.275591 0.291339
f 141/505/325 142/506/326 140/507/327
#fvcolorindex 103 104 96 
usemtl m69CullBothEnvMappingTexScaleS0.031250TexScaleT0.031250
vt 0.000000 0.000000 0.0
vt 0.000000 0.000000 0.0
vt 0.000000 0.000000 0.0
v 9.000000 -27.428276 -128.170227
#joint 33
#vjoint 143
#vcolor 50.000000 144.000000 225.000000 255.000000
v 9.000000 -27.428276 -104.170227
#joint 33
#vjoint 144
#vcolor 61.000000 165.000000 62.000000 255.000000
vn 0.653543 1.527559 0.559055
vn 0.393701 1.133858 1.771654
vn 0.480315 1.299213 0.488189
f 139/508/328 143/509/329 144/510/330
#fvcolorindex 95 105 106 
usemtl m70CullBothEnvMappingTexScaleS0.031250TexScaleT0.031250
vt 0.000000 0.000000 0.0
vt 0.000000 0.000000 0.0
vt 0.000000 0.000000 0.0
vn 1.622047 1.133858 1.771654
vn 0.393701 1.133858 1.771654
vn 0.000000 1.637795 1.094488
f 142/511/331 143/512/332 139/513/333
#fvcolorindex 104 105 102 
vt 0.000000 0.000000 0.0
vt 0.000000 0.000000 0.0
vt 0.000000 0.000000 0.0
vn 1.622047 1.133858 1.771654
vn 0.000000 1.637795 1.094488
vn 1.417323 1.275591 0.291339
f 142/514/334 139/515/335 140/516/336
#fvcolorindex 104 102 96 
usemtl m68CullBothEnvMappingTexScaleS0.031250TexScaleT0.031250
vt 0.000000 0.000000 0.0
vt 0.000000 0.000000 0.0
vt 0.000000 0.000000 0.0
vn 1.535433 1.299213 0.488189
vn 1.417323 1.275591 0.291339
vn 0.000000 1.433071 0.803150
f 141/517/337 140/518/338 138/519/339
#fvcolorindex 103 96 94 
usemtl m71CullBothEnvMappingTexScaleS0.031250TexScaleT0.031250
vt 0.000000 0.000000 0.0
vt 0.000000 0.000000 0.0
vt 0.000000 0.000000 0.0
vn 0.480315 1.299213 0.488189
vn 1.535433 1.299213 0.488189
vn 0.000000 1.433071 0.803150
f 144/520/340 141/521/341 138/522/342
#fvcolorindex 106 103 94 
vt 0.000000 0.000000 0.0
vt 0.000000 0.000000 0.0
vt 0.000000 0.000000 0.0
vn 0.480315 1.299213 0.488189
vn 0.000000 1.433071 0.803150
vn 0.653543 1.527559 0.559055
f 144/523/343 138/524/344 139/525/345
#fvcolorindex 106 94 95 
usemtl m39CullBothEnvMappingTexScaleS0.031250TexScaleT0.031250
vt 0.000000 0.000000 0.0
vt 0.000000 0.000000 0.0
vt 0.000000 0.000000 0.0
vn 0.000000 1.015748 0.000000
vn 0.322835 1.133858 1.692913
vn 1.692913 1.133858 1.692913
f 21/526/346 50/527/347 28/528/348
#fvcolorindex 55 89 91 
vt 0.000000 0.000000 0.0
vt 0.000000 0.000000 0.0
vt 0.000000 0.000000 0.0
vn 0.000000 1.015748 0.000000
vn 1.692913 1.133858 1.692913
vn 0.000000 1.015748 0.000000
f 21/529/349 28/530/350 22/531/351
#fvcolorindex 55 91 55 
usemtl m72CullBothEnvMappingTexScaleS0.031250TexScaleT0.031250
vt 0.000000 0.000000 0.0
vt 0.000000 0.000000 0.0
vt 0.000000 0.000000 0.0
v -9.000000 -27.428276 -155.170227
#joint 33
#vjoint 145
#vcolor 0.000000 137.000000 42.000000 255.000000
v 9.000000 -27.428276 -155.170227
#joint 33
#vjoint 146
vn 0.000000 1.078740 0.330709
vn 0.000000 1.078740 0.330709
vn 0.393701 1.133858 1.771654
f 145/532/352 146/533/353 143/534/354
#fvcolorindex 107 107 105 
vt 0.000000 0.000000 0.0
vt 0.000000 0.000000 0.0
vt 0.000000 0.000000 0.0
vn 0.000000 1.078740 0.330709
vn 0.393701 1.133858 1.771654
vn 1.622047 1.133858 1.771654
f 145/535/355 143/536/356 142/537/357
#fvcolorindex 107 105 104 
vt 0.000000 0.000000 0.0
vt 0.000000 0.000000 0.0
vt 0.000000 0.000000 0.0
#vcolor 0.000000 201.000000 114.000000 255.000000
vn 0.000000 1.078740 0.330709
vn 0.000000 1.078740 0.330709
vn 0.000000 1.582677 0.897638
f 146/538/358 145/539/359 26/540/360
#fvcolorindex 107 107 108 
vt 0.000000 0.000000 0.0
vt 0.000000 0.000000 0.0
vt 0.000000 0.000000 0.0
vn 0.000000 1.078740 0.330709
vn 0.000000 1.582677 0.897638
vn 0.000000 1.582677 0.897638
f 146/541/361 26/542/362 46/543/363
#fvcolorindex 107 108 108 
usemtl m73CullBothEnvMappingTexScaleS0.031250TexScaleT0.031250
vt 0.000000 0.000000 0.0
vt 0.000000 0.000000 0.0
vt 0.000000 0.000000 0.0
vn 0.000000 0.377953 0.921260
vn 0.000000 0.377953 0.921260
vn 0.000000 1.582677 0.897638
f 28/544/364 50/545/365 46/546/366
#fvcolorindex 98 98 108 
vt 0.000000 0.000000 0.0
vt 0.000000 0.000000 0.0
vt 0.000000 0.000000 0.0
vn 0.000000 0.377953 0.921260
vn 0.000000 1.582677 0.897638
vn 0.000000 1.582677 0.897638
f 28/547/367 46/548/368 26/549/369
#fvcolorindex 98 108 108 
usemtl m74CullBothEnvMappingTexScaleS0.031250TexScaleT0.031250
vt 0.000000 0.000000 0.0
vt 0.000000 0.000000 0.0
vt 0.000000 0.000000 0.0
v -3.000000 37.571724 -81.170227
#joint 33
#vjoint 147
#vcolor 184.000000 102.000000 17.000000 255.000000
v -9.000000 34.571724 -89.170227
#joint 33
#vjoint 148
#vcolor 142.000000 53.000000 10.000000 255.000000
#vcolor 146.000000 54.000000 31.000000 255.000000
vn 1.448819 0.803150 0.133858
vn 1.118110 0.417323 0.078740
vn 1.149606 0.425197 0.244094
f 147/550/370 148/551/371 76/552/372
#fvcolorindex 109 110 111 
usemtl m75CullBothEnvMappingTexScaleS0.031250TexScaleT0.031250
vt 0.000000 0.000000 0.0
vt 0.000000 0.000000 0.0
vt 0.000000 0.000000 0.0
v -9.000000 34.571724 -167.170227
#joint 33
#vjoint 149
#vcolor 137.000000 43.000000 0.000000 255.000000
vn 1.078740 0.338583 0.000000
vn 1.118110 0.417323 0.078740
vn 1.448819 0.803150 0.133858
f 149/553/373 148/554/374 147/555/375
#fvcolorindex 112 110 109 
vt 0.000000 0.000000 0.0
vt 0.000000 0.000000 0.0
vt 0.000000 0.000000 0.0
v -3.000000 37.571724 -158.170227
#joint 33
#vjoint 150
#vcolor 237.000000 124.000000 243.000000 255.000000
vn 1.078740 0.338583 0.000000
vn 1.448819 0.803150 0.133858
vn 1.866142 0.976378 1.913386
f 149/556/376 147/557/377 150/558/378
#fvcolorindex 112 109 113 
usemtl m74CullBothEnvMappingTexScaleS0.031250TexScaleT0.031250
vt 0.000000 0.000000 0.0
vt 0.000000 0.000000 0.0
vt 0.000000 0.000000 0.0
#vcolor 140.000000 41.000000 27.000000 255.000000
vn 1.448819 0.803150 0.133858
vn 1.149606 0.425197 0.244094
vn 1.102362 0.322835 0.212598
f 147/559/379 76/560/380 113/561/381
#fvcolorindex 109 111 114 
usemtl m28CullBothEnvMappingTexScaleS0.031250TexScaleT0.031250
vt 0.000000 0.000000 0.0
vt 0.000000 0.000000 0.0
vt 0.000000 0.000000 0.0
v -3.000000 37.571724 64.829773
#joint 33
#vjoint 151
vn 1.015748 0.000000 0.000000
vn 1.015748 0.000000 0.000000
vn 1.448819 0.803150 0.133858
f 112/562/382 151/563/383 147/564/384
#fvcolorindex 40 40 109 
vt 0.000000 0.000000 0.0
vt 0.000000 0.000000 0.0
vt 0.000000 0.000000 0.0
vn 1.015748 0.000000 0.000000
vn 1.448819 0.803150 0.133858
vn 1.102362 0.322835 0.212598
f 112/565/385 147/566/386 113/567/387
#fvcolorindex 40 109 114 
usemtl m55CullBothEnvMappingTexScaleS0.031250TexScaleT0.031250
vt 0.000000 0.000000 0.0
vt 0.000000 0.000000 0.0
vt 0.000000 0.000000 0.0
vn 0.000000 0.000000 1.015748
vn 0.000000 0.000000 1.015748
vn 0.000000 0.000000 1.015748
f 66/568/388 69/569/389 71/570/390
#fvcolorindex 79 79 79 
vt 0.000000 0.000000 0.0
vt 0.000000 0.000000 0.0
vt 0.000000 0.000000 0.0
vn 0.000000 0.000000 1.015748
vn 0.000000 0.000000 1.015748
vn 0.000000 0.000000 1.015748
f 66/571/391 71/572/392 73/573/393
#fvcolorindex 79 79 79 
usemtl m76CullBothEnvMappingTexScaleS0.031250TexScaleT0.031250
vt 0.000000 0.000000 0.0
vt 0.000000 0.000000 0.0
vt 0.000000 0.000000 0.0
v 0.000000 37.571724 -137.170227
#joint 33
#vjoint 152
#vcolor 137.000000 39.000000 13.000000 255.000000
v 0.000000 46.571724 -164.170227
#joint 33
#vjoint 153
v -3.000000 37.571724 -164.170227
#joint 33
#vjoint 154
vn 1.078740 0.307087 0.102362
vn 1.078740 0.307087 0.102362
vn 1.078740 0.307087 0.102362
f 152/574/394 153/575/395 154/576/396
#fvcolorindex 115 115 115 
usemtl m55CullBothEnvMappingTexScaleS0.031250TexScaleT0.031250
vt 0.000000 0.000000 0.0
vt 0.000000 0.000000 0.0
vt 0.000000 0.000000 0.0
v 3.000000 37.571724 -164.170227
#joint 33
#vjoint 155
vn 0.000000 0.000000 1.015748
vn 0.000000 0.000000 1.015748
vn 0.000000 0.000000 1.015748
f 153/577/397 155/578/398 154/579/399
#fvcolorindex 79 79 79 
usemtl m77CullBothEnvMappingTexScaleS0.031250TexScaleT0.031250
vt 0.000000 0.000000 0.0
vt 0.000000 0.000000 0.0
vt 0.000000 0.000000 0.0
#vcolor 119.000000 39.000000 13.000000 255.000000
vn 0.937008 0.307087 0.102362
vn 0.937008 0.307087 0.102362
vn 0.937008 0.307087 0.102362
f 152/580/400 155/581/401 153/582/402
#fvcolorindex 116 116 116 
usemtl m55CullBothEnvMappingTexScaleS0.031250TexScaleT0.031250
vt 0.000000 0.000000 0.0
vt 0.000000 0.000000 0.0
vt 0.000000 0.000000 0.0
vn 0.000000 0.000000 1.015748
vn 0.000000 0.000000 1.015748
vn 0.000000 0.000000 1.015748
f 80/583/403 78/584/404 74/585/405
#fvcolorindex 79 79 79 
vt 0.000000 0.000000 0.0
vt 0.000000 0.000000 0.0
vt 0.000000 0.000000 0.0
vn 0.000000 0.000000 1.015748
vn 0.000000 0.000000 1.015748
vn 0.000000 0.000000 1.015748
f 80/586/406 74/587/407 77/588/408
#fvcolorindex 79 79 79 
usemtl m57CullBothEnvMappingTexScaleS0.031250TexScaleT0.031250
vt 0.000000 0.000000 0.0
vt 0.000000 0.000000 0.0
vt 0.000000 0.000000 0.0
vn 0.000000 0.000000 1.000000
vn 0.000000 0.000000 1.000000
vn 0.000000 0.000000 1.000000
f 108/589/409 75/590/410 79/591/411
#fvcolorindex 81 81 81 
vt 0.000000 0.000000 0.0
vt 0.000000 0.000000 0.0
vt 0.000000 0.000000 0.0
vn 0.000000 0.000000 1.000000
vn 0.000000 0.000000 1.000000
vn 0.000000 0.000000 1.000000
f 108/592/412 79/593/413 106/594/414
#fvcolorindex 81 81 81 
vt 0.000000 0.000000 0.0
vt 0.000000 0.000000 0.0
vt 0.000000 0.000000 0.0
vn 0.000000 0.000000 1.000000
vn 0.000000 0.000000 1.000000
vn 0.000000 0.000000 1.000000
f 79/595/415 104/596/416 106/597/417
#fvcolorindex 81 81 81 
vt 0.000000 0.000000 0.0
vt 0.000000 0.000000 0.0
vt 0.000000 0.000000 0.0
vn 0.000000 0.000000 1.000000
vn 0.000000 0.000000 1.000000
vn 0.000000 0.000000 1.000000
f 81/598/418 104/599/419 79/600/420
#fvcolorindex 81 81 81 
vt 0.000000 0.000000 0.0
vt 0.000000 0.000000 0.0
vt 0.000000 0.000000 0.0
vn 0.000000 0.000000 1.000000
vn 0.000000 0.000000 1.000000
vn 0.000000 0.000000 1.000000
f 104/601/421 81/602/422 72/603/423
#fvcolorindex 81 81 81 
vt 0.000000 0.000000 0.0
vt 0.000000 0.000000 0.0
vt 0.000000 0.000000 0.0
vn 0.000000 0.000000 1.000000
vn 0.000000 0.000000 1.000000
vn 0.000000 0.000000 1.000000
f 104/604/424 72/605/425 102/606/426
#fvcolorindex 81 81 81 
vt 0.000000 0.000000 0.0
vt 0.000000 0.000000 0.0
vt 0.000000 0.000000 0.0
vn 0.000000 0.000000 1.000000
vn 0.000000 0.000000 1.000000
vn 0.000000 0.000000 1.000000
f 100/607/427 70/608/428 68/609/429
#fvcolorindex 81 81 81 
vt 0.000000 0.000000 0.0
vt 0.000000 0.000000 0.0
vt 0.000000 0.000000 0.0
vn 0.000000 0.000000 1.000000
vn 0.000000 0.000000 1.000000
vn 0.000000 0.000000 1.000000
f 100/610/430 68/611/431 97/612/432
#fvcolorindex 81 81 81 
vt 0.000000 0.000000 0.0
vt 0.000000 0.000000 0.0
vt 0.000000 0.000000 0.0
vn 0.000000 0.000000 1.000000
vn 0.000000 0.000000 1.000000
vn 0.000000 0.000000 1.000000
f 100/613/433 102/614/434 70/615/435
#fvcolorindex 81 81 81 
vt 0.000000 0.000000 0.0
vt 0.000000 0.000000 0.0
vt 0.000000 0.000000 0.0
vn 0.000000 0.000000 1.000000
vn 0.000000 0.000000 1.000000
vn 0.000000 0.000000 1.000000
f 70/616/436 102/617/437 72/618/438
#fvcolorindex 81 81 81 
usemtl m78CullBothEnvMappingTexScaleS0.031250TexScaleT0.031250
vt 0.000000 0.000000 0.0
vt 0.000000 0.000000 0.0
vt 0.000000 0.000000 0.0
#vcolor 0.000000 117.000000 208.000000 255.000000
#vcolor 0.000000 113.000000 200.000000 255.000000
vn 0.000000 0.921260 1.637795
vn 0.000000 0.921260 1.637795
vn 0.000000 0.889764 1.574803
f 30/619/439 45/620/440 40/621/441
#fvcolorindex 117 117 118 
vt 0.000000 0.000000 0.0
vt 0.000000 0.000000 0.0
vt 0.000000 0.000000 0.0
vn 0.000000 0.921260 1.637795
vn 0.000000 0.889764 1.574803
vn 0.000000 0.889764 1.574803
f 30/622/442 40/623/443 37/624/444
#fvcolorindex 117 118 118 
usemtl m57CullBothEnvMappingTexScaleS0.031250TexScaleT0.031250
vt 0.000000 0.000000 0.0
vt 0.000000 0.000000 0.0
vt 0.000000 0.000000 0.0
v -9.000000 -5.428276 -78.170227
#joint 33
#vjoint 156
#vcolor 0.000000 226.000000 123.000000 255.000000
v 9.000000 -5.428276 -78.170227
#joint 33
#vjoint 157
vn 0.000000 0.000000 1.000000
vn 0.000000 1.779528 0.968504
vn 0.000000 1.779528 0.968504
f 81/625/445 156/626/446 157/627/447
#fvcolorindex 81 119 119 
vt 0.000000 0.000000 0.0
vt 0.000000 0.000000 0.0
vt 0.000000 0.000000 0.0
vn 0.000000 0.000000 1.000000
vn 0.000000 1.779528 0.968504
vn 0.000000 0.000000 1.000000
f 81/628/448 157/629/449 72/630/450
#fvcolorindex 81 119 81 
usemtl m79CullBothEnvMappingTexScaleS0.031250TexScaleT0.031250
vt 0.000000 0.000000 0.0
vt 0.000000 0.000000 0.0
vt 0.000000 0.000000 0.0
v 3.000000 37.571724 64.829773
#joint 33
#vjoint 158
#vcolor 183.000000 174.000000 194.000000 255.000000
#vcolor 71.000000 176.000000 190.000000 255.000000
v 0.000000 46.571724 58.829773
#joint 33
#vjoint 159
#vcolor 0.000000 144.000000 198.000000 255.000000
vn 1.440945 1.370079 1.527559
vn 0.559055 1.385827 1.496063
vn 0.000000 1.133858 1.559055
f 158/631/451 151/632/452 159/633/453
#fvcolorindex 120 121 122 
usemtl m80CullBothEnvMappingTexScaleS0.031250TexScaleT0.031250
vt 0.000000 0.000000 0.0
vt 0.000000 0.000000 0.0
vt 0.000000 0.000000 0.0
v 3.000000 37.571724 40.829773
#joint 33
#vjoint 160
#vcolor 179.000000 218.000000 93.000000 255.000000
v 0.000000 43.571724 40.829773
#joint 33
#vjoint 161
v -3.000000 37.571724 40.829773
#joint 33
#vjoint 162
vn 1.409449 1.716535 0.732283
vn 1.409449 1.716535 0.732283
vn 0.000000 0.000000 1.000000
f 160/634/454 161/635/455 162/636/456
#fvcolorindex 123 123 81 
usemtl m81CullBothEnvMappingTexScaleS0.031250TexScaleT0.031250
vt 0.000000 0.000000 0.0
vt 0.000000 0.000000 0.0
vt 0.000000 0.000000 0.0
#vcolor 113.000000 200.000000 0.000000 255.000000
vn 0.889764 1.574803 0.000000
vn 0.000000 1.133858 1.559055
vn 0.559055 1.385827 1.496063
f 161/637/457 159/638/458 151/639/459
#fvcolorindex 124 122 121 
vt 0.000000 0.000000 0.0
vt 0.000000 0.000000 0.0
vt 0.000000 0.000000 0.0
vn 0.889764 1.574803 0.000000
vn 0.559055 1.385827 1.496063
vn 0.889764 1.574803 0.000000
f 161/640/460 151/641/461 162/642/462
#fvcolorindex 124 121 124 
usemtl m79CullBothEnvMappingTexScaleS0.031250TexScaleT0.031250
vt 0.000000 0.000000 0.0
vt 0.000000 0.000000 0.0
vt 0.000000 0.000000 0.0
vn 1.440945 1.370079 1.527559
vn 0.000000 1.133858 1.559055
vn 1.409449 1.716535 0.732283
f 158/643/463 159/644/464 161/645/465
#fvcolorindex 120 122 123 
vt 0.000000 0.000000 0.0
vt 0.000000 0.000000 0.0
vt 0.000000 0.000000 0.0
vn 1.440945 1.370079 1.527559
vn 1.409449 1.716535 0.732283
vn 1.409449 1.716535 0.732283
f 158/646/466 161/647/467 160/648/468
#fvcolorindex 120 123 123 
usemtl m56CullBothEnvMappingTexScaleS0.031250TexScaleT0.031250
vt 0.000000 0.000000 0.0
vt 0.000000 0.000000 0.0
vt 0.000000 0.000000 0.0
v 3.000000 37.571724 -81.170227
#joint 33
#vjoint 163
#vcolor 52.000000 113.000000 19.000000 255.000000
vn 0.000000 1.000000 0.000000
vn 0.409449 0.889764 0.149606
vn 1.448819 0.803150 0.133858
f 158/649/469 163/650/470 147/651/471
#fvcolorindex 80 125 109 
vt 0.000000 0.000000 0.0
vt 0.000000 0.000000 0.0
vt 0.000000 0.000000 0.0
vn 0.000000 1.000000 0.000000
vn 1.448819 0.803150 0.133858
vn 0.000000 1.000000 0.000000
f 158/652/472 147/653/473 151/654/474
#fvcolorindex 80 109 80 
usemtl m82CullBothEnvMappingTexScaleS0.031250TexScaleT0.031250
vt 0.000000 0.000000 0.0
vt 0.000000 0.000000 0.0
vt 0.000000 0.000000 0.0
#vcolor 116.000000 41.000000 27.000000 255.000000
#vcolor 127.000000 0.000000 0.000000 255.000000
vn 0.913386 0.322835 0.212598
vn 1.000000 0.000000 0.000000
vn 1.000000 0.000000 0.000000
f 110/655/475 163/656/476 158/657/477
#fvcolorindex 126 127 127 
vt 0.000000 0.000000 0.0
vt 0.000000 0.000000 0.0
vt 0.000000 0.000000 0.0
vn 0.913386 0.322835 0.212598
vn 1.000000 0.000000 0.000000
vn 1.000000 0.000000 0.000000
f 110/658/478 158/659/479 111/660/480
#fvcolorindex 126 127 127 
vt 0.000000 0.000000 0.0
vt 0.000000 0.000000 0.0
vt 0.000000 0.000000 0.0
#vcolor 110.000000 54.000000 31.000000 255.000000
vn 0.913386 0.322835 0.212598
vn 0.866142 0.425197 0.244094
vn 0.409449 0.889764 0.149606
f 110/661/481 67/662/482 163/663/483
#fvcolorindex 126 128 125 
usemtl m83CullBothEnvMappingTexScaleS0.031250TexScaleT0.031250
vt 0.000000 0.000000 0.0
vt 0.000000 0.000000 0.0
vt 0.000000 0.000000 0.0
v -9.000000 14.571724 -179.170227
#joint 33
#vjoint 164
#vcolor 0.000000 98.000000 176.000000 255.000000
v 9.000000 14.571724 -179.170227
#joint 33
#vjoint 165
vn 0.000000 0.771654 1.385827
vn 0.000000 0.771654 1.385827
vn 0.000000 0.921260 1.637795
f 164/664/484 165/665/485 45/666/486
#fvcolorindex 129 129 117 
vt 0.000000 0.000000 0.0
vt 0.000000 0.000000 0.0
vt 0.000000 0.000000 0.0
vn 0.000000 0.771654 1.385827
vn 0.000000 0.921260 1.637795
vn 0.000000 0.921260 1.637795
f 164/667/487 45/668/488 30/669/489
#fvcolorindex 129 117 117 
vt 0.000000 0.000000 0.0
vt 0.000000 0.000000 0.0
vt 0.000000 0.000000 0.0
v 9.000000 34.571724 -167.170227
#joint 33
#vjoint 166
#vcolor 86.000000 82.000000 215.000000 255.000000
vn 0.000000 0.771654 1.385827
vn 0.677165 0.645669 1.692913
vn 0.000000 0.771654 1.385827
f 149/670/490 166/671/491 165/672/492
#fvcolorindex 129 130 129 
vt 0.000000 0.000000 0.0
vt 0.000000 0.000000 0.0
vt 0.000000 0.000000 0.0
vn 0.000000 0.771654 1.385827
vn 0.000000 0.771654 1.385827
vn 0.000000 0.771654 1.385827
f 149/673/493 165/674/494 164/675/495
#fvcolorindex 129 129 129 
usemtl m84CullBothEnvMappingTexScaleS0.031250TexScaleT0.031250
vt 0.000000 0.000000 0.0
vt 0.000000 0.000000 0.0
vt 0.000000 0.000000 0.0
v 3.000000 37.571724 -158.170227
#joint 33
#vjoint 167
#vcolor 19.000000 124.000000 243.000000 255.000000
vn 0.409449 0.889764 0.149606
vn 0.149606 0.976378 1.913386
vn 1.866142 0.976378 1.913386
f 163/676/496 167/677/497 150/678/498
#fvcolorindex 125 131 113 
vt 0.000000 0.000000 0.0
vt 0.000000 0.000000 0.0
vt 0.000000 0.000000 0.0
vn 0.409449 0.889764 0.149606
vn 1.866142 0.976378 1.913386
vn 1.448819 0.803150 0.133858
f 163/679/499 150/680/500 147/681/501
#fvcolorindex 125 113 109 
usemtl m85CullBothEnvMappingTexScaleS0.031250TexScaleT0.031250
vt 0.000000 0.000000 0.0
vt 0.000000 0.000000 0.0
vt 0.000000 0.000000 0.0
vn 0.149606 0.976378 1.913386
vn 0.677165 0.645669 1.692913
vn 0.000000 0.771654 1.385827
f 167/682/502 166/683/503 149/684/504
#fvcolorindex 131 130 129 
vt 0.000000 0.000000 0.0
vt 0.000000 0.000000 0.0
vt 0.000000 0.000000 0.0
vn 0.149606 0.976378 1.913386
vn 0.000000 0.771654 1.385827
vn 1.866142 0.976378 1.913386
f 167/685/505 149/686/506 150/687/507
#fvcolorindex 131 129 113 
vt 0.000000 0.000000 0.0
vt 0.000000 0.000000 0.0
vt 0.000000 0.000000 0.0
v 9.000000 34.571724 -89.170227
#joint 33
#vjoint 168
#vcolor 114.000000 53.000000 10.000000 255.000000
vn 0.149606 0.976378 1.913386
vn 0.409449 0.889764 0.149606
vn 0.897638 0.417323 0.078740
f 167/688/508 163/689/509 168/690/510
#fvcolorindex 131 125 132 
vt 0.000000 0.000000 0.0
vt 0.000000 0.000000 0.0
vt 0.000000 0.000000 0.0
vn 0.149606 0.976378 1.913386
vn 0.897638 0.417323 0.078740
vn 0.677165 0.645669 1.692913
f 167/691/511 168/692/512 166/693/513
#fvcolorindex 131 132 130 
usemtl m86CullBothEnvMappingTexScaleS0.031250TexScaleT0.031250
vt 0.000000 0.000000 0.0
vt 0.000000 0.000000 0.0
vt 0.000000 0.000000 0.0
vn 0.866142 0.425197 0.244094
vn 0.897638 0.417323 0.078740
vn 0.409449 0.889764 0.149606
f 67/694/514 168/695/515 163/696/516
#fvcolorindex 128 132 125 
usemtl m87CullBothEnvMappingTexScaleS0.031250TexScaleT0.031250
vt 0.000000 0.000000 0.0
vt 0.000000 0.000000 0.0
vt 0.000000 0.000000 0.0
#vcolor 231.000000 77.000000 97.000000 255.000000
#vcolor 222.000000 81.000000 90.000000 255.000000
#vcolor 234.000000 57.000000 110.000000 255.000000
vn 1.818898 0.606299 0.763780
vn 1.748031 0.637795 0.708661
vn 1.842520 0.448819 0.866142
f 148/697/517 77/698/518 76/699/519
#fvcolorindex 133 134 135 
usemtl m88CullBothEnvMappingTexScaleS0.031250TexScaleT0.031250
vt 0.000000 0.000000 0.0
vt 0.000000 0.000000 0.0
vt 0.000000 0.000000 0.0
#vcolor 22.000000 57.000000 110.000000 255.000000
#vcolor 34.000000 81.000000 90.000000 255.000000
#vcolor 25.000000 77.000000 97.000000 255.000000
vn 0.173228 0.448819 0.866142
vn 0.267717 0.637795 0.708661
vn 0.196850 0.606299 0.763780
f 67/700/520 66/701/521 168/702/522
#fvcolorindex 136 137 138 
usemtl m89CullBothEnvMappingTexScaleS0.031250TexScaleT0.031250
vt 0.000000 0.000000 0.0
vt 0.000000 0.000000 0.0
vt 0.000000 0.000000 0.0
#vcolor 41.000000 96.000000 186.000000 255.000000
vn 0.196850 0.606299 0.763780
vn 0.267717 0.637795 0.708661
vn 0.322835 0.755906 1.464567
f 168/703/523 66/704/524 119/705/525
#fvcolorindex 138 137 139 
vt 0.000000 0.000000 0.0
vt 0.000000 0.000000 0.0
vt 0.000000 0.000000 0.0
#vcolor 30.000000 89.000000 172.000000 255.000000
vn 0.196850 0.606299 0.763780
vn 0.322835 0.755906 1.464567
vn 0.236220 0.700787 1.354331
f 168/706/526 119/707/527 166/708/528
#fvcolorindex 138 139 140 
usemtl m90CullBothEnvMappingTexScaleS0.031250TexScaleT0.031250
vt 0.000000 0.000000 0.0
vt 0.000000 0.000000 0.0
vt 0.000000 0.000000 0.0
#vcolor 226.000000 89.000000 172.000000 255.000000
#vcolor 215.000000 96.000000 186.000000 255.000000
vn 1.779528 0.700787 1.354331
vn 1.692913 0.755906 1.464567
vn 1.748031 0.637795 0.708661
f 149/709/529 125/710/530 77/711/531
#fvcolorindex 141 142 134 
vt 0.000000 0.000000 0.0
vt 0.000000 0.000000 0.0
vt 0.000000 0.000000 0.0
vn 1.779528 0.700787 1.354331
vn 1.748031 0.637795 0.708661
vn 1.818898 0.606299 0.763780
f 149/712/532 77/713/533 148/714/534
#fvcolorindex 141 134 133 
usemtl m91CullBothEnvMappingTexScaleS0.031250TexScaleT0.031250
vt 0.000000 0.000000 0.0
vt 0.000000 0.000000 0.0
vt 0.000000 0.000000 0.0
#vcolor 53.000000 181.000000 170.000000 255.000000
#vcolor 43.000000 162.000000 183.000000 255.000000
#vcolor 27.000000 165.000000 173.000000 255.000000
vn 0.417323 1.425197 1.338583
vn 0.338583 1.275591 1.440945
vn 0.212598 1.299213 1.362205
f 117/715/535 146/716/536 46/717/537
#fvcolorindex 143 144 145 
vt 0.000000 0.000000 0.0
vt 0.000000 0.000000 0.0
vt 0.000000 0.000000 0.0
#vcolor 22.000000 220.000000 137.000000 255.000000
vn 0.417323 1.425197 1.338583
vn 0.212598 1.299213 1.362205
vn 0.173228 1.732283 1.078740
f 117/718/538 46/719/539 43/720/540
#fvcolorindex 143 145 146 
vt 0.000000 0.000000 0.0
vt 0.000000 0.000000 0.0
vt 0.000000 0.000000 0.0
#vcolor 17.000000 3.000000 131.000000 255.000000
vn 0.417323 1.425197 1.338583
vn 0.173228 1.732283 1.078740
vn 0.133858 0.023622 1.031496
f 117/721/541 43/722/542 45/723/543
#fvcolorindex 143 146 147 
vt 0.000000 0.000000 0.0
vt 0.000000 0.000000 0.0
vt 0.000000 0.000000 0.0
#vcolor 53.000000 22.000000 144.000000 255.000000
vn 0.417323 1.425197 1.338583
vn 0.133858 0.023622 1.031496
vn 0.417323 0.173228 1.133858
f 117/724/544 45/725/545 115/726/546
#fvcolorindex 143 147 148 
usemtl m92CullBothEnvMappingTexScaleS0.031250TexScaleT0.031250
vt 0.000000 0.000000 0.0
vt 0.000000 0.000000 0.0
vt 0.000000 0.000000 0.0
#vcolor 31.000000 37.000000 139.000000 255.000000
vn 0.244094 0.291339 1.094488
vn 0.417323 0.173228 1.133858
vn 0.133858 0.023622 1.031496
f 165/727/547 115/728/548 45/729/549
#fvcolorindex 149 148 147 
usemtl m93CullBothEnvMappingTexScaleS0.031250TexScaleT0.031250
vt 0.000000 0.000000 0.0
vt 0.000000 0.000000 0.0
vt 0.000000 0.000000 0.0
vn 0.322835 0.755906 1.464567
vn 0.417323 0.173228 1.133858
vn 0.244094 0.291339 1.094488
f 119/730/550 115/731/551 165/732/552
#fvcolorindex 139 148 149 
vt 0.000000 0.000000 0.0
vt 0.000000 0.000000 0.0
vt 0.000000 0.000000 0.0
vn 0.322835 0.755906 1.464567
vn 0.244094 0.291339 1.094488
vn 0.236220 0.700787 1.354331
f 119/733/553 165/734/554 166/735/555
#fvcolorindex 139 149 140 
usemtl m90CullBothEnvMappingTexScaleS0.031250TexScaleT0.031250
vt 0.000000 0.000000 0.0
vt 0.000000 0.000000 0.0
vt 0.000000 0.000000 0.0
#vcolor 225.000000 37.000000 139.000000 255.000000
vn 1.779528 0.700787 1.354331
vn 1.771654 0.291339 1.094488
vn 1.692913 0.755906 1.464567
f 149/736/556 164/737/557 125/738/558
#fvcolorindex 141 150 142 
usemtl m94CullBothEnvMappingTexScaleS0.031250TexScaleT0.031250
vt 0.000000 0.000000 0.0
vt 0.000000 0.000000 0.0
vt 0.000000 0.000000 0.0
#vcolor 203.000000 22.000000 144.000000 255.000000
vn 1.771654 0.291339 1.094488
vn 1.598425 0.173228 1.133858
vn 1.692913 0.755906 1.464567
f 164/739/559 121/740/560 125/741/561
#fvcolorindex 150 151 142 
usemtl m95CullBothEnvMappingTexScaleS0.031250TexScaleT0.031250
vt 0.000000 0.000000 0.0
vt 0.000000 0.000000 0.0
vt 0.000000 0.000000 0.0
#vcolor 239.000000 3.000000 131.000000 255.000000
vn 1.881890 0.023622 1.031496
vn 1.598425 0.173228 1.133858
vn 1.771654 0.291339 1.094488
f 30/742/562 121/743/563 164/744/564
#fvcolorindex 152 151 150 
usemtl m96CullBothEnvMappingTexScaleS0.031250TexScaleT0.031250
vt 0.000000 0.000000 0.0
vt 0.000000 0.000000 0.0
vt 0.000000 0.000000 0.0
#vcolor 234.000000 220.000000 137.000000 255.000000
vn 1.598425 0.173228 1.133858
vn 1.881890 0.023622 1.031496
vn 1.842520 1.732283 1.078740
f 121/745/565 30/746/566 27/747/567
#fvcolorindex 151 152 153 
vt 0.000000 0.000000 0.0
vt 0.000000 0.000000 0.0
vt 0.000000 0.000000 0.0
#vcolor 203.000000 181.000000 170.000000 255.000000
vn 1.598425 0.173228 1.133858
vn 1.842520 1.732283 1.078740
vn 1.598425 1.425197 1.338583
f 121/748/568 27/749/569 123/750/570
#fvcolorindex 151 153 154 
usemtl m97CullBothEnvMappingTexScaleS0.031250TexScaleT0.031250
vt 0.000000 0.000000 0.0
vt 0.000000 0.000000 0.0
vt 0.000000 0.000000 0.0
#vcolor 229.000000 165.000000 173.000000 255.000000
#vcolor 213.000000 162.000000 183.000000 255.000000
vn 1.842520 1.732283 1.078740
vn 1.803150 1.299213 1.362205
vn 1.677165 1.275591 1.440945
f 27/751/571 26/752/572 145/753/573
#fvcolorindex 153 155 156 
vt 0.000000 0.000000 0.0
vt 0.000000 0.000000 0.0
vt 0.000000 0.000000 0.0
vn 1.842520 1.732283 1.078740
vn 1.677165 1.275591 1.440945
vn 1.598425 1.425197 1.338583
f 27/754/574 145/755/575 123/756/576
#fvcolorindex 153 156 154 
usemtl m98CullBothEnvMappingTexScaleS0.031250TexScaleT0.031250
vt 0.000000 0.000000 0.0
vt 0.000000 0.000000 0.0
vt 0.000000 0.000000 0.0
v 9.000000 -27.428276 -89.170227
#joint 33
#vjoint 169
#vcolor 28.000000 191.000000 105.000000 255.000000
vn 0.220472 1.503937 0.826772
vn 0.338583 1.275591 1.440945
vn 0.417323 1.425197 1.338583
f 169/757/577 146/758/578 117/759/579
#fvcolorindex 157 144 143 
vt 0.000000 0.000000 0.0
vt 0.000000 0.000000 0.0
vt 0.000000 0.000000 0.0
#vcolor 40.000000 197.000000 104.000000 255.000000
vn 0.220472 1.503937 0.826772
vn 0.417323 1.425197 1.338583
vn 0.314961 1.551181 0.818898
f 169/760/580 117/761/581 126/762/582
#fvcolorindex 157 143 158 
vt 0.000000 0.000000 0.0
vt 0.000000 0.000000 0.0
vt 0.000000 0.000000 0.0
#vcolor 25.000000 245.000000 123.000000 255.000000
vn 0.220472 1.503937 0.826772
vn 0.314961 1.551181 0.818898
vn 0.196850 1.929134 0.968504
f 169/763/583 126/764/584 157/765/585
#fvcolorindex 157 158 159 
usemtl m99CullBothEnvMappingTexScaleS0.031250TexScaleT0.031250
vt 0.000000 0.000000 0.0
vt 0.000000 0.000000 0.0
vt 0.000000 0.000000 0.0
#vcolor 45.000000 29.000000 115.000000 255.000000
#vcolor 25.000000 18.000000 123.000000 255.000000
vn 0.314961 1.551181 0.818898
vn 0.354331 0.228346 0.905512
vn 0.196850 0.141732 0.968504
f 126/766/586 73/767/587 72/768/588
#fvcolorindex 158 160 161 
vt 0.000000 0.000000 0.0
vt 0.000000 0.000000 0.0
vt 0.000000 0.000000 0.0
vn 0.314961 1.551181 0.818898
vn 0.196850 0.141732 0.968504
vn 0.196850 1.929134 0.968504
f 126/769/589 72/770/590 157/771/591
#fvcolorindex 158 161 159 
usemtl m100CullBothEnvMappingTexScaleS0.031250TexScaleT0.031250
vt 0.000000 0.000000 0.0
vt 0.000000 0.000000 0.0
vt 0.000000 0.000000 0.0
#vcolor 237.000000 243.000000 124.000000 255.000000
v -9.000000 -27.428276 -89.170227
#joint 33
#vjoint 170
#vcolor 236.000000 191.000000 106.000000 255.000000
#vcolor 20.000000 191.000000 106.000000 255.000000
vn 1.866142 1.913386 0.976378
vn 1.858268 1.503937 0.834646
vn 0.157480 1.503937 0.834646
f 156/772/592 170/773/593 169/774/594
#fvcolorindex 162 163 164 
vt 0.000000 0.000000 0.0
vt 0.000000 0.000000 0.0
vt 0.000000 0.000000 0.0
#vcolor 19.000000 243.000000 124.000000 255.000000
vn 1.866142 1.913386 0.976378
vn 0.157480 1.503937 0.834646
vn 0.149606 1.913386 0.976378
f 156/775/595 169/776/596 157/777/597
#fvcolorindex 162 164 165 
usemtl m101CullBothEnvMappingTexScaleS0.031250TexScaleT0.031250
vt 0.000000 0.000000 0.0
vt 0.000000 0.000000 0.0
vt 0.000000 0.000000 0.0
#vcolor 231.000000 245.000000 123.000000 255.000000
#vcolor 231.000000 18.000000 123.000000 255.000000
#vcolor 211.000000 29.000000 115.000000 255.000000
vn 1.818898 1.929134 0.968504
vn 1.818898 0.141732 0.968504
vn 1.661417 0.228346 0.905512
f 156/778/598 81/779/599 80/780/600
#fvcolorindex 166 167 168 
vt 0.000000 0.000000 0.0
vt 0.000000 0.000000 0.0
vt 0.000000 0.000000 0.0
#vcolor 216.000000 197.000000 104.000000 255.000000
vn 1.818898 1.929134 0.968504
vn 1.661417 0.228346 0.905512
vn 1.700787 1.551181 0.818898
f 156/781/601 80/782/602 127/783/603
#fvcolorindex 166 168 169 
vt 0.000000 0.000000 0.0
vt 0.000000 0.000000 0.0
vt 0.000000 0.000000 0.0
#vcolor 228.000000 191.000000 105.000000 255.000000
vn 1.818898 1.929134 0.968504
vn 1.700787 1.551181 0.818898
vn 1.795276 1.503937 0.826772
f 156/784/604 127/785/605 170/786/606
#fvcolorindex 166 169 170 
usemtl m102CullBothEnvMappingTexScaleS0.031250TexScaleT0.031250
vt 0.000000 0.000000 0.0
vt 0.000000 0.000000 0.0
vt 0.000000 0.000000 0.0
vn 1.700787 1.551181 0.818898
vn 1.598425 1.425197 1.338583
vn 1.677165 1.275591 1.440945
f 127/787/607 123/788/608 145/789/609
#fvcolorindex 169 154 156 
vt 0.000000 0.000000 0.0
vt 0.000000 0.000000 0.0
vt 0.000000 0.000000 0.0
vn 1.700787 1.551181 0.818898
vn 1.677165 1.275591 1.440945
vn 1.795276 1.503937 0.826772
f 127/790/610 145/791/611 170/792/612
#fvcolorindex 169 156 170 
usemtl m103CullBothEnvMappingTexScaleS0.031250TexScaleT0.031250
vt 0.000000 0.000000 0.0
vt 0.000000 0.000000 0.0
vt 0.000000 0.000000 0.0
#vcolor 20.000000 186.000000 103.000000 255.000000
#vcolor 236.000000 186.000000 103.000000 255.000000
#vcolor 230.000000 167.000000 86.000000 255.000000
vn 0.157480 1.464567 0.811024
vn 1.858268 1.464567 0.811024
vn 1.811024 1.314961 0.677165
f 169/793/613 170/794/614 141/795/615
#fvcolorindex 171 172 173 
vt 0.000000 0.000000 0.0
vt 0.000000 0.000000 0.0
vt 0.000000 0.000000 0.0
#vcolor 26.000000 167.000000 86.000000 255.000000
vn 0.157480 1.464567 0.811024
vn 1.811024 1.314961 0.677165
vn 0.204724 1.314961 0.677165
f 169/796/616 141/797/617 144/798/618
#fvcolorindex 171 173 174 
usemtl m104TransparentCullBothClampSClampT
vt 2.816406 -0.704102 0.0
vt 0.593750 -1.199219 0.0
vt -0.727539 0.462891 0.0
f 32/799 29/800 25/801
#fvcolorindex 2 2 2 
vt 2.816406 -0.704102 0.0
vt -0.727539 0.462891 0.0
vt 1.170898 2.572266 0.0
f 32/802 25/803 31/804
#fvcolorindex 2 2 2 
usemtl m105TransparentCullBothClampSClampT
vt 1.170898 2.572266 0.0
vt -0.727539 0.462891 0.0
vt 0.593750 -1.199219 0.0
f 41/805 44/806 48/807
#fvcolorindex 11 14 8 
vt 1.170898 2.572266 0.0
vt 0.593750 -1.199219 0.0
vt 2.816406 -0.704102 0.0
f 41/808 48/809 42/810
#fvcolorindex 11 8 12 
g Room05
g Room05_primary
usemtl m106CullBoth
vt 1.000000 0.827148 0.0
vt 0.700195 1.000977 0.0
vt 0.299805 1.000977 0.0
v 15.000000 -113.428276 -214.170227
#joint 33
#vjoint 171
#vcolor 202.000000 202.000000 202.000000 255.000000
v 6.000000 -113.428276 -202.170227
#joint 33
#vjoint 172
#vcolor 137.000000 137.000000 137.000000 255.000000
v -6.000000 -113.428276 -202.170227
#joint 33
#vjoint 173
#vcolor 67.000000 67.000000 67.000000 255.000000
f 171/811 172/812 173/813
#fvcolorindex 175 176 177 
vt 1.000000 0.827148 0.0
vt 0.299805 1.000977 0.0
vt 0.000000 0.827148 0.0
v -15.000000 -113.428276 -214.170227
#joint 33
#vjoint 174
f 171/814 173/815 174/816
#fvcolorindex 175 177 177 
usemtl m107CullBoth
vt 0.299805 0.000000 0.0
vt 0.700195 0.000000 0.0
vt 1.000000 0.086914 0.0
v -6.000000 -113.428276 -271.170227
#joint 33
#vjoint 175
#vcolor 78.000000 78.000000 78.000000 255.000000
v 6.000000 -113.428276 -271.170227
#joint 33
#vjoint 176
#vcolor 157.000000 157.000000 157.000000 255.000000
v 15.000000 -113.428276 -265.170227
#joint 33
#vjoint 177
#vcolor 212.000000 212.000000 212.000000 255.000000
f 175/817 176/818 177/819
#fvcolorindex 178 179 180 
vt 0.299805 0.000000 0.0
vt 1.000000 0.086914 0.0
vt 0.000000 0.086914 0.0
v -15.000000 -113.428276 -265.170227
#joint 33
#vjoint 178
f 175/820 177/821 178/822
#fvcolorindex 178 180 177 
usemtl m108CullBoth
vt 1.000000 0.086914 0.0
vt 1.000000 0.827148 0.0
vt 0.000000 0.827148 0.0
f 177/823 171/824 174/825
#fvcolorindex 180 175 177 
vt 1.000000 0.086914 0.0
vt 0.000000 0.827148 0.0
vt 0.000000 0.086914 0.0
f 177/826 174/827 178/828
#fvcolorindex 180 177 177 
usemtl m57CullBothEnvMappingTexScaleS0.031250TexScaleT0.031250
vt 0.000000 0.000000 0.0
vt 0.000000 0.000000 0.0
vt 0.000000 0.000000 0.0
v 0.000000 -5.428276 64.829773
#joint 33
#vjoint 179
#vcolor 0.000000 0.000000 127.000000 255.000000
v 3.000000 7.571724 64.829773
#joint 33
#vjoint 180
v -3.000000 7.571724 64.829773
#joint 33
#vjoint 181
vn 0.000000 0.000000 1.000000
vn 0.000000 0.000000 1.000000
vn 0.000000 0.000000 1.000000
f 179/829/619 180/830/620 181/831/621
#fvcolorindex 181 181 181 
vt 0.000000 0.000000 0.0
vt 0.000000 0.000000 0.0
vt 0.000000 0.000000 0.0
v 7.000000 -1.428276 64.829773
#joint 33
#vjoint 182
v 7.000000 5.571724 64.829773
#joint 33
#vjoint 183
vn 0.000000 0.000000 1.000000
vn 0.000000 0.000000 1.000000
vn 0.000000 0.000000 1.000000
f 182/832/622 183/833/623 180/834/624
#fvcolorindex 181 181 181 
vt 0.000000 0.000000 0.0
vt 0.000000 0.000000 0.0
vt 0.000000 0.000000 0.0
vn 0.000000 0.000000 1.000000
vn 0.000000 0.000000 1.000000
vn 0.000000 0.000000 1.000000
f 182/835/625 180/836/626 179/837/627
#fvcolorindex 181 181 181 
vt 0.000000 0.000000 0.0
vt 0.000000 0.000000 0.0
vt 0.000000 0.000000 0.0
v -7.000000 5.571724 64.829773
#joint 33
#vjoint 184
v -7.000000 -1.428276 64.829773
#joint 33
#vjoint 185
vn 0.000000 0.000000 1.000000
vn 0.000000 0.000000 1.000000
vn 0.000000 0.000000 1.000000
f 184/838/628 185/839/629 179/840/630
#fvcolorindex 181 181 181 
vt 0.000000 0.000000 0.0
vt 0.000000 0.000000 0.0
vt 0.000000 0.000000 0.0
vn 0.000000 0.000000 1.000000
vn 0.000000 0.000000 1.000000
vn 0.000000 0.000000 1.000000
f 184/841/631 179/842/632 181/843/633
#fvcolorindex 181 181 181 
vt 0.000000 0.000000 0.0
vt 0.000000 0.000000 0.0
vt 0.000000 0.000000 0.0
v 3.000000 37.571724 64.829773
#joint 33
#vjoint 186
v -3.000000 37.571724 64.829773
#joint 33
#vjoint 187
v -3.000000 31.571724 64.829773
#joint 33
#vjoint 188
vn 0.000000 0.000000 1.000000
vn 0.000000 0.000000 1.000000
vn 0.000000 0.000000 1.000000
f 186/844/634 187/845/635 188/846/636
#fvcolorindex 181 181 181 
vt 0.000000 0.000000 0.0
vt 0.000000 0.000000 0.0
vt 0.000000 0.000000 0.0
v 3.000000 31.571724 64.829773
#joint 33
#vjoint 189
vn 0.000000 0.000000 1.000000
vn 0.000000 0.000000 1.000000
vn 0.000000 0.000000 1.000000
f 186/847/637 188/848/638 189/849/639
#fvcolorindex 181 181 181 
usemtl m109CullBoth
vt 0.523438 0.509766 0.0
vt 0.373047 0.479492 0.0
vt 0.409180 0.403320 0.0
v 0.000000 19.624426 64.856140
#joint 0
#vjoint 190
#vcolor 0.000000 0.000000 0.000000 255.000000
v -12.000000 16.571724 64.829773
#joint 33
#vjoint 191
v -9.000000 11.571724 64.829773
#joint 33
#vjoint 192
f 190/850 191/851 192/852
#fvcolorindex 182 177 177 
usemtl m110CullBoth
vt 0.568359 0.660156 0.0
vt 0.496094 0.666992 0.0
vt 0.523438 0.509766 0.0
#vcolor 254.000000 254.000000 254.000000 255.000000
f 189/853 188/854 190/855
#fvcolorindex 183 183 182 
usemtl m111CullBoth
vt 0.377930 0.564453 0.0
vt 0.373047 0.479492 0.0
vt 0.523438 0.509766 0.0
v -12.000000 23.571724 64.829773
#joint 33
#vjoint 193
f 193/856 191/857 190/858
#fvcolorindex 177 177 182 
usemtl m112CullBoth
vt 0.421875 0.633789 0.0
vt 0.377930 0.564453 0.0
vt 0.523438 0.509766 0.0
v -9.000000 28.571724 64.829773
#joint 33
#vjoint 194
#vcolor 191.000000 191.000000 191.000000 255.000000
f 194/859 193/860 190/861
#fvcolorindex 184 177 182 
usemtl m113CullBoth
vt 0.496094 0.666992 0.0
vt 0.421875 0.633789 0.0
vt 0.523438 0.509766 0.0
#vcolor 240.000000 240.000000 240.000000 255.000000
f 188/862 194/863 190/864
#fvcolorindex 185 184 182 
usemtl m111CullBoth
vt 0.625977 0.384766 0.0
vt 0.668945 0.455078 0.0
vt 0.523438 0.509766 0.0
v 9.000000 11.571724 64.829773
#joint 33
#vjoint 195
v 12.000000 16.571724 64.829773
#joint 33
#vjoint 196
#vcolor 69.000000 69.000000 69.000000 255.000000
f 195/865 196/866 190/867
#fvcolorindex 177 186 182 
usemtl m110CullBoth
vt 0.638672 0.615234 0.0
vt 0.568359 0.660156 0.0
vt 0.523438 0.509766 0.0
v 9.000000 28.571724 64.829773
#joint 33
#vjoint 197
f 197/868 189/869 190/870
#fvcolorindex 183 183 182 
usemtl m114CullBoth
vt 0.673828 0.539062 0.0
vt 0.638672 0.615234 0.0
vt 0.523438 0.509766 0.0
v 12.000000 23.571724 64.829773
#joint 33
#vjoint 198
#vcolor 188.000000 188.000000 188.000000 255.000000
f 198/871 197/872 190/873
#fvcolorindex 187 183 182 
usemtl m115CullBoth
vt 0.668945 0.455078 0.0
vt 0.673828 0.539062 0.0
vt 0.523438 0.509766 0.0
f 196/874 198/875 190/876
#fvcolorindex 186 187 182 
usemtl m111CullBoth
vt 0.554688 0.348633 0.0
vt 0.625977 0.384766 0.0
vt 0.523438 0.509766 0.0
f 180/877 195/878 190/879
#fvcolorindex 177 177 182 
vt 0.475586 0.355469 0.0
vt 0.554688 0.348633 0.0
vt 0.523438 0.509766 0.0
f 181/880 180/881 190/882
#fvcolorindex 177 177 182 
vt 0.409180 0.403320 0.0
vt 0.475586 0.355469 0.0
vt 0.523438 0.509766 0.0
f 192/883 181/884 190/885
#fvcolorindex 177 177 182 
usemtl m116CullBoth
vt 0.488281 0.499512 0.0
vt 0.146973 0.163086 0.0
vt 0.285645 0.152832 0.0
v 0.000000 5.624426 -104.143860
#joint 0
#vjoint 199
v -19.000000 -5.408628 -103.856934
#joint 34
#vjoint 200
v -13.000000 -7.408628 -103.856934
#joint 34
#vjoint 201
f 199/886 200/887 201/888
#fvcolorindex 177 177 177 
vt 0.488281 0.499512 0.0
vt 0.285645 0.152832 0.0
vt 0.359863 0.032715 0.0
v -11.000000 -13.408628 -103.856934
#joint 34
#vjoint 202
f 199/889 201/890 202/891
#fvcolorindex 177 177 177 
vt 0.607422 0.027344 0.0
vt 0.684082 0.144531 0.0
vt 0.823242 0.148438 0.0
v 0.000000 -16.408628 -103.856934
#joint 34
#vjoint 203
v 5.000000 -12.408628 -103.856934
#joint 34
#vjoint 204
v 11.000000 -13.408628 -103.856934
#joint 34
#vjoint 205
f 203/892 204/893 205/894
#fvcolorindex 177 177 177 
vt 0.607422 0.027344 0.0
vt 0.823242 0.148438 0.0
vt 0.488281 0.499512 0.0
f 203/895 205/896 199/897
#fvcolorindex 177 177 177 
vt 0.949219 0.363770 0.0
vt 0.887207 0.490723 0.0
vt 0.951660 0.615234 0.0
v 19.000000 -5.408628 -103.856934
#joint 34
#vjoint 206
v 17.000000 0.591372 -103.856934
#joint 34
#vjoint 207
v 21.000000 5.591372 -103.856934
#joint 34
#vjoint 208
f 206/898 207/899 208/900
#fvcolorindex 177 177 177 
vt 0.949219 0.363770 0.0
vt 0.951660 0.615234 0.0
vt 0.488281 0.499512 0.0
f 206/901 208/902 199/903
#fvcolorindex 177 177 177 
vt 0.488281 0.499512 0.0
vt 0.830078 0.835449 0.0
vt 0.691406 0.845703 0.0
v 19.000000 15.591372 -103.856934
#joint 34
#vjoint 209
v 13.000000 17.591372 -103.856934
#joint 34
#vjoint 210
f 199/904 209/905 210/906
#fvcolorindex 177 177 177 
vt 0.488281 0.499512 0.0
vt 0.691406 0.845703 0.0
vt 0.616699 0.965820 0.0
v 11.000000 23.591372 -103.856934
#joint 34
#vjoint 211
f 199/907 210/908 211/909
#fvcolorindex 177 177 177 
vt 0.488281 0.499512 0.0
vt 0.027344 0.635254 0.0
vt 0.089844 0.507812 0.0
v -19.000000 15.591372 -103.856934
#joint 34
#vjoint 212
v -17.000000 9.591372 -103.856934
#joint 34
#vjoint 213
f 199/910 212/911 213/912
#fvcolorindex 177 177 177 
vt 0.488281 0.499512 0.0
vt 0.089844 0.507812 0.0
vt 0.024902 0.383789 0.0
v -21.000000 5.591372 -103.856934
#joint 34
#vjoint 214
f 199/913 213/914 214/915
#fvcolorindex 177 177 177 
vt 0.153320 0.850098 0.0
vt 0.488281 0.499512 0.0
vt 0.369141 0.971191 0.0
v -11.000000 23.591372 -103.856934
#joint 34
#vjoint 215
v 0.000000 26.591372 -103.856934
#joint 34
#vjoint 216
f 215/916 199/917 216/918
#fvcolorindex 177 177 177 
vt 0.153320 0.850098 0.0
vt 0.369141 0.971191 0.0
vt 0.292480 0.854492 0.0
v -5.000000 22.591372 -103.856934
#joint 34
#vjoint 217
f 215/919 216/920 217/921
#fvcolorindex 177 177 177 
vt 0.488281 0.499512 0.0
vt 0.024902 0.383789 0.0
vt 0.146973 0.163086 0.0
f 199/922 214/923 200/924
#fvcolorindex 177 177 177 
vt 0.488281 0.499512 0.0
vt 0.359863 0.032715 0.0
vt 0.607422 0.027344 0.0
f 199/925 202/926 203/927
#fvcolorindex 177 177 177 
vt 0.488281 0.499512 0.0
vt 0.823242 0.148438 0.0
vt 0.949219 0.363770 0.0
f 199/928 205/929 206/930
#fvcolorindex 177 177 177 
vt 0.488281 0.499512 0.0
vt 0.153320 0.850098 0.0
vt 0.027344 0.635254 0.0
f 199/931 215/932 212/933
#fvcolorindex 177 177 177 
vt 0.488281 0.499512 0.0
vt 0.616699 0.965820 0.0
vt 0.369141 0.971191 0.0
f 199/934 211/935 216/936
#fvcolorindex 177 177 177 
vt 0.488281 0.499512 0.0
vt 0.951660 0.615234 0.0
vt 0.830078 0.835449 0.0
f 199/937 208/938 209/939
#fvcolorindex 177 177 177 
g Room06
g Room06_primary
usemtl m117CullBothEnvMappingTexScaleS0.031250TexScaleT0.031250
vt 0.000000 0.000000 0.0
vt 0.000000 0.000000 0.0
vt 0.000000 0.000000 0.0
v 19.000000 15.591372 -103.856934
#joint 34
#vjoint 218
#vcolor 38.000000 120.000000 0.000000 255.000000
v 19.000000 15.591372 -151.856934
#joint 34
#vjoint 219
v 13.000000 17.591372 -139.856934
#joint 34
#vjoint 220
#vcolor 89.000000 89.000000 0.000000 255.000000
vn 0.299213 0.944882 0.000000
vn 0.299213 0.944882 0.000000
vn 0.700787 0.700787 0.000000
f 218/940/640 219/941/641 220/942/642
#fvcolorindex 188 188 189 
vt 0.000000 0.000000 0.0
vt 0.000000 0.000000 0.0
vt 0.000000 0.000000 0.0
v 13.000000 17.591372 -103.856934
#joint 34
#vjoint 221
vn 0.299213 0.944882 0.000000
vn 0.700787 0.700787 0.000000
vn 0.700787 0.700787 0.000000
f 218/943/643 220/944/644 221/945/645
#fvcolorindex 188 189 189 
usemtl m118CullBothEnvMappingTexScaleS0.031250TexScaleT0.031250
vt 0.000000 0.000000 0.0
vt 0.000000 0.000000 0.0
vt 0.000000 0.000000 0.0
v 11.000000 23.591372 -151.856934
#joint 34
#vjoint 222
#vcolor 120.000000 38.000000 0.000000 255.000000
vn 0.700787 0.700787 0.000000
vn 0.700787 0.700787 0.000000
vn 0.944882 0.299213 0.000000
f 221/946/646 220/947/647 222/948/648
#fvcolorindex 189 189 190 
vt 0.000000 0.000000 0.0
vt 0.000000 0.000000 0.0
vt 0.000000 0.000000 0.0
v 11.000000 23.591372 -103.856934
#joint 34
#vjoint 223
vn 0.700787 0.700787 0.000000
vn 0.944882 0.299213 0.000000
vn 0.944882 0.299213 0.000000
f 221/949/649 222/950/650 223/951/651
#fvcolorindex 189 190 190 
usemtl m119CullBothEnvMappingTexScaleS0.031250TexScaleT0.031250
vt 0.000000 0.000000 0.0
vt 0.000000 0.000000 0.0
vt 0.000000 0.000000 0.0
v 0.000000 26.591372 -151.856934
#joint 34
#vjoint 224
#vcolor 171.000000 94.000000 0.000000 255.000000
v -5.000000 22.591372 -139.856934
#joint 34
#vjoint 225
#vcolor 224.000000 122.000000 0.000000 255.000000
v -5.000000 22.591372 -103.856934
#joint 34
#vjoint 226
vn 1.346457 0.740157 0.000000
vn 1.763780 0.960630 0.000000
vn 1.763780 0.960630 0.000000
f 224/952/652 225/953/653 226/954/654
#fvcolorindex 191 192 192 
vt 0.000000 0.000000 0.0
vt 0.000000 0.000000 0.0
vt 0.000000 0.000000 0.0
v 0.000000 26.591372 -103.856934
#joint 34
#vjoint 227
vn 1.346457 0.740157 0.000000
vn 1.763780 0.960630 0.000000
vn 1.346457 0.740157 0.000000
f 224/955/655 226/956/656 227/957/657
#fvcolorindex 191 192 191 
usemtl m120CullBothEnvMappingTexScaleS0.031250TexScaleT0.031250
vt 0.000000 0.000000 0.0
vt 0.000000 0.000000 0.0
vt 0.000000 0.000000 0.0
v -11.000000 23.591372 -151.856934
#joint 34
#vjoint 228
#vcolor 26.000000 124.000000 0.000000 255.000000
v -11.000000 23.591372 -103.856934
#joint 34
#vjoint 229
vn 1.763780 0.960630 0.000000
vn 0.204724 0.976378 0.000000
vn 0.204724 0.976378 0.000000
f 225/958/658 228/959/659 229/960/660
#fvcolorindex 192 193 193 
vt 0.000000 0.000000 0.0
vt 0.000000 0.000000 0.0
vt 0.000000 0.000000 0.0
vn 1.763780 0.960630 0.000000
vn 0.204724 0.976378 0.000000
vn 1.763780 0.960630 0.000000
f 225/961/661 229/962/662 226/963/663
#fvcolorindex 192 193 192 
usemtl m121CullBothEnvMappingTexScaleS0.031250TexScaleT0.031250
vt 0.000000 0.000000 0.0
vt 0.000000 0.000000 0.0
vt 0.000000 0.000000 0.0
v -19.000000 15.591372 -103.856934
#joint 34
#vjoint 230
#vcolor 132.000000 230.000000 0.000000 255.000000
v -19.000000 15.591372 -151.856934
#joint 34
#vjoint 231
v -17.000000 9.591372 -139.856934
#joint 34
#vjoint 232
#vcolor 134.000000 32.000000 0.000000 255.000000
vn 1.039370 1.811024 0.000000
vn 1.039370 1.811024 0.000000
vn 1.055118 0.251969 0.000000
f 230/964/664 231/965/665 232/966/666
#fvcolorindex 194 194 195 
vt 0.000000 0.000000 0.0
vt 0.000000 0.000000 0.0
vt 0.000000 0.000000 0.0
v -17.000000 9.591372 -103.856934
#joint 34
#vjoint 233
vn 1.039370 1.811024 0.000000
vn 1.055118 0.251969 0.000000
vn 1.055118 0.251969 0.000000
f 230/967/667 232/968/668 233/969/669
#fvcolorindex 194 195 195 
usemtl m34CullBothEnvMappingTexScaleS0.031250TexScaleT0.031250
vt 0.000000 0.000000 0.0
vt 0.000000 0.000000 0.0
vt 0.000000 0.000000 0.0
v -21.000000 5.591372 -151.856934
#joint 34
#vjoint 234
#vcolor 162.000000 85.000000 0.000000 255.000000
v -21.000000 5.591372 -103.856934
#joint 34
#vjoint 235
vn 1.055118 0.251969 0.000000
vn 1.275591 0.669291 0.000000
vn 1.275591 0.669291 0.000000
f 232/970/670 234/971/671 235/972/672
#fvcolorindex 195 196 196 
vt 0.000000 0.000000 0.0
vt 0.000000 0.000000 0.0
vt 0.000000 0.000000 0.0
vn 1.055118 0.251969 0.000000
vn 1.275591 0.669291 0.000000
vn 1.055118 0.251969 0.000000
f 232/973/673 235/974/674 233/975/675
#fvcolorindex 195 196 195 
usemtl m122CullBothEnvMappingTexScaleS0.031250TexScaleT0.031250
vt 0.000000 0.000000 0.0
vt 0.000000 0.000000 0.0
vt 0.000000 0.000000 0.0
v -19.000000 -5.408628 -103.856934
#joint 34
#vjoint 236
#vcolor 218.000000 136.000000 0.000000 255.000000
v -19.000000 -5.408628 -151.856934
#joint 34
#vjoint 237
v -13.000000 -7.408628 -139.856934
#joint 34
#vjoint 238
#vcolor 167.000000 167.000000 0.000000 255.000000
vn 1.716535 1.070866 0.000000
vn 1.716535 1.070866 0.000000
vn 1.314961 1.314961 0.000000
f 236/976/676 237/977/677 238/978/678
#fvcolorindex 197 197 198 
vt 0.000000 0.000000 0.0
vt 0.000000 0.000000 0.0
vt 0.000000 0.000000 0.0
v -13.000000 -7.408628 -103.856934
#joint 34
#vjoint 239
vn 1.716535 1.070866 0.000000
vn 1.314961 1.314961 0.000000
vn 1.314961 1.314961 0.000000
f 236/979/679 238/980/680 239/981/681
#fvcolorindex 197 198 198 
usemtl m123CullBothEnvMappingTexScaleS0.031250TexScaleT0.031250
vt 0.000000 0.000000 0.0
vt 0.000000 0.000000 0.0
vt 0.000000 0.000000 0.0
v -11.000000 -13.408628 -151.856934
#joint 34
#vjoint 240
#vcolor 136.000000 218.000000 0.000000 255.000000
v -11.000000 -13.408628 -103.856934
#joint 34
#vjoint 241
vn 1.314961 1.314961 0.000000
vn 1.070866 1.716535 0.000000
vn 1.070866 1.716535 0.000000
f 238/982/682 240/983/683 241/984/684
#fvcolorindex 198 199 199 
vt 0.000000 0.000000 0.0
vt 0.000000 0.000000 0.0
vt 0.000000 0.000000 0.0
vn 1.314961 1.314961 0.000000
vn 1.070866 1.716535 0.000000
vn 1.314961 1.314961 0.000000
f 238/985/685 241/986/686 239/987/687
#fvcolorindex 198 199 198 
usemtl m124CullBothEnvMappingTexScaleS0.031250TexScaleT0.031250
vt 0.000000 0.000000 0.0
vt 0.000000 0.000000 0.0
vt 0.000000 0.000000 0.0
v 0.000000 -16.408628 -103.856934
#joint 34
#vjoint 242
#vcolor 85.000000 162.000000 0.000000 255.000000
v 0.000000 -16.408628 -151.856934
#joint 34
#vjoint 243
v 5.000000 -12.408628 -139.856934
#joint 34
#vjoint 244
#vcolor 32.000000 134.000000 0.000000 255.000000
vn 0.669291 1.275591 0.000000
vn 0.669291 1.275591 0.000000
vn 0.251969 1.055118 0.000000
f 242/988/688 243/989/689 244/990/690
#fvcolorindex 200 200 201 
vt 0.000000 0.000000 0.0
vt 0.000000 0.000000 0.0
vt 0.000000 0.000000 0.0
v 5.000000 -12.408628 -103.856934
#joint 34
#vjoint 245
vn 0.669291 1.275591 0.000000
vn 0.251969 1.055118 0.000000
vn 0.251969 1.055118 0.000000
f 242/991/691 244/992/692 245/993/693
#fvcolorindex 200 201 201 
usemtl m125CullBothEnvMappingTexScaleS0.031250TexScaleT0.031250
vt 0.000000 0.000000 0.0
vt 0.000000 0.000000 0.0
vt 0.000000 0.000000 0.0
v 11.000000 -13.408628 -151.856934
#joint 34
#vjoint 246
#vcolor 230.000000 132.000000 0.000000 255.000000
v 11.000000 -13.408628 -103.856934
#joint 34
#vjoint 247
vn 0.251969 1.055118 0.000000
vn 1.811024 1.039370 0.000000
vn 1.811024 1.039370 0.000000
f 244/994/694 246/995/695 247/996/696
#fvcolorindex 201 202 202 
vt 0.000000 0.000000 0.0
vt 0.000000 0.000000 0.0
vt 0.000000 0.000000 0.0
vn 0.251969 1.055118 0.000000
vn 1.811024 1.039370 0.000000
vn 0.251969 1.055118 0.000000
f 244/997/697 247/998/698 245/999/699
#fvcolorindex 201 202 201 
usemtl m126CullBothEnvMappingTexScaleS0.031250TexScaleT0.031250
vt 0.000000 0.000000 0.0
vt 0.000000 0.000000 0.0
vt 0.000000 0.000000 0.0
v 19.000000 -5.408628 -103.856934
#joint 34
#vjoint 248
#vcolor 124.000000 26.000000 0.000000 255.000000
v 19.000000 -5.408628 -151.856934
#joint 34
#vjoint 249
v 17.000000 0.591372 -139.856934
#joint 34
#vjoint 250
#vcolor 122.000000 224.000000 0.000000 255.000000
vn 0.976378 0.204724 0.000000
vn 0.976378 0.204724 0.000000
vn 0.960630 1.763780 0.000000
f 248/1000/700 249/1001/701 250/1002/702
#fvcolorindex 203 203 204 
vt 0.000000 0.000000 0.0
vt 0.000000 0.000000 0.0
vt 0.000000 0.000000 0.0
v 17.000000 0.591372 -103.856934
#joint 34
#vjoint 251
vn 0.976378 0.204724 0.000000
vn 0.960630 1.763780 0.000000
vn 0.960630 1.763780 0.000000
f 248/1003/703 250/1004/704 251/1005/705
#fvcolorindex 203 204 204 
usemtl m33CullBothEnvMappingTexScaleS0.031250TexScaleT0.031250
vt 0.000000 0.000000 0.0
vt 0.000000 0.000000 0.0
vt 0.000000 0.000000 0.0
v 21.000000 5.591372 -151.856934
#joint 34
#vjoint 252
#vcolor 94.000000 171.000000 0.000000 255.000000
vn 0.960630 1.763780 0.000000
vn 0.960630 1.763780 0.000000
vn 0.740157 1.346457 0.000000
f 251/1006/706 250/1007/707 252/1008/708
#fvcolorindex 204 204 205 
vt 0.000000 0.000000 0.0
vt 0.000000 0.000000 0.0
vt 0.000000 0.000000 0.0
v 21.000000 5.591372 -103.856934
#joint 34
#vjoint 253
vn 0.960630 1.763780 0.000000
vn 0.740157 1.346457 0.000000
vn 0.740157 1.346457 0.000000
f 251/1009/709 252/1010/710 253/1011/711
#fvcolorindex 204 205 205 
usemtl m127CullBothEnvMappingTexScaleS0.031250TexScaleT0.031250
vt 0.000000 0.000000 0.0
vt 0.000000 0.000000 0.0
vt 0.000000 0.000000 0.0
#vcolor 123.000000 227.000000 0.000000 255.000000
#vcolor 122.000000 226.000000 10.000000 255.000000
#vcolor 90.000000 88.000000 10.000000 255.000000
vn 0.968504 1.787402 0.000000
vn 0.960630 1.779528 0.078740
vn 0.708661 0.692913 0.078740
f 253/1012/712 252/1013/713 219/1014/714
#fvcolorindex 206 207 208 
vt 0.000000 0.000000 0.0
vt 0.000000 0.000000 0.0
vt 0.000000 0.000000 0.0
#vcolor 92.000000 87.000000 0.000000 255.000000
vn 0.968504 1.787402 0.000000
vn 0.708661 0.692913 0.078740
vn 0.724409 0.685039 0.000000
f 253/1015/715 219/1016/716 218/1017/717
#fvcolorindex 206 208 209 
usemtl m128CullBothEnvMappingTexScaleS0.031250TexScaleT0.031250
vt 0.000000 0.000000 0.0
vt 0.000000 0.000000 0.0
vt 0.000000 0.000000 0.0
#vcolor 226.000000 122.000000 10.000000 255.000000
#vcolor 227.000000 123.000000 0.000000 255.000000
#vcolor 87.000000 92.000000 0.000000 255.000000
vn 1.779528 0.960630 0.078740
vn 1.787402 0.968504 0.000000
vn 0.685039 0.724409 0.000000
f 224/1018/718 227/1019/719 223/1020/720
#fvcolorindex 210 211 212 
vt 0.000000 0.000000 0.0
vt 0.000000 0.000000 0.0
vt 0.000000 0.000000 0.0
#vcolor 88.000000 90.000000 10.000000 255.000000
vn 1.779528 0.960630 0.078740
vn 0.685039 0.724409 0.000000
vn 0.692913 0.708661 0.078740
f 224/1021/721 223/1022/722 222/1023/723
#fvcolorindex 210 212 213 
usemtl m129CullBothEnvMappingTexScaleS0.031250TexScaleT0.031250
vt 0.000000 0.000000 0.0
vt 0.000000 0.000000 0.0
vt 0.000000 0.000000 0.0
#vcolor 135.000000 34.000000 10.000000 255.000000
#vcolor 135.000000 35.000000 0.000000 255.000000
#vcolor 221.000000 121.000000 0.000000 255.000000
vn 1.062992 0.267717 0.078740
vn 1.062992 0.275591 0.000000
vn 1.740157 0.952756 0.000000
f 231/1024/724 230/1025/725 229/1026/726
#fvcolorindex 214 215 216 
vt 0.000000 0.000000 0.0
vt 0.000000 0.000000 0.0
vt 0.000000 0.000000 0.0
#vcolor 222.000000 121.000000 10.000000 255.000000
vn 1.062992 0.267717 0.078740
vn 1.740157 0.952756 0.000000
vn 1.748031 0.952756 0.078740
f 231/1027/727 229/1028/728 228/1029/729
#fvcolorindex 214 216 217 
usemtl m130CullBothEnvMappingTexScaleS0.031250TexScaleT0.031250
vt 0.000000 0.000000 0.0
vt 0.000000 0.000000 0.0
vt 0.000000 0.000000 0.0
#vcolor 166.000000 168.000000 10.000000 255.000000
#vcolor 164.000000 169.000000 0.000000 255.000000
#vcolor 133.000000 29.000000 0.000000 255.000000
vn 1.307087 1.322835 0.078740
vn 1.291339 1.330709 0.000000
vn 1.047244 0.228346 0.000000
f 237/1030/730 236/1031/731 235/1032/732
#fvcolorindex 218 219 220 
vt 0.000000 0.000000 0.0
vt 0.000000 0.000000 0.0
vt 0.000000 0.000000 0.0
#vcolor 134.000000 30.000000 10.000000 255.000000
vn 1.307087 1.322835 0.078740
vn 1.047244 0.228346 0.000000
vn 1.055118 0.236220 0.078740
f 237/1033/733 235/1034/734 234/1035/735
#fvcolorindex 218 220 221 
usemtl m131CullBothEnvMappingTexScaleS0.031250TexScaleT0.031250
vt 0.000000 0.000000 0.0
vt 0.000000 0.000000 0.0
vt 0.000000 0.000000 0.0
#vcolor 30.000000 134.000000 10.000000 255.000000
#vcolor 29.000000 133.000000 0.000000 255.000000
#vcolor 169.000000 164.000000 0.000000 255.000000
vn 0.236220 1.055118 0.078740
vn 0.228346 1.047244 0.000000
vn 1.330709 1.291339 0.000000
f 243/1036/736 242/1037/737 241/1038/738
#fvcolorindex 222 223 224 
vt 0.000000 0.000000 0.0
vt 0.000000 0.000000 0.0
vt 0.000000 0.000000 0.0
#vcolor 168.000000 166.000000 10.000000 255.000000
vn 0.236220 1.055118 0.078740
vn 1.330709 1.291339 0.000000
vn 1.322835 1.307087 0.078740
f 243/1039/739 241/1040/740 240/1041/741
#fvcolorindex 222 224 225 
usemtl m132CullBothEnvMappingTexScaleS0.031250TexScaleT0.031250
vt 0.000000 0.000000 0.0
vt 0.000000 0.000000 0.0
vt 0.000000 0.000000 0.0
#vcolor 34.000000 135.000000 10.000000 255.000000
#vcolor 121.000000 222.000000 10.000000 255.000000
#vcolor 121.000000 221.000000 0.000000 255.000000
vn 0.267717 1.062992 0.078740
vn 0.952756 1.748031 0.078740
vn 0.952756 1.740157 0.000000
f 246/1042/742 249/1043/743 248/1044/744
#fvcolorindex 226 227 228 
vt 0.000000 0.000000 0.0
vt 0.000000 0.000000 0.0
vt 0.000000 0.000000 0.0
#vcolor 35.000000 135.000000 0.000000 255.000000
vn 0.267717 1.062992 0.078740
vn 0.952756 1.740157 0.000000
vn 0.275591 1.062992 0.000000
f 246/1045/745 248/1046/746 247/1047/747
#fvcolorindex 226 228 229 
usemtl m133CullBothEnvMappingTexScaleS0.031250TexScaleT0.031250
vt 0.000000 0.000000 0.0
vt 0.000000 0.000000 0.0
vt 0.000000 0.000000 0.0
#vcolor 89.000000 89.000000 10.000000 255.000000
vn 0.692913 0.708661 0.078740
vn 0.700787 0.700787 0.078740
vn 0.708661 0.692913 0.078740
f 222/1048/748 220/1049/749 219/1050/750
#fvcolorindex 213 230 208 
usemtl m134CullBothEnvMappingTexScaleS0.031250TexScaleT0.031250
vt 0.000000 0.000000 0.0
vt 0.000000 0.000000 0.0
vt 0.000000 0.000000 0.0
#vcolor 122.000000 224.000000 10.000000 255.000000
vn 0.960630 1.779528 0.078740
vn 0.960630 1.763780 0.078740
vn 0.952756 1.748031 0.078740
f 252/1051/751 250/1052/752 249/1053/753
#fvcolorindex 207 231 227 
usemtl m135CullBothEnvMappingTexScaleS0.031250TexScaleT0.031250
vt 0.000000 0.000000 0.0
vt 0.000000 0.000000 0.0
vt 0.000000 0.000000 0.0
#vcolor 224.000000 122.000000 10.000000 255.000000
vn 1.748031 0.952756 0.078740
vn 1.763780 0.960630 0.078740
vn 1.779528 0.960630 0.078740
f 228/1054/754 225/1055/755 224/1056/756
#fvcolorindex 217 232 210 
usemtl m136CullBothEnvMappingTexScaleS0.031250TexScaleT0.031250
vt 0.000000 0.000000 0.0
vt 0.000000 0.000000 0.0
vt 0.000000 0.000000 0.0
#vcolor 134.000000 32.000000 10.000000 255.000000
vn 1.055118 0.236220 0.078740
vn 1.055118 0.251969 0.078740
vn 1.062992 0.267717 0.078740
f 234/1057/757 232/1058/758 231/1059/759
#fvcolorindex 221 233 214 
usemtl m137CullBothEnvMappingTexScaleS0.031250TexScaleT0.031250
vt 0.000000 0.000000 0.0
vt 0.000000 0.000000 0.0
vt 0.000000 0.000000 0.0
#vcolor 167.000000 167.000000 10.000000 255.000000
vn 1.322835 1.307087 0.078740
vn 1.314961 1.314961 0.078740
vn 1.307087 1.322835 0.078740
f 240/1060/760 238/1061/761 237/1062/762
#fvcolorindex 225 234 218 
usemtl m132CullBothEnvMappingTexScaleS0.031250TexScaleT0.031250
vt 0.000000 0.000000 0.0
vt 0.000000 0.000000 0.0
vt 0.000000 0.000000 0.0
#vcolor 32.000000 134.000000 10.000000 255.000000
vn 0.267717 1.062992 0.078740
vn 0.251969 1.055118 0.078740
vn 0.236220 1.055118 0.078740
f 246/1063/763 244/1064/764 243/1065/765
#fvcolorindex 226 235 222 
usemtl m138CullBoth
vt 0.383301 0.964355 0.0
vt 0.493164 0.501953 0.0
vt 0.629395 0.960938 0.0
#vcolor 254.000000 254.000000 254.000000 255.000000
v 0.000000 5.591372 -151.856934
#joint 34
#vjoint 254
f 222/1066 254/1067 224/1068
#fvcolorindex 236 236 236 
vt 0.838867 0.834473 0.0
vt 0.629395 0.960938 0.0
vt 0.493164 0.501953 0.0
f 228/1069 224/1070 254/1071
#fvcolorindex 236 236 236 
vt 0.956055 0.618652 0.0
vt 0.838867 0.834473 0.0
vt 0.493164 0.501953 0.0
f 231/1072 228/1073 254/1074
#fvcolorindex 236 236 236 
vt 0.948730 0.371582 0.0
vt 0.956055 0.618652 0.0
vt 0.493164 0.501953 0.0
f 234/1075 231/1076 254/1077
#fvcolorindex 236 236 236 
vt 0.819336 0.159668 0.0
vt 0.948730 0.371582 0.0
vt 0.493164 0.501953 0.0
f 237/1078 234/1079 254/1080
#fvcolorindex 236 236 236 
vt 0.603027 0.039551 0.0
vt 0.819336 0.159668 0.0
vt 0.493164 0.501953 0.0
f 240/1081 237/1082 254/1083
#fvcolorindex 236 236 236 
vt 0.356934 0.042969 0.0
vt 0.603027 0.039551 0.0
vt 0.493164 0.501953 0.0
f 243/1084 240/1085 254/1086
#fvcolorindex 236 236 236 
vt 0.147461 0.169434 0.0
vt 0.356934 0.042969 0.0
vt 0.493164 0.501953 0.0
f 246/1087 243/1088 254/1089
#fvcolorindex 236 236 236 
vt 0.030273 0.385254 0.0
vt 0.147461 0.169434 0.0
vt 0.493164 0.501953 0.0
f 249/1090 246/1091 254/1092
#fvcolorindex 236 236 236 
vt 0.037598 0.631836 0.0
vt 0.030273 0.385254 0.0
vt 0.493164 0.501953 0.0
f 252/1093 249/1094 254/1095
#fvcolorindex 236 236 236 
vt 0.166992 0.844238 0.0
vt 0.037598 0.631836 0.0
vt 0.493164 0.501953 0.0
f 219/1096 252/1097 254/1098
#fvcolorindex 236 236 236 
vt 0.383301 0.964355 0.0
vt 0.166992 0.844238 0.0
vt 0.493164 0.501953 0.0
f 222/1099 219/1100 254/1101
#fvcolorindex 236 236 236 
g Room36
g Room36_primary
usemtl m139CullBoth
vt 0.000000 0.806641 0.0
vt 0.000000 0.403320 0.0
vt 1.000000 0.403320 0.0
v 282.293457 20.581623 -151.168884
#joint 46
#vjoint 255
#vcolor 254.000000 254.000000 254.000000 255.000000
v 275.293457 18.581623 -151.168884
#joint 46
#vjoint 256
v 275.293457 18.581623 -117.168884
#joint 46
#vjoint 257
f 255/1102 256/1103 257/1104
#fvcolorindex 237 237 237 
vt 0.000000 0.806641 0.0
vt 1.000000 0.403320 0.0
vt 1.000000 0.806641 0.0
v 282.293457 20.581623 -117.168884
#joint 46
#vjoint 258
f 255/1105 257/1106 258/1107
#fvcolorindex 237 237 237 
vt 0.000000 0.403320 0.0
vt 0.000000 0.000000 0.0
vt 1.000000 0.000000 0.0
v 275.293457 10.581623 -151.168884
#joint 46
#vjoint 259
v 275.293457 10.581623 -117.168884
#joint 46
#vjoint 260
f 256/1108 259/1109 260/1110
#fvcolorindex 237 237 237 
vt 0.000000 0.403320 0.0
vt 1.000000 0.000000 0.0
vt 1.000000 0.403320 0.0
f 256/1111 260/1112 257/1113
#fvcolorindex 237 237 237 
vt 1.000000 0.000000 0.0
vt 1.000000 0.175781 0.0
vt 0.000000 0.175781 0.0
v 282.293457 8.581623 -151.168884
#joint 46
#vjoint 261
v 282.293457 8.581623 -117.168884
#joint 46
#vjoint 262
f 259/1114 261/1115 262/1116
#fvcolorindex 237 237 237 
vt 1.000000 0.000000 0.0
vt 0.000000 0.175781 0.0
vt 0.000000 0.000000 0.0
f 259/1117 262/1118 260/1119
#fvcolorindex 237 237 237 
vt 1.000000 0.000000 0.0
vt 1.000000 0.348633 0.0
vt 0.000000 0.348633 0.0
v 286.293457 14.581623 -151.168884
#joint 46
#vjoint 263
v 286.293457 14.581623 -117.168884
#joint 46
#vjoint 264
f 261/1120 263/1121 264/1122
#fvcolorindex 237 237 237 
vt 1.000000 0.000000 0.0
vt 0.000000 0.348633 0.0
vt 0.000000 0.000000 0.0
f 261/1123 264/1124 262/1125
#fvcolorindex 237 237 237 
vt 1.000000 0.348633 0.0
vt 1.000000 0.696289 0.0
vt 0.000000 0.696289 0.0
f 263/1126 255/1127 258/1128
#fvcolorindex 237 237 237 
vt 1.000000 0.348633 0.0
vt 0.000000 0.696289 0.0
vt 0.000000 0.348633 0.0
f 263/1129 258/1130 264/1131
#fvcolorindex 237 237 237 
usemtl m140CullBoth
vt 0.393555 0.051758 0.0
vt 0.027344 0.468750 0.0
vt 0.904297 0.274414 0.0
#vcolor 45.000000 59.000000 34.000000 255.000000
f 259/1132 256/1133 261/1134
#fvcolorindex 238 238 238 
vt 0.027344 0.468750 0.0
vt 0.311523 0.949219 0.0
vt 0.854492 0.829102 0.0
f 256/1135 255/1136 263/1137
#fvcolorindex 238 238 238 
vt 0.904297 0.274414 0.0
vt 0.027344 0.468750 0.0
vt 0.854492 0.829102 0.0
f 261/1138 256/1139 263/1140
#fvcolorindex 238 238 238 
usemtl m141TopFlagTransparentCullBoth
vt 0.904297 0.274414 0.0
vt 0.027344 0.468750 0.0
vt 0.854492 0.829102 0.0
f 261/1141 256/1142 263/1143
#fvcolorindex 238 238 238 
vt 0.027344 0.468750 0.0
vt 0.311523 0.949219 0.0
vt 0.854492 0.829102 0.0
f 256/1144 255/1145 263/1146
#fvcolorindex 238 238 238 
vt 0.393555 0.051758 0.0
vt 0.027344 0.468750 0.0
vt 0.904297 0.274414 0.0
f 259/1147 256/1148 261/1149
#fvcolorindex 238 238 238 
g Room38
g Room38_primary
usemtl m139CullBoth
vt 0.000000 0.376953 0.0
vt 0.000000 0.000000 0.0
vt 1.000000 0.000000 0.0
v 272.293457 6.581623 -151.168884
#joint 46
#vjoint 265
#vcolor 254.000000 254.000000 254.000000 255.000000
v 271.293457 -1.418377 -151.168884
#joint 46
#vjoint 266
v 271.293457 -1.418377 -117.168884
#joint 46
#vjoint 267
f 265/1150 266/1151 267/1152
#fvcolorindex 239 239 239 
vt 0.000000 0.376953 0.0
vt 1.000000 0.000000 0.0
vt 1.000000 0.376953 0.0
v 272.293457 6.581623 -117.168884
#joint 46
#vjoint 268
f 265/1153 267/1154 268/1155
#fvcolorindex 239 239 239 
vt 0.000000 0.389648 0.0
vt 0.000000 0.000000 0.0
vt 1.000000 0.000000 0.0
v 277.293457 -4.418377 -151.168884
#joint 46
#vjoint 269
v 277.293457 -4.418377 -117.168884
#joint 46
#vjoint 270
f 266/1156 269/1157 270/1158
#fvcolorindex 239 239 239 
vt 0.000000 0.389648 0.0
vt 1.000000 0.000000 0.0
vt 1.000000 0.389648 0.0
f 266/1159 270/1160 267/1161
#fvcolorindex 239 239 239 
vt 1.000000 0.000000 0.0
vt 1.000000 0.157227 0.0
vt 0.000000 0.157227 0.0
v 283.293457 0.581623 -151.168884
#joint 46
#vjoint 271
v 283.293457 0.581623 -117.168884
#joint 46
#vjoint 272
f 269/1162 271/1163 272/1164
#fvcolorindex 239 239 239 
vt 1.000000 0.000000 0.0
vt 0.000000 0.157227 0.0
vt 0.000000 0.000000 0.0
f 269/1165 272/1166 270/1167
#fvcolorindex 239 239 239 
vt 1.000000 0.157227 0.0
vt 1.000000 0.664062 0.0
vt 0.000000 0.664062 0.0
v 280.293457 7.581623 -151.168884
#joint 46
#vjoint 273
v 280.293457 7.581623 -117.168884
#joint 46
#vjoint 274
f 271/1168 273/1169 274/1170
#fvcolorindex 239 239 239 
vt 1.000000 0.157227 0.0
vt 0.000000 0.664062 0.0
vt 0.000000 0.157227 0.0
f 271/1171 274/1172 272/1173
#fvcolorindex 239 239 239 
vt 0.000000 0.753906 0.0
vt 0.000000 0.376953 0.0
vt 1.000000 0.376953 0.0
f 273/1174 265/1175 268/1176
#fvcolorindex 239 239 239 
vt 0.000000 0.753906 0.0
vt 1.000000 0.376953 0.0
vt 1.000000 0.753906 0.0
f 273/1177 268/1178 274/1179
#fvcolorindex 239 239 239 
usemtl m140CullBoth
vt 0.432617 0.037109 0.0
vt 0.014648 0.378906 0.0
vt 0.927734 0.356445 0.0
#vcolor 45.000000 59.000000 34.000000 255.000000
f 266/1180 265/1181 269/1182
#fvcolorindex 240 240 240 
vt 0.014648 0.378906 0.0
vt 0.251953 0.910156 0.0
vt 0.817383 0.896484 0.0
f 265/1183 273/1184 271/1185
#fvcolorindex 240 240 240 
vt 0.927734 0.356445 0.0
vt 0.014648 0.378906 0.0
vt 0.817383 0.896484 0.0
f 269/1186 265/1187 271/1188
#fvcolorindex 240 240 240 
usemtl m141TopFlagTransparentCullBoth
vt 0.927734 0.356445 0.0
vt 0.014648 0.378906 0.0
vt 0.817383 0.896484 0.0
f 269/1189 265/1190 271/1191
#fvcolorindex 240 240 240 
vt 0.014648 0.378906 0.0
vt 0.251953 0.910156 0.0
vt 0.817383 0.896484 0.0
f 265/1192 273/1193 271/1194
#fvcolorindex 240 240 240 
vt 0.432617 0.037109 0.0
vt 0.014648 0.378906 0.0
vt 0.927734 0.356445 0.0
f 266/1195 265/1196 269/1197
#fvcolorindex 240 240 240 
g Room3A
g Room3A_primary
usemtl m139CullBoth
vt 0.000000 0.449219 0.0
vt 0.000000 0.000000 0.0
vt 1.000000 0.000000 0.0
v 280.293457 -9.418377 -151.168884
#joint 46
#vjoint 275
#vcolor 254.000000 254.000000 254.000000 255.000000
v 285.293457 -14.418377 -151.168884
#joint 46
#vjoint 276
v 285.293457 -14.418377 -117.168884
#joint 46
#vjoint 277
f 275/1198 276/1199 277/1200
#fvcolorindex 241 241 241 
vt 0.000000 0.449219 0.0
vt 1.000000 0.000000 0.0
vt 1.000000 0.449219 0.0
v 280.293457 -9.418377 -117.168884
#joint 46
#vjoint 278
f 275/1201 277/1202 278/1203
#fvcolorindex 241 241 241 
vt 1.000000 0.000000 0.0
vt 1.000000 0.376953 0.0
vt 0.000000 0.376953 0.0
v 292.293457 -10.418377 -151.168884
#joint 46
#vjoint 279
v 292.293457 -10.418377 -117.168884
#joint 46
#vjoint 280
f 276/1204 279/1205 280/1206
#fvcolorindex 241 241 241 
vt 1.000000 0.000000 0.0
vt 0.000000 0.376953 0.0
vt 0.000000 0.000000 0.0
f 276/1207 280/1208 277/1209
#fvcolorindex 241 241 241 
vt 1.000000 0.000000 0.0
vt 1.000000 0.273438 0.0
vt 0.000000 0.273438 0.0
v 290.293457 -2.418377 -151.168884
#joint 46
#vjoint 281
v 290.293457 -2.418377 -117.168884
#joint 46
#vjoint 282
f 279/1210 281/1211 282/1212
#fvcolorindex 241 241 241 
vt 1.000000 0.000000 0.0
vt 0.000000 0.273438 0.0
vt 0.000000 0.000000 0.0
f 279/1213 282/1214 280/1215
#fvcolorindex 241 241 241 
vt 1.000000 0.273438 0.0
vt 1.000000 0.546875 0.0
vt 0.000000 0.546875 0.0
v 283.293457 -2.418377 -151.168884
#joint 46
#vjoint 283
v 283.293457 -2.418377 -117.168884
#joint 46
#vjoint 284
f 281/1216 283/1217 284/1218
#fvcolorindex 241 241 241 
vt 1.000000 0.273438 0.0
vt 0.000000 0.546875 0.0
vt 0.000000 0.273438 0.0
f 281/1219 284/1220 282/1221
#fvcolorindex 241 241 241 
vt 0.000000 0.897461 0.0
vt 0.000000 0.449219 0.0
vt 1.000000 0.449219 0.0
f 283/1222 275/1223 278/1224
#fvcolorindex 241 241 241 
vt 0.000000 0.897461 0.0
vt 1.000000 0.449219 0.0
vt 1.000000 0.897461 0.0
f 283/1225 278/1226 284/1227
#fvcolorindex 241 241 241 
usemtl m140CullBoth
vt 0.883789 0.250977 0.0
vt 0.375000 0.062500 0.0
vt 0.860352 0.796875 0.0
#vcolor 45.000000 59.000000 34.000000 255.000000
f 276/1228 275/1229 279/1230
#fvcolorindex 242 242 242 
vt 0.037109 0.492188 0.0
vt 0.336914 0.946289 0.0
vt 0.860352 0.796875 0.0
f 283/1231 281/1232 279/1233
#fvcolorindex 242 242 242 
vt 0.860352 0.796875 0.0
vt 0.375000 0.062500 0.0
vt 0.037109 0.492188 0.0
f 279/1234 275/1235 283/1236
#fvcolorindex 242 242 242 
usemtl m141TopFlagTransparentCullBoth
vt 0.860352 0.796875 0.0
vt 0.375000 0.062500 0.0
vt 0.037109 0.492188 0.0
f 279/1237 275/1238 283/1239
#fvcolorindex 242 242 242 
vt 0.037109 0.492188 0.0
vt 0.336914 0.946289 0.0
vt 0.860352 0.796875 0.0
f 283/1240 281/1241 279/1242
#fvcolorindex 242 242 242 
vt 0.883789 0.250977 0.0
vt 0.375000 0.062500 0.0
vt 0.860352 0.796875 0.0
f 276/1243 275/1244 279/1245
#fvcolorindex 242 242 242 
g Room3C
g Room3C_primary
usemtl m139CullBoth
vt 1.000000 0.000000 0.0
vt 1.000000 0.340820 0.0
vt 0.000000 0.340820 0.0
v 297.293457 -10.418377 -151.168884
#joint 46
#vjoint 285
#vcolor 254.000000 254.000000 254.000000 255.000000
v 304.293457 -8.418377 -151.168884
#joint 46
#vjoint 286
v 304.293457 -8.418377 -117.168884
#joint 46
#vjoint 287
f 285/1246 286/1247 287/1248
#fvcolorindex 243 243 243 
vt 1.000000 0.000000 0.0
vt 0.000000 0.340820 0.0
vt 0.000000 0.000000 0.0
v 297.293457 -10.418377 -117.168884
#joint 46
#vjoint 288
f 285/1249 287/1250 288/1251
#fvcolorindex 243 243 243 
vt 1.000000 0.000000 0.0
vt 1.000000 0.291992 0.0
vt 0.000000 0.291992 0.0
v 304.293457 -0.418377 -151.168884
#joint 46
#vjoint 289
v 304.293457 -0.418377 -117.168884
#joint 46
#vjoint 290
f 286/1252 289/1253 290/1254
#fvcolorindex 243 243 243 
vt 1.000000 0.000000 0.0
vt 0.000000 0.291992 0.0
vt 0.000000 0.000000 0.0
f 286/1255 290/1256 287/1257
#fvcolorindex 243 243 243 
vt 1.000000 0.291992 0.0
vt 1.000000 0.583984 0.0
vt 0.000000 0.583984 0.0
v 297.293457 1.581623 -151.168884
#joint 46
#vjoint 291
v 297.293457 1.581623 -117.168884
#joint 46
#vjoint 292
f 289/1258 291/1259 292/1260
#fvcolorindex 243 243 243 
vt 1.000000 0.291992 0.0
vt 0.000000 0.583984 0.0
vt 0.000000 0.291992 0.0
f 289/1261 292/1262 290/1263
#fvcolorindex 243 243 243 
vt 0.000000 0.926758 0.0
vt 0.000000 0.463867 0.0
vt 1.000000 0.463867 0.0
v 292.293457 -4.418377 -151.168884
#joint 46
#vjoint 293
v 292.293457 -4.418377 -117.168884
#joint 46
#vjoint 294
f 291/1264 293/1265 294/1266
#fvcolorindex 243 243 243 
vt 0.000000 0.926758 0.0
vt 1.000000 0.463867 0.0
vt 1.000000 0.926758 0.0
f 291/1267 294/1268 292/1269
#fvcolorindex 243 243 243 
vt 0.000000 0.463867 0.0
vt 0.000000 0.000000 0.0
vt 1.000000 0.000000 0.0
f 293/1270 285/1271 288/1272
#fvcolorindex 243 243 243 
vt 0.000000 0.463867 0.0
vt 1.000000 0.000000 0.0
vt 1.000000 0.463867 0.0
f 293/1273 288/1274 294/1275
#fvcolorindex 243 243 243 
usemtl m140CullBoth
vt 0.907227 0.258789 0.0
vt 0.366211 0.061523 0.0
vt 0.883789 0.800781 0.0
#vcolor 45.000000 59.000000 34.000000 255.000000
f 285/1276 293/1277 286/1278
#fvcolorindex 244 244 244 
vt 0.327148 0.940430 0.0
vt 0.883789 0.800781 0.0
vt 0.007812 0.483398 0.0
f 289/1279 286/1280 291/1281
#fvcolorindex 244 244 244 
vt 0.883789 0.800781 0.0
vt 0.366211 0.061523 0.0
vt 0.007812 0.483398 0.0
f 286/1282 293/1283 291/1284
#fvcolorindex 244 244 244 
usemtl m141TopFlagTransparentCullBoth
vt 0.883789 0.800781 0.0
vt 0.366211 0.061523 0.0
vt 0.007812 0.483398 0.0
f 286/1285 293/1286 291/1287
#fvcolorindex 244 244 244 
vt 0.327148 0.940430 0.0
vt 0.883789 0.800781 0.0
vt 0.007812 0.483398 0.0
f 289/1288 286/1289 291/1290
#fvcolorindex 244 244 244 
vt 0.907227 0.258789 0.0
vt 0.366211 0.061523 0.0
vt 0.883789 0.800781 0.0
f 285/1291 293/1292 286/1293
#fvcolorindex 244 244 244 
g Room3E
g Room3E_primary
usemtl m139CullBoth
vt 1.000000 0.000000 0.0
vt 1.000000 0.385742 0.0
vt 0.000000 0.385742 0.0
v 306.293457 3.581623 -151.168884
#joint 46
#vjoint 295
#vcolor 254.000000 254.000000 254.000000 255.000000
v 308.293457 11.581623 -151.168884
#joint 46
#vjoint 296
v 308.293457 11.581623 -117.168884
#joint 46
#vjoint 297
f 295/1294 296/1295 297/1296
#fvcolorindex 245 245 245 
vt 1.000000 0.000000 0.0
vt 0.000000 0.385742 0.0
vt 0.000000 0.000000 0.0
v 306.293457 3.581623 -117.168884
#joint 46
#vjoint 298
f 295/1297 297/1298 298/1299
#fvcolorindex 245 245 245 
vt 1.000000 0.385742 0.0
vt 1.000000 0.771484 0.0
vt 0.000000 0.771484 0.0
v 301.293457 15.581623 -151.168884
#joint 46
#vjoint 299
v 301.293457 15.581623 -117.168884
#joint 46
#vjoint 300
f 296/1300 299/1301 300/1302
#fvcolorindex 245 245 245 
vt 1.000000 0.385742 0.0
vt 0.000000 0.771484 0.0
vt 0.000000 0.385742 0.0
f 296/1303 300/1304 297/1305
#fvcolorindex 245 245 245 
vt 0.000000 0.748047 0.0
vt 0.000000 0.374023 0.0
vt 1.000000 0.374023 0.0
v 296.293457 9.581623 -151.168884
#joint 46
#vjoint 301
v 296.293457 9.581623 -117.168884
#joint 46
#vjoint 302
f 299/1306 301/1307 302/1308
#fvcolorindex 245 245 245 
vt 0.000000 0.748047 0.0
vt 1.000000 0.374023 0.0
vt 1.000000 0.748047 0.0
f 299/1309 302/1310 300/1311
#fvcolorindex 245 245 245 
vt 0.000000 0.374023 0.0
vt 0.000000 0.000000 0.0
vt 1.000000 0.000000 0.0
v 299.293457 2.581623 -151.168884
#joint 46
#vjoint 303
v 299.293457 2.581623 -117.168884
#joint 46
#vjoint 304
f 301/1312 303/1313 304/1314
#fvcolorindex 245 245 245 
vt 0.000000 0.374023 0.0
vt 1.000000 0.000000 0.0
vt 1.000000 0.374023 0.0
f 301/1315 304/1316 302/1317
#fvcolorindex 245 245 245 
vt 1.000000 0.000000 0.0
vt 1.000000 0.389648 0.0
vt 0.000000 0.389648 0.0
f 303/1318 295/1319 298/1320
#fvcolorindex 245 245 245 
vt 1.000000 0.000000 0.0
vt 0.000000 0.389648 0.0
vt 0.000000 0.000000 0.0
f 303/1321 298/1322 304/1323
#fvcolorindex 245 245 245 
usemtl m140CullBoth
vt 0.314453 0.964844 0.0
vt 0.840820 0.822266 0.0
vt 0.032227 0.482422 0.0
#vcolor 45.000000 59.000000 34.000000 255.000000
f 296/1324 295/1325 299/1326
#fvcolorindex 246 246 246 
vt 0.882812 0.251953 0.0
vt 0.383789 0.041016 0.0
vt 0.840820 0.822266 0.0
f 303/1327 301/1328 295/1329
#fvcolorindex 246 246 246 
vt 0.840820 0.822266 0.0
vt 0.383789 0.041016 0.0
vt 0.032227 0.482422 0.0
f 295/1330 301/1331 299/1332
#fvcolorindex 246 246 246 
usemtl m141TopFlagTransparentCullBoth
vt 0.840820 0.822266 0.0
vt 0.383789 0.041016 0.0
vt 0.032227 0.482422 0.0
f 295/1333 301/1334 299/1335
#fvcolorindex 246 246 246 
vt 0.882812 0.251953 0.0
vt 0.383789 0.041016 0.0
vt 0.840820 0.822266 0.0
f 303/1336 301/1337 295/1338
#fvcolorindex 246 246 246 
vt 0.314453 0.964844 0.0
vt 0.840820 0.822266 0.0
vt 0.032227 0.482422 0.0
f 296/1339 295/1340 299/1341
#fvcolorindex 246 246 246 
g Room40
g Room40_primary
usemtl m139CullBoth
vt 1.000000 0.392578 0.0
vt 1.000000 0.785156 0.0
vt 0.000000 0.785156 0.0
v 299.293457 19.581623 -151.168884
#joint 46
#vjoint 305
#vcolor 254.000000 254.000000 254.000000 255.000000
v 293.293457 24.581623 -151.168884
#joint 46
#vjoint 306
v 293.293457 24.581623 -117.168884
#joint 46
#vjoint 307
f 305/1342 306/1343 307/1344
#fvcolorindex 247 247 247 
vt 1.000000 0.392578 0.0
vt 0.000000 0.785156 0.0
vt 0.000000 0.392578 0.0
v 299.293457 19.581623 -117.168884
#joint 46
#vjoint 308
f 305/1345 307/1346 308/1347
#fvcolorindex 247 247 247 
vt 0.000000 0.779297 0.0
vt 0.000000 0.389648 0.0
vt 1.000000 0.389648 0.0
v 287.293457 20.581623 -151.168884
#joint 46
#vjoint 309
v 287.293457 20.581623 -117.168884
#joint 46
#vjoint 310
f 306/1348 309/1349 310/1350
#fvcolorindex 247 247 247 
vt 0.000000 0.779297 0.0
vt 1.000000 0.389648 0.0
vt 1.000000 0.779297 0.0
f 306/1351 310/1352 307/1353
#fvcolorindex 247 247 247 
vt 0.000000 0.389648 0.0
vt 0.000000 0.000000 0.0
vt 1.000000 0.000000 0.0
v 288.293457 13.581623 -151.168884
#joint 46
#vjoint 311
v 288.293457 13.581623 -117.168884
#joint 46
#vjoint 312
f 309/1354 311/1355 312/1356
#fvcolorindex 247 247 247 
vt 0.000000 0.389648 0.0
vt 1.000000 0.000000 0.0
vt 1.000000 0.389648 0.0
f 309/1357 312/1358 310/1359
#fvcolorindex 247 247 247 
vt 1.000000 0.000000 0.0
vt 1.000000 0.340820 0.0
vt 0.000000 0.340820 0.0
v 296.293457 12.581623 -151.168884
#joint 46
#vjoint 313
v 296.293457 12.581623 -117.168884
#joint 46
#vjoint 314
f 311/1360 313/1361 314/1362
#fvcolorindex 247 247 247 
vt 1.000000 0.000000 0.0
vt 0.000000 0.340820 0.0
vt 0.000000 0.000000 0.0
f 311/1363 314/1364 312/1365
#fvcolorindex 247 247 247 
vt 1.000000 0.000000 0.0
vt 1.000000 0.392578 0.0
vt 0.000000 0.392578 0.0
f 313/1366 305/1367 308/1368
#fvcolorindex 247 247 247 
vt 1.000000 0.000000 0.0
vt 0.000000 0.392578 0.0
vt 0.000000 0.000000 0.0
f 313/1369 308/1370 314/1371
#fvcolorindex 247 247 247 
usemtl m140CullBoth
vt 0.887695 0.256836 0.0
vt 0.376953 0.062500 0.0
vt 0.841797 0.801758 0.0
#vcolor 45.000000 59.000000 34.000000 255.000000
f 311/1372 309/1373 313/1374
#fvcolorindex 248 248 248 
vt 0.016602 0.487305 0.0
vt 0.303711 0.944336 0.0
vt 0.841797 0.801758 0.0
f 306/1375 305/1376 313/1377
#fvcolorindex 248 248 248 
vt 0.841797 0.801758 0.0
vt 0.376953 0.062500 0.0
vt 0.016602 0.487305 0.0
f 313/1378 309/1379 306/1380
#fvcolorindex 248 248 248 
usemtl m141TopFlagTransparentCullBoth
vt 0.841797 0.801758 0.0
vt 0.376953 0.062500 0.0
vt 0.016602 0.487305 0.0
f 313/1381 309/1382 306/1383
#fvcolorindex 248 248 248 
vt 0.016602 0.487305 0.0
vt 0.303711 0.944336 0.0
vt 0.841797 0.801758 0.0
f 306/1384 305/1385 313/1386
#fvcolorindex 248 248 248 
vt 0.887695 0.256836 0.0
vt 0.376953 0.062500 0.0
vt 0.841797 0.801758 0.0
f 311/1387 309/1388 313/1389
#fvcolorindex 248 248 248 
