# Created by SubDrag and the GoldenEye Setup Editor V4.4
mtllib Gun0016.mtl
#joint 0
#jointposition 0.000000 -20.375574 55.332005
#joint 1
#jointposition -0.126130 -34.500000 -403.726105
#joint 2
#jointposition 0.000000 -20.375574 -74.143860
#joint 3
#jointposition 28.404760 -54.346611 -32.664295
#joint 4
#jointposition 50.075203 -78.841194 -10.664248
#joint 5
#jointposition 28.643808 -16.714527 20.778549
#joint 6
#jointposition 26.518341 -24.155291 60.154758
#joint 7
#jointposition 24.862719 -25.637974 87.085503
#joint 8
#jointposition 8.820322 -11.296313 21.695198
#joint 9
#jointposition 8.668717 -23.348385 71.418152
#joint 10
#jointposition 7.570724 -26.182207 98.349426
#joint 11
#jointposition -7.449821 -15.536673 21.601517
#joint 12
#jointposition -6.777197 -21.532187 62.353848
#joint 13
#jointposition -6.290760 -23.494061 85.077034
#joint 14
#jointposition -23.590879 -23.057791 21.828247
#joint 15
#jointposition -21.894306 -25.130569 56.929543
#joint 16
#jointposition -20.740978 -24.727604 74.077179
#joint 17
#jointposition 234.474915 -34.500000 -403.726013
#joint 18
#jointposition 234.348785 -20.375599 -74.143921
#joint 19
#jointposition 205.943985 -54.346600 -32.664322
#joint 20
#jointposition 184.273590 -78.841202 -10.664223
#joint 21
#jointposition 205.704987 -16.714600 20.778481
#joint 22
#jointposition 207.830490 -24.155300 60.154781
#joint 23
#jointposition 209.561584 -25.811800 87.094780
#joint 24
#jointposition 225.528473 -11.296299 21.695183
#joint 25
#jointposition 225.680069 -23.348400 71.418083
#joint 26
#jointposition 226.778076 -26.182199 98.349380
#joint 27
#jointposition 241.798599 -15.536699 21.601479
#joint 28
#jointposition 241.125977 -21.532200 62.353779
#joint 29
#jointposition 240.639542 -23.494101 85.076981
#joint 30
#jointposition 257.939697 -23.057798 21.828178
#joint 31
#jointposition 256.243103 -25.130598 56.929478
#joint 32
#jointposition 255.089798 -24.727598 74.077179
#joint 33
#jointposition 0.000000 96.855240 32.595169
#joint 34
#jointposition 0.000000 136.931000 739.728394
#joint 35
#jointposition 0.000000 148.815628 744.630310
#joint 36
#jointposition 0.000000 188.356873 787.717896
#joint 37
#jointposition 0.000000 124.916245 744.239197
#joint 38
#jointposition 0.000000 93.703156 787.478516
#joint 39
#jointposition 10.987877 141.154312 742.910339
#joint 40
#jointposition 47.250484 141.154312 787.492920
#joint 41
#jointposition -13.969700 141.154312 743.184509
#joint 42
#jointposition -46.975937 141.154312 787.558777
#joint 43
#jointposition 38.035599 159.829788 205.001678
#joint 44
#jointposition 37.331554 166.621368 149.434097
#joint 45
#jointposition 0.000000 88.208702 27.183901
#joint 46
#jointposition 43.181129 70.920799 232.169006
#joint 47
#jointposition 221.311920 -35.083588 198.030182
#connection 0 1
#connection 1 2
#connection 2 3
#connection 3 4
#connection 2 5
#connection 5 6
#connection 6 7
#connection 2 8
#connection 8 9
#connection 9 10
#connection 2 11
#connection 11 12
#connection 12 13
#connection 2 14
#connection 14 15
#connection 15 16
#connection 2 33
#connection 33 34
#connection 34 35
#connection 35 36
#connection 34 37
#connection 37 38
#connection 34 39
#connection 39 40
#connection 34 41
#connection 41 42
#connection 33 43
#connection 33 44
#connection 33 45
#connection 33 46
#connection 0 17
#connection 17 18
#connection 18 19
#connection 19 20
#connection 18 21
#connection 21 22
#connection 22 23
#connection 18 24
#connection 24 25
#connection 25 26
#connection 18 27
#connection 27 28
#connection 28 29
#connection 18 30
#connection 30 31
#connection 31 32
#connection 18 47
g Room01
g Room01_primary
usemtl m0ClampSClampT
vt 0.160156 0.581055 0.0
vt 0.001953 0.625977 0.0
vt 0.097656 0.542969 0.0
v 28.000000 153.855240 356.595154
#joint 33
#vjoint 1
#vcolor 255.000000 255.000000 255.000000 255.000000
v 0.000000 161.855240 383.595154
#joint 33
#vjoint 2
v 26.000000 147.855240 367.595154
#joint 33
#vjoint 3
f 1/1 2/2 3/3
#fvcolorindex 1 1 1 
vt 0.160156 0.581055 0.0
vt 0.063477 0.674805 0.0
vt 0.001953 0.625977 0.0
v 0.000000 169.855240 373.595154
#joint 33
#vjoint 4
f 1/4 4/5 2/6
#fvcolorindex 1 1 1 
vt 0.401367 0.675781 0.0
vt 0.063477 0.674805 0.0
vt 0.160156 0.581055 0.0
v 31.000000 169.855240 315.595154
#joint 33
#vjoint 5
f 5/7 4/8 1/9
#fvcolorindex 1 1 1 
vt 0.401367 0.675781 0.0
vt 0.309570 0.791992 0.0
vt 0.063477 0.674805 0.0
v 0.000000 189.855240 330.595154
#joint 33
#vjoint 6
f 5/10 6/11 4/12
#fvcolorindex 1 1 1 
vt 1.000000 0.826172 0.0
vt 0.309570 0.791992 0.0
vt 0.401367 0.675781 0.0
v 31.035599 194.829788 213.001678
#joint 43
#vjoint 7
f 7/13 6/14 5/15
#fvcolorindex 1 1 1 
vt 1.000000 0.826172 0.0
vt 1.000000 1.000977 0.0
vt 0.309570 0.791992 0.0
v 0.000000 224.855240 212.595169
#joint 33
#vjoint 8
f 7/16 8/17 6/18
#fvcolorindex 1 1 1 
vt 1.000000 0.597656 0.0
vt 1.000000 0.826172 0.0
vt 0.401367 0.675781 0.0
v 38.035599 156.829788 213.001678
#joint 43
#vjoint 9
f 9/19 7/20 5/21
#fvcolorindex 1 1 1 
vt 1.000000 0.597656 0.0
vt 0.401367 0.675781 0.0
vt 0.484375 0.479492 0.0
v 38.000000 136.855240 300.595154
#joint 33
#vjoint 10
f 9/22 5/23 10/24
#fvcolorindex 1 1 1 
vt 0.484375 0.479492 0.0
vt 0.401367 0.675781 0.0
vt 0.160156 0.581055 0.0
f 10/25 5/26 1/27
#fvcolorindex 1 1 1 
vt 0.484375 0.479492 0.0
vt 0.160156 0.581055 0.0
vt 0.246094 0.420898 0.0
v 34.000000 126.855240 341.595154
#joint 33
#vjoint 11
f 10/28 1/29 11/30
#fvcolorindex 1 1 1 
vt 0.246094 0.420898 0.0
vt 0.160156 0.581055 0.0
vt 0.097656 0.542969 0.0
f 11/31 1/32 3/33
#fvcolorindex 1 1 1 
vt 0.246094 0.420898 0.0
vt 0.097656 0.542969 0.0
vt 0.180664 0.406250 0.0
v 31.000000 124.855240 353.595154
#joint 33
#vjoint 12
f 11/34 3/35 12/36
#fvcolorindex 1 1 1 
usemtl m1ClampSClampT
vt 1.000000 0.250000 0.0
vt 1.000000 0.333008 0.0
vt 0.609375 0.233398 0.0
v 0.000000 112.855240 212.595169
#joint 33
#vjoint 13
#vcolor 0.000000 64.000000 114.000000 255.000000
v 51.000000 112.855240 212.595169
#joint 33
#vjoint 14
v 52.000000 95.855240 279.595154
#joint 33
#vjoint 15
f 13/37 14/38 15/39
#fvcolorindex 2 1 1 
vt 1.000000 0.250000 0.0
vt 0.609375 0.233398 0.0
vt 0.611328 0.200195 0.0
v 0.000000 96.855240 279.595154
#joint 33
#vjoint 16
f 13/40 15/41 16/42
#fvcolorindex 2 1 2 
vt 0.611328 0.200195 0.0
vt 0.609375 0.233398 0.0
vt 0.380859 0.228516 0.0
v 45.000000 94.855240 318.595154
#joint 33
#vjoint 17
#vcolor 56.000000 90.000000 122.000000 255.000000
f 16/43 15/44 17/45
#fvcolorindex 2 1 3 
vt 0.611328 0.200195 0.0
vt 0.380859 0.228516 0.0
vt 0.373047 0.160156 0.0
v 0.000000 94.855240 320.595154
#joint 33
#vjoint 18
f 16/46 17/47 18/48
#fvcolorindex 2 3 2 
usemtl m2ClampSClampT
vt 0.233398 0.293945 0.0
vt 0.180664 0.406250 0.0
vt 0.216797 0.200195 0.0
v 40.000000 105.855240 344.595154
#joint 33
#vjoint 19
v 24.000000 109.855240 346.595154
#joint 33
#vjoint 20
#vcolor 138.000000 189.000000 238.000000 255.000000
f 19/49 12/50 20/51
#fvcolorindex 3 1 4 
usemtl m1ClampSClampT
vt 0.297852 0.160156 0.0
vt 0.233398 0.293945 0.0
vt 0.216797 0.200195 0.0
v 0.000000 97.855240 332.595154
#joint 33
#vjoint 21
f 21/52 19/53 20/54
#fvcolorindex 2 3 4 
vt 0.373047 0.160156 0.0
vt 0.233398 0.293945 0.0
vt 0.297852 0.160156 0.0
f 18/55 19/56 21/57
#fvcolorindex 2 3 2 
vt 0.373047 0.160156 0.0
vt 0.380859 0.228516 0.0
vt 0.233398 0.293945 0.0
f 18/58 17/59 19/60
#fvcolorindex 2 3 3 
usemtl m0ClampSClampT
vt 1.000000 0.333008 0.0
vt 1.000000 0.597656 0.0
vt 0.484375 0.479492 0.0
f 14/61 9/62 10/63
#fvcolorindex 1 1 1 
vt 1.000000 0.333008 0.0
vt 0.484375 0.479492 0.0
vt 0.609375 0.233398 0.0
f 14/64 10/65 15/66
#fvcolorindex 1 1 1 
vt 0.609375 0.233398 0.0
vt 0.484375 0.479492 0.0
vt 0.246094 0.420898 0.0
f 15/67 10/68 11/69
#fvcolorindex 1 1 1 
vt 0.609375 0.233398 0.0
vt 0.246094 0.420898 0.0
vt 0.380859 0.228516 0.0
f 15/70 11/71 17/72
#fvcolorindex 1 1 1 
vt 0.380859 0.228516 0.0
vt 0.180664 0.406250 0.0
vt 0.233398 0.293945 0.0
f 17/73 12/74 19/75
#fvcolorindex 1 1 1 
vt 0.380859 0.228516 0.0
vt 0.246094 0.420898 0.0
vt 0.180664 0.406250 0.0
f 17/76 11/77 12/78
#fvcolorindex 1 1 1 
vt 0.180664 0.406250 0.0
vt 0.246094 0.420898 0.0
vt 0.380859 0.228516 0.0
v -31.000000 124.855240 353.595154
#joint 33
#vjoint 22
v -34.000000 126.855240 341.595154
#joint 33
#vjoint 23
v -45.000000 94.855240 318.595154
#joint 33
#vjoint 24
f 22/79 23/80 24/81
#fvcolorindex 1 1 1 
vt 0.233398 0.293945 0.0
vt 0.180664 0.406250 0.0
vt 0.380859 0.228516 0.0
v -40.000000 105.855240 344.595154
#joint 33
#vjoint 25
f 25/82 22/83 24/84
#fvcolorindex 1 1 1 
vt 0.380859 0.228516 0.0
vt 0.246094 0.420898 0.0
vt 0.609375 0.233398 0.0
v -52.000000 95.855240 279.595154
#joint 33
#vjoint 26
f 24/85 23/86 26/87
#fvcolorindex 1 1 1 
vt 0.246094 0.420898 0.0
vt 0.484375 0.479492 0.0
vt 0.609375 0.233398 0.0
v -38.000000 136.855240 300.595154
#joint 33
#vjoint 27
f 23/88 27/89 26/90
#fvcolorindex 1 1 1 
vt 0.609375 0.233398 0.0
vt 0.484375 0.479492 0.0
vt 1.000000 0.333008 0.0
v -51.000000 112.855240 212.595169
#joint 33
#vjoint 28
f 26/91 27/92 28/93
#fvcolorindex 1 1 1 
vt 0.484375 0.479492 0.0
vt 1.000000 0.597656 0.0
vt 1.000000 0.333008 0.0
v -38.000000 156.855240 212.595169
#joint 33
#vjoint 29
f 27/94 29/95 28/96
#fvcolorindex 1 1 1 
vt 0.233398 0.293945 0.0
vt 0.380859 0.228516 0.0
vt 0.373047 0.160156 0.0
f 25/97 24/98 18/99
#fvcolorindex 1 1 2 
usemtl m1ClampSClampT
vt 0.297852 0.160156 0.0
vt 0.233398 0.293945 0.0
vt 0.373047 0.160156 0.0
f 21/100 25/101 18/102
#fvcolorindex 2 1 2 
usemtl m3ClampSClampT
vt 0.216797 0.200195 0.0
vt 0.233398 0.293945 0.0
vt 0.297852 0.160156 0.0
v -24.000000 109.855240 346.595154
#joint 33
#vjoint 30
f 30/103 25/104 21/105
#fvcolorindex 4 1 2 
vt 0.216797 0.200195 0.0
vt 0.180664 0.406250 0.0
vt 0.233398 0.293945 0.0
f 30/106 22/107 25/108
#fvcolorindex 4 1 1 
usemtl m1ClampSClampT
vt 0.373047 0.160156 0.0
vt 0.380859 0.228516 0.0
vt 0.611328 0.200195 0.0
f 18/109 24/110 16/111
#fvcolorindex 2 1 2 
usemtl m0ClampSClampT
vt 0.380859 0.228516 0.0
vt 0.609375 0.233398 0.0
vt 0.611328 0.200195 0.0
f 24/112 26/113 16/114
#fvcolorindex 1 1 2 
usemtl m1ClampSClampT
vt 0.611328 0.200195 0.0
vt 0.609375 0.233398 0.0
vt 1.000000 0.250000 0.0
f 16/115 26/116 13/117
#fvcolorindex 2 1 2 
usemtl m0ClampSClampT
vt 0.609375 0.233398 0.0
vt 1.000000 0.333008 0.0
vt 1.000000 0.250000 0.0
f 26/118 28/119 13/120
#fvcolorindex 1 1 2 
vt 0.180664 0.406250 0.0
vt 0.097656 0.542969 0.0
vt 0.246094 0.420898 0.0
v -26.000000 147.855240 367.595154
#joint 33
#vjoint 31
f 22/121 31/122 23/123
#fvcolorindex 1 1 1 
vt 0.097656 0.542969 0.0
vt 0.160156 0.581055 0.0
vt 0.246094 0.420898 0.0
v -28.000000 153.855240 356.595154
#joint 33
#vjoint 32
f 31/124 32/125 23/126
#fvcolorindex 1 1 1 
vt 0.246094 0.420898 0.0
vt 0.160156 0.581055 0.0
vt 0.484375 0.479492 0.0
f 23/127 32/128 27/129
#fvcolorindex 1 1 1 
vt 0.160156 0.581055 0.0
vt 0.401367 0.675781 0.0
vt 0.484375 0.479492 0.0
v -31.000000 169.855240 315.595154
#joint 33
#vjoint 33
f 32/130 33/131 27/132
#fvcolorindex 1 1 1 
vt 0.484375 0.479492 0.0
vt 0.401367 0.675781 0.0
vt 1.000000 0.597656 0.0
f 27/133 33/134 29/135
#fvcolorindex 1 1 1 
vt 0.401367 0.675781 0.0
vt 1.000000 0.826172 0.0
vt 1.000000 0.597656 0.0
v -31.000000 194.855240 212.595169
#joint 33
#vjoint 34
f 33/136 34/137 29/138
#fvcolorindex 1 1 1 
vt 0.309570 0.791992 0.0
vt 1.000000 1.000977 0.0
vt 1.000000 0.826172 0.0
f 6/139 8/140 34/141
#fvcolorindex 1 1 1 
vt 0.401367 0.675781 0.0
vt 0.309570 0.791992 0.0
vt 1.000000 0.826172 0.0
f 33/142 6/143 34/144
#fvcolorindex 1 1 1 
vt 0.063477 0.674805 0.0
vt 0.309570 0.791992 0.0
vt 0.401367 0.675781 0.0
f 4/145 6/146 33/147
#fvcolorindex 1 1 1 
vt 0.160156 0.581055 0.0
vt 0.063477 0.674805 0.0
vt 0.401367 0.675781 0.0
f 32/148 4/149 33/150
#fvcolorindex 1 1 1 
vt 0.001953 0.625977 0.0
vt 0.063477 0.674805 0.0
vt 0.160156 0.581055 0.0
f 2/151 4/152 32/153
#fvcolorindex 1 1 1 
vt 0.097656 0.542969 0.0
vt 0.001953 0.625977 0.0
vt 0.160156 0.581055 0.0
f 31/154 2/155 32/156
#fvcolorindex 1 1 1 
usemtl m4ClampSClampT
vt 0.210938 0.643555 0.0
vt 0.009766 0.780273 0.0
vt 0.008789 0.593750 0.0
v 32.331554 211.621368 145.434097
#joint 44
#vjoint 35
v 11.000000 234.855240 177.595169
#joint 33
#vjoint 36
v 30.331554 203.621368 178.434097
#joint 44
#vjoint 37
f 35/157 36/158 37/159
#fvcolorindex 1 1 1 
vt 0.210938 0.643555 0.0
vt 0.162109 0.937500 0.0
vt 0.009766 0.780273 0.0
v 8.000000 259.855225 152.595169
#joint 33
#vjoint 38
f 35/160 38/161 36/162
#fvcolorindex 1 1 1 
vt 1.003906 0.994141 0.0
vt 0.162109 0.937500 0.0
vt 0.210938 0.643555 0.0
v 10.000000 267.855225 13.595169
#joint 33
#vjoint 39
f 39/163 38/164 35/165
#fvcolorindex 1 1 1 
vt 0.708984 0.613281 0.0
vt 1.003906 0.994141 0.0
vt 0.210938 0.643555 0.0
v 52.000000 205.855240 61.595169
#joint 33
#vjoint 40
f 40/166 39/167 35/168
#fvcolorindex 1 1 1 
vt 0.464844 0.092773 0.0
vt 0.007812 0.355469 0.0
vt 0.006836 0.071289 0.0
v 67.000000 119.855240 101.595169
#joint 33
#vjoint 41
v 38.331554 164.621368 178.434097
#joint 44
#vjoint 42
v 53.000000 117.855240 177.595169
#joint 33
#vjoint 43
f 41/169 42/170 43/171
#fvcolorindex 1 1 1 
vt 0.464844 0.092773 0.0
vt 0.340820 0.367188 0.0
vt 0.007812 0.355469 0.0
v 47.331554 165.621368 123.434097
#joint 44
#vjoint 44
f 41/172 44/173 42/174
#fvcolorindex 1 1 1 
vt 0.340820 0.367188 0.0
vt 0.008789 0.593750 0.0
vt 0.007812 0.355469 0.0
f 44/175 37/176 42/177
#fvcolorindex 1 1 1 
vt 0.340820 0.367188 0.0
vt 0.210938 0.643555 0.0
vt 0.008789 0.593750 0.0
f 44/178 35/179 37/180
#fvcolorindex 1 1 1 
vt 0.687500 0.164062 0.0
vt 0.340820 0.367188 0.0
vt 0.464844 0.092773 0.0
v 85.000000 131.855240 64.595169
#joint 33
#vjoint 45
f 45/181 44/182 41/183
#fvcolorindex 1 1 1 
vt 0.687500 0.164062 0.0
vt 0.653320 0.369141 0.0
vt 0.340820 0.367188 0.0
v 77.000000 165.855240 70.595169
#joint 33
#vjoint 46
f 45/184 46/185 44/186
#fvcolorindex 1 1 1 
vt 0.653320 0.369141 0.0
vt 0.210938 0.643555 0.0
vt 0.340820 0.367188 0.0
f 46/187 35/188 44/189
#fvcolorindex 1 1 1 
vt 0.653320 0.369141 0.0
vt 0.708984 0.613281 0.0
vt 0.210938 0.643555 0.0
f 46/190 40/191 35/192
#fvcolorindex 1 1 1 
usemtl m5ClampSClampT
vt 0.787109 0.040039 0.0
vt 0.720703 0.166016 0.0
vt 0.481445 0.098633 0.0
v 0.000000 131.855240 64.595169
#joint 33
#vjoint 47
#vcolor 68.000000 107.000000 126.000000 255.000000
f 47/193 45/194 41/195
#fvcolorindex 5 1 1 
vt 0.787109 0.040039 0.0
vt 0.481445 0.098633 0.0
vt 0.702148 0.040039 0.0
v 0.000000 118.855240 66.595169
#joint 33
#vjoint 48
#vcolor 55.000000 69.000000 85.000000 255.000000
f 47/196 41/197 48/198
#fvcolorindex 5 1 6 
usemtl m6ClampSClampT
vt 0.702148 0.040039 0.0
vt 0.481445 0.098633 0.0
vt 0.490234 0.040039 0.0
v 0.000000 118.855240 100.595169
#joint 33
#vjoint 49
f 48/199 41/200 49/201
#fvcolorindex 6 1 6 
vt 0.490234 0.040039 0.0
vt -0.002930 0.083008 0.0
vt -0.001953 0.040039 0.0
v 0.000000 118.855240 177.595169
#joint 33
#vjoint 50
f 49/202 43/203 50/204
#fvcolorindex 6 1 2 
vt 0.490234 0.040039 0.0
vt 0.481445 0.098633 0.0
vt -0.002930 0.083008 0.0
f 49/205 41/206 43/207
#fvcolorindex 6 1 1 
usemtl m4ClampSClampT
vt 0.162109 0.937500 0.0
vt 0.162109 0.937500 0.0
vt 1.003906 0.994141 0.0
v -8.000000 259.855225 152.595169
#joint 33
#vjoint 51
f 51/208 38/209 39/210
#fvcolorindex 1 1 1 
vt 0.162109 0.937500 0.0
vt 1.003906 0.994141 0.0
vt 1.003906 0.994141 0.0
v -10.000000 267.855225 13.595169
#joint 33
#vjoint 52
f 51/211 39/212 52/213
#fvcolorindex 1 1 1 
vt -0.002930 0.083008 0.0
vt 0.481445 0.098633 0.0
vt 0.490234 0.040039 0.0
v -53.000000 117.855240 177.595169
#joint 33
#vjoint 53
v -67.000000 119.855240 101.595169
#joint 33
#vjoint 54
f 53/214 54/215 49/216
#fvcolorindex 1 1 6 
usemtl m7ClampSClampT
vt -0.001953 0.040039 0.0
vt -0.002930 0.083008 0.0
vt 0.490234 0.040039 0.0
f 50/217 53/218 49/219
#fvcolorindex 2 1 6 
usemtl m6ClampSClampT
vt 0.490234 0.040039 0.0
vt 0.481445 0.098633 0.0
vt 0.702148 0.040039 0.0
f 49/220 54/221 48/222
#fvcolorindex 6 1 6 
vt 0.702148 0.040039 0.0
vt 0.481445 0.098633 0.0
vt 0.787109 0.040039 0.0
f 48/223 54/224 47/225
#fvcolorindex 6 1 5 
usemtl m4ClampSClampT
vt 0.481445 0.098633 0.0
vt 0.720703 0.166016 0.0
vt 0.787109 0.040039 0.0
v -85.000000 131.855240 64.595169
#joint 33
#vjoint 55
f 54/226 55/227 47/228
#fvcolorindex 1 1 5 
vt 0.210938 0.643555 0.0
vt 0.708984 0.613281 0.0
vt 0.642578 0.340820 0.0
v -32.000000 211.855240 144.595169
#joint 33
#vjoint 56
v -52.000000 205.855240 61.595169
#joint 33
#vjoint 57
v -78.000000 160.855240 72.595169
#joint 33
#vjoint 58
f 56/229 57/230 58/231
#fvcolorindex 1 1 1 
usemtl m8ClampSClampT
vt 0.340820 0.367188 0.0
vt 0.210938 0.643555 0.0
vt 0.642578 0.340820 0.0
v -47.000000 165.855240 122.595169
#joint 33
#vjoint 59
#vcolor 100.000000 143.000000 184.000000 255.000000
f 59/232 56/233 58/234
#fvcolorindex 7 1 1 
vt 0.340820 0.367188 0.0
vt 0.642578 0.340820 0.0
vt 0.687500 0.164062 0.0
f 59/235 58/236 55/237
#fvcolorindex 7 1 1 
usemtl m4ClampSClampT
vt 0.464844 0.092773 0.0
vt 0.340820 0.367188 0.0
vt 0.687500 0.164062 0.0
f 54/238 59/239 55/240
#fvcolorindex 1 7 1 
vt 0.008789 0.593750 0.0
vt 0.210938 0.643555 0.0
vt 0.340820 0.367188 0.0
v -30.000000 203.855240 177.595169
#joint 33
#vjoint 60
f 60/241 56/242 59/243
#fvcolorindex 1 1 7 
vt 0.007812 0.355469 0.0
vt 0.008789 0.593750 0.0
vt 0.340820 0.367188 0.0
v -38.000000 164.855240 177.595169
#joint 33
#vjoint 61
f 61/244 60/245 59/246
#fvcolorindex 1 1 7 
vt 0.007812 0.355469 0.0
vt 0.340820 0.367188 0.0
vt 0.464844 0.092773 0.0
f 61/247 59/248 54/249
#fvcolorindex 1 7 1 
vt 0.006836 0.071289 0.0
vt 0.007812 0.355469 0.0
vt 0.464844 0.092773 0.0
f 53/250 61/251 54/252
#fvcolorindex 1 1 1 
vt 0.210938 0.643555 0.0
vt 1.003906 0.994141 0.0
vt 0.708984 0.613281 0.0
f 56/253 52/254 57/255
#fvcolorindex 1 1 1 
vt 0.210938 0.643555 0.0
vt 0.162109 0.937500 0.0
vt 1.003906 0.994141 0.0
f 56/256 51/257 52/258
#fvcolorindex 1 1 1 
vt 0.009766 0.780273 0.0
vt 0.162109 0.937500 0.0
vt 0.210938 0.643555 0.0
v -11.000000 234.855240 177.595169
#joint 33
#vjoint 62
f 62/259 51/260 56/261
#fvcolorindex 1 1 1 
vt 0.008789 0.593750 0.0
vt 0.009766 0.780273 0.0
vt 0.210938 0.643555 0.0
f 60/262 62/263 56/264
#fvcolorindex 1 1 1 
vt 0.009766 0.780273 0.0
vt 0.009766 0.780273 0.0
vt 0.162109 0.782227 0.0
v -11.000000 234.855240 152.595169
#joint 33
#vjoint 63
#vcolor 101.000000 140.000000 175.000000 255.000000
f 62/265 36/266 63/267
#fvcolorindex 1 1 8 
usemtl m8ClampSClampT
vt 0.009766 0.780273 0.0
vt 0.162109 0.782227 0.0
vt 0.162109 0.782227 0.0
v 11.000000 234.855240 152.595169
#joint 33
#vjoint 64
#vcolor 56.000000 82.000000 104.000000 255.000000
f 36/268 64/269 63/270
#fvcolorindex 7 9 9 
usemtl m4ClampSClampT
vt 0.009766 0.780273 0.0
vt 0.162109 0.782227 0.0
vt 0.162109 0.937500 0.0
f 62/271 63/272 51/273
#fvcolorindex 1 8 1 
usemtl m9ClampSClampT
vt 0.162109 0.782227 0.0
vt 0.009766 0.780273 0.0
vt 0.162109 0.937500 0.0
f 64/274 36/275 38/276
#fvcolorindex 9 7 9 
usemtl m10ClampSClampT
vt 0.962891 0.762695 0.0
vt 0.095703 0.837891 0.0
vt 0.095703 0.656250 0.0
f 37/277 8/278 7/279
#fvcolorindex 1 1 1 
vt 0.962891 0.762695 0.0
vt 0.962891 0.954102 0.0
vt 0.095703 0.837891 0.0
f 37/280 36/281 8/282
#fvcolorindex 1 1 1 
vt 0.962891 0.518555 0.0
vt 0.962891 0.762695 0.0
vt 0.095703 0.656250 0.0
f 42/283 37/284 7/285
#fvcolorindex 1 1 1 
vt 0.962891 0.518555 0.0
vt 0.095703 0.656250 0.0
vt 0.095703 0.418945 0.0
f 42/286 7/287 9/288
#fvcolorindex 1 1 1 
vt 0.962891 0.227539 0.0
vt 0.095703 0.418945 0.0
vt 0.095703 0.144531 0.0
f 43/289 9/290 14/291
#fvcolorindex 1 1 1 
vt 0.962891 0.227539 0.0
vt 0.962891 0.518555 0.0
vt 0.095703 0.418945 0.0
f 43/292 42/293 9/294
#fvcolorindex 1 1 1 
usemtl m11ClampSClampT
vt 0.824219 0.200195 0.0
vt 0.822266 0.233398 0.0
vt 0.195312 0.172852 0.0
f 50/295 43/296 14/297
#fvcolorindex 2 1 1 
vt 0.824219 0.200195 0.0
vt 0.195312 0.172852 0.0
vt 0.195312 0.200195 0.0
f 50/298 14/299 13/300
#fvcolorindex 2 1 2 
vt 0.195312 0.200195 0.0
vt 0.195312 0.172852 0.0
vt 0.824219 0.200195 0.0
f 13/301 28/302 50/303
#fvcolorindex 2 1 2 
usemtl m10ClampSClampT
vt 0.195312 0.172852 0.0
vt 0.822266 0.233398 0.0
vt 0.824219 0.200195 0.0
f 28/304 53/305 50/306
#fvcolorindex 1 1 2 
vt 0.095703 0.418945 0.0
vt 0.962891 0.518555 0.0
vt 0.962891 0.227539 0.0
f 29/307 61/308 53/309
#fvcolorindex 1 1 1 
vt 0.095703 0.144531 0.0
vt 0.095703 0.418945 0.0
vt 0.962891 0.227539 0.0
f 28/310 29/311 53/312
#fvcolorindex 1 1 1 
vt 0.095703 0.418945 0.0
vt 0.095703 0.656250 0.0
vt 0.962891 0.518555 0.0
f 29/313 34/314 61/315
#fvcolorindex 1 1 1 
vt 0.095703 0.656250 0.0
vt 0.962891 0.762695 0.0
vt 0.962891 0.518555 0.0
f 34/316 60/317 61/318
#fvcolorindex 1 1 1 
vt 0.095703 0.837891 0.0
vt 0.962891 0.954102 0.0
vt 0.962891 0.762695 0.0
f 8/319 62/320 60/321
#fvcolorindex 1 1 1 
vt 0.095703 0.656250 0.0
vt 0.095703 0.837891 0.0
vt 0.962891 0.762695 0.0
f 34/322 8/323 60/324
#fvcolorindex 1 1 1 
vt 0.962891 0.954102 0.0
vt 0.962891 0.954102 0.0
vt 0.095703 0.837891 0.0
f 36/325 62/326 8/327
#fvcolorindex 1 1 1 
usemtl m12ClampSClampT
vt 0.327148 0.099609 0.0
vt 0.963379 0.199219 0.0
vt -0.020020 0.199219 0.0
v 0.000000 64.855240 302.595154
#joint 33
#vjoint 65
v 43.000000 112.855240 209.595169
#joint 33
#vjoint 66
f 65/328 66/329 20/330
#fvcolorindex 5 4 3 
vt 0.327148 0.099609 0.0
vt -0.020020 0.199219 0.0
vt -0.184082 0.099609 0.0
v 0.000000 94.855240 371.595154
#joint 33
#vjoint 67
f 65/331 20/332 67/333
#fvcolorindex 5 3 5 
vt 1.000000 0.099609 0.0
vt 0.963379 0.199219 0.0
vt 0.327148 0.099609 0.0
v 0.000000 69.855240 209.595169
#joint 33
#vjoint 68
f 68/334 66/335 65/336
#fvcolorindex 5 4 5 
usemtl m13ClampSClampT
vt 0.998047 0.187500 0.0
vt 0.998047 0.500000 0.0
vt 0.000977 0.312500 0.0
v 0.000000 118.855240 401.595154
#joint 33
#vjoint 69
#vcolor 155.000000 189.000000 222.000000 255.000000
v 19.000000 136.855240 401.595154
#joint 33
#vjoint 70
v 1.000000 124.855240 563.595154
#joint 33
#vjoint 71
f 69/337 70/338 71/339
#fvcolorindex 10 1 10 
vt 0.000977 0.312500 0.0
vt 0.998047 0.500000 0.0
vt 0.000977 0.564453 0.0
v 16.000000 136.855240 563.595154
#joint 33
#vjoint 72
f 71/340 70/341 72/342
#fvcolorindex 10 1 1 
vt 0.000977 0.312500 0.0
vt 0.998047 0.500000 0.0
vt 0.998047 0.187500 0.0
v -19.000000 136.855240 401.595154
#joint 33
#vjoint 73
f 71/343 73/344 69/345
#fvcolorindex 10 10 10 
vt 0.000977 0.564453 0.0
vt 0.998047 0.500000 0.0
vt 0.000977 0.312500 0.0
v -12.000000 136.855240 563.595154
#joint 33
#vjoint 74
f 74/346 73/347 71/348
#fvcolorindex 10 10 10 
usemtl m14ClampSClampT
vt 0.000977 0.699219 0.0
vt 0.998047 0.500000 0.0
vt 0.000977 0.564453 0.0
v 1.000000 149.855240 563.595154
#joint 33
#vjoint 75
f 75/349 73/350 74/351
#fvcolorindex 1 10 10 
vt 0.998047 0.900391 0.0
vt 0.998047 0.500000 0.0
vt 0.000977 0.699219 0.0
v 0.000000 155.855240 401.595154
#joint 33
#vjoint 76
f 76/352 73/353 75/354
#fvcolorindex 1 10 1 
vt 0.000977 0.699219 0.0
vt 0.998047 0.500000 0.0
vt 0.998047 0.900391 0.0
f 75/355 70/356 76/357
#fvcolorindex 1 1 1 
vt 0.000977 0.564453 0.0
vt 0.998047 0.500000 0.0
vt 0.000977 0.699219 0.0
f 72/358 70/359 75/360
#fvcolorindex 1 1 1 
usemtl m12ClampSClampT
vt 0.327148 0.099609 0.0
vt 1.000000 0.199219 0.0
vt 1.000000 0.099609 0.0
v -44.000000 112.855240 209.595169
#joint 33
#vjoint 77
f 65/361 77/362 68/363
#fvcolorindex 5 1 5 
usemtl m15ClampSClampT
vt -0.184082 0.099609 0.0
vt 0.000000 0.199219 0.0
vt 0.327148 0.099609 0.0
f 67/364 30/365 65/366
#fvcolorindex 3 3 5 
vt 0.000000 0.199219 0.0
vt 1.000000 0.199219 0.0
vt 0.327148 0.099609 0.0
f 30/367 77/368 65/369
#fvcolorindex 3 1 5 
usemtl m12ClampSClampT
vt 1.000000 0.099609 0.0
vt 1.000000 0.199219 0.0
vt 1.000000 0.199219 0.0
v 39.000000 165.855240 70.595169
#joint 33
#vjoint 78
#vcolor 37.000000 55.000000 71.000000 255.000000
f 68/370 78/371 66/372
#fvcolorindex 5 11 4 
usemtl m16ClampSClampT
vt 1.000000 0.099609 0.0
vt 1.000000 0.199219 0.0
vt 1.000000 0.099609 0.0
v 0.000000 100.855240 82.595169
#joint 33
#vjoint 79
#vcolor 31.000000 50.000000 59.000000 255.000000
f 79/373 78/374 68/375
#fvcolorindex 12 11 5 
usemtl m14ClampSClampT
vt 1.000000 0.199219 0.0
vt 1.000000 0.199219 0.0
vt 1.000000 0.099609 0.0
v -39.000000 160.855240 72.595169
#joint 33
#vjoint 80
f 77/376 80/377 68/378
#fvcolorindex 1 11 5 
usemtl m12ClampSClampT
vt 1.000000 0.099609 0.0
vt 1.000000 0.199219 0.0
vt 1.000000 0.099609 0.0
f 68/379 80/380 79/381
#fvcolorindex 5 11 12 
usemtl m14ClampSClampT
vt 1.709961 0.500000 0.0
vt 2.496582 0.500000 0.0
vt 1.729980 0.699219 0.0
v 30.000000 130.855240 444.595154
#joint 33
#vjoint 81
v 13.000000 127.855240 384.595154
#joint 33
#vjoint 82
v 39.000000 133.855240 443.595154
#joint 33
#vjoint 83
f 81/382 82/383 83/384
#fvcolorindex 1 1 1 
vt 1.729980 0.699219 0.0
vt 2.496582 0.500000 0.0
vt 2.523438 0.800781 0.0
v 25.000000 134.855240 382.595154
#joint 33
#vjoint 84
f 83/385 82/386 84/387
#fvcolorindex 1 1 1 
vt 2.523438 0.800781 0.0
vt 2.502441 0.599609 0.0
vt 1.729980 0.699219 0.0
v 16.000000 143.855240 383.595154
#joint 33
#vjoint 85
f 84/388 85/389 83/390
#fvcolorindex 1 1 1 
vt 1.729980 0.699219 0.0
vt 2.502441 0.599609 0.0
vt 1.715820 0.599609 0.0
v 33.000000 139.855240 443.595154
#joint 33
#vjoint 86
f 83/391 85/392 86/393
#fvcolorindex 1 1 1 
vt 1.715820 0.599609 0.0
vt 2.502441 0.599609 0.0
vt 1.709961 0.500000 0.0
f 86/394 85/395 81/396
#fvcolorindex 1 1 1 
vt 1.709961 0.500000 0.0
vt 2.502441 0.599609 0.0
vt 2.496582 0.500000 0.0
f 81/397 85/398 82/399
#fvcolorindex 1 1 1 
usemtl m17ClampSClampT
vt 1.729980 0.500000 0.0
vt 2.496582 0.699219 0.0
vt 1.709961 0.699219 0.0
v -35.000000 133.855240 443.595154
#joint 33
#vjoint 87
#vcolor 165.000000 189.000000 213.000000 255.000000
v -9.000000 127.855240 384.595154
#joint 33
#vjoint 88
v -26.000000 130.855240 444.595154
#joint 33
#vjoint 89
f 87/400 88/401 89/402
#fvcolorindex 13 5 10 
vt 2.523438 0.500000 0.0
vt 2.496582 0.699219 0.0
vt 1.729980 0.500000 0.0
v -21.000000 134.855240 382.595154
#joint 33
#vjoint 90
f 90/403 88/404 87/405
#fvcolorindex 13 5 13 
vt 1.729980 0.500000 0.0
vt 2.502441 0.699219 0.0
vt 2.523438 0.500000 0.0
v -9.000000 143.855240 383.595154
#joint 33
#vjoint 91
f 87/406 91/407 90/408
#fvcolorindex 13 5 13 
usemtl m14ClampSClampT
vt 1.715820 0.699219 0.0
vt 2.502441 0.699219 0.0
vt 1.729980 0.500000 0.0
v -26.000000 139.855240 443.595154
#joint 33
#vjoint 92
f 92/409 91/410 87/411
#fvcolorindex 1 5 13 
usemtl m13ClampSClampT
vt 1.709961 0.699219 0.0
vt 2.502441 0.699219 0.0
vt 1.715820 0.699219 0.0
f 89/412 91/413 92/414
#fvcolorindex 10 5 1 
usemtl m12ClampSClampT
vt 2.496582 0.699219 0.0
vt 2.502441 0.699219 0.0
vt 1.709961 0.699219 0.0
f 88/415 91/416 89/417
#fvcolorindex 5 5 10 
usemtl m18ClampSClampT
vt 0.000000 0.000000 0.0
vt 1.000000 0.000000 0.0
vt 1.181152 1.000000 0.0
v 7.000000 237.855240 149.595169
#joint 33
#vjoint 93
v -8.000000 237.855240 149.595169
#joint 33
#vjoint 94
f 93/418 94/419 63/420
#fvcolorindex 9 1 9 
vt 0.000000 0.000000 0.0
vt 1.181152 1.000000 0.0
vt -0.253418 1.000000 0.0
f 93/421 63/422 64/423
#fvcolorindex 9 9 9 
vt 0.000000 0.000000 0.0
vt 1.000000 0.000000 0.0
vt 1.189453 1.000000 0.0
v 5.000000 257.855225 149.595169
#joint 33
#vjoint 95
f 95/424 93/425 64/426
#fvcolorindex 9 9 9 
vt 0.000000 0.000000 0.0
vt 1.189453 1.000000 0.0
vt -0.093262 1.000000 0.0
f 95/427 64/428 38/429
#fvcolorindex 9 9 9 
usemtl m19ClampSClampT
vt 0.000000 0.000000 0.0
vt 1.000000 0.000000 0.0
vt 1.206055 1.000000 0.0
v -6.000000 257.855225 149.595169
#joint 33
#vjoint 96
f 96/430 95/431 38/432
#fvcolorindex 7 9 9 
vt 0.000000 0.000000 0.0
vt 1.206055 1.000000 0.0
vt -0.268555 1.000000 0.0
f 96/433 38/434 51/435
#fvcolorindex 7 9 7 
usemtl m14ClampSClampT
vt 1.000000 0.000000 0.0
vt 0.000000 0.000000 0.0
vt -0.077637 1.000000 0.0
f 94/436 96/437 51/438
#fvcolorindex 1 8 1 
vt 1.000000 0.000000 0.0
vt -0.077637 1.000000 0.0
vt 1.203613 1.000000 0.0
f 94/439 51/440 63/441
#fvcolorindex 1 1 9 
vt -0.073730 1.000000 0.0
vt 1.101074 1.000000 0.0
vt 0.998535 0.000000 0.0
v 13.000000 220.855240 15.595169
#joint 33
#vjoint 97
v 9.000000 224.855240 19.595169
#joint 33
#vjoint 98
f 39/442 97/443 98/444
#fvcolorindex 1 1 1 
vt -0.073730 1.000000 0.0
vt 0.998535 0.000000 0.0
vt 0.000000 0.000000 0.0
v 7.000000 264.855225 18.595169
#joint 33
#vjoint 99
f 39/445 98/446 99/447
#fvcolorindex 1 1 1 
vt 1.255371 1.000000 0.0
vt -0.173340 1.000000 0.0
vt 0.000000 0.000000 0.0
v -13.000000 220.855240 15.595169
#joint 33
#vjoint 100
v -9.000000 224.855240 19.595169
#joint 33
#vjoint 101
f 97/448 100/449 101/450
#fvcolorindex 1 1 1 
vt 1.255371 1.000000 0.0
vt 0.000000 0.000000 0.0
vt 1.000000 0.000000 0.0
f 97/451 101/452 98/453
#fvcolorindex 1 1 1 
vt 1.105957 1.000000 0.0
vt -0.070312 1.000000 0.0
vt 0.000000 0.000000 0.0
v -7.000000 264.855225 18.595169
#joint 33
#vjoint 102
f 100/454 52/455 102/456
#fvcolorindex 1 1 1 
vt 1.105957 1.000000 0.0
vt 0.000000 0.000000 0.0
vt 1.000000 0.000000 0.0
f 100/457 102/458 101/459
#fvcolorindex 1 1 1 
vt 1.240723 1.000000 0.0
vt -0.187500 1.000000 0.0
vt 0.000000 0.000000 0.0
f 52/460 39/461 99/462
#fvcolorindex 1 1 1 
vt 1.240723 1.000000 0.0
vt 0.000000 0.000000 0.0
vt 1.000000 0.000000 0.0
f 52/463 99/464 102/465
#fvcolorindex 1 1 1 
usemtl m20ClampSClampT
vt 0.999023 0.220703 0.0
vt 0.999023 0.500000 0.0
vt 0.002441 0.166016 0.0
v 1.000000 121.855240 734.595154
#joint 33
#vjoint 103
f 71/466 72/467 103/468
#fvcolorindex 10 1 10 
vt 0.002441 0.166016 0.0
vt 0.999023 0.500000 0.0
vt 0.002441 0.500000 0.0
v 19.000000 136.855240 734.595154
#joint 33
#vjoint 104
f 103/469 72/470 104/471
#fvcolorindex 10 1 1 
vt 0.002441 0.166016 0.0
vt 0.999023 0.500000 0.0
vt 0.999023 0.220703 0.0
f 103/472 74/473 71/474
#fvcolorindex 10 10 10 
usemtl m21ClampSClampT
vt 0.002441 0.500000 0.0
vt 0.999023 0.500000 0.0
vt 0.002441 0.166016 0.0
v -15.000000 136.855240 734.595154
#joint 33
#vjoint 105
f 105/475 74/476 103/477
#fvcolorindex 1 10 10 
vt 0.002441 0.699219 0.0
vt 0.999023 0.500000 0.0
vt 0.002441 0.500000 0.0
v 1.000000 152.855240 734.595154
#joint 33
#vjoint 106
f 106/478 74/479 105/480
#fvcolorindex 1 10 1 
vt 0.999023 0.699219 0.0
vt 0.999023 0.500000 0.0
vt 0.002441 0.699219 0.0
f 75/481 74/482 106/483
#fvcolorindex 1 10 1 
vt 0.002441 0.699219 0.0
vt 0.999023 0.500000 0.0
vt 0.999023 0.699219 0.0
f 106/484 72/485 75/486
#fvcolorindex 1 1 1 
vt 0.002441 0.500000 0.0
vt 0.999023 0.500000 0.0
vt 0.002441 0.699219 0.0
f 104/487 72/488 106/489
#fvcolorindex 1 1 1 
vt 0.000000 0.500000 0.0
vt 1.000000 0.500000 0.0
vt 0.000000 0.699219 0.0
v 20.000000 130.855240 734.595154
#joint 33
#vjoint 107
v 32.000000 133.855240 734.595154
#joint 33
#vjoint 108
f 107/490 81/491 108/492
#fvcolorindex 1 1 1 
vt 0.000000 0.699219 0.0
vt 1.000000 0.500000 0.0
vt 1.000000 0.699219 0.0
f 108/493 81/494 83/495
#fvcolorindex 1 1 1 
vt 1.000000 0.699219 0.0
vt 1.000000 0.599609 0.0
vt 0.000000 0.699219 0.0
f 83/496 86/497 108/498
#fvcolorindex 1 1 1 
vt 0.000000 0.699219 0.0
vt 1.000000 0.599609 0.0
vt 0.000000 0.599609 0.0
v 25.000000 141.855240 734.595154
#joint 33
#vjoint 109
f 108/499 86/500 109/501
#fvcolorindex 1 1 1 
vt 0.000000 0.599609 0.0
vt 1.000000 0.599609 0.0
vt 0.000000 0.500000 0.0
f 109/502 86/503 107/504
#fvcolorindex 1 1 1 
vt 0.000000 0.500000 0.0
vt 1.000000 0.599609 0.0
vt 1.000000 0.500000 0.0
f 107/505 86/506 81/507
#fvcolorindex 1 1 1 
usemtl m22ClampSClampT
vt 0.000000 0.500000 0.0
vt 1.000000 0.699219 0.0
vt 0.000000 0.699219 0.0
v -28.000000 133.855240 734.595154
#joint 33
#vjoint 110
v -16.000000 130.855240 734.595154
#joint 33
#vjoint 111
f 110/508 89/509 111/510
#fvcolorindex 13 10 1 
vt 1.000000 0.500000 0.0
vt 1.000000 0.699219 0.0
vt 0.000000 0.500000 0.0
f 87/511 89/512 110/513
#fvcolorindex 13 10 13 
vt 0.000000 0.500000 0.0
vt 1.000000 0.699219 0.0
vt 1.000000 0.500000 0.0
f 110/514 92/515 87/516
#fvcolorindex 13 1 13 
usemtl m21ClampSClampT
vt 0.000000 0.699219 0.0
vt 1.000000 0.699219 0.0
vt 0.000000 0.500000 0.0
v -16.000000 141.855240 734.595154
#joint 33
#vjoint 112
f 112/517 92/518 110/519
#fvcolorindex 1 1 13 
vt 0.000000 0.699219 0.0
vt 1.000000 0.699219 0.0
vt 0.000000 0.699219 0.0
f 111/520 92/521 112/522
#fvcolorindex 1 1 1 
usemtl m20ClampSClampT
vt 1.000000 0.699219 0.0
vt 1.000000 0.699219 0.0
vt 0.000000 0.699219 0.0
f 89/523 92/524 111/525
#fvcolorindex 10 1 1 
usemtl m23ClampSClampT
vt 0.329102 0.324219 0.0
vt 0.571289 0.475586 0.0
vt 0.329102 0.577148 0.0
v 20.000000 119.855240 371.595154
#joint 33
#vjoint 113
f 67/526 20/527 113/528
#fvcolorindex 4 3 1 
vt 0.329102 0.324219 0.0
vt 0.329102 0.577148 0.0
vt 0.099609 0.509766 0.0
f 67/529 113/530 69/531
#fvcolorindex 4 1 10 
usemtl m24ClampSClampT
vt 0.099609 0.509766 0.0
vt 0.329102 0.577148 0.0
vt 0.099609 0.750000 0.0
f 69/532 113/533 70/534
#fvcolorindex 10 1 1 
usemtl m25ClampSClampT
vt 0.571289 0.475586 0.0
vt 0.509766 0.631836 0.0
vt 0.329102 0.577148 0.0
f 20/535 12/536 113/537
#fvcolorindex 3 1 1 
usemtl m26ClampSClampT
vt 0.329102 0.577148 0.0
vt 0.509766 0.631836 0.0
vt 0.372070 0.864258 0.0
f 113/538 12/539 3/540
#fvcolorindex 1 1 1 
vt 0.329102 0.577148 0.0
vt 0.372070 0.864258 0.0
vt 0.099609 0.750000 0.0
f 113/541 3/542 70/543
#fvcolorindex 1 1 1 
vt 0.372070 0.864258 0.0
vt 0.212891 1.006836 0.0
vt 0.099609 0.750000 0.0
f 3/544 2/545 70/546
#fvcolorindex 1 1 1 
vt 0.099609 0.750000 0.0
vt 0.212891 1.006836 0.0
vt 0.099609 0.980469 0.0
f 70/547 2/548 76/549
#fvcolorindex 1 1 1 
vt 0.099609 0.980469 0.0
vt 0.212891 1.006836 0.0
vt 0.099609 0.750000 0.0
f 76/550 2/551 73/552
#fvcolorindex 1 1 1 
vt 0.099609 0.750000 0.0
vt 0.212891 1.006836 0.0
vt 0.372070 0.864258 0.0
f 73/553 2/554 31/555
#fvcolorindex 1 1 1 
vt 0.099609 0.750000 0.0
vt 0.372070 0.864258 0.0
vt 0.329102 0.577148 0.0
v -20.000000 119.855240 371.595154
#joint 33
#vjoint 114
f 73/556 31/557 114/558
#fvcolorindex 1 1 1 
vt 0.372070 0.864258 0.0
vt 0.509766 0.631836 0.0
vt 0.329102 0.577148 0.0
f 31/559 22/560 114/561
#fvcolorindex 1 1 1 
vt 0.329102 0.577148 0.0
vt 0.509766 0.631836 0.0
vt 0.571289 0.475586 0.0
f 114/562 22/563 30/564
#fvcolorindex 1 1 4 
vt 0.099609 0.750000 0.0
vt 0.329102 0.577148 0.0
vt 0.099609 0.509766 0.0
f 73/565 114/566 69/567
#fvcolorindex 1 1 1 
vt 0.099609 0.509766 0.0
vt 0.329102 0.577148 0.0
vt 0.329102 0.324219 0.0
f 69/568 114/569 67/570
#fvcolorindex 1 1 4 
vt 0.329102 0.577148 0.0
vt 0.571289 0.475586 0.0
vt 0.329102 0.324219 0.0
f 114/571 30/572 67/573
#fvcolorindex 1 4 4 
usemtl m27ClampSClampT
vt 0.601074 0.259766 0.0
vt 0.928711 0.249023 0.0
vt 0.908203 0.007812 0.0
v 0.000000 110.855240 -138.404831
#joint 33
#vjoint 115
v -16.000000 109.855240 -186.404831
#joint 33
#vjoint 116
#vcolor 113.000000 155.000000 196.000000 255.000000
v 0.000000 83.855240 -182.404831
#joint 33
#vjoint 117
f 115/574 116/575 117/576
#fvcolorindex 4 14 4 
usemtl m28ClampSClampT
vt 0.609863 0.364258 0.0
vt 0.928711 0.249023 0.0
vt 0.601074 0.259766 0.0
v -13.000000 121.855240 -139.404831
#joint 33
#vjoint 118
f 118/577 116/578 115/579
#fvcolorindex 14 14 4 
usemtl m29ClampSClampT
vt 0.009766 0.384766 0.0
vt 0.609863 0.364258 0.0
vt 0.601074 0.259766 0.0
v 8.000000 123.855240 -51.404831
#joint 33
#vjoint 119
f 119/580 118/581 115/582
#fvcolorindex 5 14 4 
vt 0.009766 0.384766 0.0
vt 0.609863 0.364258 0.0
vt 0.009766 0.384766 0.0
v -8.000000 123.855240 -51.404831
#joint 33
#vjoint 120
f 120/583 118/584 119/585
#fvcolorindex 5 14 5 
usemtl m28ClampSClampT
vt 0.609863 0.364258 0.0
vt 0.957031 0.582031 0.0
vt 0.928711 0.249023 0.0
v -16.000000 144.855240 -190.404831
#joint 33
#vjoint 121
f 118/586 121/587 116/588
#fvcolorindex 14 14 14 
usemtl m30ClampSClampT
vt 0.630371 0.554688 0.0
vt 0.957031 0.582031 0.0
vt 0.609863 0.364258 0.0
v -13.000000 141.855240 -142.404831
#joint 33
#vjoint 122
f 122/589 121/590 118/591
#fvcolorindex 1 14 14 
usemtl m29ClampSClampT
vt 0.009766 0.384766 0.0
vt 0.630371 0.554688 0.0
vt 0.609863 0.364258 0.0
f 120/592 122/593 118/594
#fvcolorindex 5 1 14 
usemtl m30ClampSClampT
vt 0.027344 0.576172 0.0
vt 0.630371 0.554688 0.0
vt 0.009766 0.384766 0.0
v -8.000000 143.855240 -54.404831
#joint 33
#vjoint 123
f 123/595 122/596 120/597
#fvcolorindex 1 1 5 
vt 0.630371 0.554688 0.0
vt 0.984863 0.870117 0.0
vt 0.957031 0.582031 0.0
v 0.000000 177.855240 -189.404831
#joint 33
#vjoint 124
f 122/598 124/599 121/600
#fvcolorindex 1 1 14 
vt 0.647949 0.720703 0.0
vt 0.984863 0.870117 0.0
vt 0.630371 0.554688 0.0
v 0.000000 159.855240 -145.404831
#joint 33
#vjoint 125
f 125/601 124/602 122/603
#fvcolorindex 1 1 1 
vt 0.027344 0.576172 0.0
vt 0.647949 0.720703 0.0
vt 0.630371 0.554688 0.0
f 123/604 125/605 122/606
#fvcolorindex 1 1 1 
vt 0.027344 0.661133 0.0
vt 0.647949 0.720703 0.0
vt 0.027344 0.576172 0.0
v 0.000000 152.855240 -54.404831
#joint 33
#vjoint 126
f 126/607 125/608 123/609
#fvcolorindex 1 1 1 
vt 0.027344 0.576172 0.0
vt 0.647949 0.720703 0.0
vt 0.027344 0.661133 0.0
v 8.000000 143.855240 -54.404831
#joint 33
#vjoint 127
f 127/610 125/611 126/612
#fvcolorindex 1 1 1 
vt 0.630371 0.554688 0.0
vt 0.647949 0.720703 0.0
vt 0.027344 0.576172 0.0
v 13.000000 141.855240 -142.404831
#joint 33
#vjoint 128
f 128/613 125/614 127/615
#fvcolorindex 1 1 1 
vt 0.630371 0.554688 0.0
vt 0.984863 0.870117 0.0
vt 0.647949 0.720703 0.0
f 128/616 124/617 125/618
#fvcolorindex 1 1 1 
vt 0.957031 0.582031 0.0
vt 0.984863 0.870117 0.0
vt 0.630371 0.554688 0.0
v 16.000000 150.855240 -178.404831
#joint 33
#vjoint 129
f 129/619 124/620 128/621
#fvcolorindex 1 1 1 
usemtl m29ClampSClampT
vt 0.009766 0.384766 0.0
vt 0.630371 0.554688 0.0
vt 0.027344 0.576172 0.0
f 119/622 128/623 127/624
#fvcolorindex 5 1 1 
usemtl m30ClampSClampT
vt 0.609863 0.364258 0.0
vt 0.630371 0.554688 0.0
vt 0.009766 0.384766 0.0
v 13.000000 121.855240 -139.404831
#joint 33
#vjoint 130
f 130/625 128/626 119/627
#fvcolorindex 1 1 5 
vt 0.609863 0.364258 0.0
vt 0.957031 0.582031 0.0
vt 0.630371 0.554688 0.0
f 130/628 129/629 128/630
#fvcolorindex 1 1 1 
vt 0.928711 0.249023 0.0
vt 0.957031 0.582031 0.0
vt 0.609863 0.364258 0.0
v 16.000000 107.855240 -178.404831
#joint 33
#vjoint 131
f 131/631 129/632 130/633
#fvcolorindex 1 1 1 
usemtl m27ClampSClampT
vt 0.601074 0.259766 0.0
vt 0.609863 0.364258 0.0
vt 0.009766 0.384766 0.0
f 115/634 130/635 119/636
#fvcolorindex 4 1 5 
vt 0.601074 0.259766 0.0
vt 0.928711 0.249023 0.0
vt 0.609863 0.364258 0.0
f 115/637 131/638 130/639
#fvcolorindex 4 1 1 
vt 0.908203 0.007812 0.0
vt 0.928711 0.249023 0.0
vt 0.601074 0.259766 0.0
f 117/640 131/641 115/642
#fvcolorindex 4 1 4 
usemtl m31
vt 0.000000 -1.365234 0.0
vt 0.000000 -2.640625 0.0
vt 1.000000 -1.530273 0.0
v 116.181129 -18.079201 192.169006
#joint 46
#vjoint 132
v 146.181122 -58.079201 176.169006
#joint 46
#vjoint 133
v 113.181129 -32.079201 192.169006
#joint 46
#vjoint 134
f 132/643 133/644 134/645
#fvcolorindex 8 8 8 
vt 0.000000 -1.365234 0.0
vt 1.000000 -1.530273 0.0
vt 0.000000 0.000000 0.0
v 84.181129 22.920799 204.169006
#joint 46
#vjoint 135
f 132/646 134/647 135/648
#fvcolorindex 8 8 8 
vt 0.000000 0.000000 0.0
vt 1.000000 -1.530273 0.0
vt 1.000000 0.000000 0.0
v 77.181129 13.920799 206.169006
#joint 46
#vjoint 136
f 135/649 134/650 136/651
#fvcolorindex 8 8 8 
vt 0.000000 0.000000 0.0
vt 1.000000 0.000000 0.0
vt 0.000000 2.067383 0.0
v 42.000000 78.855240 184.595169
#joint 33
#vjoint 137
f 135/652 136/653 137/654
#fvcolorindex 8 8 4 
usemtl m32
vt 0.000000 2.067383 0.0
vt 1.000000 0.000000 0.0
vt 1.000000 2.053711 0.0
v 34.000000 67.855240 186.595169
#joint 33
#vjoint 138
f 137/655 136/656 138/657
#fvcolorindex 4 8 8 
usemtl m31
vt 0.000000 2.922852 0.0
vt 1.000000 2.922852 0.0
vt 1.000000 5.033203 0.0
v 6.000000 56.208702 -19.816099
#joint 45
#vjoint 139
v -6.000000 56.208702 -19.816099
#joint 45
#vjoint 140
v -6.000000 100.855240 -27.404831
#joint 33
#vjoint 141
f 139/658 140/659 141/660
#fvcolorindex 8 8 8 
vt 0.000000 2.922852 0.0
vt 1.000000 5.033203 0.0
vt 0.000000 5.033203 0.0
v 6.000000 100.855240 -27.404831
#joint 33
#vjoint 142
f 139/661 141/662 142/663
#fvcolorindex 8 8 8 
vt 1.000000 2.922852 0.0
vt 0.000000 2.922852 0.0
vt 0.000000 0.000000 0.0
v 6.000000 1.208702 -34.816101
#joint 45
#vjoint 143
f 140/664 139/665 143/666
#fvcolorindex 8 8 8 
vt 1.000000 2.922852 0.0
vt 0.000000 0.000000 0.0
vt 1.000000 0.000000 0.0
v -6.000000 1.208702 -34.816101
#joint 45
#vjoint 144
f 140/667 143/668 144/669
#fvcolorindex 8 8 8 
vt 1.000000 2.041016 0.0
vt 1.000000 0.000000 0.0
vt 0.000000 2.054688 0.0
v -34.000000 67.855240 186.595169
#joint 33
#vjoint 145
v -77.000000 13.855240 205.595169
#joint 33
#vjoint 146
v -42.000000 78.855240 184.595169
#joint 33
#vjoint 147
f 145/670 146/671 147/672
#fvcolorindex 8 8 4 
usemtl m32
vt 0.000000 2.054688 0.0
vt 1.000000 0.000000 0.0
vt 0.000000 0.000000 0.0
v -84.000000 22.855240 203.595169
#joint 33
#vjoint 148
f 147/673 146/674 148/675
#fvcolorindex 4 8 8 
usemtl m31
vt 1.000000 0.000000 0.0
vt 1.000000 -1.521484 0.0
vt 0.000000 0.000000 0.0
v -113.000000 -32.144760 191.595169
#joint 33
#vjoint 149
f 146/676 149/677 148/678
#fvcolorindex 8 8 8 
vt 0.000000 0.000000 0.0
vt 1.000000 -1.521484 0.0
vt 0.000000 -1.357422 0.0
v -116.000000 -18.144760 191.595169
#joint 33
#vjoint 150
f 148/679 149/680 150/681
#fvcolorindex 8 8 8 
vt 1.000000 -1.521484 0.0
vt 0.000000 -2.624023 0.0
vt 0.000000 -1.357422 0.0
v -146.000000 -58.144760 175.595169
#joint 33
#vjoint 151
f 149/682 151/683 150/684
#fvcolorindex 8 8 8 
usemtl m33
vt 1.000000 0.000000 0.0
vt 1.000000 2.059570 0.0
vt 0.000000 2.059570 0.0
v -14.000000 170.855240 -2.404831
#joint 33
#vjoint 152
f 152/685 100/686 97/687
#fvcolorindex 1 1 1 
vt 1.000000 0.000000 0.0
vt 0.000000 2.059570 0.0
vt 0.000000 0.000000 0.0
v 14.000000 170.855240 -2.404831
#joint 33
#vjoint 153
f 152/688 97/689 153/690
#fvcolorindex 1 1 1 
usemtl m34
vt 1.000000 0.000000 0.0
vt 0.002930 2.005859 0.0
vt 0.000000 0.000000 0.0
v 31.000000 205.855240 61.595169
#joint 33
#vjoint 154
f 154/691 39/692 40/693
#fvcolorindex 11 10 10 
vt 1.000000 1.000000 0.0
vt 0.000000 1.000000 0.0
vt 0.000000 0.000000 0.0
f 154/694 40/695 46/696
#fvcolorindex 11 10 10 
usemtl m35
vt 1.000000 0.000000 0.0
vt 1.000000 1.000000 0.0
vt 0.000000 0.000000 0.0
#vcolor 71.000000 87.000000 108.000000 255.000000
f 78/697 154/698 46/699
#fvcolorindex 15 11 10 
vt 1.000000 1.000000 0.0
vt 0.000000 1.000000 0.0
vt 0.000000 0.000000 0.0
f 78/700 46/701 45/702
#fvcolorindex 15 10 10 
vt 1.000000 1.000000 0.0
vt 0.000000 0.000000 0.0
vt 1.859375 0.000000 0.0
f 78/703 45/704 47/705
#fvcolorindex 15 10 12 
usemtl m36
vt 0.000000 2.000000 0.0
vt 0.000000 3.930664 0.0
vt 1.000000 2.000000 0.0
#vcolor 77.000000 124.000000 166.000000 255.000000
v -32.000000 205.855240 61.595169
#joint 33
#vjoint 155
f 57/706 52/707 155/708
#fvcolorindex 16 16 11 
vt 0.000000 1.000000 0.0
vt 0.000000 2.000000 0.0
vt 1.000000 2.000000 0.0
f 58/709 57/710 155/711
#fvcolorindex 16 16 11 
vt 0.000000 1.000000 0.0
vt 1.000000 2.000000 0.0
vt 1.000000 1.000000 0.0
#vcolor 44.000000 64.000000 83.000000 255.000000
f 58/712 155/713 80/714
#fvcolorindex 16 11 17 
vt 0.000000 0.000000 0.0
vt 0.000000 1.000000 0.0
vt 1.000000 1.000000 0.0
f 55/715 58/716 80/717
#fvcolorindex 16 16 17 
usemtl m37
vt 2.000000 0.000000 0.0
vt 0.000000 0.000000 0.0
vt 1.000000 1.000000 0.0
f 47/718 55/719 80/720
#fvcolorindex 12 16 17 
usemtl m38
vt 3.000000 0.299805 0.0
vt 0.000000 0.200195 0.0
vt 3.000000 0.000000 0.0
v 5.000000 151.356873 878.717896
#joint 36
#vjoint 156
v 0.000000 169.356873 906.717896
#joint 36
#vjoint 157
v 0.000000 148.356873 879.717896
#joint 36
#vjoint 158
f 156/721 157/722 158/723
#fvcolorindex 1 1 14 
usemtl m39
vt 5.000000 0.000000 0.0
vt 3.000000 0.299805 0.0
vt 3.000000 0.000000 0.0
v 0.000000 156.356873 826.717896
#joint 36
#vjoint 159
f 159/724 156/725 158/726
#fvcolorindex 10 1 14 
usemtl m38
vt 5.000000 0.200195 0.0
vt 3.000000 0.299805 0.0
vt 5.000000 0.000000 0.0
v 10.000000 164.356873 826.717896
#joint 36
#vjoint 160
f 160/727 156/728 159/729
#fvcolorindex 1 1 10 
usemtl m40
vt 6.000000 0.000000 0.0
vt 5.000000 0.200195 0.0
vt 5.000000 0.000000 0.0
v 0.000000 173.815628 782.630310
#joint 35
#vjoint 161
f 161/730 160/731 159/732
#fvcolorindex 14 1 10 
usemtl m38
vt 6.000000 0.200195 0.0
vt 5.000000 0.200195 0.0
vt 6.000000 0.000000 0.0
v 13.000000 181.815628 782.630310
#joint 35
#vjoint 162
f 162/733 160/734 161/735
#fvcolorindex 1 1 14 
usemtl m41
vt 7.000000 0.000000 0.0
vt 6.000000 0.200195 0.0
vt 6.000000 0.000000 0.0
v 0.000000 166.815628 759.630310
#joint 35
#vjoint 163
#vcolor 90.000000 124.000000 155.000000 255.000000
f 163/736 162/737 161/738
#fvcolorindex 18 1 14 
usemtl m38
vt 7.000000 0.200195 0.0
vt 6.000000 0.200195 0.0
vt 7.000000 0.000000 0.0
v 15.000000 173.815628 752.630310
#joint 35
#vjoint 164
f 164/739 162/740 163/741
#fvcolorindex 1 1 18 
usemtl m42
vt 7.799805 0.000000 0.0
vt 7.000000 0.200195 0.0
vt 7.000000 0.000000 0.0
v 0.000000 141.855240 761.595154
#joint 33
#vjoint 165
f 165/742 164/743 163/744
#fvcolorindex 12 1 18 
usemtl m40
vt 7.500000 0.200195 0.0
vt 7.000000 0.200195 0.0
vt 7.799805 0.000000 0.0
v 18.000000 157.855240 749.595154
#joint 33
#vjoint 166
f 166/745 164/746 165/747
#fvcolorindex 14 1 12 
usemtl m43
vt 3.000000 1.000000 0.0
vt 0.000000 0.200195 0.0
vt 3.000000 0.299805 0.0
v 0.000000 158.356873 877.717896
#joint 36
#vjoint 167
f 167/748 157/749 156/750
#fvcolorindex 4 1 1 
usemtl m38
vt 5.000000 0.200195 0.0
vt 3.000000 1.000000 0.0
vt 3.000000 0.299805 0.0
f 160/751 167/752 156/753
#fvcolorindex 1 4 1 
vt 5.000000 1.000000 0.0
vt 3.000000 1.000000 0.0
vt 5.000000 0.200195 0.0
v 0.000000 180.356873 826.717896
#joint 36
#vjoint 168
f 168/754 167/755 160/756
#fvcolorindex 1 4 1 
vt 6.000000 0.200195 0.0
vt 5.000000 1.000000 0.0
vt 5.000000 0.200195 0.0
f 162/757 168/758 160/759
#fvcolorindex 1 1 1 
vt 6.000000 1.000000 0.0
vt 5.000000 1.000000 0.0
vt 6.000000 0.200195 0.0
v 0.000000 201.815628 782.630310
#joint 35
#vjoint 169
f 169/760 168/761 162/762
#fvcolorindex 1 1 1 
vt 7.000000 0.200195 0.0
vt 6.000000 0.865234 0.0
vt 6.000000 0.200195 0.0
f 164/763 169/764 162/765
#fvcolorindex 1 1 1 
vt 7.000000 1.069336 0.0
vt 6.000000 0.865234 0.0
vt 7.000000 0.200195 0.0
v 0.000000 192.815628 733.630310
#joint 35
#vjoint 170
f 170/766 169/767 164/768
#fvcolorindex 1 1 1 
usemtl m40
vt 7.500000 0.200195 0.0
vt 7.000000 0.554688 0.0
vt 7.000000 0.200195 0.0
f 166/769 170/770 164/771
#fvcolorindex 14 1 1 
usemtl m41
vt 8.000000 1.005859 0.0
vt 7.000000 0.554688 0.0
vt 7.500000 0.200195 0.0
v 0.000000 141.855240 719.595154
#joint 33
#vjoint 171
f 171/772 170/773 166/774
#fvcolorindex 18 1 14 
vt 0.400391 0.200195 0.0
vt 0.000000 0.000000 0.0
vt 0.799805 0.000000 0.0
v -18.000000 157.855240 749.595154
#joint 33
#vjoint 172
v -25.969700 142.154312 760.184509
#joint 41
#vjoint 173
f 172/775 173/776 165/777
#fvcolorindex 18 14 12 
usemtl m38
vt 0.000000 0.200195 0.0
vt 0.000000 0.000000 0.0
vt 0.400391 0.200195 0.0
v -32.969700 156.154312 753.184509
#joint 41
#vjoint 174
f 174/778 173/779 172/780
#fvcolorindex 1 14 18 
vt 1.000000 0.200195 0.0
vt 0.000000 0.004883 0.0
vt 1.000000 0.000000 0.0
v -32.969700 142.154312 783.184509
#joint 41
#vjoint 175
f 174/781 175/782 173/783
#fvcolorindex 1 4 14 
vt 0.000000 0.200195 0.0
vt 0.000000 0.004883 0.0
vt 1.000000 0.200195 0.0
v -40.969700 154.154312 783.184509
#joint 41
#vjoint 176
f 176/784 175/785 174/786
#fvcolorindex 1 4 1 
vt 0.992188 0.200195 0.0
vt -0.007812 0.017578 0.0
vt 0.992188 0.010742 0.0
v -17.975937 142.154312 826.558777
#joint 42
#vjoint 177
f 176/787 177/788 175/789
#fvcolorindex 1 1 4 
vt -0.007812 0.200195 0.0
vt -0.007812 0.017578 0.0
vt 0.992188 0.200195 0.0
v -22.975937 151.154312 826.558777
#joint 42
#vjoint 178
f 178/790 177/791 176/792
#fvcolorindex 1 1 1 
vt 0.993164 0.200195 0.0
vt -0.002930 0.014648 0.0
vt 0.993164 0.023438 0.0
v -6.975937 142.154312 879.558777
#joint 42
#vjoint 179
f 178/793 179/794 177/795
#fvcolorindex 1 1 1 
vt 0.007812 0.200195 0.0
vt -0.002930 0.014648 0.0
vt 0.993164 0.200195 0.0
v -8.975937 146.154312 878.558777
#joint 42
#vjoint 180
f 180/796 179/797 178/798
#fvcolorindex 1 1 1 
vt 0.995117 0.200195 0.0
vt 0.033203 0.200195 0.0
vt 0.994141 0.013672 0.0
v -27.975937 142.154312 906.558777
#joint 42
#vjoint 181
f 180/799 181/800 179/801
#fvcolorindex 1 1 1 
usemtl m41
vt 1.000000 1.000000 0.0
vt 0.000000 0.200195 0.0
vt 0.400391 0.200195 0.0
f 171/802 174/803 172/804
#fvcolorindex 18 1 18 
usemtl m38
vt 0.000000 1.000000 0.0
vt 0.000000 0.200195 0.0
vt 1.000000 1.000000 0.0
v -51.969700 142.154312 738.184509
#joint 41
#vjoint 182
f 182/805 174/806 171/807
#fvcolorindex 1 1 18 
vt 1.000000 1.000000 0.0
vt 0.000000 0.200195 0.0
vt 1.000000 0.200195 0.0
f 182/808 176/809 174/810
#fvcolorindex 1 1 1 
usemtl m44
vt 0.000000 1.000000 0.0
vt 0.000000 0.200195 0.0
vt 1.000000 1.000000 0.0
v -60.969700 142.154312 783.184509
#joint 41
#vjoint 183
f 183/811 176/812 182/813
#fvcolorindex 8 1 1 
vt 0.992188 1.000000 0.0
vt -0.007812 0.200195 0.0
vt 0.992188 0.200195 0.0
f 183/814 178/815 176/816
#fvcolorindex 8 1 1 
vt -0.007812 1.000000 0.0
vt -0.007812 0.200195 0.0
vt 0.992188 1.000000 0.0
v -35.975937 142.154312 826.558777
#joint 42
#vjoint 184
f 184/817 178/818 183/819
#fvcolorindex 8 1 8 
vt 0.993164 1.000000 0.0
vt 0.007812 0.200195 0.0
vt 0.993164 0.200195 0.0
f 184/820 180/821 178/822
#fvcolorindex 8 1 1 
vt 0.034180 1.000000 0.0
vt 0.007812 0.200195 0.0
vt 0.993164 1.000000 0.0
v -16.975937 142.154312 877.558777
#joint 42
#vjoint 185
f 185/823 180/824 184/825
#fvcolorindex 8 1 8 
vt 0.998047 1.000000 0.0
vt 0.033203 0.200195 0.0
vt 0.995117 0.200195 0.0
f 185/826 181/827 180/828
#fvcolorindex 8 1 1 
usemtl m41
vt 0.400391 0.200195 0.0
vt 0.000000 1.000000 0.0
vt 1.000000 1.000000 0.0
v -17.000000 126.855240 750.595154
#joint 33
#vjoint 186
f 186/829 182/830 171/831
#fvcolorindex 18 1 18 
usemtl m44
vt 0.000000 0.200195 0.0
vt 0.000000 1.000000 0.0
vt 0.400391 0.200195 0.0
v -32.969700 127.154312 753.184509
#joint 41
#vjoint 187
f 187/832 182/833 186/834
#fvcolorindex 8 1 18 
vt 1.000000 0.200195 0.0
vt 0.000000 1.000000 0.0
vt 1.000000 1.000000 0.0
f 187/835 183/836 182/837
#fvcolorindex 8 8 1 
usemtl m43
vt 0.000000 0.200195 0.0
vt 0.000000 1.000000 0.0
vt 1.000000 0.200195 0.0
v -40.969700 129.154312 783.184509
#joint 41
#vjoint 188
f 188/838 183/839 187/840
#fvcolorindex 4 8 8 
vt 0.992188 0.200195 0.0
vt -0.007812 1.000000 0.0
vt 0.992188 1.000000 0.0
f 188/841 184/842 183/843
#fvcolorindex 4 8 8 
vt -0.007812 0.200195 0.0
vt -0.007812 1.000000 0.0
vt 0.992188 0.200195 0.0
v -22.975937 133.154312 826.558777
#joint 42
#vjoint 189
f 189/844 184/845 188/846
#fvcolorindex 4 8 4 
vt 0.993164 0.200195 0.0
vt 0.034180 1.000000 0.0
vt 0.993164 1.000000 0.0
f 189/847 185/848 184/849
#fvcolorindex 4 8 8 
vt 0.007812 0.200195 0.0
vt 0.034180 1.000000 0.0
vt 0.993164 0.200195 0.0
v -8.975937 137.154312 878.558777
#joint 42
#vjoint 190
f 190/850 185/851 189/852
#fvcolorindex 4 8 4 
vt 0.995117 0.200195 0.0
vt 0.033203 0.200195 0.0
vt 0.998047 1.000000 0.0
f 190/853 181/854 185/855
#fvcolorindex 4 1 8 
usemtl m42
vt 0.799805 0.000000 0.0
vt 0.000000 0.200195 0.0
vt 0.400391 0.200195 0.0
f 165/856 187/857 186/858
#fvcolorindex 12 8 18 
usemtl m40
vt 0.000000 0.000000 0.0
vt 0.000000 0.200195 0.0
vt 0.799805 0.000000 0.0
f 173/859 187/860 165/861
#fvcolorindex 14 8 12 
vt 1.000000 0.000000 0.0
vt 0.000000 0.200195 0.0
vt 1.000000 0.200195 0.0
f 173/862 188/863 187/864
#fvcolorindex 14 4 8 
usemtl m43
vt 0.000000 0.004883 0.0
vt 0.000000 0.200195 0.0
vt 1.000000 0.000000 0.0
f 175/865 188/866 173/867
#fvcolorindex 4 4 14 
vt 0.992188 0.010742 0.0
vt -0.007812 0.200195 0.0
vt 0.992188 0.200195 0.0
f 175/868 189/869 188/870
#fvcolorindex 4 4 4 
usemtl m38
vt -0.007812 0.017578 0.0
vt -0.007812 0.200195 0.0
vt 0.992188 0.010742 0.0
f 177/871 189/872 175/873
#fvcolorindex 1 4 4 
vt 0.993164 0.023438 0.0
vt 0.007812 0.200195 0.0
vt 0.993164 0.200195 0.0
f 177/874 190/875 189/876
#fvcolorindex 1 4 4 
vt -0.002930 0.014648 0.0
vt 0.007812 0.200195 0.0
vt 0.993164 0.023438 0.0
f 179/877 190/878 177/879
#fvcolorindex 1 4 1 
vt 0.994141 0.013672 0.0
vt 0.033203 0.200195 0.0
vt 0.995117 0.200195 0.0
f 179/880 181/881 190/882
#fvcolorindex 1 1 4 
usemtl m43
vt 0.000000 1.000000 0.0
vt 0.405273 0.200195 0.0
vt 1.000000 1.000000 0.0
v 0.000000 90.916245 734.239197
#joint 37
#vjoint 191
f 191/883 186/884 171/885
#fvcolorindex 4 18 18 
vt 0.000000 1.000000 0.0
vt 0.000000 0.200195 0.0
vt 0.405273 0.200195 0.0
v -15.000000 108.916245 753.239197
#joint 37
#vjoint 192
f 191/886 192/887 186/888
#fvcolorindex 4 14 18 
usemtl m40
vt 0.000000 1.000000 0.0
vt 1.000000 0.200195 0.0
vt 1.000000 1.000000 0.0
v 0.000000 80.916245 783.239197
#joint 37
#vjoint 193
f 193/889 192/890 191/891
#fvcolorindex 14 14 4 
vt 0.000000 1.000000 0.0
vt 0.000000 0.200195 0.0
vt 1.000000 0.200195 0.0
v -13.000000 100.916245 783.239197
#joint 37
#vjoint 194
f 193/892 194/893 192/894
#fvcolorindex 14 14 14 
vt 0.000000 1.000000 0.0
vt 1.000000 0.200195 0.0
vt 1.000000 1.000000 0.0
v 0.000000 103.703156 827.478516
#joint 38
#vjoint 195
f 195/895 194/896 193/897
#fvcolorindex 14 14 14 
vt 0.000000 1.000000 0.0
vt 0.000000 0.200195 0.0
vt 1.000000 0.200195 0.0
v -10.000000 119.703156 827.478516
#joint 38
#vjoint 196
f 195/898 196/899 194/900
#fvcolorindex 14 14 14 
vt 0.000000 1.000000 0.0
vt 1.000000 0.200195 0.0
vt 1.000000 1.000000 0.0
v 0.000000 125.703156 878.478516
#joint 38
#vjoint 197
f 197/901 196/902 195/903
#fvcolorindex 14 14 14 
vt 0.000000 1.000000 0.0
vt 0.000000 0.200195 0.0
vt 1.000000 0.200195 0.0
v -5.000000 132.703156 879.478516
#joint 38
#vjoint 198
f 197/904 198/905 196/906
#fvcolorindex 14 4 14 
usemtl m43
vt 0.000000 0.200195 0.0
vt 1.000000 0.200195 0.0
vt 1.000000 1.000000 0.0
v 0.000000 113.703156 907.478516
#joint 38
#vjoint 199
f 199/907 198/908 197/909
#fvcolorindex 4 4 14 
usemtl m40
vt 0.000000 0.200195 0.0
vt 1.000000 0.000000 0.0
vt 0.405273 0.200195 0.0
f 192/910 165/911 186/912
#fvcolorindex 14 12 18 
vt 0.000000 0.200195 0.0
vt 0.000000 0.000000 0.0
vt 1.000000 0.000000 0.0
v 0.000000 115.916245 760.239197
#joint 37
#vjoint 200
f 192/913 200/914 165/915
#fvcolorindex 14 18 12 
vt 0.000000 0.200195 0.0
vt 1.000000 0.000000 0.0
vt 1.000000 0.200195 0.0
f 194/916 200/917 192/918
#fvcolorindex 14 18 14 
vt 0.000000 0.200195 0.0
vt 0.000000 0.000000 0.0
vt 1.000000 0.000000 0.0
v 0.000000 108.916245 783.239197
#joint 37
#vjoint 201
f 194/919 201/920 200/921
#fvcolorindex 14 4 18 
vt 0.000000 0.200195 0.0
vt 1.000000 0.000000 0.0
vt 1.000000 0.200195 0.0
f 196/922 201/923 194/924
#fvcolorindex 14 4 14 
vt 0.000000 0.200195 0.0
vt 0.000000 0.000000 0.0
vt 1.000000 0.000000 0.0
v 0.000000 126.703156 827.478516
#joint 38
#vjoint 202
f 196/925 202/926 201/927
#fvcolorindex 14 1 4 
usemtl m43
vt 0.000000 0.200195 0.0
vt 1.000000 0.000000 0.0
vt 1.000000 0.200195 0.0
f 198/928 202/929 196/930
#fvcolorindex 4 1 14 
vt 0.000000 0.200195 0.0
vt 0.000000 0.000000 0.0
vt 1.000000 0.000000 0.0
v 0.000000 135.703156 880.478516
#joint 38
#vjoint 203
f 198/931 203/932 202/933
#fvcolorindex 4 1 1 
vt 0.000000 0.200195 0.0
vt 1.000000 0.000000 0.0
vt 1.000000 0.200195 0.0
f 199/934 203/935 198/936
#fvcolorindex 4 1 4 
usemtl m41
vt 7.500000 0.200195 0.0
vt 7.000000 0.554688 0.0
vt 8.000000 1.005859 0.0
f 172/937 170/938 171/939
#fvcolorindex 18 1 18 
usemtl m44
vt 7.000000 0.200195 0.0
vt 7.000000 0.554688 0.0
vt 7.500000 0.200195 0.0
v -15.000000 173.815628 752.630310
#joint 35
#vjoint 204
f 204/940 170/941 172/942
#fvcolorindex 8 1 18 
vt 7.000000 0.200195 0.0
vt 6.000000 0.865234 0.0
vt 7.000000 1.069336 0.0
f 204/943 169/944 170/945
#fvcolorindex 8 1 1 
vt 6.000000 0.200195 0.0
vt 6.000000 0.865234 0.0
vt 7.000000 0.200195 0.0
v -13.000000 181.815628 782.630310
#joint 35
#vjoint 205
f 205/946 169/947 204/948
#fvcolorindex 8 1 8 
vt 6.000000 0.200195 0.0
vt 5.000000 1.000000 0.0
vt 6.000000 1.000000 0.0
f 205/949 168/950 169/951
#fvcolorindex 8 1 1 
vt 5.000000 0.200195 0.0
vt 5.000000 1.000000 0.0
vt 6.000000 0.200195 0.0
v -10.000000 164.356873 826.717896
#joint 36
#vjoint 206
f 206/952 168/953 205/954
#fvcolorindex 8 1 8 
vt 5.000000 0.200195 0.0
vt 3.000000 1.000000 0.0
vt 5.000000 1.000000 0.0
f 206/955 167/956 168/957
#fvcolorindex 8 4 1 
vt 3.000000 0.299805 0.0
vt 3.000000 1.000000 0.0
vt 5.000000 0.200195 0.0
v -5.000000 151.356873 878.717896
#joint 36
#vjoint 207
f 207/958 167/959 206/960
#fvcolorindex 8 4 8 
vt 3.000000 0.299805 0.0
vt 0.000000 0.200195 0.0
vt 3.000000 1.000000 0.0
f 207/961 157/962 167/963
#fvcolorindex 8 1 4 
usemtl m42
vt 7.799805 0.000000 0.0
vt 7.000000 0.200195 0.0
vt 7.500000 0.200195 0.0
f 165/964 204/965 172/966
#fvcolorindex 12 8 18 
usemtl m41
vt 7.000000 0.000000 0.0
vt 7.000000 0.200195 0.0
vt 7.799805 0.000000 0.0
f 163/967 204/968 165/969
#fvcolorindex 18 8 12 
vt 7.000000 0.000000 0.0
vt 6.000000 0.200195 0.0
vt 7.000000 0.200195 0.0
f 163/970 205/971 204/972
#fvcolorindex 18 8 8 
usemtl m40
vt 6.000000 0.000000 0.0
vt 6.000000 0.200195 0.0
vt 7.000000 0.000000 0.0
f 161/973 205/974 163/975
#fvcolorindex 14 8 18 
vt 6.000000 0.000000 0.0
vt 5.000000 0.200195 0.0
vt 6.000000 0.200195 0.0
f 161/976 206/977 205/978
#fvcolorindex 14 8 8 
usemtl m39
vt 5.000000 0.000000 0.0
vt 5.000000 0.200195 0.0
vt 6.000000 0.000000 0.0
f 159/979 206/980 161/981
#fvcolorindex 10 8 14 
vt 5.000000 0.000000 0.0
vt 3.000000 0.299805 0.0
vt 5.000000 0.200195 0.0
f 159/982 207/983 206/984
#fvcolorindex 10 8 8 
usemtl m40
vt 3.000000 0.000000 0.0
vt 3.000000 0.299805 0.0
vt 5.000000 0.000000 0.0
f 158/985 207/986 159/987
#fvcolorindex 14 8 10 
vt 3.000000 0.000000 0.0
vt 0.000000 0.200195 0.0
vt 3.000000 0.299805 0.0
f 158/988 157/989 207/990
#fvcolorindex 14 1 8 
usemtl m38
vt 1.000000 0.200195 0.0
vt 1.000000 0.000000 0.0
vt 0.000000 0.200195 0.0
v 5.000000 132.703156 879.478516
#joint 38
#vjoint 208
f 208/991 203/992 199/993
#fvcolorindex 1 1 4 
vt 1.000000 0.000000 0.0
vt 0.000000 0.000000 0.0
vt 0.000000 0.200195 0.0
f 202/994 203/995 208/996
#fvcolorindex 1 1 1 
vt 1.000000 0.200195 0.0
vt 1.000000 0.000000 0.0
vt 0.000000 0.200195 0.0
v 10.000000 119.703156 827.478516
#joint 38
#vjoint 209
f 209/997 202/998 208/999
#fvcolorindex 1 1 1 
usemtl m43
vt 1.000000 0.000000 0.0
vt 0.000000 0.000000 0.0
vt 0.000000 0.200195 0.0
f 201/1000 202/1001 209/1002
#fvcolorindex 4 1 1 
usemtl m38
vt 1.000000 0.200195 0.0
vt 1.000000 0.000000 0.0
vt 0.000000 0.200195 0.0
v 13.000000 100.916245 783.239197
#joint 37
#vjoint 210
f 210/1003 201/1004 209/1005
#fvcolorindex 1 4 1 
usemtl m41
vt 1.000000 0.000000 0.0
vt 0.000000 0.000000 0.0
vt 0.000000 0.200195 0.0
f 200/1006 201/1007 210/1008
#fvcolorindex 18 4 1 
usemtl m43
vt 1.000000 0.200195 0.0
vt 1.000000 0.000000 0.0
vt 0.000000 0.200195 0.0
v 15.000000 108.916245 753.239197
#joint 37
#vjoint 211
f 211/1009 200/1010 210/1011
#fvcolorindex 4 18 1 
usemtl m42
vt 1.000000 0.000000 0.0
vt 0.000000 0.000000 0.0
vt 0.000000 0.200195 0.0
f 165/1012 200/1013 211/1014
#fvcolorindex 12 18 4 
usemtl m44
vt 0.405273 0.200195 0.0
vt 1.000000 0.000000 0.0
vt 0.000000 0.200195 0.0
v 17.000000 126.855240 750.595154
#joint 33
#vjoint 212
f 212/1015 165/1016 211/1017
#fvcolorindex 8 12 4 
usemtl m40
vt 1.000000 1.000000 0.0
vt 1.000000 0.200195 0.0
vt 0.000000 0.200195 0.0
f 197/1018 208/1019 199/1020
#fvcolorindex 14 1 4 
usemtl m38
vt 1.000000 0.200195 0.0
vt 0.000000 0.200195 0.0
vt 0.000000 1.000000 0.0
f 209/1021 208/1022 197/1023
#fvcolorindex 1 1 14 
usemtl m40
vt 1.000000 1.000000 0.0
vt 1.000000 0.200195 0.0
vt 0.000000 1.000000 0.0
f 195/1024 209/1025 197/1026
#fvcolorindex 14 1 14 
usemtl m38
vt 1.000000 0.200195 0.0
vt 0.000000 0.200195 0.0
vt 0.000000 1.000000 0.0
f 210/1027 209/1028 195/1029
#fvcolorindex 1 1 14 
usemtl m40
vt 1.000000 1.000000 0.0
vt 1.000000 0.200195 0.0
vt 0.000000 1.000000 0.0
f 193/1030 210/1031 195/1032
#fvcolorindex 14 1 14 
usemtl m43
vt 1.000000 0.200195 0.0
vt 0.000000 0.200195 0.0
vt 0.000000 1.000000 0.0
f 211/1033 210/1034 193/1035
#fvcolorindex 4 1 14 
vt 1.000000 1.000000 0.0
vt 1.000000 0.200195 0.0
vt 0.000000 1.000000 0.0
f 191/1036 211/1037 193/1038
#fvcolorindex 4 4 14 
usemtl m44
vt 0.405273 0.200195 0.0
vt 0.000000 0.200195 0.0
vt 0.000000 1.000000 0.0
f 212/1039 211/1040 191/1041
#fvcolorindex 8 4 4 
usemtl m41
vt 1.000000 1.000000 0.0
vt 0.405273 0.200195 0.0
vt 0.000000 1.000000 0.0
f 171/1042 212/1043 191/1044
#fvcolorindex 18 8 4 
vt 0.995117 0.200195 0.0
vt 0.033203 0.200195 0.0
vt 0.994141 0.013672 0.0
v 9.250484 137.154312 879.492920
#joint 40
#vjoint 213
v 28.250484 142.154312 907.492920
#joint 40
#vjoint 214
v 7.250484 142.154312 880.492920
#joint 40
#vjoint 215
f 213/1045 214/1046 215/1047
#fvcolorindex 18 4 4 
usemtl m43
vt 0.993164 0.023438 0.0
vt 0.007812 0.200195 0.0
vt -0.002930 0.014648 0.0
v 18.250484 142.154312 827.492920
#joint 40
#vjoint 216
f 216/1048 213/1049 215/1050
#fvcolorindex 4 18 4 
usemtl m41
vt 0.993164 0.200195 0.0
vt 0.007812 0.200195 0.0
vt 0.993164 0.023438 0.0
v 22.250484 133.154312 827.492920
#joint 40
#vjoint 217
f 217/1051 213/1052 216/1053
#fvcolorindex 18 18 4 
usemtl m43
vt 0.992188 0.010742 0.0
vt -0.007812 0.200195 0.0
vt -0.007812 0.017578 0.0
v 32.987877 142.154312 782.910339
#joint 39
#vjoint 218
f 218/1054 217/1055 216/1056
#fvcolorindex 4 18 4 
usemtl m41
vt 0.992188 0.200195 0.0
vt -0.007812 0.200195 0.0
vt 0.992188 0.010742 0.0
v 40.987877 129.154312 782.910339
#joint 39
#vjoint 219
f 219/1057 217/1058 218/1059
#fvcolorindex 18 18 4 
usemtl m43
vt 1.000000 0.000000 0.0
vt 0.000000 0.200195 0.0
vt 0.000000 0.004883 0.0
v 25.987877 142.154312 759.910339
#joint 39
#vjoint 220
f 220/1060 219/1061 218/1062
#fvcolorindex 4 18 4 
usemtl m44
vt 1.000000 0.200195 0.0
vt 0.000000 0.200195 0.0
vt 1.000000 0.000000 0.0
v 32.987877 127.154312 752.910339
#joint 39
#vjoint 221
f 221/1063 219/1064 220/1065
#fvcolorindex 8 18 4 
usemtl m42
vt 0.799805 0.000000 0.0
vt 0.000000 0.200195 0.0
vt 0.000000 0.000000 0.0
f 165/1066 221/1067 220/1068
#fvcolorindex 12 8 4 
usemtl m44
vt 0.400391 0.200195 0.0
vt 0.000000 0.200195 0.0
vt 0.799805 0.000000 0.0
f 212/1069 221/1070 165/1071
#fvcolorindex 8 8 12 
usemtl m38
vt 0.998047 1.000000 0.0
vt 0.033203 0.200195 0.0
vt 0.995117 0.200195 0.0
v 17.250484 142.154312 878.492920
#joint 40
#vjoint 222
f 222/1072 214/1073 213/1074
#fvcolorindex 1 4 18 
usemtl m41
vt 0.993164 0.200195 0.0
vt 0.034180 1.000000 0.0
vt 0.007812 0.200195 0.0
f 217/1075 222/1076 213/1077
#fvcolorindex 18 1 18 
usemtl m38
vt 0.993164 1.000000 0.0
vt 0.034180 1.000000 0.0
vt 0.993164 0.200195 0.0
v 36.250484 142.154312 827.492920
#joint 40
#vjoint 223
f 223/1078 222/1079 217/1080
#fvcolorindex 1 1 18 
usemtl m41
vt 0.992188 0.200195 0.0
vt -0.007812 1.000000 0.0
vt -0.007812 0.200195 0.0
f 219/1081 223/1082 217/1083
#fvcolorindex 18 1 18 
usemtl m38
vt 0.992188 1.000000 0.0
vt -0.007812 1.000000 0.0
vt 0.992188 0.200195 0.0
v 60.987877 142.154312 782.910339
#joint 39
#vjoint 224
f 224/1084 223/1085 219/1086
#fvcolorindex 1 1 18 
usemtl m44
vt 1.000000 0.200195 0.0
vt 0.000000 1.000000 0.0
vt 0.000000 0.200195 0.0
f 221/1087 224/1088 219/1089
#fvcolorindex 8 1 18 
usemtl m38
vt 1.000000 1.000000 0.0
vt 0.000000 1.000000 0.0
vt 1.000000 0.200195 0.0
v 51.987877 142.154312 737.910339
#joint 39
#vjoint 225
f 225/1090 224/1091 221/1092
#fvcolorindex 1 1 8 
usemtl m44
vt 0.400391 0.200195 0.0
vt 0.000000 1.000000 0.0
vt 0.000000 0.200195 0.0
f 212/1093 225/1094 221/1095
#fvcolorindex 8 1 8 
usemtl m41
vt 1.000000 1.000000 0.0
vt 0.000000 1.000000 0.0
vt 0.400391 0.200195 0.0
f 171/1096 225/1097 212/1098
#fvcolorindex 18 1 8 
usemtl m38
vt 0.995117 0.200195 0.0
vt 0.033203 0.200195 0.0
vt 0.998047 1.000000 0.0
v 9.250484 146.154312 879.492920
#joint 40
#vjoint 226
f 226/1099 214/1100 222/1101
#fvcolorindex 1 4 1 
vt 0.993164 1.000000 0.0
vt 0.007812 0.200195 0.0
vt 0.034180 1.000000 0.0
f 223/1102 226/1103 222/1104
#fvcolorindex 1 1 1 
vt 0.993164 0.200195 0.0
vt 0.007812 0.200195 0.0
vt 0.993164 1.000000 0.0
v 22.250484 151.154312 827.492920
#joint 40
#vjoint 227
f 227/1105 226/1106 223/1107
#fvcolorindex 1 1 1 
vt 0.992188 1.000000 0.0
vt -0.007812 0.200195 0.0
vt -0.007812 1.000000 0.0
f 224/1108 227/1109 223/1110
#fvcolorindex 1 1 1 
vt 0.992188 0.200195 0.0
vt -0.007812 0.200195 0.0
vt 0.992188 1.000000 0.0
v 40.987877 154.154312 782.910339
#joint 39
#vjoint 228
f 228/1111 227/1112 224/1113
#fvcolorindex 1 1 1 
vt 1.000000 1.000000 0.0
vt 0.000000 0.200195 0.0
vt 0.000000 1.000000 0.0
f 225/1114 228/1115 224/1116
#fvcolorindex 1 1 1 
vt 1.000000 0.200195 0.0
vt 0.000000 0.200195 0.0
vt 1.000000 1.000000 0.0
v 32.987877 156.154312 752.910339
#joint 39
#vjoint 229
f 229/1117 228/1118 225/1119
#fvcolorindex 1 1 1 
usemtl m41
vt 1.000000 1.000000 0.0
vt 0.000000 0.200195 0.0
vt 0.000000 1.000000 0.0
f 171/1120 229/1121 225/1122
#fvcolorindex 18 1 1 
usemtl m40
vt 0.400391 0.200195 0.0
vt 0.000000 0.200195 0.0
vt 1.000000 1.000000 0.0
f 166/1123 229/1124 171/1125
#fvcolorindex 14 1 18 
usemtl m43
vt 0.994141 0.013672 0.0
vt 0.033203 0.200195 0.0
vt 0.995117 0.200195 0.0
f 215/1126 214/1127 226/1128
#fvcolorindex 4 4 1 
usemtl m38
vt 0.993164 0.200195 0.0
vt -0.002930 0.014648 0.0
vt 0.007812 0.200195 0.0
f 227/1129 215/1130 226/1131
#fvcolorindex 1 4 1 
usemtl m43
vt 0.993164 0.023438 0.0
vt -0.002930 0.014648 0.0
vt 0.993164 0.200195 0.0
f 216/1132 215/1133 227/1134
#fvcolorindex 4 4 1 
usemtl m38
vt 0.992188 0.200195 0.0
vt -0.007812 0.017578 0.0
vt -0.007812 0.200195 0.0
f 228/1135 216/1136 227/1137
#fvcolorindex 1 4 1 
usemtl m43
vt 0.992188 0.010742 0.0
vt -0.007812 0.017578 0.0
vt 0.992188 0.200195 0.0
f 218/1138 216/1139 228/1140
#fvcolorindex 4 4 1 
usemtl m38
vt 1.000000 0.200195 0.0
vt 0.000000 0.004883 0.0
vt 0.000000 0.200195 0.0
f 229/1141 218/1142 228/1143
#fvcolorindex 1 4 1 
usemtl m43
vt 1.000000 0.000000 0.0
vt 0.000000 0.004883 0.0
vt 1.000000 0.200195 0.0
f 220/1144 218/1145 229/1146
#fvcolorindex 4 4 1 
usemtl m40
vt 0.400391 0.200195 0.0
vt 0.000000 0.000000 0.0
vt 0.000000 0.200195 0.0
f 166/1147 220/1148 229/1149
#fvcolorindex 14 4 1 
usemtl m42
vt 0.799805 0.000000 0.0
vt 0.000000 0.000000 0.0
vt 0.400391 0.200195 0.0
f 165/1150 220/1151 166/1152
#fvcolorindex 12 4 14 
usemtl m45
vt 0.000000 0.099609 0.0
vt -0.199219 1.000000 0.0
vt -0.807617 0.099609 0.0
v -35.000000 183.855240 -226.404831
#joint 33
#vjoint 230
v -18.000000 196.855240 -197.404831
#joint 33
#vjoint 231
#vcolor 119.000000 189.000000 255.000000 255.000000
v 0.000000 218.855240 -241.404831
#joint 33
#vjoint 232
f 230/1153 231/1154 232/1155
#fvcolorindex 16 19 1 
vt 0.000000 0.099609 0.0
vt 1.000000 1.000000 0.0
vt -0.199219 1.000000 0.0
v -19.000000 139.855240 -171.404831
#joint 33
#vjoint 233
f 230/1156 233/1157 231/1158
#fvcolorindex 16 19 19 
vt 1.000000 0.099609 0.0
vt 1.000000 1.000000 0.0
vt 0.000000 0.099609 0.0
v -37.000000 134.855240 -210.404831
#joint 33
#vjoint 234
f 234/1159 233/1160 230/1161
#fvcolorindex 16 19 16 
vt 1.000000 0.099609 0.0
vt 2.159180 1.000000 0.0
vt 1.000000 1.000000 0.0
v -18.000000 78.855240 -182.404831
#joint 33
#vjoint 235
f 234/1162 235/1163 233/1164
#fvcolorindex 16 19 19 
vt 1.973633 0.099609 0.0
vt 2.159180 1.000000 0.0
vt 1.000000 0.099609 0.0
v -35.000000 84.855240 -214.404831
#joint 33
#vjoint 236
f 236/1165 235/1166 234/1167
#fvcolorindex 16 19 16 
vt 1.973633 0.099609 0.0
vt 2.618164 0.099609 0.0
vt 2.159180 1.000000 0.0
v 0.000000 46.855240 -220.404831
#joint 33
#vjoint 237
f 236/1168 237/1169 235/1170
#fvcolorindex 16 16 19 
usemtl m43
vt 1.928711 0.099609 0.0
vt 1.928711 0.099609 0.0
vt 2.595703 0.099609 0.0
v 32.000000 183.855240 -226.404831
#joint 33
#vjoint 238
f 238/1171 230/1172 232/1173
#fvcolorindex 4 16 10 
vt 1.928711 0.099609 0.0
vt 1.000000 0.099609 0.0
vt 1.928711 0.099609 0.0
f 238/1174 234/1175 230/1176
#fvcolorindex 4 16 16 
vt 1.000000 0.099609 0.0
vt 1.000000 0.099609 0.0
vt 1.928711 0.099609 0.0
v 34.000000 134.855240 -210.404831
#joint 33
#vjoint 239
f 239/1177 234/1178 238/1179
#fvcolorindex 4 16 4 
vt 1.000000 0.099609 0.0
vt 0.000000 0.099609 0.0
vt 1.000000 0.099609 0.0
f 239/1180 236/1181 234/1182
#fvcolorindex 4 16 16 
vt 0.000000 0.099609 0.0
vt 0.000000 0.099609 0.0
vt 1.000000 0.099609 0.0
v 32.000000 84.855240 -214.404831
#joint 33
#vjoint 240
f 240/1183 236/1184 239/1185
#fvcolorindex 4 16 4 
vt 0.000000 0.099609 0.0
vt -0.749023 0.099609 0.0
vt 0.000000 0.099609 0.0
f 240/1186 237/1187 236/1188
#fvcolorindex 4 16 16 
usemtl m38
vt -0.190430 1.000000 0.0
vt 0.000000 0.099609 0.0
vt -0.785156 0.099609 0.0
v 24.000000 195.855240 -198.404831
#joint 33
#vjoint 241
f 241/1189 238/1190 232/1191
#fvcolorindex 1 4 1 
vt -0.190430 1.000000 0.0
vt 1.000000 0.099609 0.0
vt 0.000000 0.099609 0.0
f 241/1192 239/1193 238/1194
#fvcolorindex 1 4 4 
vt 1.000000 1.000000 0.0
vt 1.000000 0.099609 0.0
vt -0.190430 1.000000 0.0
v 25.000000 139.855240 -172.404831
#joint 33
#vjoint 242
f 242/1195 239/1196 241/1197
#fvcolorindex 1 4 1 
vt 1.000000 1.000000 0.0
vt 1.987305 0.099609 0.0
vt 1.000000 0.099609 0.0
f 242/1198 240/1199 239/1200
#fvcolorindex 1 4 4 
usemtl m43
vt 2.169922 1.000000 0.0
vt 1.987305 0.099609 0.0
vt 1.000000 1.000000 0.0
v 24.000000 78.855240 -183.404831
#joint 33
#vjoint 243
f 243/1201 240/1202 242/1203
#fvcolorindex 4 4 1 
vt 2.169922 1.000000 0.0
vt 2.663086 0.099609 0.0
vt 1.987305 0.099609 0.0
f 243/1204 237/1205 240/1206
#fvcolorindex 4 16 4 
usemtl m46
vt 1.820312 0.200195 0.0
vt 1.818359 1.005859 0.0
vt 2.041992 0.099609 0.0
f 231/1207 241/1208 232/1209
#fvcolorindex 19 1 1 
vt 1.820312 0.200195 0.0
vt 1.000000 1.000000 0.0
vt 1.818359 1.005859 0.0
f 231/1210 242/1211 241/1212
#fvcolorindex 19 1 1 
vt 1.000000 0.200195 0.0
vt 1.000000 1.000000 0.0
vt 1.820312 0.200195 0.0
f 233/1213 242/1214 231/1215
#fvcolorindex 19 1 19 
vt 1.000000 0.200195 0.0
vt 0.006836 0.945312 0.0
vt 1.000000 1.000000 0.0
f 233/1216 243/1217 242/1218
#fvcolorindex 19 4 1 
vt 0.000000 0.200195 0.0
vt 0.006836 0.945312 0.0
vt 1.000000 0.200195 0.0
f 235/1219 243/1220 233/1221
#fvcolorindex 19 4 19 
vt 0.000000 0.200195 0.0
vt -0.608398 0.099609 0.0
vt 0.006836 0.945312 0.0
f 235/1222 237/1223 243/1224
#fvcolorindex 19 16 4 
usemtl m47ClampSClampT
vt 0.555664 -0.152344 0.0
vt 0.745117 -0.233398 0.0
vt 0.666016 0.056641 0.0
v 6.000000 17.208702 0.183901
#joint 45
#vjoint 244
f 244/1225 143/1226 139/1227
#fvcolorindex 1 1 1 
vt 0.555664 -0.152344 0.0
vt 0.666016 0.056641 0.0
vt 0.475586 0.039062 0.0
v 6.000000 53.208702 15.183901
#joint 45
#vjoint 245
f 244/1228 139/1229 245/1230
#fvcolorindex 1 1 1 
vt 0.666016 0.056641 0.0
vt 0.262695 0.234375 0.0
vt 0.475586 0.039062 0.0
v 6.000000 89.855240 53.595169
#joint 33
#vjoint 246
f 139/1231 246/1232 245/1233
#fvcolorindex 1 1 1 
vt 0.262695 0.234375 0.0
vt 0.666016 0.056641 0.0
vt 0.706055 0.291016 0.0
f 246/1234 139/1235 142/1236
#fvcolorindex 1 1 1 
vt 0.262695 0.234375 0.0
vt 0.706055 0.291016 0.0
vt -0.155273 0.281250 0.0
v 6.000000 99.855240 129.595169
#joint 33
#vjoint 247
#vcolor 59.000000 94.000000 110.000000 255.000000
f 246/1237 142/1238 247/1239
#fvcolorindex 1 1 20 
usemtl m48ClampSClampT
vt -0.155273 0.281250 0.0
vt 0.706055 0.291016 0.0
vt 0.835938 0.416016 0.0
f 247/1240 142/1241 119/1242
#fvcolorindex 20 1 5 
usemtl m49ClampSClampT
vt 0.706055 0.291016 0.0
vt 0.706055 0.291016 0.0
vt 0.835938 0.416016 0.0
f 142/1243 141/1244 120/1245
#fvcolorindex 8 8 5 
vt 0.706055 0.291016 0.0
vt 0.835938 0.416016 0.0
vt 0.835938 0.416016 0.0
f 142/1246 120/1247 119/1248
#fvcolorindex 8 5 5 
usemtl m47ClampSClampT
vt 0.262695 0.234375 0.0
vt 0.262695 0.234375 0.0
vt -0.155273 0.281250 0.0
v -6.000000 89.855240 53.595169
#joint 33
#vjoint 248
f 248/1249 246/1250 247/1251
#fvcolorindex 1 1 20 
vt 0.262695 0.234375 0.0
vt -0.155273 0.281250 0.0
vt -0.155273 0.281250 0.0
v -6.000000 99.855240 129.595169
#joint 33
#vjoint 249
f 248/1252 247/1253 249/1254
#fvcolorindex 1 20 20 
vt 0.262695 0.234375 0.0
vt 0.475586 0.039062 0.0
vt 0.475586 0.039062 0.0
v -6.000000 53.208702 15.183901
#joint 45
#vjoint 250
f 248/1255 250/1256 245/1257
#fvcolorindex 1 1 1 
vt 0.262695 0.234375 0.0
vt 0.475586 0.039062 0.0
vt 0.262695 0.234375 0.0
f 248/1258 245/1259 246/1260
#fvcolorindex 1 1 1 
vt 0.475586 0.039062 0.0
vt 0.555664 -0.152344 0.0
vt 0.555664 -0.152344 0.0
v -6.000000 17.208702 0.183901
#joint 45
#vjoint 251
f 250/1261 251/1262 244/1263
#fvcolorindex 1 1 1 
vt 0.475586 0.039062 0.0
vt 0.555664 -0.152344 0.0
vt 0.475586 0.039062 0.0
f 250/1264 244/1265 245/1266
#fvcolorindex 1 1 1 
vt 0.745117 -0.233398 0.0
vt 0.745117 -0.233398 0.0
vt 0.555664 -0.152344 0.0
f 144/1267 143/1268 244/1269
#fvcolorindex 1 1 1 
vt 0.745117 -0.233398 0.0
vt 0.555664 -0.152344 0.0
vt 0.555664 -0.152344 0.0
f 144/1270 244/1271 251/1272
#fvcolorindex 1 1 1 
usemtl m50ClampSClampT
vt 0.835938 0.416016 0.0
vt 0.706055 0.291016 0.0
vt -0.155273 0.281250 0.0
f 120/1273 141/1274 249/1275
#fvcolorindex 5 1 20 
usemtl m48ClampSClampT
vt -0.155273 0.281250 0.0
vt 0.706055 0.291016 0.0
vt 0.262695 0.234375 0.0
f 249/1276 141/1277 248/1278
#fvcolorindex 20 1 1 
usemtl m47ClampSClampT
vt 0.706055 0.291016 0.0
vt 0.666016 0.056641 0.0
vt 0.262695 0.234375 0.0
f 141/1279 140/1280 248/1281
#fvcolorindex 1 1 1 
vt 0.262695 0.234375 0.0
vt 0.666016 0.056641 0.0
vt 0.475586 0.039062 0.0
f 248/1282 140/1283 250/1284
#fvcolorindex 1 1 1 
vt 0.666016 0.056641 0.0
vt 0.555664 -0.152344 0.0
vt 0.475586 0.039062 0.0
f 140/1285 251/1286 250/1287
#fvcolorindex 1 1 1 
vt 0.666016 0.056641 0.0
vt 0.745117 -0.233398 0.0
vt 0.555664 -0.152344 0.0
f 140/1288 144/1289 251/1290
#fvcolorindex 1 1 1 
vt 0.467773 0.926758 0.0
vt 0.216797 0.842773 0.0
vt 0.481445 1.173828 0.0
f 100/1291 155/1292 52/1293
#fvcolorindex 1 11 1 
vt 0.467773 0.926758 0.0
vt 0.565430 0.663086 0.0
vt 0.216797 0.842773 0.0
f 100/1294 152/1295 155/1296
#fvcolorindex 1 1 11 
vt 0.467773 0.926758 0.0
vt 0.216797 0.842773 0.0
vt 0.565430 0.663086 0.0
f 97/1297 154/1298 153/1299
#fvcolorindex 1 11 1 
vt 0.467773 0.926758 0.0
vt 0.481445 1.173828 0.0
vt 0.216797 0.842773 0.0
f 97/1300 39/1301 154/1302
#fvcolorindex 1 1 11 
vt 0.565430 0.663086 0.0
vt 0.850586 0.570312 0.0
vt 0.565430 0.663086 0.0
f 153/1303 126/1304 152/1305
#fvcolorindex 1 1 1 
vt 0.850586 0.522461 0.0
vt 0.850586 0.570312 0.0
vt 0.565430 0.663086 0.0
f 127/1306 126/1307 153/1308
#fvcolorindex 1 1 1 
usemtl m51ClampSClampT
vt 0.167969 0.630859 0.0
vt 0.565430 0.663086 0.0
vt 0.216797 0.842773 0.0
f 78/1309 153/1310 154/1311
#fvcolorindex 11 1 11 
usemtl m50ClampSClampT
vt 0.483398 0.435547 0.0
vt 0.565430 0.663086 0.0
vt 0.167969 0.630859 0.0
v 24.000000 127.855240 12.595169
#joint 33
#vjoint 252
f 252/1312 153/1313 78/1314
#fvcolorindex 5 1 11 
vt 0.483398 0.435547 0.0
vt 0.850586 0.522461 0.0
vt 0.565430 0.663086 0.0
f 252/1315 127/1316 153/1317
#fvcolorindex 5 1 1 
vt 0.835938 0.416016 0.0
vt 0.850586 0.522461 0.0
vt 0.483398 0.435547 0.0
f 119/1318 127/1319 252/1320
#fvcolorindex 5 1 5 
usemtl m52ClampSClampT
vt 0.102539 0.286133 0.0
vt 0.483398 0.435547 0.0
vt 0.167969 0.630859 0.0
f 79/1321 252/1322 78/1323
#fvcolorindex 12 5 11 
usemtl m50ClampSClampT
vt 0.483398 0.338867 0.0
vt 0.483398 0.435547 0.0
vt 0.102539 0.286133 0.0
v 0.000000 109.855240 12.595169
#joint 33
#vjoint 253
f 253/1324 252/1325 79/1326
#fvcolorindex 5 5 12 
vt 0.483398 0.338867 0.0
vt 0.835938 0.416016 0.0
vt 0.483398 0.435547 0.0
f 253/1327 119/1328 252/1329
#fvcolorindex 5 5 5 
usemtl m51ClampSClampT
vt 0.157227 0.605469 0.0
vt 0.483398 0.435547 0.0
vt 0.102539 0.286133 0.0
v -24.000000 127.855240 12.595169
#joint 33
#vjoint 254
#vcolor 84.000000 108.000000 120.000000 255.000000
f 80/1330 254/1331 79/1332
#fvcolorindex 11 21 12 
usemtl m52ClampSClampT
vt 0.102539 0.286133 0.0
vt 0.483398 0.435547 0.0
vt 0.483398 0.338867 0.0
f 79/1333 254/1334 253/1335
#fvcolorindex 12 21 5 
usemtl m53ClampSClampT
vt 0.483398 0.435547 0.0
vt 0.835938 0.416016 0.0
vt 0.483398 0.338867 0.0
f 254/1336 120/1337 253/1338
#fvcolorindex 21 5 5 
vt 0.483398 0.435547 0.0
vt 0.850586 0.522461 0.0
vt 0.835938 0.416016 0.0
f 254/1339 123/1340 120/1341
#fvcolorindex 21 1 5 
usemtl m47ClampSClampT
vt 0.565430 0.663086 0.0
vt 0.850586 0.522461 0.0
vt 0.483398 0.435547 0.0
f 152/1342 123/1343 254/1344
#fvcolorindex 1 1 21 
usemtl m51ClampSClampT
vt 0.157227 0.605469 0.0
vt 0.565430 0.663086 0.0
vt 0.483398 0.435547 0.0
f 80/1345 152/1346 254/1347
#fvcolorindex 11 1 21 
vt 0.216797 0.842773 0.0
vt 0.565430 0.663086 0.0
vt 0.157227 0.605469 0.0
f 155/1348 152/1349 80/1350
#fvcolorindex 11 1 11 
usemtl m47ClampSClampT
vt 0.565430 0.663086 0.0
vt 0.850586 0.570312 0.0
vt 0.850586 0.522461 0.0
f 152/1351 126/1352 123/1353
#fvcolorindex 1 1 1 
usemtl m54ClampSClampT
vt -0.000977 0.000000 0.0
vt -0.000977 0.000000 0.0
vt -0.000977 0.000000 0.0
v 0.000000 246.855240 149.595169
#joint 33
#vjoint 255
f 93/1354 255/1355 94/1356
#fvcolorindex 9 4 1 
vt -0.000977 0.000000 0.0
vt -0.000977 0.000000 0.0
vt -0.000977 0.000000 0.0
f 95/1357 255/1358 93/1359
#fvcolorindex 9 4 9 
usemtl m47ClampSClampT
vt -0.000977 0.000000 0.0
vt -0.000977 0.000000 0.0
vt -0.000977 0.000000 0.0
f 94/1360 255/1361 96/1362
#fvcolorindex 1 4 8 
usemtl m49ClampSClampT
vt -0.000977 0.000000 0.0
vt -0.000977 0.000000 0.0
vt -0.000977 0.000000 0.0
f 96/1363 255/1364 95/1365
#fvcolorindex 8 4 9 
usemtl m47ClampSClampT
vt -0.000977 -0.000977 0.0
vt -0.000977 -0.000977 0.0
vt -0.000977 -0.000977 0.0
v 0.000000 244.855240 18.595169
#joint 33
#vjoint 256
f 101/1366 256/1367 98/1368
#fvcolorindex 1 1 1 
vt -0.000977 -0.000977 0.0
vt -0.000977 -0.000977 0.0
vt -0.000977 -0.000977 0.0
f 98/1369 256/1370 99/1371
#fvcolorindex 1 1 1 
vt -0.000977 -0.000977 0.0
vt -0.000977 -0.000977 0.0
vt -0.000977 -0.000977 0.0
f 99/1372 256/1373 102/1374
#fvcolorindex 1 1 1 
vt -0.000977 -0.000977 0.0
vt -0.000977 -0.000977 0.0
vt -0.000977 -0.000977 0.0
f 102/1375 256/1376 101/1377
#fvcolorindex 1 1 1 
usemtl m55ClampSClampT
vt 0.358398 -0.011719 0.0
vt 0.365723 0.014648 0.0
vt 0.261719 0.580078 0.0
v 78.181129 11.920799 249.169006
#joint 46
#vjoint 257
v 85.181129 20.920799 248.169006
#joint 46
#vjoint 258
v 37.000000 60.855240 263.595154
#joint 33
#vjoint 259
f 257/1378 258/1379 259/1380
#fvcolorindex 14 1 18 
usemtl m56ClampSClampT
vt 0.261719 0.580078 0.0
vt 0.365723 0.014648 0.0
vt 0.268555 0.613281 0.0
v 46.000000 72.855240 262.595154
#joint 33
#vjoint 260
f 259/1381 258/1382 260/1383
#fvcolorindex 18 1 4 
vt 0.261719 0.580078 0.0
vt 0.268555 0.613281 0.0
vt 0.032227 0.933594 0.0
v 15.000000 89.855240 302.595154
#joint 33
#vjoint 261
f 259/1384 260/1385 261/1386
#fvcolorindex 18 4 20 
usemtl m57ClampSClampT
vt 0.032227 0.933594 0.0
vt 0.268555 0.613281 0.0
vt 0.030762 0.969727 0.0
v 25.000000 102.855240 303.595154
#joint 33
#vjoint 262
f 261/1387 260/1388 262/1389
#fvcolorindex 20 4 5 
usemtl m58ClampSClampT
vt 0.365723 0.014648 0.0
vt 0.610352 0.000977 0.0
vt 0.268555 0.613281 0.0
f 258/1390 135/1391 260/1392
#fvcolorindex 1 1 4 
usemtl m59ClampSClampT
vt 0.268555 0.613281 0.0
vt 0.610352 0.000977 0.0
vt 0.701660 0.619141 0.0
f 260/1393 135/1394 137/1395
#fvcolorindex 4 1 4 
vt 0.268555 0.613281 0.0
vt 0.701660 0.619141 0.0
vt 0.030762 0.969727 0.0
f 260/1396 137/1397 262/1398
#fvcolorindex 4 4 5 
usemtl m60ClampSClampT
vt 0.030762 0.969727 0.0
vt 0.701660 0.619141 0.0
vt 1.011230 0.963867 0.0
v 19.000000 114.855240 126.595169
#joint 33
#vjoint 263
f 262/1399 137/1400 263/1401
#fvcolorindex 5 4 5 
usemtl m59ClampSClampT
vt 0.701660 0.619141 0.0
vt 0.686523 0.586914 0.0
vt 1.011230 0.963867 0.0
f 137/1402 138/1403 263/1404
#fvcolorindex 4 8 5 
usemtl m60ClampSClampT
vt 1.011230 0.963867 0.0
vt 0.686523 0.586914 0.0
vt 0.997070 0.930664 0.0
v 10.000000 102.855240 129.595169
#joint 33
#vjoint 264
f 263/1405 138/1406 264/1407
#fvcolorindex 5 8 20 
usemtl m55ClampSClampT
vt 0.599609 -0.021484 0.0
vt 0.358398 -0.011719 0.0
vt 0.686523 0.586914 0.0
f 136/1408 257/1409 138/1410
#fvcolorindex 14 14 18 
usemtl m56ClampSClampT
vt 0.686523 0.586914 0.0
vt 0.358398 -0.011719 0.0
vt 0.261719 0.580078 0.0
f 138/1411 257/1412 259/1413
#fvcolorindex 18 14 18 
vt 0.686523 0.586914 0.0
vt 0.261719 0.580078 0.0
vt 0.997070 0.930664 0.0
f 138/1414 259/1415 264/1416
#fvcolorindex 18 18 20 
usemtl m57ClampSClampT
vt 0.997070 0.930664 0.0
vt 0.261719 0.580078 0.0
vt 0.032227 0.933594 0.0
f 264/1417 259/1418 261/1419
#fvcolorindex 20 18 20 
vt 0.032227 0.933594 0.0
vt 0.261719 0.580078 0.0
vt 0.997070 0.930664 0.0
v -15.000000 89.855240 302.595154
#joint 33
#vjoint 265
v -37.000000 60.855240 263.595154
#joint 33
#vjoint 266
v -10.000000 102.855240 129.595169
#joint 33
#vjoint 267
f 265/1420 266/1421 267/1422
#fvcolorindex 20 18 20 
vt 0.997070 0.930664 0.0
vt 0.261719 0.580078 0.0
vt 0.686523 0.586914 0.0
f 267/1423 266/1424 145/1425
#fvcolorindex 20 18 18 
usemtl m56ClampSClampT
vt 0.261719 0.580078 0.0
vt 0.358398 -0.011719 0.0
vt 0.686523 0.586914 0.0
v -78.000000 11.855240 248.595169
#joint 33
#vjoint 268
f 266/1426 268/1427 145/1428
#fvcolorindex 18 14 18 
vt 0.686523 0.586914 0.0
vt 0.358398 -0.011719 0.0
vt 0.599609 -0.021484 0.0
f 145/1429 268/1430 146/1431
#fvcolorindex 18 14 14 
usemtl m57ClampSClampT
vt 0.997070 0.930664 0.0
vt 0.686523 0.586914 0.0
vt 1.011230 0.963867 0.0
v -19.000000 114.855240 126.595169
#joint 33
#vjoint 269
f 267/1432 145/1433 269/1434
#fvcolorindex 20 8 5 
usemtl m60ClampSClampT
vt 1.011230 0.963867 0.0
vt 0.686523 0.586914 0.0
vt 0.701660 0.619141 0.0
f 269/1435 145/1436 147/1437
#fvcolorindex 5 8 4 
vt 1.011230 0.963867 0.0
vt 0.701660 0.619141 0.0
vt 0.030762 0.969727 0.0
v -25.000000 102.855240 303.595154
#joint 33
#vjoint 270
f 269/1438 147/1439 270/1440
#fvcolorindex 5 4 5 
vt 0.030762 0.969727 0.0
vt 0.701660 0.619141 0.0
vt 0.268555 0.613281 0.0
v -46.000000 72.855240 262.595154
#joint 33
#vjoint 271
f 270/1441 147/1442 271/1443
#fvcolorindex 5 4 4 
usemtl m59ClampSClampT
vt 0.701660 0.619141 0.0
vt 0.610352 0.000977 0.0
vt 0.268555 0.613281 0.0
f 147/1444 148/1445 271/1446
#fvcolorindex 4 1 4 
vt 0.268555 0.613281 0.0
vt 0.610352 0.000977 0.0
vt 0.365723 0.014648 0.0
v -85.000000 20.855240 247.595169
#joint 33
#vjoint 272
f 271/1447 148/1448 272/1449
#fvcolorindex 4 1 1 
usemtl m60ClampSClampT
vt 0.030762 0.969727 0.0
vt 0.268555 0.613281 0.0
vt 0.032227 0.933594 0.0
f 270/1450 271/1451 265/1452
#fvcolorindex 5 4 20 
usemtl m57ClampSClampT
vt 0.032227 0.933594 0.0
vt 0.268555 0.613281 0.0
vt 0.261719 0.580078 0.0
f 265/1453 271/1454 266/1455
#fvcolorindex 20 4 18 
usemtl m59ClampSClampT
vt 0.268555 0.613281 0.0
vt 0.365723 0.014648 0.0
vt 0.261719 0.580078 0.0
f 271/1456 272/1457 266/1458
#fvcolorindex 4 1 18 
usemtl m56ClampSClampT
vt 0.261719 0.580078 0.0
vt 0.365723 0.014648 0.0
vt 0.358398 -0.011719 0.0
f 266/1459 272/1460 268/1461
#fvcolorindex 18 1 14 
usemtl m61ClampSClampT
vt 0.430921 0.300987 0.0
vt 0.921053 0.000000 0.0
vt 0.444901 0.324013 0.0
v 122.181129 -41.079201 219.169006
#joint 46
#vjoint 273
v 128.181122 -33.079201 218.169006
#joint 46
#vjoint 274
f 273/1462 133/1463 274/1464
#fvcolorindex 10 1 1 
vt 0.430921 0.300987 0.0
vt 0.444901 0.324013 0.0
vt 0.060033 0.974507 0.0
f 273/1465 274/1466 257/1467
#fvcolorindex 10 1 14 
usemtl m62ClampSClampT
vt 0.060033 0.974507 0.0
vt 0.444901 0.324013 0.0
vt 0.074013 1.000822 0.0
f 257/1468 274/1469 258/1470
#fvcolorindex 14 1 1 
usemtl m63ClampSClampT
vt 0.444901 0.324013 0.0
vt 0.921053 0.000000 0.0
vt 0.710526 0.487664 0.0
f 274/1471 133/1472 132/1473
#fvcolorindex 1 1 1 
vt 0.444901 0.324013 0.0
vt 0.710526 0.487664 0.0
vt 0.074013 1.000822 0.0
f 274/1474 132/1475 258/1476
#fvcolorindex 1 1 1 
vt 0.074013 1.000822 0.0
vt 0.710526 0.487664 0.0
vt 0.546875 0.990954 0.0
f 258/1477 132/1478 135/1479
#fvcolorindex 1 1 1 
usemtl m61ClampSClampT
vt 0.722039 0.398026 0.0
vt 0.921053 0.000000 0.0
vt 0.430921 0.300987 0.0
f 134/1480 133/1481 273/1482
#fvcolorindex 10 1 10 
vt 0.722039 0.398026 0.0
vt 0.430921 0.300987 0.0
vt 0.526316 0.967928 0.0
f 134/1483 273/1484 136/1485
#fvcolorindex 10 10 14 
usemtl m62ClampSClampT
vt 0.526316 0.967928 0.0
vt 0.430921 0.300987 0.0
vt 0.060033 0.974507 0.0
f 136/1486 273/1487 257/1488
#fvcolorindex 14 10 14 
vt 0.060033 0.974507 0.0
vt 0.430921 0.300987 0.0
vt 0.526316 0.967928 0.0
v -122.000000 -41.144760 218.595169
#joint 33
#vjoint 275
f 268/1489 275/1490 146/1491
#fvcolorindex 14 10 14 
vt 0.526316 0.967928 0.0
vt 0.430921 0.300987 0.0
vt 0.722039 0.398026 0.0
f 146/1492 275/1493 149/1494
#fvcolorindex 14 10 10 
usemtl m61ClampSClampT
vt 0.430921 0.300987 0.0
vt 0.921053 0.000000 0.0
vt 0.722039 0.398026 0.0
f 275/1495 151/1496 149/1497
#fvcolorindex 10 1 10 
usemtl m63ClampSClampT
vt 0.546875 0.990954 0.0
vt 0.710526 0.487664 0.0
vt 0.074013 1.000822 0.0
f 148/1498 150/1499 272/1500
#fvcolorindex 1 1 1 
vt 0.074013 1.000822 0.0
vt 0.710526 0.487664 0.0
vt 0.444901 0.324013 0.0
v -128.000000 -33.144760 217.595169
#joint 33
#vjoint 276
f 272/1501 150/1502 276/1503
#fvcolorindex 1 1 1 
vt 0.710526 0.487664 0.0
vt 0.921053 0.000000 0.0
vt 0.444901 0.324013 0.0
f 150/1504 151/1505 276/1506
#fvcolorindex 1 1 1 
vt 0.074013 1.000822 0.0
vt 0.444901 0.324013 0.0
vt 0.060033 0.974507 0.0
f 272/1507 276/1508 268/1509
#fvcolorindex 1 1 14 
usemtl m62ClampSClampT
vt 0.060033 0.974507 0.0
vt 0.444901 0.324013 0.0
vt 0.430921 0.300987 0.0
f 268/1510 276/1511 275/1512
#fvcolorindex 14 1 10 
usemtl m63ClampSClampT
vt 0.444901 0.324013 0.0
vt 0.921053 0.000000 0.0
vt 0.430921 0.300987 0.0
f 276/1513 151/1514 275/1515
#fvcolorindex 1 1 10 
g Room03
g Room03_primary
usemtl m64EnvMappingTexScaleS0.031250TexScaleT0.031250
vt 0.000000 0.000000 0.0
vt 0.000000 0.000000 0.0
vt 0.000000 0.000000 0.0
v 259.311920 -35.083588 198.030182
#joint 47
#vjoint 277
#vcolor 126.000000 13.000000 0.000000 255.000000
v 248.311920 -35.083588 171.030182
#joint 47
#vjoint 278
#vcolor 89.000000 0.000000 167.000000 255.000000
v 245.311920 -19.083588 174.030182
#joint 47
#vjoint 279
#vcolor 87.000000 29.000000 169.000000 255.000000
vn 0.992126 0.102362 0.000000
vn 0.700787 0.000000 1.314961
vn 0.685039 0.228346 1.330709
f 277/1516/1 278/1517/2 279/1518/3
#fvcolorindex 22 23 24 
vt 0.000000 0.000000 0.0
vt 0.000000 0.000000 0.0
vt 0.000000 0.000000 0.0
v 255.311920 -19.083588 198.030182
#joint 47
#vjoint 280
#vcolor 119.000000 42.000000 0.000000 255.000000
vn 0.992126 0.102362 0.000000
vn 0.685039 0.228346 1.330709
vn 0.937008 0.330709 0.000000
f 277/1519/4 279/1520/5 280/1521/6
#fvcolorindex 22 24 25 
usemtl m65EnvMappingTexScaleS0.031250TexScaleT0.031250
vt 0.000000 0.000000 0.0
vt 0.000000 0.000000 0.0
vt 0.000000 0.000000 0.0
v 238.311920 -6.083588 182.030182
#joint 47
#vjoint 281
#vcolor 30.000000 107.000000 196.000000 255.000000
v 244.311920 -6.083588 198.030182
#joint 47
#vjoint 282
#vcolor 72.000000 103.000000 12.000000 255.000000
vn 0.685039 0.228346 1.330709
vn 0.236220 0.842520 1.543307
vn 0.566929 0.811024 0.094488
f 279/1522/7 281/1523/8 282/1524/9
#fvcolorindex 24 26 27 
vt 0.000000 0.000000 0.0
vt 0.000000 0.000000 0.0
vt 0.000000 0.000000 0.0
vn 0.685039 0.228346 1.330709
vn 0.566929 0.811024 0.094488
vn 0.937008 0.330709 0.000000
f 279/1525/10 282/1526/11 280/1527/12
#fvcolorindex 24 27 25 
usemtl m66EnvMappingTexScaleS0.031250TexScaleT0.031250
vt 0.000000 0.000000 0.0
vt 0.000000 0.000000 0.0
vt 0.000000 0.000000 0.0
v 221.311920 2.916412 198.030182
#joint 47
#vjoint 283
#vcolor 0.000000 127.000000 0.000000 255.000000
vn 0.236220 0.842520 1.543307
vn 0.000000 1.000000 0.000000
vn 0.566929 0.811024 0.094488
f 281/1528/13 283/1529/14 282/1530/15
#fvcolorindex 26 28 27 
usemtl m67EnvMappingTexScaleS0.031250TexScaleT0.031250
vt 0.000000 0.000000 0.0
vt 0.000000 0.000000 0.0
vt 0.000000 0.000000 0.0
v 221.311920 -35.083588 160.030182
#joint 47
#vjoint 284
#vcolor 0.000000 0.000000 129.000000 255.000000
v 221.311920 -19.083588 164.030182
#joint 47
#vjoint 285
#vcolor 0.000000 29.000000 133.000000 255.000000
vn 0.700787 0.000000 1.314961
vn 0.000000 0.000000 1.015748
vn 0.000000 0.228346 1.047244
f 278/1531/16 284/1532/17 285/1533/18
#fvcolorindex 23 29 30 
vt 0.000000 0.000000 0.0
vt 0.000000 0.000000 0.0
vt 0.000000 0.000000 0.0
vn 0.700787 0.000000 1.314961
vn 0.000000 0.228346 1.047244
vn 0.685039 0.228346 1.330709
f 278/1534/19 285/1535/20 279/1536/21
#fvcolorindex 23 30 24 
usemtl m68EnvMappingTexScaleS0.031250TexScaleT0.031250
vt 0.000000 0.000000 0.0
vt 0.000000 0.000000 0.0
vt 0.000000 0.000000 0.0
v 221.311920 -6.083588 175.030182
#joint 47
#vjoint 286
#vcolor 0.000000 105.000000 185.000000 255.000000
vn 0.000000 0.228346 1.047244
vn 0.000000 0.826772 1.456693
vn 0.236220 0.842520 1.543307
f 285/1537/22 286/1538/23 281/1539/24
#fvcolorindex 30 31 26 
vt 0.000000 0.000000 0.0
vt 0.000000 0.000000 0.0
vt 0.000000 0.000000 0.0
vn 0.000000 0.228346 1.047244
vn 0.236220 0.842520 1.543307
vn 0.685039 0.228346 1.330709
f 285/1540/25 281/1541/26 279/1542/27
#fvcolorindex 30 26 24 
usemtl m69EnvMappingTexScaleS0.031250TexScaleT0.031250
vt 0.000000 0.000000 0.0
vt 0.000000 0.000000 0.0
vt 0.000000 0.000000 0.0
vn 0.000000 0.826772 1.456693
vn 0.000000 1.000000 0.000000
vn 0.236220 0.842520 1.543307
f 286/1543/28 283/1544/29 281/1545/30
#fvcolorindex 31 28 26 
usemtl m70EnvMappingTexScaleS0.031250TexScaleT0.031250
vt 0.000000 0.000000 0.0
vt 0.000000 0.000000 0.0
vt 0.000000 0.000000 0.0
v 195.311920 -35.083588 171.030182
#joint 47
#vjoint 287
#vcolor 167.000000 0.000000 167.000000 255.000000
v 197.311920 -19.083588 174.030182
#joint 47
#vjoint 288
#vcolor 169.000000 29.000000 169.000000 255.000000
vn 0.000000 0.000000 1.015748
vn 1.314961 0.000000 1.314961
vn 1.330709 0.228346 1.330709
f 284/1546/31 287/1547/32 288/1548/33
#fvcolorindex 29 32 33 
vt 0.000000 0.000000 0.0
vt 0.000000 0.000000 0.0
vt 0.000000 0.000000 0.0
vn 0.000000 0.000000 1.015748
vn 1.330709 0.228346 1.330709
vn 0.000000 0.228346 1.047244
f 284/1549/34 288/1550/35 285/1551/36
#fvcolorindex 29 33 30 
usemtl m71EnvMappingTexScaleS0.031250TexScaleT0.031250
vt 0.000000 0.000000 0.0
vt 0.000000 0.000000 0.0
vt 0.000000 0.000000 0.0
v 205.311920 -6.083588 182.030182
#joint 47
#vjoint 289
#vcolor 226.000000 107.000000 196.000000 255.000000
vn 1.330709 0.228346 1.330709
vn 1.779528 0.842520 1.543307
vn 0.000000 0.826772 1.456693
f 288/1552/37 289/1553/38 286/1554/39
#fvcolorindex 33 34 31 
vt 0.000000 0.000000 0.0
vt 0.000000 0.000000 0.0
vt 0.000000 0.000000 0.0
vn 1.330709 0.228346 1.330709
vn 0.000000 0.826772 1.456693
vn 0.000000 0.228346 1.047244
f 288/1555/40 286/1556/41 285/1557/42
#fvcolorindex 33 31 30 
usemtl m72EnvMappingTexScaleS0.031250TexScaleT0.031250
vt 0.000000 0.000000 0.0
vt 0.000000 0.000000 0.0
vt 0.000000 0.000000 0.0
vn 1.779528 0.842520 1.543307
vn 0.000000 1.000000 0.000000
vn 0.000000 0.826772 1.456693
f 289/1558/43 283/1559/44 286/1560/45
#fvcolorindex 34 28 31 
usemtl m73EnvMappingTexScaleS0.031250TexScaleT0.031250
vt 0.000000 0.000000 0.0
vt 0.000000 0.000000 0.0
vt 0.000000 0.000000 0.0
v 184.311920 -35.083588 198.030182
#joint 47
#vjoint 290
#vcolor 130.000000 13.000000 0.000000 255.000000
v 187.311920 -19.083588 198.030182
#joint 47
#vjoint 291
#vcolor 137.000000 42.000000 0.000000 255.000000
vn 1.314961 0.000000 1.314961
vn 1.023622 0.102362 0.000000
vn 1.078740 0.330709 0.000000
f 287/1561/46 290/1562/47 291/1563/48
#fvcolorindex 32 35 36 
vt 0.000000 0.000000 0.0
vt 0.000000 0.000000 0.0
vt 0.000000 0.000000 0.0
vn 1.314961 0.000000 1.314961
vn 1.078740 0.330709 0.000000
vn 1.330709 0.228346 1.330709
f 287/1564/49 291/1565/50 288/1566/51
#fvcolorindex 32 36 33 
usemtl m74EnvMappingTexScaleS0.031250TexScaleT0.031250
vt 0.000000 0.000000 0.0
vt 0.000000 0.000000 0.0
vt 0.000000 0.000000 0.0
v 198.311920 -6.083588 198.030182
#joint 47
#vjoint 292
#vcolor 184.000000 103.000000 12.000000 255.000000
vn 1.078740 0.330709 0.000000
vn 1.448819 0.811024 0.094488
vn 1.779528 0.842520 1.543307
f 291/1567/52 292/1568/53 289/1569/54
#fvcolorindex 36 37 34 
vt 0.000000 0.000000 0.0
vt 0.000000 0.000000 0.0
vt 0.000000 0.000000 0.0
vn 1.078740 0.330709 0.000000
vn 1.779528 0.842520 1.543307
vn 1.330709 0.228346 1.330709
f 291/1570/55 289/1571/56 288/1572/57
#fvcolorindex 36 34 33 
usemtl m75EnvMappingTexScaleS0.031250TexScaleT0.031250
vt 0.000000 0.000000 0.0
vt 0.000000 0.000000 0.0
vt 0.000000 0.000000 0.0
vn 1.448819 0.811024 0.094488
vn 0.000000 1.000000 0.000000
vn 1.779528 0.842520 1.543307
f 292/1573/58 283/1574/59 289/1575/60
#fvcolorindex 37 28 34 
usemtl m76EnvMappingTexScaleS0.031250TexScaleT0.031250
vt 0.000000 0.000000 0.0
vt 0.000000 0.000000 0.0
vt 0.000000 0.000000 0.0
v 195.311920 -35.083588 225.030182
#joint 47
#vjoint 293
#vcolor 167.000000 243.000000 89.000000 255.000000
v 197.311920 -19.083588 222.030182
#joint 47
#vjoint 294
#vcolor 175.000000 54.000000 81.000000 255.000000
vn 1.023622 0.102362 0.000000
vn 1.314961 1.913386 0.700787
vn 1.377953 0.425197 0.637795
f 290/1576/61 293/1577/62 294/1578/63
#fvcolorindex 35 38 39 
vt 0.000000 0.000000 0.0
vt 0.000000 0.000000 0.0
vt 0.000000 0.000000 0.0
vn 1.023622 0.102362 0.000000
vn 1.377953 0.425197 0.637795
vn 1.078740 0.330709 0.000000
f 290/1579/64 294/1580/65 291/1581/66
#fvcolorindex 35 39 36 
usemtl m77EnvMappingTexScaleS0.031250TexScaleT0.031250
vt 0.000000 0.000000 0.0
vt 0.000000 0.000000 0.0
vt 0.000000 0.000000 0.0
v 205.311920 -6.083588 214.030182
#joint 47
#vjoint 295
#vcolor 197.000000 103.000000 42.000000 255.000000
vn 1.377953 0.425197 0.637795
vn 1.551181 0.811024 0.330709
vn 1.448819 0.811024 0.094488
f 294/1582/67 295/1583/68 292/1584/69
#fvcolorindex 39 40 37 
vt 0.000000 0.000000 0.0
vt 0.000000 0.000000 0.0
vt 0.000000 0.000000 0.0
vn 1.377953 0.425197 0.637795
vn 1.448819 0.811024 0.094488
vn 1.078740 0.330709 0.000000
f 294/1585/70 292/1586/71 291/1587/72
#fvcolorindex 39 37 36 
usemtl m78EnvMappingTexScaleS0.031250TexScaleT0.031250
vt 0.000000 0.000000 0.0
vt 0.000000 0.000000 0.0
vt 0.000000 0.000000 0.0
vn 1.551181 0.811024 0.330709
vn 0.000000 1.000000 0.000000
vn 1.448819 0.811024 0.094488
f 295/1588/73 283/1589/74 292/1590/75
#fvcolorindex 40 28 37 
usemtl m79EnvMappingTexScaleS0.031250TexScaleT0.031250
vt 0.000000 0.000000 0.0
vt 0.000000 0.000000 0.0
vt 0.000000 0.000000 0.0
v 221.311920 -35.083588 236.030182
#joint 47
#vjoint 296
#vcolor 0.000000 0.000000 127.000000 255.000000
v 221.311920 -19.083588 232.030182
#joint 47
#vjoint 297
#vcolor 0.000000 67.000000 107.000000 255.000000
vn 1.314961 1.913386 0.700787
vn 0.000000 0.000000 1.000000
vn 0.000000 0.527559 0.842520
f 293/1591/76 296/1592/77 297/1593/78
#fvcolorindex 38 41 42 
vt 0.000000 0.000000 0.0
vt 0.000000 0.000000 0.0
vt 0.000000 0.000000 0.0
vn 1.314961 1.913386 0.700787
vn 0.000000 0.527559 0.842520
vn 1.377953 0.425197 0.637795
f 293/1594/79 297/1595/80 294/1596/81
#fvcolorindex 38 42 39 
usemtl m80EnvMappingTexScaleS0.031250TexScaleT0.031250
vt 0.000000 0.000000 0.0
vt 0.000000 0.000000 0.0
vt 0.000000 0.000000 0.0
v 221.311920 -6.083588 221.030182
#joint 47
#vjoint 298
#vcolor 0.000000 92.000000 86.000000 255.000000
vn 0.000000 0.527559 0.842520
vn 0.000000 0.724409 0.677165
vn 1.551181 0.811024 0.330709
f 297/1597/82 298/1598/83 295/1599/84
#fvcolorindex 42 43 40 
vt 0.000000 0.000000 0.0
vt 0.000000 0.000000 0.0
vt 0.000000 0.000000 0.0
vn 0.000000 0.527559 0.842520
vn 1.551181 0.811024 0.330709
vn 1.377953 0.425197 0.637795
f 297/1600/85 295/1601/86 294/1602/87
#fvcolorindex 42 40 39 
usemtl m81EnvMappingTexScaleS0.031250TexScaleT0.031250
vt 0.000000 0.000000 0.0
vt 0.000000 0.000000 0.0
vt 0.000000 0.000000 0.0
vn 0.000000 0.724409 0.677165
vn 0.000000 1.000000 0.000000
vn 1.551181 0.811024 0.330709
f 298/1603/88 283/1604/89 295/1605/90
#fvcolorindex 43 28 40 
usemtl m82EnvMappingTexScaleS0.031250TexScaleT0.031250
vt 0.000000 0.000000 0.0
vt 0.000000 0.000000 0.0
vt 0.000000 0.000000 0.0
v 248.311920 -35.083588 225.030182
#joint 47
#vjoint 299
#vcolor 89.000000 243.000000 89.000000 255.000000
v 245.311920 -19.083588 222.030182
#joint 47
#vjoint 300
#vcolor 81.000000 54.000000 81.000000 255.000000
vn 0.000000 0.000000 1.000000
vn 0.700787 1.913386 0.700787
vn 0.637795 0.425197 0.637795
f 296/1606/91 299/1607/92 300/1608/93
#fvcolorindex 41 44 45 
vt 0.000000 0.000000 0.0
vt 0.000000 0.000000 0.0
vt 0.000000 0.000000 0.0
vn 0.000000 0.000000 1.000000
vn 0.637795 0.425197 0.637795
vn 0.000000 0.527559 0.842520
f 296/1609/94 300/1610/95 297/1611/96
#fvcolorindex 41 45 42 
usemtl m83EnvMappingTexScaleS0.031250TexScaleT0.031250
vt 0.000000 0.000000 0.0
vt 0.000000 0.000000 0.0
vt 0.000000 0.000000 0.0
v 238.311920 -6.083588 214.030182
#joint 47
#vjoint 301
#vcolor 59.000000 103.000000 42.000000 255.000000
vn 0.637795 0.425197 0.637795
vn 0.464567 0.811024 0.330709
vn 0.000000 0.724409 0.677165
f 300/1612/97 301/1613/98 298/1614/99
#fvcolorindex 45 46 43 
vt 0.000000 0.000000 0.0
vt 0.000000 0.000000 0.0
vt 0.000000 0.000000 0.0
vn 0.637795 0.425197 0.637795
vn 0.000000 0.724409 0.677165
vn 0.000000 0.527559 0.842520
f 300/1615/100 298/1616/101 297/1617/102
#fvcolorindex 45 43 42 
usemtl m84EnvMappingTexScaleS0.031250TexScaleT0.031250
vt 0.000000 0.000000 0.0
vt 0.000000 0.000000 0.0
vt 0.000000 0.000000 0.0
vn 0.464567 0.811024 0.330709
vn 0.000000 1.000000 0.000000
vn 0.000000 0.724409 0.677165
f 301/1618/103 283/1619/104 298/1620/105
#fvcolorindex 46 28 43 
usemtl m85EnvMappingTexScaleS0.031250TexScaleT0.031250
vt 0.000000 0.000000 0.0
vt 0.000000 0.000000 0.0
vt 0.000000 0.000000 0.0
vn 0.700787 1.913386 0.700787
vn 0.992126 0.102362 0.000000
vn 0.937008 0.330709 0.000000
f 299/1621/106 277/1622/107 280/1623/108
#fvcolorindex 44 22 25 
vt 0.000000 0.000000 0.0
vt 0.000000 0.000000 0.0
vt 0.000000 0.000000 0.0
vn 0.700787 1.913386 0.700787
vn 0.937008 0.330709 0.000000
vn 0.637795 0.425197 0.637795
f 299/1624/109 280/1625/110 300/1626/111
#fvcolorindex 44 25 45 
usemtl m86EnvMappingTexScaleS0.031250TexScaleT0.031250
vt 0.000000 0.000000 0.0
vt 0.000000 0.000000 0.0
vt 0.000000 0.000000 0.0
vn 0.937008 0.330709 0.000000
vn 0.566929 0.811024 0.094488
vn 0.464567 0.811024 0.330709
f 280/1627/112 282/1628/113 301/1629/114
#fvcolorindex 25 27 46 
vt 0.000000 0.000000 0.0
vt 0.000000 0.000000 0.0
vt 0.000000 0.000000 0.0
vn 0.937008 0.330709 0.000000
vn 0.464567 0.811024 0.330709
vn 0.637795 0.425197 0.637795
f 280/1630/115 301/1631/116 300/1632/117
#fvcolorindex 25 46 45 
usemtl m87EnvMappingTexScaleS0.031250TexScaleT0.031250
vt 0.000000 0.000000 0.0
vt 0.000000 0.000000 0.0
vt 0.000000 0.000000 0.0
vn 0.566929 0.811024 0.094488
vn 0.000000 1.000000 0.000000
vn 0.464567 0.811024 0.330709
f 282/1633/118 283/1634/119 301/1635/120
#fvcolorindex 27 28 46 
usemtl m88EnvMappingTexScaleS0.031250TexScaleT0.031250
vt 0.000000 0.000000 0.0
vt 0.000000 0.000000 0.0
vt 0.000000 0.000000 0.0
v 238.311920 -64.083588 214.030182
#joint 47
#vjoint 302
#vcolor 69.000000 158.000000 39.000000 255.000000
v 221.311920 -73.083588 198.030182
#joint 47
#vjoint 303
#vcolor 0.000000 129.000000 0.000000 255.000000
v 244.311920 -64.083588 198.030182
#joint 47
#vjoint 304
#vcolor 81.000000 159.000000 8.000000 255.000000
vn 0.543307 1.244094 0.307087
vn 0.000000 1.015748 0.000000
vn 0.637795 1.251969 0.062992
f 302/1636/121 303/1637/122 304/1638/123
#fvcolorindex 47 48 49 
usemtl m89EnvMappingTexScaleS0.031250TexScaleT0.031250
vt 0.000000 0.000000 0.0
vt 0.000000 0.000000 0.0
vt 0.000000 0.000000 0.0
v 245.311920 -51.083588 222.030182
#joint 47
#vjoint 305
#vcolor 84.000000 214.000000 84.000000 255.000000
vn 0.661417 1.685039 0.661417
vn 0.543307 1.244094 0.307087
vn 0.637795 1.251969 0.062992
f 305/1639/124 302/1640/125 304/1641/126
#fvcolorindex 50 47 49 
vt 0.000000 0.000000 0.0
vt 0.000000 0.000000 0.0
vt 0.000000 0.000000 0.0
v 255.311920 -51.083588 198.030182
#joint 47
#vjoint 306
#vcolor 103.000000 183.000000 8.000000 255.000000
vn 0.661417 1.685039 0.661417
vn 0.637795 1.251969 0.062992
vn 0.811024 1.440945 0.062992
f 305/1642/127 304/1643/128 306/1644/129
#fvcolorindex 50 49 51 
vt 0.000000 0.000000 0.0
vt 0.000000 0.000000 0.0
vt 0.000000 0.000000 0.0
vn 0.661417 1.685039 0.661417
vn 0.811024 1.440945 0.062992
vn 0.992126 0.102362 0.000000
f 305/1645/130 306/1646/131 277/1647/132
#fvcolorindex 50 51 22 
vt 0.000000 0.000000 0.0
vt 0.000000 0.000000 0.0
vt 0.000000 0.000000 0.0
vn 0.661417 1.685039 0.661417
vn 0.992126 0.102362 0.000000
vn 0.700787 1.913386 0.700787
f 305/1648/133 277/1649/134 299/1650/135
#fvcolorindex 50 22 44 
usemtl m90EnvMappingTexScaleS0.031250TexScaleT0.031250
vt 0.000000 0.000000 0.0
vt 0.000000 0.000000 0.0
vt 0.000000 0.000000 0.0
v 221.311920 -64.083588 221.030182
#joint 47
#vjoint 307
#vcolor 0.000000 164.000000 86.000000 255.000000
vn 0.000000 1.291339 0.677165
vn 0.000000 1.015748 0.000000
vn 0.543307 1.244094 0.307087
f 307/1651/136 303/1652/137 302/1653/138
#fvcolorindex 52 48 47 
usemtl m91EnvMappingTexScaleS0.031250TexScaleT0.031250
vt 0.000000 0.000000 0.0
vt 0.000000 0.000000 0.0
vt 0.000000 0.000000 0.0
v 221.311920 -51.083588 232.030182
#joint 47
#vjoint 308
#vcolor 0.000000 189.000000 107.000000 255.000000
vn 0.000000 1.488189 0.842520
vn 0.000000 1.291339 0.677165
vn 0.543307 1.244094 0.307087
f 308/1654/139 307/1655/140 302/1656/141
#fvcolorindex 53 52 47 
vt 0.000000 0.000000 0.0
vt 0.000000 0.000000 0.0
vt 0.000000 0.000000 0.0
vn 0.000000 1.488189 0.842520
vn 0.543307 1.244094 0.307087
vn 0.661417 1.685039 0.661417
f 308/1657/142 302/1658/143 305/1659/144
#fvcolorindex 53 47 50 
vt 0.000000 0.000000 0.0
vt 0.000000 0.000000 0.0
vt 0.000000 0.000000 0.0
vn 0.000000 1.488189 0.842520
vn 0.661417 1.685039 0.661417
vn 0.700787 1.913386 0.700787
f 308/1660/145 305/1661/146 299/1662/147
#fvcolorindex 53 50 44 
vt 0.000000 0.000000 0.0
vt 0.000000 0.000000 0.0
vt 0.000000 0.000000 0.0
vn 0.000000 1.488189 0.842520
vn 0.700787 1.913386 0.700787
vn 0.000000 0.000000 1.000000
f 308/1663/148 299/1664/149 296/1665/150
#fvcolorindex 53 44 41 
usemtl m92EnvMappingTexScaleS0.031250TexScaleT0.031250
vt 0.000000 0.000000 0.0
vt 0.000000 0.000000 0.0
vt 0.000000 0.000000 0.0
v 205.311920 -64.083588 214.030182
#joint 47
#vjoint 309
#vcolor 187.000000 158.000000 39.000000 255.000000
vn 1.472441 1.244094 0.307087
vn 0.000000 1.015748 0.000000
vn 0.000000 1.291339 0.677165
f 309/1666/151 303/1667/152 307/1668/153
#fvcolorindex 54 48 52 
usemtl m93EnvMappingTexScaleS0.031250TexScaleT0.031250
vt 0.000000 0.000000 0.0
vt 0.000000 0.000000 0.0
vt 0.000000 0.000000 0.0
v 197.311920 -51.083588 222.030182
#joint 47
#vjoint 310
#vcolor 172.000000 214.000000 84.000000 255.000000
vn 1.354331 1.685039 0.661417
vn 1.472441 1.244094 0.307087
vn 0.000000 1.291339 0.677165
f 310/1669/154 309/1670/155 307/1671/156
#fvcolorindex 55 54 52 
vt 0.000000 0.000000 0.0
vt 0.000000 0.000000 0.0
vt 0.000000 0.000000 0.0
vn 1.354331 1.685039 0.661417
vn 0.000000 1.291339 0.677165
vn 0.000000 1.488189 0.842520
f 310/1672/157 307/1673/158 308/1674/159
#fvcolorindex 55 52 53 
vt 0.000000 0.000000 0.0
vt 0.000000 0.000000 0.0
vt 0.000000 0.000000 0.0
vn 1.354331 1.685039 0.661417
vn 0.000000 1.488189 0.842520
vn 0.000000 0.000000 1.000000
f 310/1675/160 308/1676/161 296/1677/162
#fvcolorindex 55 53 41 
vt 0.000000 0.000000 0.0
vt 0.000000 0.000000 0.0
vt 0.000000 0.000000 0.0
vn 1.354331 1.685039 0.661417
vn 0.000000 0.000000 1.000000
vn 1.314961 1.913386 0.700787
f 310/1678/163 296/1679/164 293/1680/165
#fvcolorindex 55 41 38 
usemtl m94EnvMappingTexScaleS0.031250TexScaleT0.031250
vt 0.000000 0.000000 0.0
vt 0.000000 0.000000 0.0
vt 0.000000 0.000000 0.0
v 198.311920 -64.083588 198.030182
#joint 47
#vjoint 311
#vcolor 175.000000 159.000000 8.000000 255.000000
vn 1.377953 1.251969 0.062992
vn 0.000000 1.015748 0.000000
vn 1.472441 1.244094 0.307087
f 311/1681/166 303/1682/167 309/1683/168
#fvcolorindex 56 48 54 
usemtl m95EnvMappingTexScaleS0.031250TexScaleT0.031250
vt 0.000000 0.000000 0.0
vt 0.000000 0.000000 0.0
vt 0.000000 0.000000 0.0
v 187.311920 -51.083588 198.030182
#joint 47
#vjoint 312
#vcolor 153.000000 183.000000 8.000000 255.000000
vn 1.204724 1.440945 0.062992
vn 1.377953 1.251969 0.062992
vn 1.472441 1.244094 0.307087
f 312/1684/169 311/1685/170 309/1686/171
#fvcolorindex 57 56 54 
vt 0.000000 0.000000 0.0
vt 0.000000 0.000000 0.0
vt 0.000000 0.000000 0.0
vn 1.204724 1.440945 0.062992
vn 1.472441 1.244094 0.307087
vn 1.354331 1.685039 0.661417
f 312/1687/172 309/1688/173 310/1689/174
#fvcolorindex 57 54 55 
vt 0.000000 0.000000 0.0
vt 0.000000 0.000000 0.0
vt 0.000000 0.000000 0.0
vn 1.204724 1.440945 0.062992
vn 1.354331 1.685039 0.661417
vn 1.314961 1.913386 0.700787
f 312/1690/175 310/1691/176 293/1692/177
#fvcolorindex 57 55 38 
vt 0.000000 0.000000 0.0
vt 0.000000 0.000000 0.0
vt 0.000000 0.000000 0.0
vn 1.204724 1.440945 0.062992
vn 1.314961 1.913386 0.700787
vn 1.023622 0.102362 0.000000
f 312/1693/178 293/1694/179 290/1695/180
#fvcolorindex 57 38 35 
usemtl m96EnvMappingTexScaleS0.031250TexScaleT0.031250
vt 0.000000 0.000000 0.0
vt 0.000000 0.000000 0.0
vt 0.000000 0.000000 0.0
v 205.311920 -64.083588 182.030182
#joint 47
#vjoint 313
#vcolor 226.000000 149.000000 196.000000 255.000000
vn 1.779528 1.173228 1.543307
vn 0.000000 1.015748 0.000000
vn 1.377953 1.251969 0.062992
f 313/1696/181 303/1697/182 311/1698/183
#fvcolorindex 58 48 56 
usemtl m97EnvMappingTexScaleS0.031250TexScaleT0.031250
vt 0.000000 0.000000 0.0
vt 0.000000 0.000000 0.0
vt 0.000000 0.000000 0.0
v 197.311920 -51.083588 174.030182
#joint 47
#vjoint 314
#vcolor 169.000000 227.000000 169.000000 255.000000
vn 1.330709 1.787402 1.330709
vn 1.779528 1.173228 1.543307
vn 1.377953 1.251969 0.062992
f 314/1699/184 313/1700/185 311/1701/186
#fvcolorindex 59 58 56 
vt 0.000000 0.000000 0.0
vt 0.000000 0.000000 0.0
vt 0.000000 0.000000 0.0
vn 1.330709 1.787402 1.330709
vn 1.377953 1.251969 0.062992
vn 1.204724 1.440945 0.062992
f 314/1702/187 311/1703/188 312/1704/189
#fvcolorindex 59 56 57 
vt 0.000000 0.000000 0.0
vt 0.000000 0.000000 0.0
vt 0.000000 0.000000 0.0
vn 1.330709 1.787402 1.330709
vn 1.204724 1.440945 0.062992
vn 1.023622 0.102362 0.000000
f 314/1705/190 312/1706/191 290/1707/192
#fvcolorindex 59 57 35 
vt 0.000000 0.000000 0.0
vt 0.000000 0.000000 0.0
vt 0.000000 0.000000 0.0
vn 1.330709 1.787402 1.330709
vn 1.023622 0.102362 0.000000
vn 1.314961 0.000000 1.314961
f 314/1708/193 290/1709/194 287/1710/195
#fvcolorindex 59 35 32 
usemtl m98EnvMappingTexScaleS0.031250TexScaleT0.031250
vt 0.000000 0.000000 0.0
vt 0.000000 0.000000 0.0
vt 0.000000 0.000000 0.0
v 221.311920 -64.083588 175.030182
#joint 47
#vjoint 315
#vcolor 0.000000 151.000000 185.000000 255.000000
vn 0.000000 1.188976 1.456693
vn 0.000000 1.015748 0.000000
vn 1.779528 1.173228 1.543307
f 315/1711/196 303/1712/197 313/1713/198
#fvcolorindex 60 48 58 
usemtl m99EnvMappingTexScaleS0.031250TexScaleT0.031250
vt 0.000000 0.000000 0.0
vt 0.000000 0.000000 0.0
vt 0.000000 0.000000 0.0
v 221.311920 -51.083588 164.030182
#joint 47
#vjoint 316
#vcolor 0.000000 227.000000 133.000000 255.000000
vn 0.000000 1.787402 1.047244
vn 0.000000 1.188976 1.456693
vn 1.779528 1.173228 1.543307
f 316/1714/199 315/1715/200 313/1716/201
#fvcolorindex 61 60 58 
vt 0.000000 0.000000 0.0
vt 0.000000 0.000000 0.0
vt 0.000000 0.000000 0.0
vn 0.000000 1.787402 1.047244
vn 1.779528 1.173228 1.543307
vn 1.330709 1.787402 1.330709
f 316/1717/202 313/1718/203 314/1719/204
#fvcolorindex 61 58 59 
vt 0.000000 0.000000 0.0
vt 0.000000 0.000000 0.0
vt 0.000000 0.000000 0.0
vn 0.000000 1.787402 1.047244
vn 1.330709 1.787402 1.330709
vn 1.314961 0.000000 1.314961
f 316/1720/205 314/1721/206 287/1722/207
#fvcolorindex 61 59 32 
vt 0.000000 0.000000 0.0
vt 0.000000 0.000000 0.0
vt 0.000000 0.000000 0.0
vn 0.000000 1.787402 1.047244
vn 1.314961 0.000000 1.314961
vn 0.000000 0.000000 1.015748
f 316/1723/208 287/1724/209 284/1725/210
#fvcolorindex 61 32 29 
usemtl m100EnvMappingTexScaleS0.031250TexScaleT0.031250
vt 0.000000 0.000000 0.0
vt 0.000000 0.000000 0.0
vt 0.000000 0.000000 0.0
v 238.311920 -64.083588 182.030182
#joint 47
#vjoint 317
#vcolor 30.000000 149.000000 196.000000 255.000000
vn 0.236220 1.173228 1.543307
vn 0.000000 1.015748 0.000000
vn 0.000000 1.188976 1.456693
f 317/1726/211 303/1727/212 315/1728/213
#fvcolorindex 62 48 60 
usemtl m101EnvMappingTexScaleS0.031250TexScaleT0.031250
vt 0.000000 0.000000 0.0
vt 0.000000 0.000000 0.0
vt 0.000000 0.000000 0.0
v 245.311920 -51.083588 174.030182
#joint 47
#vjoint 318
#vcolor 87.000000 227.000000 169.000000 255.000000
vn 0.685039 1.787402 1.330709
vn 0.236220 1.173228 1.543307
vn 0.000000 1.188976 1.456693
f 318/1729/214 317/1730/215 315/1731/216
#fvcolorindex 63 62 60 
vt 0.000000 0.000000 0.0
vt 0.000000 0.000000 0.0
vt 0.000000 0.000000 0.0
vn 0.685039 1.787402 1.330709
vn 0.000000 1.188976 1.456693
vn 0.000000 1.787402 1.047244
f 318/1732/217 315/1733/218 316/1734/219
#fvcolorindex 63 60 61 
vt 0.000000 0.000000 0.0
vt 0.000000 0.000000 0.0
vt 0.000000 0.000000 0.0
vn 0.685039 1.787402 1.330709
vn 0.000000 1.787402 1.047244
vn 0.000000 0.000000 1.015748
f 318/1735/220 316/1736/221 284/1737/222
#fvcolorindex 63 61 29 
vt 0.000000 0.000000 0.0
vt 0.000000 0.000000 0.0
vt 0.000000 0.000000 0.0
vn 0.685039 1.787402 1.330709
vn 0.000000 0.000000 1.015748
vn 0.700787 0.000000 1.314961
f 318/1738/223 284/1739/224 278/1740/225
#fvcolorindex 63 29 23 
usemtl m102EnvMappingTexScaleS0.031250TexScaleT0.031250
vt 0.000000 0.000000 0.0
vt 0.000000 0.000000 0.0
vt 0.000000 0.000000 0.0
vn 0.637795 1.251969 0.062992
vn 0.000000 1.015748 0.000000
vn 0.236220 1.173228 1.543307
f 304/1741/226 303/1742/227 317/1743/228
#fvcolorindex 49 48 62 
usemtl m103EnvMappingTexScaleS0.031250TexScaleT0.031250
vt 0.000000 0.000000 0.0
vt 0.000000 0.000000 0.0
vt 0.000000 0.000000 0.0
vn 0.811024 1.440945 0.062992
vn 0.637795 1.251969 0.062992
vn 0.236220 1.173228 1.543307
f 306/1744/229 304/1745/230 317/1746/231
#fvcolorindex 51 49 62 
vt 0.000000 0.000000 0.0
vt 0.000000 0.000000 0.0
vt 0.000000 0.000000 0.0
vn 0.811024 1.440945 0.062992
vn 0.236220 1.173228 1.543307
vn 0.685039 1.787402 1.330709
f 306/1747/232 317/1748/233 318/1749/234
#fvcolorindex 51 62 63 
vt 0.000000 0.000000 0.0
vt 0.000000 0.000000 0.0
vt 0.000000 0.000000 0.0
vn 0.811024 1.440945 0.062992
vn 0.685039 1.787402 1.330709
vn 0.700787 0.000000 1.314961
f 306/1750/235 318/1751/236 278/1752/237
#fvcolorindex 51 63 23 
vt 0.000000 0.000000 0.0
vt 0.000000 0.000000 0.0
vt 0.000000 0.000000 0.0
vn 0.811024 1.440945 0.062992
vn 0.700787 0.000000 1.314961
vn 0.992126 0.102362 0.000000
f 306/1753/238 278/1754/239 277/1755/240
#fvcolorindex 51 23 22 
