# Created by SubDrag and the GoldenEye Setup Editor V4.4
mtllib Gun0012.mtl
#joint 0
#jointposition -0.126130 -34.500000 -403.726105
#joint 1
#jointposition -0.126130 -34.500000 -403.726105
#joint 2
#jointposition 0.000000 -20.375574 -74.143860
#joint 3
#jointposition 28.404760 -54.346611 -32.664295
#joint 4
#jointposition 50.075203 -78.841194 -10.664248
#joint 5
#jointposition 28.643808 -16.714527 20.778549
#joint 6
#jointposition 26.518341 -24.155291 60.154758
#joint 7
#jointposition 24.787155 -25.811726 87.094780
#joint 8
#jointposition 8.820322 -11.296313 21.695198
#joint 9
#jointposition 8.668717 -23.348385 71.418152
#joint 10
#jointposition 7.570724 -26.182207 98.349426
#joint 11
#jointposition -7.449821 -15.536673 21.601517
#joint 12
#jointposition -6.777197 -21.532187 62.353848
#joint 13
#jointposition -6.290760 -23.494061 85.077034
#joint 14
#jointposition -23.590879 -23.057791 21.828247
#joint 15
#jointposition -21.894306 -25.130569 56.929543
#joint 16
#jointposition -20.740978 -24.727604 74.077179
#joint 17
#jointposition 234.474915 -34.500000 -403.726013
#joint 18
#jointposition 234.348785 -20.375599 -74.143921
#joint 19
#jointposition 205.943985 -54.346600 -32.664322
#joint 20
#jointposition 184.273590 -78.841202 -10.664223
#joint 21
#jointposition 205.704987 -16.714600 20.778481
#joint 22
#jointposition 207.830490 -24.155300 60.154781
#joint 23
#jointposition 209.561584 -25.811800 87.094780
#joint 24
#jointposition 225.528473 -11.296299 21.695183
#joint 25
#jointposition 225.680069 -23.348400 71.418083
#joint 26
#jointposition 226.778076 -26.182199 98.349380
#joint 27
#jointposition 241.798599 -15.536699 21.601479
#joint 28
#jointposition 241.125977 -21.532200 62.353779
#joint 29
#jointposition 240.639542 -23.494101 85.076981
#joint 30
#jointposition 257.939697 -23.057798 21.828178
#joint 31
#jointposition 256.243103 -25.130598 56.929478
#joint 32
#jointposition 255.089798 -24.727598 74.077179
#joint 33
#jointposition 0.000000 -30.922232 291.821533
#joint 34
#jointposition 0.000000 -15.275439 426.264526
#joint 35
#jointposition 0.000000 -15.674276 552.478088
#joint 36
#jointposition 238.874985 -15.276346 426.264404
#joint 37
#jointposition 194.123108 -15.674274 552.478027
#joint 38
#jointposition 0.000000 59.998131 857.038513
#joint 39
#jointposition 0.000000 60.000431 880.503174
#joint 40
#jointposition 0.000000 60.000458 922.132385
#joint 41
#jointposition 14.014180 66.911263 410.369720
#connection 0 1
#connection 1 2
#connection 2 3
#connection 3 4
#connection 2 5
#connection 5 6
#connection 6 7
#connection 2 8
#connection 8 9
#connection 9 10
#connection 2 11
#connection 11 12
#connection 12 13
#connection 2 14
#connection 14 15
#connection 15 16
#connection 2 33
#connection 33 41
#connection 33 38
#connection 38 39
#connection 38 40
#connection 33 34
#connection 33 35
#connection 0 17
#connection 17 18
#connection 18 19
#connection 19 20
#connection 18 21
#connection 21 22
#connection 22 23
#connection 18 24
#connection 24 25
#connection 25 26
#connection 18 27
#connection 27 28
#connection 28 29
#connection 18 30
#connection 30 31
#connection 31 32
#connection 18 37
#connection 18 36
g Room02
g Room02_primary
usemtl m0TransparentClampSClampT
vt 0.968750 0.968750 0.0
vt 0.000000 0.968750 0.0
vt 0.000000 0.000000 0.0
v 84.000000 155.000458 922.132385
#joint 40
#vjoint 1
#vcolor 254.000000 254.000000 254.000000 255.000000
v 0.000000 155.000458 922.132385
#joint 40
#vjoint 2
v 0.000000 60.000458 922.132385
#joint 40
#vjoint 3
f 1/1 2/2 3/3
#fvcolorindex 1 1 1 
vt 0.968750 0.968750 0.0
vt 0.000000 0.000000 0.0
vt 0.968750 0.000000 0.0
v 84.000000 60.000458 922.132385
#joint 40
#vjoint 4
f 1/4 3/5 4/6
#fvcolorindex 1 1 1 
vt 0.968750 0.968750 0.0
vt 0.000000 0.968750 0.0
vt 0.000000 0.000000 0.0
v -84.000000 155.000427 880.503174
#joint 39
#vjoint 5
v 0.000000 155.000427 880.503174
#joint 39
#vjoint 6
v 0.000000 60.000431 880.503174
#joint 39
#vjoint 7
f 5/7 6/8 7/9
#fvcolorindex 1 1 1 
vt 0.968750 0.968750 0.0
vt 0.000000 0.000000 0.0
vt 0.968750 0.000000 0.0
v -84.000000 60.000431 880.503174
#joint 39
#vjoint 8
f 5/10 7/11 8/12
#fvcolorindex 1 1 1 
usemtl m1TransparentClampSClampT
vt 0.968750 0.968750 0.0
vt 0.000000 0.968750 0.0
vt 0.000000 0.000000 0.0
v -84.000000 155.000458 922.132385
#joint 40
#vjoint 9
v -84.000000 60.000458 922.132385
#joint 40
#vjoint 10
f 2/13 9/14 10/15
#fvcolorindex 1 1 1 
vt 0.968750 0.968750 0.0
vt 0.000000 0.000000 0.0
vt 0.968750 0.000000 0.0
f 2/16 10/17 3/18
#fvcolorindex 1 1 1 
vt 0.968750 0.968750 0.0
vt 0.000000 0.968750 0.0
vt 0.000000 0.000000 0.0
v 84.000000 155.000427 880.503174
#joint 39
#vjoint 11
v 84.000000 60.000431 880.503174
#joint 39
#vjoint 12
f 6/19 11/20 12/21
#fvcolorindex 1 1 1 
vt 0.968750 0.968750 0.0
vt 0.000000 0.000000 0.0
vt 0.968750 0.000000 0.0
f 6/22 12/23 7/24
#fvcolorindex 1 1 1 
usemtl m2TransparentClampSClampT
vt 0.968750 0.968750 0.0
vt 0.000000 0.968750 0.0
vt 0.000000 0.000000 0.0
v 0.000000 -34.999542 922.132385
#joint 40
#vjoint 13
f 4/25 3/26 13/27
#fvcolorindex 1 1 1 
vt 0.968750 0.968750 0.0
vt 0.000000 0.000000 0.0
vt 0.968750 0.000000 0.0
v 84.000000 -34.999542 922.132385
#joint 40
#vjoint 14
f 4/28 13/29 14/30
#fvcolorindex 1 1 1 
vt 0.968750 0.968750 0.0
vt 0.000000 0.968750 0.0
vt 0.000000 0.000000 0.0
v 0.000000 -34.999569 880.503174
#joint 39
#vjoint 15
f 8/31 7/32 15/33
#fvcolorindex 1 1 1 
vt 0.968750 0.968750 0.0
vt 0.000000 0.000000 0.0
vt 0.968750 0.000000 0.0
v -84.000000 -34.999569 880.503174
#joint 39
#vjoint 16
f 8/34 15/35 16/36
#fvcolorindex 1 1 1 
usemtl m3TransparentClampSClampT
vt 0.968750 0.968750 0.0
vt 0.000000 0.968750 0.0
vt 0.000000 0.000000 0.0
v -84.000000 -34.999542 922.132385
#joint 40
#vjoint 17
f 3/37 10/38 17/39
#fvcolorindex 1 1 1 
vt 0.968750 0.968750 0.0
vt 0.000000 0.000000 0.0
vt 0.968750 0.000000 0.0
f 3/40 17/41 13/42
#fvcolorindex 1 1 1 
vt 0.968750 0.968750 0.0
vt 0.000000 0.968750 0.0
vt 0.000000 0.000000 0.0
v 84.000000 -34.999569 880.503174
#joint 39
#vjoint 18
f 7/43 12/44 18/45
#fvcolorindex 1 1 1 
vt 0.968750 0.968750 0.0
vt 0.000000 0.000000 0.0
vt 0.968750 0.000000 0.0
f 7/46 18/47 15/48
#fvcolorindex 1 1 1 
g Room03
usemtl m4TransparentClampSClampT
vt 1.000000 0.000000 0.0
vt 1.000000 1.000000 0.0
vt 0.000000 1.000000 0.0
v -200.000000 155.998138 865.038513
#joint 38
#vjoint 19
#vcolor 254.000000 254.000000 254.000000 255.000000
v -183.000000 184.998138 865.038513
#joint 38
#vjoint 20
v 6.000000 98.998131 865.038513
#joint 38
#vjoint 21
f 19/49 20/50 21/51
#fvcolorindex 2 2 2 
vt 1.000000 0.000000 0.0
vt 0.000000 1.000000 0.0
vt 0.000000 0.000000 0.0
v -30.000000 34.998131 865.038513
#joint 38
#vjoint 22
f 19/52 21/53 22/54
#fvcolorindex 2 2 2 
vt 1.000000 0.000000 0.0
vt 1.000000 1.000000 0.0
vt 0.000000 1.000000 0.0
v 183.000000 184.998138 865.038513
#joint 38
#vjoint 23
v 200.000000 155.998138 865.038513
#joint 38
#vjoint 24
v 31.000000 34.998131 865.038513
#joint 38
#vjoint 25
f 23/55 24/56 25/57
#fvcolorindex 2 2 2 
vt 1.000000 0.000000 0.0
vt 0.000000 1.000000 0.0
vt 0.000000 0.000000 0.0
v -6.000000 98.998131 865.038513
#joint 38
#vjoint 26
f 23/58 25/59 26/60
#fvcolorindex 2 2 2 
vt 1.000000 0.000000 0.0
vt 1.000000 1.000000 0.0
vt 0.000000 1.000000 0.0
v 17.000000 -161.001862 865.038513
#joint 38
#vjoint 27
v -17.000000 -161.001862 865.038513
#joint 38
#vjoint 28
v -37.000000 45.998131 865.038513
#joint 38
#vjoint 29
f 27/61 28/62 29/63
#fvcolorindex 2 2 2 
vt 1.000000 0.000000 0.0
vt 0.000000 1.000000 0.0
vt 0.000000 0.000000 0.0
v 37.000000 45.998131 865.038513
#joint 38
#vjoint 30
f 27/64 29/65 30/66
#fvcolorindex 2 2 2 
g Room04
g Room04_primary
usemtl m5
vt 0.000000 0.872070 0.0
vt 0.000000 0.799805 0.0
vt 1.311523 0.799805 0.0
v 0.000000 75.077766 856.821533
#joint 33
#vjoint 31
#vcolor 254.000000 254.000000 254.000000 255.000000
v 8.000000 73.077766 856.821533
#joint 33
#vjoint 32
v 8.000000 73.077766 800.821533
#joint 33
#vjoint 33
f 31/67 32/68 33/69
#fvcolorindex 3 3 3 
vt 0.000000 0.872070 0.0
vt 1.311523 0.799805 0.0
vt 1.311523 0.872070 0.0
v 0.000000 75.077766 800.821533
#joint 33
#vjoint 34
f 31/70 33/71 34/72
#fvcolorindex 3 3 3 
vt 1.311523 0.854492 0.0
vt 0.000000 0.854492 0.0
vt 0.000000 0.872070 0.0
v -7.000000 73.077766 800.821533
#joint 33
#vjoint 35
v -7.000000 73.077766 856.821533
#joint 33
#vjoint 36
f 35/73 36/74 31/75
#fvcolorindex 3 3 3 
vt 1.311523 0.854492 0.0
vt 0.000000 0.872070 0.0
vt 1.311523 0.872070 0.0
f 35/76 31/77 34/78
#fvcolorindex 3 3 3 
vt 1.311523 0.480469 0.0
vt 0.000000 0.480469 0.0
vt 0.000000 0.319336 0.0
v 15.000000 60.077766 800.821533
#joint 33
#vjoint 37
v 15.000000 60.077766 856.821533
#joint 33
#vjoint 38
v 13.000000 53.077766 856.821533
#joint 33
#vjoint 39
f 37/79 38/80 39/81
#fvcolorindex 3 3 3 
vt 1.311523 0.480469 0.0
vt 0.000000 0.319336 0.0
vt 1.311523 0.319336 0.0
v 13.000000 53.077766 800.821533
#joint 33
#vjoint 40
f 37/82 39/83 40/84
#fvcolorindex 3 3 3 
vt 1.311523 0.319336 0.0
vt 0.000000 0.319336 0.0
vt 0.000000 0.215820 0.0
v 8.000000 47.077766 856.821533
#joint 33
#vjoint 41
f 40/85 39/86 41/87
#fvcolorindex 3 3 3 
vt 1.311523 0.319336 0.0
vt 0.000000 0.215820 0.0
vt 1.311523 0.215820 0.0
v 8.000000 47.077766 800.821533
#joint 33
#vjoint 42
f 40/88 41/89 42/90
#fvcolorindex 3 3 3 
vt 0.000000 0.270508 0.0
vt 0.000000 0.414062 0.0
vt 1.311523 0.414062 0.0
v -7.000000 47.077766 856.821533
#joint 33
#vjoint 43
v -13.000000 53.077766 856.821533
#joint 33
#vjoint 44
v -13.000000 53.077766 800.821533
#joint 33
#vjoint 45
f 43/91 44/92 45/93
#fvcolorindex 3 3 3 
vt 0.000000 0.270508 0.0
vt 1.311523 0.414062 0.0
vt 1.311523 0.270508 0.0
v -7.000000 47.077766 800.821533
#joint 33
#vjoint 46
f 43/94 45/95 46/96
#fvcolorindex 3 3 3 
vt 0.000000 0.589844 0.0
vt 1.311523 0.589844 0.0
vt 1.311523 0.414062 0.0
v -15.000000 60.077766 856.821533
#joint 33
#vjoint 47
v -15.000000 60.077766 800.821533
#joint 33
#vjoint 48
f 47/97 48/98 45/99
#fvcolorindex 3 3 3 
vt 0.000000 0.589844 0.0
vt 1.311523 0.414062 0.0
vt 0.000000 0.414062 0.0
f 47/100 45/101 44/102
#fvcolorindex 3 3 3 
vt 1.311523 0.480469 0.0
vt 1.311523 0.331055 0.0
vt 0.000000 0.331055 0.0
v 5.000000 52.077766 800.821533
#joint 33
#vjoint 49
v 5.000000 52.077766 856.821533
#joint 33
#vjoint 50
f 37/103 49/104 50/105
#fvcolorindex 3 3 3 
vt 1.311523 0.480469 0.0
vt 0.000000 0.331055 0.0
vt 0.000000 0.480469 0.0
f 37/106 50/107 38/108
#fvcolorindex 3 3 3 
vt 0.000000 0.705078 0.0
vt 1.311523 0.705078 0.0
vt 1.311523 0.799805 0.0
v 5.000000 68.077766 856.821533
#joint 33
#vjoint 51
v 5.000000 68.077766 800.821533
#joint 33
#vjoint 52
f 51/109 52/110 33/111
#fvcolorindex 3 3 3 
vt 0.000000 0.705078 0.0
vt 1.311523 0.799805 0.0
vt 0.000000 0.799805 0.0
f 51/112 33/113 32/114
#fvcolorindex 3 3 3 
vt 1.311523 0.854492 0.0
vt 1.311523 0.705078 0.0
vt 0.000000 0.705078 0.0
f 35/115 52/116 51/117
#fvcolorindex 3 3 3 
vt 1.311523 0.854492 0.0
vt 0.000000 0.705078 0.0
vt 0.000000 0.854492 0.0
f 35/118 51/119 36/120
#fvcolorindex 3 3 3 
vt 0.000000 0.589844 0.0
vt 0.000000 0.570312 0.0
vt 1.311523 0.570312 0.0
v -10.000000 60.077766 856.821533
#joint 33
#vjoint 53
v -10.000000 60.077766 800.821533
#joint 33
#vjoint 54
f 47/121 53/122 54/123
#fvcolorindex 3 3 3 
vt 0.000000 0.589844 0.0
vt 1.311523 0.570312 0.0
vt 1.311523 0.589844 0.0
f 47/124 54/125 48/126
#fvcolorindex 3 3 3 
vt 0.000000 0.570312 0.0
vt 0.000000 0.270508 0.0
vt 1.311523 0.270508 0.0
f 53/127 43/128 46/129
#fvcolorindex 3 3 3 
vt 0.000000 0.570312 0.0
vt 1.311523 0.270508 0.0
vt 1.311523 0.570312 0.0
f 53/130 46/131 54/132
#fvcolorindex 3 3 3 
vt 1.311523 0.331055 0.0
vt 1.311523 0.215820 0.0
vt 0.000000 0.215820 0.0
f 49/133 42/134 41/135
#fvcolorindex 3 3 3 
vt 1.311523 0.331055 0.0
vt 0.000000 0.215820 0.0
vt 0.000000 0.331055 0.0
f 49/136 41/137 50/138
#fvcolorindex 3 3 3 
usemtl m6
vt 0.000000 0.729492 0.0
vt 0.999512 0.001953 0.0
vt 1.000000 0.729492 0.0
v 11.000000 105.077766 541.821533
#joint 33
#vjoint 55
v 11.000000 105.077766 470.821533
#joint 33
#vjoint 56
v 11.000000 135.077774 459.821533
#joint 33
#vjoint 57
f 55/139 56/140 57/141
#fvcolorindex 3 3 3 
vt 0.000000 0.738281 0.0
vt 0.000000 0.000000 0.0
vt 1.000000 0.738281 0.0
v 11.000000 135.077774 339.821533
#joint 33
#vjoint 58
v 11.000000 105.077766 327.821533
#joint 33
#vjoint 59
v 11.000000 105.077766 260.821533
#joint 33
#vjoint 60
f 58/142 59/143 60/144
#fvcolorindex 3 3 3 
vt 0.751953 0.728516 0.0
vt 0.199219 0.728516 0.0
vt 0.199219 0.000000 0.0
v -11.000000 135.077774 459.821533
#joint 33
#vjoint 61
f 61/145 57/146 56/147
#fvcolorindex 3 3 3 
vt 0.751953 0.728516 0.0
vt 0.199219 0.000000 0.0
vt 0.751953 0.000000 0.0
v -11.000000 105.077766 470.821533
#joint 33
#vjoint 62
f 61/148 56/149 62/150
#fvcolorindex 3 3 3 
vt 1.000000 0.729492 0.0
vt 0.999512 0.001953 0.0
vt 0.000000 0.729492 0.0
v -11.000000 105.077766 541.821533
#joint 33
#vjoint 63
f 61/151 62/152 63/153
#fvcolorindex 3 3 3 
vt 1.000000 0.738281 0.0
vt 0.000000 0.000000 0.0
vt 0.000000 0.738281 0.0
v -11.000000 105.077766 260.821533
#joint 33
#vjoint 64
v -11.000000 105.077766 327.821533
#joint 33
#vjoint 65
v -11.000000 135.077774 339.821533
#joint 33
#vjoint 66
f 64/154 65/155 66/156
#fvcolorindex 3 3 3 
vt 0.000000 0.685547 0.0
vt 0.000000 0.861328 0.0
vt 0.986816 0.861328 0.0
v -15.000000 71.077766 661.821533
#joint 33
#vjoint 67
v -11.000000 82.077766 661.821533
#joint 33
#vjoint 68
v -11.000000 82.077766 541.821533
#joint 33
#vjoint 69
f 67/157 68/158 69/159
#fvcolorindex 3 3 3 
vt 0.000000 0.685547 0.0
vt 0.986816 0.861328 0.0
vt 0.986816 0.685547 0.0
v -15.000000 71.077766 541.821533
#joint 33
#vjoint 70
f 67/160 69/161 70/162
#fvcolorindex 3 3 3 
vt 0.000000 0.861328 0.0
vt 0.000000 0.934570 0.0
vt 0.986816 0.934570 0.0
v 0.000000 86.077766 661.821533
#joint 33
#vjoint 71
v 0.000000 86.077766 541.821533
#joint 33
#vjoint 72
f 68/163 71/164 72/165
#fvcolorindex 3 3 3 
vt 0.000000 0.861328 0.0
vt 0.986816 0.934570 0.0
vt 0.986816 0.861328 0.0
f 68/166 72/167 69/168
#fvcolorindex 3 3 3 
vt 0.012695 0.939453 0.0
vt 0.011719 0.863281 0.0
vt 0.999023 0.863281 0.0
v 11.000000 82.077766 661.821533
#joint 33
#vjoint 73
v 11.000000 82.077766 541.821533
#joint 33
#vjoint 74
f 71/169 73/170 74/171
#fvcolorindex 3 3 3 
vt 0.012695 0.939453 0.0
vt 0.999023 0.863281 0.0
vt 1.000000 0.939453 0.0
f 71/172 74/173 72/174
#fvcolorindex 3 3 3 
vt 0.996094 0.677734 0.0
vt 0.999023 0.863281 0.0
vt 0.011719 0.863281 0.0
v 15.000000 71.077766 541.821533
#joint 33
#vjoint 75
f 75/175 74/176 73/177
#fvcolorindex 3 3 3 
vt 0.996094 0.677734 0.0
vt 0.011719 0.863281 0.0
vt 0.008789 0.677734 0.0
v 15.000000 71.077766 661.821533
#joint 33
#vjoint 76
f 75/178 73/179 76/180
#fvcolorindex 3 3 3 
vt 0.709473 0.374023 0.0
vt 0.000000 0.374023 0.0
vt 0.000000 0.685547 0.0
v -15.000000 53.077766 575.821533
#joint 33
#vjoint 77
v -15.000000 53.077766 661.821533
#joint 33
#vjoint 78
f 77/181 78/182 67/183
#fvcolorindex 3 3 3 
vt 0.709473 0.374023 0.0
vt 0.000000 0.685547 0.0
vt 0.986816 0.685547 0.0
f 77/184 67/185 70/186
#fvcolorindex 3 3 3 
vt 0.996094 0.677734 0.0
vt 0.008789 0.677734 0.0
vt 0.004395 0.349609 0.0
v 15.000000 53.077766 661.821533
#joint 33
#vjoint 79
f 75/187 76/188 79/189
#fvcolorindex 3 3 3 
vt 0.996094 0.677734 0.0
vt 0.004395 0.349609 0.0
vt 0.713867 0.349609 0.0
v 15.000000 53.077766 575.821533
#joint 33
#vjoint 80
f 75/190 79/191 80/192
#fvcolorindex 3 3 3 
vt 0.986816 0.374023 0.0
vt 0.709473 0.374023 0.0
vt 0.986816 0.685547 0.0
v -15.000000 53.077766 541.821533
#joint 33
#vjoint 81
f 81/193 77/194 70/195
#fvcolorindex 3 3 3 
vt 0.996094 0.677734 0.0
vt 0.713867 0.349609 0.0
vt 0.991211 0.349609 0.0
v 15.000000 53.077766 541.821533
#joint 33
#vjoint 82
f 75/196 80/197 82/198
#fvcolorindex 3 3 3 
vt 0.000000 0.374023 0.0
vt 0.709473 0.374023 0.0
vt 0.493164 0.000000 0.0
v 0.000000 30.077768 601.821533
#joint 33
#vjoint 83
f 78/199 77/200 83/201
#fvcolorindex 3 3 3 
vt 0.000000 0.374023 0.0
vt 0.493164 0.000000 0.0
vt 0.000000 0.000000 0.0
v 0.000000 30.077768 661.821533
#joint 33
#vjoint 84
f 78/202 83/203 84/204
#fvcolorindex 3 3 3 
vt -0.001465 -0.043945 0.0
vt 0.492188 -0.043945 0.0
vt 0.713867 0.349609 0.0
f 84/205 83/206 80/207
#fvcolorindex 3 3 3 
vt -0.001465 -0.043945 0.0
vt 0.713867 0.349609 0.0
vt 0.004395 0.349609 0.0
f 84/208 80/209 79/210
#fvcolorindex 3 3 3 
usemtl m7
vt 0.673828 0.086914 0.0
vt -0.816406 0.086914 0.0
vt 0.521484 0.652344 0.0
v -6.000000 150.077774 474.821533
#joint 33
#vjoint 85
f 61/211 63/212 85/213
#fvcolorindex 3 3 3 
vt -2.037109 0.000000 0.0
vt -2.364258 0.556641 0.0
vt 0.991211 0.556641 0.0
v -6.000000 150.077774 320.821533
#joint 33
#vjoint 86
f 61/214 85/215 86/216
#fvcolorindex 3 3 3 
vt -2.037109 0.000000 0.0
vt 0.991211 0.556641 0.0
vt 0.582031 0.000000 0.0
f 61/217 86/218 66/219
#fvcolorindex 3 3 3 
vt -2.373047 0.008789 0.0
vt -2.000000 0.741211 0.0
vt 0.186523 0.016602 0.0
f 66/220 86/221 64/222
#fvcolorindex 3 3 3 
vt 3.176758 0.049805 0.0
vt 1.000000 0.500977 0.0
vt 1.000000 0.955078 0.0
v 6.000000 150.077774 320.821533
#joint 33
#vjoint 87
f 64/223 86/224 87/225
#fvcolorindex 3 3 3 
vt 3.176758 0.049805 0.0
vt 1.000000 0.955078 0.0
vt 3.175781 0.958008 0.0
f 64/226 87/227 60/228
#fvcolorindex 3 3 3 
vt 0.128906 0.431641 0.0
vt 0.128906 0.950195 0.0
vt 3.510742 0.950195 0.0
v 6.000000 150.077774 474.821533
#joint 33
#vjoint 88
f 85/229 88/230 87/231
#fvcolorindex 3 3 3 
vt 0.128906 0.431641 0.0
vt 3.510742 0.950195 0.0
vt 3.510742 0.431641 0.0
f 85/232 87/233 86/234
#fvcolorindex 3 3 3 
vt -0.324219 0.896484 0.0
vt 1.085938 0.260742 0.0
vt 1.024414 0.885742 0.0
f 55/235 57/236 88/237
#fvcolorindex 3 3 3 
vt 0.130859 0.948242 0.0
vt 0.460938 0.000000 0.0
vt 3.098633 0.000000 0.0
f 88/238 57/239 58/240
#fvcolorindex 3 3 3 
vt 0.130859 0.948242 0.0
vt 3.098633 0.000000 0.0
vt 3.510742 0.948242 0.0
f 88/241 58/242 87/243
#fvcolorindex 3 3 3 
vt 1.668945 0.373047 0.0
vt 1.668945 0.990234 0.0
vt 3.025391 0.835938 0.0
f 63/244 55/245 88/246
#fvcolorindex 3 3 3 
vt 1.668945 0.373047 0.0
vt 3.025391 0.835938 0.0
vt 3.025391 0.527344 0.0
f 63/247 88/248 85/249
#fvcolorindex 3 3 3 
vt -0.000977 0.967773 0.0
vt -0.370117 -0.005859 0.0
vt 2.180664 0.778320 0.0
f 87/250 58/251 60/252
#fvcolorindex 3 3 3 
usemtl m8
vt 0.630859 -0.833984 0.0
vt 0.999023 -0.729492 0.0
vt 1.000977 0.635742 0.0
v 19.000000 -33.922234 129.821533
#joint 33
#vjoint 89
v 19.000000 -14.922232 136.821533
#joint 33
#vjoint 90
v 19.000000 -14.922232 234.821533
#joint 33
#vjoint 91
f 89/253 90/254 91/255
#fvcolorindex 3 3 3 
vt 0.630859 -0.833984 0.0
vt 1.000977 0.635742 0.0
vt 0.632812 0.748047 0.0
v 19.000000 -33.922234 242.821533
#joint 33
#vjoint 92
f 89/256 91/257 92/258
#fvcolorindex 3 3 3 
vt 0.632812 0.748047 0.0
vt 1.000977 0.635742 0.0
vt 0.999023 -0.729492 0.0
v -19.000000 -33.922234 242.821533
#joint 33
#vjoint 93
v -19.000000 -14.922232 234.821533
#joint 33
#vjoint 94
v -19.000000 -14.922232 136.821533
#joint 33
#vjoint 95
f 93/259 94/260 95/261
#fvcolorindex 3 3 3 
vt 0.632812 0.748047 0.0
vt 0.999023 -0.729492 0.0
vt 0.630859 -0.833984 0.0
v -19.000000 -33.922234 129.821533
#joint 33
#vjoint 96
f 93/262 95/263 96/264
#fvcolorindex 3 3 3 
usemtl m9
vt 3.666504 0.891602 0.0
vt 2.714355 0.000000 0.0
vt 0.904785 0.000000 0.0
v -19.000000 98.077766 252.821533
#joint 33
#vjoint 97
v -19.000000 53.077766 327.821533
#joint 33
#vjoint 98
v -19.000000 53.077766 470.821533
#joint 33
#vjoint 99
f 97/265 98/266 99/267
#fvcolorindex 3 3 3 
vt 3.666504 0.891602 0.0
vt 0.904785 0.000000 0.0
vt 0.000000 0.891602 0.0
v -19.000000 98.077766 541.821533
#joint 33
#vjoint 100
f 97/268 99/269 100/270
#fvcolorindex 3 3 3 
vt 3.666504 0.891602 0.0
vt 4.428711 0.000000 0.0
vt 2.714355 0.000000 0.0
v -19.000000 53.077766 192.821533
#joint 33
#vjoint 101
f 97/271 101/272 98/273
#fvcolorindex 3 3 3 
vt 0.000000 0.000000 0.0
vt 1.076172 0.000000 0.0
vt 1.260254 0.838867 0.0
v 30.000000 -33.922234 500.821533
#joint 33
#vjoint 102
v 30.000000 -33.922234 369.821533
#joint 33
#vjoint 103
v 30.000000 19.077768 346.821533
#joint 33
#vjoint 104
f 102/274 103/275 104/276
#fvcolorindex 3 3 3 
vt 0.000000 0.000000 0.0
vt 1.260254 0.838867 0.0
vt 0.184570 0.838867 0.0
v 30.000000 19.077768 477.821533
#joint 33
#vjoint 105
f 102/277 104/278 105/279
#fvcolorindex 3 3 3 
vt 1.168457 0.000000 0.0
vt 1.352539 0.838867 0.0
vt 1.260254 0.838867 0.0
v 19.000000 -33.922234 357.821533
#joint 33
#vjoint 106
v 19.000000 19.077768 335.821533
#joint 33
#vjoint 107
f 106/280 107/281 104/282
#fvcolorindex 3 3 3 
vt 1.168457 0.000000 0.0
vt 1.260254 0.838867 0.0
vt 1.076172 0.000000 0.0
f 106/283 104/284 103/285
#fvcolorindex 3 3 3 
vt 1.352539 0.838867 0.0
vt 1.168457 0.000000 0.0
vt 1.383301 0.000000 0.0
v 19.000000 -33.922234 331.821533
#joint 33
#vjoint 108
f 107/286 106/287 108/288
#fvcolorindex 3 3 3 
vt 1.352539 0.838867 0.0
vt 1.383301 0.000000 0.0
vt 1.567871 0.838867 0.0
v 19.000000 19.077768 309.821533
#joint 33
#vjoint 109
f 107/289 108/290 109/291
#fvcolorindex 3 3 3 
vt 0.090820 0.847656 0.0
vt -0.090820 0.000000 0.0
vt 0.000000 0.000000 0.0
v 30.000000 -33.922234 320.821533
#joint 33
#vjoint 110
f 109/292 108/293 110/294
#fvcolorindex 3 3 3 
vt 0.090820 0.847656 0.0
vt 0.000000 0.000000 0.0
vt 0.181641 0.847656 0.0
v 30.000000 19.077768 297.821533
#joint 33
#vjoint 111
f 109/295 110/296 111/297
#fvcolorindex 3 3 3 
vt 0.181641 0.847656 0.0
vt 0.000000 0.000000 0.0
vt 0.484375 0.000000 0.0
v 30.000000 -33.922234 260.821533
#joint 33
#vjoint 112
f 111/298 110/299 112/300
#fvcolorindex 3 3 3 
vt 0.181641 0.847656 0.0
vt 0.484375 0.000000 0.0
vt 0.601074 0.544922 0.0
v 30.000000 0.077768 245.821533
#joint 33
#vjoint 113
f 111/301 112/302 113/303
#fvcolorindex 3 3 3 
vt 0.184570 0.838867 0.0
vt 1.260254 0.838867 0.0
vt 1.260254 1.018555 0.0
v 19.000000 30.077768 346.821533
#joint 33
#vjoint 114
f 105/304 104/305 114/306
#fvcolorindex 3 3 3 
vt 0.184570 0.838867 0.0
vt 1.260254 1.018555 0.0
vt 0.215332 1.018555 0.0
v 19.000000 30.077768 474.821533
#joint 33
#vjoint 115
f 105/307 114/308 115/309
#fvcolorindex 3 3 3 
vt 1.573730 0.544922 0.0
vt 1.361816 0.847656 0.0
vt 0.181641 0.847656 0.0
v 30.000000 0.077768 125.821533
#joint 33
#vjoint 116
v 30.000000 19.077768 151.821533
#joint 33
#vjoint 117
f 116/310 117/311 111/312
#fvcolorindex 3 3 3 
vt 1.573730 0.544922 0.0
vt 0.181641 0.847656 0.0
vt 0.601074 0.544922 0.0
f 116/313 111/314 113/315
#fvcolorindex 3 3 3 
vt 0.626953 0.000000 0.0
vt 0.691895 0.302734 0.0
vt 0.601074 0.544922 0.0
f 92/316 91/317 113/318
#fvcolorindex 3 3 3 
vt 0.626953 0.000000 0.0
vt 0.601074 0.544922 0.0
vt 0.484375 0.000000 0.0
f 92/319 113/320 112/321
#fvcolorindex 3 3 3 
vt 1.482910 0.302734 0.0
vt 1.573730 0.544922 0.0
vt 0.601074 0.544922 0.0
f 90/322 116/323 113/324
#fvcolorindex 3 3 3 
vt 1.482910 0.302734 0.0
vt 0.601074 0.544922 0.0
vt 0.691895 0.302734 0.0
f 90/325 113/326 91/327
#fvcolorindex 3 3 3 
vt 1.543457 0.000000 0.0
vt 1.694824 0.000000 0.0
vt 1.573730 0.544922 0.0
v 30.000000 -33.922234 110.821533
#joint 33
#vjoint 118
f 89/328 118/329 116/330
#fvcolorindex 3 3 3 
vt 1.543457 0.000000 0.0
vt 1.573730 0.544922 0.0
vt 1.482910 0.302734 0.0
f 89/331 116/332 90/333
#fvcolorindex 3 3 3 
vt 1.260254 1.018555 0.0
vt 1.352539 0.838867 0.0
vt 1.567871 0.838867 0.0
f 114/334 107/335 109/336
#fvcolorindex 3 3 3 
vt 1.260254 1.018555 0.0
vt 1.567871 0.838867 0.0
vt 1.660156 1.018555 0.0
v 19.000000 30.077768 297.821533
#joint 33
#vjoint 119
f 114/337 109/338 119/339
#fvcolorindex 3 3 3 
vt 0.181641 1.029297 0.0
vt 0.181641 0.847656 0.0
vt 1.361816 0.847656 0.0
f 119/340 111/341 117/342
#fvcolorindex 3 3 3 
vt 0.181641 1.029297 0.0
vt 1.361816 0.847656 0.0
vt 1.301270 1.029297 0.0
v 19.000000 30.077768 159.821533
#joint 33
#vjoint 120
f 119/343 117/344 120/345
#fvcolorindex 3 3 3 
vt 0.000000 0.000000 0.0
vt 1.344238 0.937500 0.0
vt 0.013672 0.909180 0.0
v 19.000000 -70.922234 384.821533
#joint 33
#vjoint 121
f 103/346 102/347 121/348
#fvcolorindex 3 3 3 
vt 0.333496 0.000000 0.0
vt 0.433105 0.127930 0.0
vt 0.333496 0.905273 0.0
f 106/349 103/350 121/351
#fvcolorindex 3 3 3 
vt 1.260254 0.838867 0.0
vt 1.352539 0.838867 0.0
vt 1.260254 1.018555 0.0
f 104/352 107/353 114/354
#fvcolorindex 3 3 3 
vt 0.181641 1.029297 0.0
vt 0.090820 0.847656 0.0
vt 0.181641 0.847656 0.0
f 119/355 109/356 111/357
#fvcolorindex 3 3 3 
vt 0.000000 0.000000 0.0
vt 0.333496 0.000000 0.0
vt 0.333496 0.905273 0.0
v -19.000000 -33.922234 357.821533
#joint 33
#vjoint 122
f 122/358 106/359 121/360
#fvcolorindex 3 3 3 
vt 0.000000 0.000000 0.0
vt 0.333496 0.905273 0.0
vt 0.000000 0.905273 0.0
v -19.000000 -70.922234 384.821533
#joint 33
#vjoint 123
f 122/361 121/362 123/363
#fvcolorindex 3 3 3 
vt 1.000000 0.000000 0.0
vt 1.095215 0.517578 0.0
vt 1.000000 0.666016 0.0
v 19.000000 53.077766 462.821533
#joint 33
#vjoint 124
v 11.000000 79.077766 455.821533
#joint 33
#vjoint 125
v 19.000000 86.077766 462.821533
#joint 33
#vjoint 126
f 124/364 125/365 126/366
#fvcolorindex 3 3 3 
vt 2.238281 0.517578 0.0
vt 2.333496 0.666016 0.0
vt 1.000000 0.666016 0.0
v 11.000000 79.077766 365.821533
#joint 33
#vjoint 127
v 19.000000 86.077766 357.821533
#joint 33
#vjoint 128
f 127/367 128/368 126/369
#fvcolorindex 3 3 3 
vt 2.238281 0.517578 0.0
vt 1.000000 0.666016 0.0
vt 1.095215 0.517578 0.0
f 127/370 126/371 125/372
#fvcolorindex 3 3 3 
vt 2.333496 0.000000 0.0
vt 2.333496 0.666016 0.0
vt 2.238281 0.517578 0.0
v 19.000000 53.077766 357.821533
#joint 33
#vjoint 129
f 129/373 128/374 127/375
#fvcolorindex 3 3 3 
vt 1.000000 0.000000 0.0
vt 1.000000 0.668945 0.0
vt 0.000000 0.891602 0.0
v 19.000000 98.077766 541.821533
#joint 33
#vjoint 130
f 124/376 126/377 130/378
#fvcolorindex 3 3 3 
vt 1.000000 0.000000 0.0
vt 0.000000 0.891602 0.0
vt 0.000000 0.000000 0.0
v 19.000000 53.077766 541.821533
#joint 33
#vjoint 131
f 124/379 130/380 131/381
#fvcolorindex 3 3 3 
vt 0.000000 0.891602 0.0
vt 1.000000 0.668945 0.0
vt 2.333496 0.668945 0.0
f 130/382 126/383 128/384
#fvcolorindex 3 3 3 
vt 0.000000 0.891602 0.0
vt 2.333496 0.668945 0.0
vt 3.666504 0.891602 0.0
v 19.000000 98.077766 252.821533
#joint 33
#vjoint 132
f 130/385 128/386 132/387
#fvcolorindex 3 3 3 
vt 0.221191 0.883789 0.0
vt 0.000000 0.883789 0.0
vt 0.000000 0.000000 0.0
v 19.000000 53.077766 192.821533
#joint 33
#vjoint 133
f 97/388 132/389 133/390
#fvcolorindex 3 3 3 
vt 0.221191 0.883789 0.0
vt 0.000000 0.000000 0.0
vt 0.221191 0.000000 0.0
f 97/391 133/392 101/393
#fvcolorindex 3 3 3 
vt 0.000000 0.000000 0.0
vt 0.000488 1.000000 0.0
vt 1.200684 1.000000 0.0
v 19.000000 53.077766 147.821533
#joint 33
#vjoint 134
f 101/394 133/395 134/396
#fvcolorindex 3 3 3 
vt 0.000000 0.000000 0.0
vt 1.200684 1.000000 0.0
vt 1.200195 0.000000 0.0
v -19.000000 53.077766 147.821533
#joint 33
#vjoint 135
f 101/397 134/398 135/399
#fvcolorindex 3 3 3 
vt 0.639648 0.965820 0.0
vt 0.686035 0.000000 0.0
vt 0.686035 0.948242 0.0
v 19.000000 30.077768 575.821533
#joint 33
#vjoint 136
v 19.000000 53.077766 575.821533
#joint 33
#vjoint 137
f 80/400 136/401 137/402
#fvcolorindex 3 3 3 
vt 0.000000 0.000000 0.0
vt 0.686035 0.000000 0.0
vt 0.639648 0.965820 0.0
f 83/403 136/404 80/405
#fvcolorindex 3 3 3 
vt 0.000000 0.000000 0.0
vt 0.000000 0.891602 0.0
vt 0.904785 0.000000 0.0
v -19.000000 53.077766 541.821533
#joint 33
#vjoint 138
f 138/406 100/407 99/408
#fvcolorindex 3 3 3 
vt 1.482910 0.302734 0.0
vt 1.573730 0.544922 0.0
vt 1.694824 0.000000 0.0
v -30.000000 0.077768 125.821533
#joint 33
#vjoint 139
v -30.000000 -33.922234 110.821533
#joint 33
#vjoint 140
f 95/409 139/410 140/411
#fvcolorindex 3 3 3 
vt 1.482910 0.302734 0.0
vt 1.694824 0.000000 0.0
vt 1.543457 0.000000 0.0
f 95/412 140/413 96/414
#fvcolorindex 3 3 3 
vt 0.691895 0.302734 0.0
vt 0.601074 0.544922 0.0
vt 1.573730 0.544922 0.0
v -30.000000 0.077768 245.821533
#joint 33
#vjoint 141
f 94/415 141/416 139/417
#fvcolorindex 3 3 3 
vt 0.691895 0.302734 0.0
vt 1.573730 0.544922 0.0
vt 1.482910 0.302734 0.0
f 94/418 139/419 95/420
#fvcolorindex 3 3 3 
vt 0.484375 0.000000 0.0
vt 0.601074 0.544922 0.0
vt 0.691895 0.302734 0.0
v -30.000000 -33.922234 260.821533
#joint 33
#vjoint 142
f 142/421 141/422 94/423
#fvcolorindex 3 3 3 
vt 0.484375 0.000000 0.0
vt 0.691895 0.302734 0.0
vt 0.626953 0.000000 0.0
f 142/424 94/425 93/426
#fvcolorindex 3 3 3 
vt 0.601074 0.544922 0.0
vt 0.181641 0.847656 0.0
vt 1.361816 0.847656 0.0
v -30.000000 19.077768 297.821533
#joint 33
#vjoint 143
v -30.000000 19.077768 151.821533
#joint 33
#vjoint 144
f 141/427 143/428 144/429
#fvcolorindex 3 3 3 
vt 0.601074 0.544922 0.0
vt 1.361816 0.847656 0.0
vt 1.573730 0.544922 0.0
f 141/430 144/431 139/432
#fvcolorindex 3 3 3 
vt 0.601074 0.544922 0.0
vt 0.484375 0.000000 0.0
vt 0.000000 0.000000 0.0
v -30.000000 -33.922234 320.821533
#joint 33
#vjoint 145
f 141/433 142/434 145/435
#fvcolorindex 3 3 3 
vt 0.601074 0.544922 0.0
vt 0.000000 0.000000 0.0
vt 0.181641 0.847656 0.0
f 141/436 145/437 143/438
#fvcolorindex 3 3 3 
vt 1.301270 1.029297 0.0
vt 1.361816 0.847656 0.0
vt 0.181641 0.847656 0.0
v -19.000000 30.077768 159.821533
#joint 33
#vjoint 146
f 146/439 144/440 143/441
#fvcolorindex 3 3 3 
vt 1.301270 1.029297 0.0
vt 0.181641 0.847656 0.0
vt 0.181641 1.029297 0.0
v -19.000000 30.077768 297.821533
#joint 33
#vjoint 147
f 146/442 143/443 147/444
#fvcolorindex 3 3 3 
vt 0.181641 0.847656 0.0
vt 0.000000 0.000000 0.0
vt -0.090820 0.000000 0.0
v -19.000000 -33.922234 331.821533
#joint 33
#vjoint 148
f 143/445 145/446 148/447
#fvcolorindex 3 3 3 
vt 0.181641 0.847656 0.0
vt -0.090820 0.000000 0.0
vt 0.090820 0.847656 0.0
v -19.000000 19.077768 309.821533
#joint 33
#vjoint 149
f 143/448 148/449 149/450
#fvcolorindex 3 3 3 
vt 0.181641 0.847656 0.0
vt 0.090820 0.847656 0.0
vt 0.181641 1.029297 0.0
f 143/451 149/452 147/453
#fvcolorindex 3 3 3 
vt 1.567871 0.838867 0.0
vt 1.383301 0.000000 0.0
vt 1.168457 0.000000 0.0
f 149/454 148/455 122/456
#fvcolorindex 3 3 3 
vt 1.567871 0.838867 0.0
vt 1.168457 0.000000 0.0
vt 1.352539 0.838867 0.0
v -19.000000 19.077768 335.821533
#joint 33
#vjoint 150
f 149/457 122/458 150/459
#fvcolorindex 3 3 3 
vt 1.660156 1.018555 0.0
vt 1.567871 0.838867 0.0
vt 1.352539 0.838867 0.0
f 147/460 149/461 150/462
#fvcolorindex 3 3 3 
vt 1.660156 1.018555 0.0
vt 1.352539 0.838867 0.0
vt 1.260254 1.018555 0.0
v -19.000000 30.077768 346.821533
#joint 33
#vjoint 151
f 147/463 150/464 151/465
#fvcolorindex 3 3 3 
vt 1.260254 1.018555 0.0
vt 1.352539 0.838867 0.0
vt 1.260254 0.838867 0.0
v -30.000000 19.077768 346.821533
#joint 33
#vjoint 152
f 151/466 150/467 152/468
#fvcolorindex 3 3 3 
vt 1.076172 0.000000 0.0
vt 1.260254 0.838867 0.0
vt 1.352539 0.838867 0.0
v -30.000000 -33.922234 369.821533
#joint 33
#vjoint 153
f 153/469 152/470 150/471
#fvcolorindex 3 3 3 
vt 1.076172 0.000000 0.0
vt 1.352539 0.838867 0.0
vt 1.168457 0.000000 0.0
f 153/472 150/473 122/474
#fvcolorindex 3 3 3 
vt 0.333496 0.905273 0.0
vt 0.433105 0.127930 0.0
vt 0.333496 0.000000 0.0
f 123/475 153/476 122/477
#fvcolorindex 3 3 3 
vt 0.013672 0.909180 0.0
vt 1.344238 0.937500 0.0
vt 0.000000 0.000000 0.0
v -30.000000 -33.922234 500.821533
#joint 33
#vjoint 154
f 123/478 154/479 153/480
#fvcolorindex 3 3 3 
vt 0.184570 0.838867 0.0
vt 1.260254 0.838867 0.0
vt 1.076172 0.000000 0.0
v -30.000000 19.077768 477.821533
#joint 33
#vjoint 155
f 155/481 152/482 153/483
#fvcolorindex 3 3 3 
vt 0.184570 0.838867 0.0
vt 1.076172 0.000000 0.0
vt 0.000000 0.000000 0.0
f 155/484 153/485 154/486
#fvcolorindex 3 3 3 
vt 0.215332 1.018555 0.0
vt 1.260254 1.018555 0.0
vt 1.260254 0.838867 0.0
v -19.000000 30.077768 474.821533
#joint 33
#vjoint 156
f 156/487 151/488 152/489
#fvcolorindex 3 3 3 
vt 0.215332 1.018555 0.0
vt 1.260254 0.838867 0.0
vt 0.184570 0.838867 0.0
f 156/490 152/491 155/492
#fvcolorindex 3 3 3 
vt 0.639648 0.965820 0.0
vt 0.686035 0.000000 0.0
vt 0.000000 0.000000 0.0
v -19.000000 30.077768 575.821533
#joint 33
#vjoint 157
f 77/493 157/494 83/495
#fvcolorindex 3 3 3 
vt 0.686035 0.948242 0.0
vt 0.686035 0.000000 0.0
vt 0.639648 0.965820 0.0
v -19.000000 53.077766 575.821533
#joint 33
#vjoint 158
f 158/496 157/497 77/498
#fvcolorindex 3 3 3 
vt 0.000000 0.255859 0.0
vt 0.971191 0.255859 0.0
vt 1.000000 0.000000 0.0
v 15.000000 -29.922232 721.821533
#joint 33
#vjoint 159
v 15.000000 -29.922232 611.821533
#joint 33
#vjoint 160
v 23.000000 -21.922232 607.821533
#joint 33
#vjoint 161
f 159/499 160/500 161/501
#fvcolorindex 3 3 3 
vt 0.000000 0.255859 0.0
vt 1.000000 0.000000 0.0
vt 0.000000 0.000000 0.0
v 23.000000 -21.922232 721.821533
#joint 33
#vjoint 162
f 159/502 161/503 162/504
#fvcolorindex 3 3 3 
vt 0.679688 0.745117 0.0
vt 0.679688 1.000977 0.0
vt 0.377930 1.000977 0.0
v -19.000000 19.077768 477.821533
#joint 33
#vjoint 163
v -19.000000 30.077768 489.821533
#joint 33
#vjoint 164
v 19.000000 30.077768 489.821533
#joint 33
#vjoint 165
f 163/505 164/506 165/507
#fvcolorindex 3 3 3 
vt 0.679688 0.745117 0.0
vt 0.377930 1.000977 0.0
vt 0.377930 0.745117 0.0
v 19.000000 19.077768 477.821533
#joint 33
#vjoint 166
f 163/508 165/509 166/510
#fvcolorindex 3 3 3 
vt 0.000000 0.000000 0.0
vt 0.333496 0.000000 0.0
vt 0.333496 0.917969 0.0
v -19.000000 -33.922234 500.821533
#joint 33
#vjoint 167
v 19.000000 -33.922234 500.821533
#joint 33
#vjoint 168
v 19.000000 -70.922234 526.821533
#joint 33
#vjoint 169
f 167/511 168/512 169/513
#fvcolorindex 3 3 3 
vt 0.000000 0.000000 0.0
vt 0.333496 0.917969 0.0
vt 0.000000 0.917969 0.0
v -19.000000 -70.922234 526.821533
#joint 33
#vjoint 170
f 167/514 169/515 170/516
#fvcolorindex 3 3 3 
vt 0.427246 0.835938 0.0
vt 0.583496 0.822266 0.0
vt 0.388184 0.987305 0.0
v 30.000000 19.077768 489.821533
#joint 33
#vjoint 171
f 171/517 166/518 165/519
#fvcolorindex 3 3 3 
vt 0.333496 0.000000 0.0
vt 0.433105 0.129883 0.0
vt 0.333496 0.917969 0.0
v 30.000000 -33.922234 511.821533
#joint 33
#vjoint 172
f 168/520 172/521 169/522
#fvcolorindex 3 3 3 
vt 0.000000 0.000000 0.0
vt 1.008301 0.886719 0.0
vt -0.021973 0.911133 0.0
v 30.000000 -33.922234 612.821533
#joint 33
#vjoint 173
f 172/523 173/524 169/525
#fvcolorindex 3 3 3 
vt 0.178223 0.831055 0.0
vt 0.979492 0.831055 0.0
vt 0.979492 1.008789 0.0
v 30.000000 19.077768 590.821533
#joint 33
#vjoint 174
f 174/526 171/527 165/528
#fvcolorindex 3 3 3 
vt 0.178223 0.831055 0.0
vt 0.979492 1.008789 0.0
vt 0.237305 1.008789 0.0
v 19.000000 30.077768 582.821533
#joint 33
#vjoint 175
f 174/529 165/530 175/531
#fvcolorindex 3 3 3 
vt 0.890137 0.000000 0.0
vt 1.068359 0.831055 0.0
vt 0.979492 0.831055 0.0
f 168/532 166/533 171/534
#fvcolorindex 3 3 3 
vt 0.890137 0.000000 0.0
vt 0.979492 0.831055 0.0
vt 0.801270 0.000000 0.0
f 168/535 171/536 172/537
#fvcolorindex 3 3 3 
vt 0.000000 0.000000 0.0
vt 1.000000 0.000000 0.0
vt 0.971191 0.255859 0.0
v -22.000000 -21.922232 721.821533
#joint 33
#vjoint 176
v -22.000000 -21.922232 607.821533
#joint 33
#vjoint 177
v -15.000000 -29.922232 611.821533
#joint 33
#vjoint 178
f 176/538 177/539 178/540
#fvcolorindex 3 3 3 
vt 0.000000 0.000000 0.0
vt 0.971191 0.255859 0.0
vt 0.000000 0.255859 0.0
v -15.000000 -29.922232 721.821533
#joint 33
#vjoint 179
f 176/541 178/542 179/543
#fvcolorindex 3 3 3 
vt 0.333496 0.917969 0.0
vt 0.433105 0.129883 0.0
vt 0.333496 0.000000 0.0
v -30.000000 -33.922234 511.821533
#joint 33
#vjoint 180
f 170/544 180/545 167/546
#fvcolorindex 3 3 3 
vt 0.801270 0.000000 0.0
vt 0.979492 0.831055 0.0
vt 1.068359 0.831055 0.0
v -30.000000 19.077768 489.821533
#joint 33
#vjoint 181
f 180/547 181/548 163/549
#fvcolorindex 3 3 3 
vt 0.801270 0.000000 0.0
vt 1.068359 0.831055 0.0
vt 0.890137 0.000000 0.0
f 180/550 163/551 167/552
#fvcolorindex 3 3 3 
vt 0.388184 0.987305 0.0
vt 0.583496 0.822266 0.0
vt 0.427246 0.835938 0.0
f 164/553 163/554 181/555
#fvcolorindex 3 3 3 
vt -0.021973 0.911133 0.0
vt 1.008301 0.886719 0.0
vt 0.000000 0.000000 0.0
v -30.000000 -33.922234 612.821533
#joint 33
#vjoint 182
f 170/556 182/557 180/558
#fvcolorindex 3 3 3 
vt 0.237305 1.008789 0.0
vt 0.979492 1.008789 0.0
vt 0.979492 0.831055 0.0
v -19.000000 30.077768 582.821533
#joint 33
#vjoint 183
f 183/559 164/560 181/561
#fvcolorindex 3 3 3 
vt 0.237305 1.008789 0.0
vt 0.979492 0.831055 0.0
vt 0.178223 0.831055 0.0
v -30.000000 19.077768 590.821533
#joint 33
#vjoint 184
f 183/562 181/563 184/564
#fvcolorindex 3 3 3 
vt 0.971191 0.255859 0.0
vt 0.971191 0.255859 0.0
vt 0.000000 0.255859 0.0
v 15.000000 -29.922232 665.821533
#joint 33
#vjoint 185
f 178/565 160/566 185/567
#fvcolorindex 3 3 3 
vt 0.971191 0.255859 0.0
vt 0.000000 0.255859 0.0
vt 0.000000 0.255859 0.0
v -15.000000 -29.922232 665.821533
#joint 33
#vjoint 186
f 178/568 185/569 186/570
#fvcolorindex 3 3 3 
usemtl m10
vt 1.948242 1.012695 0.0
vt -6.103516 1.012695 0.0
vt -4.019531 0.000000 0.0
f 130/571 132/572 59/573
#fvcolorindex 3 3 3 
vt 1.948242 1.012695 0.0
vt -4.019531 0.000000 0.0
vt -0.045898 0.000000 0.0
f 130/574 59/575 56/576
#fvcolorindex 3 3 3 
vt 1.948242 1.012695 0.0
vt -0.045898 0.000000 0.0
vt 1.940430 0.000000 0.0
f 130/577 56/578 55/579
#fvcolorindex 3 3 3 
vt -5.901367 0.000000 0.0
vt -4.019531 0.000000 0.0
vt -6.103516 1.012695 0.0
f 60/580 59/581 132/582
#fvcolorindex 3 3 3 
vt 1.940430 0.000000 0.0
vt -0.045898 0.000000 0.0
vt 1.948242 1.012695 0.0
f 63/583 62/584 100/585
#fvcolorindex 3 3 3 
vt -0.045898 0.000000 0.0
vt -4.019531 0.000000 0.0
vt -6.103516 1.012695 0.0
f 62/586 65/587 97/588
#fvcolorindex 3 3 3 
vt -0.045898 0.000000 0.0
vt -6.103516 1.012695 0.0
vt 1.948242 1.012695 0.0
f 62/589 97/590 100/591
#fvcolorindex 3 3 3 
vt -6.103516 1.012695 0.0
vt -4.019531 0.000000 0.0
vt -5.901367 0.000000 0.0
f 97/592 65/593 64/594
#fvcolorindex 3 3 3 
usemtl m11
vt 0.698242 0.077148 0.0
vt 0.766602 0.520508 0.0
vt 0.951172 0.394531 0.0
v 30.000000 0.077768 65.821533
#joint 33
#vjoint 187
f 187/595 116/596 118/597
#fvcolorindex 3 3 3 
vt 0.698242 0.077148 0.0
vt 0.951172 0.394531 0.0
vt 1.112305 0.269531 0.0
v 30.000000 -63.922234 95.821533
#joint 33
#vjoint 188
f 187/598 118/599 188/600
#fvcolorindex 3 3 3 
vt 0.698242 0.077148 0.0
vt 1.112305 0.269531 0.0
vt 0.980469 -0.000977 0.0
v 30.000000 -48.922234 57.821533
#joint 33
#vjoint 189
f 187/601 188/602 189/603
#fvcolorindex 3 3 3 
vt 0.344727 0.132812 0.0
vt 0.685547 0.723633 0.0
vt 0.766602 0.520508 0.0
v 30.000000 60.077766 69.821533
#joint 33
#vjoint 190
f 190/604 117/605 116/606
#fvcolorindex 3 3 3 
vt 0.344727 0.132812 0.0
vt 0.766602 0.520508 0.0
vt 0.698242 0.077148 0.0
f 190/607 116/608 187/609
#fvcolorindex 3 3 3 
vt 0.079102 0.141602 0.0
vt 0.133789 0.472656 0.0
vt 0.702148 0.713867 0.0
v 19.000000 109.077766 69.821533
#joint 33
#vjoint 191
v 19.000000 109.077766 114.821533
#joint 33
#vjoint 192
f 191/610 192/611 117/612
#fvcolorindex 3 3 3 
vt 0.079102 0.141602 0.0
vt 0.702148 0.713867 0.0
vt 0.362305 0.123047 0.0
f 191/613 117/614 190/615
#fvcolorindex 3 3 3 
vt 0.501953 0.699219 0.0
vt 0.645508 0.773438 0.0
vt 0.702148 0.713867 0.0
f 134/616 120/617 117/618
#fvcolorindex 3 3 3 
vt 0.133789 0.472656 0.0
vt 0.501953 0.699219 0.0
vt 0.702148 0.713867 0.0
f 192/619 134/620 117/621
#fvcolorindex 3 3 3 
vt 0.964844 1.011719 0.0
vt 0.878906 0.853516 0.0
vt 0.642578 0.698242 0.0
f 135/622 134/623 192/624
#fvcolorindex 3 3 3 
vt 0.964844 1.011719 0.0
vt 0.642578 0.698242 0.0
vt 0.728516 0.855469 0.0
v -19.000000 109.077766 114.821533
#joint 33
#vjoint 193
f 135/625 192/626 193/627
#fvcolorindex 3 3 3 
vt 0.604492 0.612305 0.0
vt 0.302734 0.613281 0.0
vt 0.302734 0.366211 0.0
f 193/628 192/629 191/630
#fvcolorindex 3 3 3 
vt 0.604492 0.612305 0.0
vt 0.302734 0.366211 0.0
vt 0.607422 0.365234 0.0
v -19.000000 109.077766 69.821533
#joint 33
#vjoint 194
f 193/631 191/632 194/633
#fvcolorindex 3 3 3 
vt 0.311523 0.029297 0.0
vt 0.690430 0.034180 0.0
vt 0.663086 0.544922 0.0
v -30.000000 60.077766 69.821533
#joint 33
#vjoint 195
v -30.000000 0.077768 65.821533
#joint 33
#vjoint 196
f 195/634 196/635 139/636
#fvcolorindex 3 3 3 
vt 0.311523 0.029297 0.0
vt 0.663086 0.544922 0.0
vt 0.533203 0.756836 0.0
f 195/637 139/638 144/639
#fvcolorindex 3 3 3 
vt 0.311523 0.029297 0.0
vt 0.533203 0.756836 0.0
vt -0.020508 0.382812 0.0
f 195/640 144/641 193/642
#fvcolorindex 3 3 3 
vt 0.311523 0.029297 0.0
vt -0.020508 0.382812 0.0
vt 0.000000 0.000000 0.0
f 195/643 193/644 194/645
#fvcolorindex 3 3 3 
vt 0.881836 0.437500 0.0
vt 0.663086 0.544922 0.0
vt 0.690430 0.034180 0.0
f 140/646 139/647 196/648
#fvcolorindex 3 3 3 
vt 1.000000 0.000000 0.0
vt 1.077148 0.328125 0.0
vt 0.881836 0.437500 0.0
v -30.000000 -48.922234 57.821533
#joint 33
#vjoint 197
v -30.000000 -63.922234 95.821533
#joint 33
#vjoint 198
f 197/649 198/650 140/651
#fvcolorindex 3 3 3 
vt 1.000000 0.000000 0.0
vt 0.881836 0.437500 0.0
vt 0.690430 0.034180 0.0
f 197/652 140/653 196/654
#fvcolorindex 3 3 3 
vt 1.000000 0.000000 0.0
vt 1.016602 0.239258 0.0
vt 0.714844 0.331055 0.0
f 194/655 191/656 190/657
#fvcolorindex 3 3 3 
vt 1.000000 0.000000 0.0
vt 0.714844 0.331055 0.0
vt 0.688477 -0.046875 0.0
f 194/658 190/659 195/660
#fvcolorindex 3 3 3 
vt 0.688477 -0.046875 0.0
vt 0.714844 0.331055 0.0
vt 0.335938 0.356445 0.0
f 195/661 190/662 187/663
#fvcolorindex 3 3 3 
vt 0.688477 -0.046875 0.0
vt 0.335938 0.356445 0.0
vt 0.309570 -0.021484 0.0
f 195/664 187/665 196/666
#fvcolorindex 3 3 3 
vt 0.309570 -0.021484 0.0
vt 0.335938 0.356445 0.0
vt 0.026367 0.377930 0.0
f 196/667 187/668 189/669
#fvcolorindex 3 3 3 
vt 0.309570 -0.021484 0.0
vt 0.026367 0.377930 0.0
vt 0.000000 0.000000 0.0
f 196/670 189/671 197/672
#fvcolorindex 3 3 3 
vt 0.533203 0.756836 0.0
vt 0.318359 0.704102 0.0
vt -0.020508 0.382812 0.0
f 144/673 135/674 193/675
#fvcolorindex 3 3 3 
vt 0.318359 0.704102 0.0
vt 0.533203 0.756836 0.0
vt 0.454102 0.813477 0.0
f 135/676 144/677 146/678
#fvcolorindex 3 3 3 
vt 0.445312 0.622070 0.0
vt 0.201172 0.895508 0.0
vt -0.283203 0.674805 0.0
v 11.000000 -78.922234 264.821533
#joint 33
#vjoint 199
v 11.000000 -74.922234 312.821533
#joint 33
#vjoint 200
v 15.000000 -156.922226 294.821533
#joint 33
#vjoint 201
f 199/679 200/680 201/681
#fvcolorindex 3 3 3 
vt 0.445312 0.622070 0.0
vt -0.283203 0.674805 0.0
vt 0.043945 0.344727 0.0
v 15.000000 -130.922226 234.821533
#joint 33
#vjoint 202
f 199/682 201/683 202/684
#fvcolorindex 3 3 3 
vt 0.201172 0.895508 0.0
vt 0.445312 0.622070 0.0
vt 0.829102 0.698242 0.0
v 15.000000 -33.922234 264.821533
#joint 33
#vjoint 203
f 200/685 199/686 203/687
#fvcolorindex 3 3 3 
vt 0.201172 0.895508 0.0
vt 0.829102 0.698242 0.0
vt 0.733398 1.049805 0.0
v 15.000000 -33.922234 320.821533
#joint 33
#vjoint 204
f 200/688 203/689 204/690
#fvcolorindex 3 3 3 
vt 0.680664 -0.252930 0.0
vt 1.055664 0.194336 0.0
vt 0.823242 0.366211 0.0
v -15.000000 -130.922226 234.821533
#joint 33
#vjoint 205
f 199/691 202/692 205/693
#fvcolorindex 3 3 3 
vt 0.680664 -0.252930 0.0
vt 0.823242 0.366211 0.0
vt 0.505859 -0.124023 0.0
v -11.000000 -78.922234 264.821533
#joint 33
#vjoint 206
f 199/694 205/695 206/696
#fvcolorindex 3 3 3 
vt 0.252930 -0.406250 0.0
vt 0.485352 -0.578125 0.0
vt 0.680664 -0.252930 0.0
v -15.000000 -33.922234 264.821533
#joint 33
#vjoint 207
f 207/697 203/698 199/699
#fvcolorindex 3 3 3 
vt 0.252930 -0.406250 0.0
vt 0.680664 -0.252930 0.0
vt 0.505859 -0.124023 0.0
f 207/700 199/701 206/702
#fvcolorindex 3 3 3 
vt -0.207031 -0.234375 0.0
vt -0.220703 -0.095703 0.0
vt -0.215820 -0.088867 0.0
v 0.000000 -67.922234 312.821533
#joint 33
#vjoint 208
v 0.000000 -59.922234 376.821533
#joint 33
#vjoint 209
v 11.000000 -70.922234 384.821533
#joint 33
#vjoint 210
f 208/703 209/704 210/705
#fvcolorindex 3 3 3 
vt -0.207031 -0.234375 0.0
vt -0.215820 -0.088867 0.0
vt -0.210938 -0.240234 0.0
f 208/706 210/707 200/708
#fvcolorindex 3 3 3 
vt -0.220703 -0.095703 0.0
vt -0.207031 -0.234375 0.0
vt -0.181641 -0.239258 0.0
v -11.000000 -74.922234 312.821533
#joint 33
#vjoint 211
f 209/709 208/710 211/711
#fvcolorindex 3 3 3 
vt -0.220703 -0.095703 0.0
vt -0.181641 -0.239258 0.0
vt -0.186523 -0.087891 0.0
v -11.000000 -70.922234 384.821533
#joint 33
#vjoint 212
f 209/712 211/713 212/714
#fvcolorindex 3 3 3 
vt 0.236328 -0.056641 0.0
vt 0.033203 0.163086 0.0
vt 0.873047 0.802734 0.0
f 205/715 202/716 201/717
#fvcolorindex 3 3 3 
vt 0.236328 -0.056641 0.0
vt 0.873047 0.802734 0.0
vt 1.076172 0.583008 0.0
v -15.000000 -156.922226 294.821533
#joint 33
#vjoint 213
f 205/718 201/719 213/720
#fvcolorindex 3 3 3 
vt 0.733398 1.049805 0.0
vt 0.829102 0.698242 0.0
vt 0.445312 0.622070 0.0
v -15.000000 -33.922234 320.821533
#joint 33
#vjoint 214
f 214/721 207/722 206/723
#fvcolorindex 3 3 3 
vt 0.733398 1.049805 0.0
vt 0.445312 0.622070 0.0
vt 0.201172 0.895508 0.0
f 214/724 206/725 211/726
#fvcolorindex 3 3 3 
vt 0.043945 0.344727 0.0
vt -0.283203 0.674805 0.0
vt 0.201172 0.895508 0.0
f 205/727 213/728 211/729
#fvcolorindex 3 3 3 
vt 0.043945 0.344727 0.0
vt 0.201172 0.895508 0.0
vt 0.445312 0.622070 0.0
f 205/730 211/731 206/732
#fvcolorindex 3 3 3 
vt 0.970703 0.640625 0.0
vt 0.970703 0.856445 0.0
vt 0.671875 0.837891 0.0
v 30.000000 60.077766 661.821533
#joint 33
#vjoint 215
v 21.000000 81.077766 661.821533
#joint 33
#vjoint 216
v 21.000000 81.077766 721.821533
#joint 33
#vjoint 217
f 215/733 216/734 217/735
#fvcolorindex 3 3 3 
vt 0.970703 0.640625 0.0
vt 0.671875 0.837891 0.0
vt 0.671875 0.621094 0.0
v 30.000000 60.077766 721.821533
#joint 33
#vjoint 218
f 215/736 217/737 218/738
#fvcolorindex 3 3 3 
vt 0.671875 0.621094 0.0
vt 0.671875 0.837891 0.0
vt 0.280273 0.758789 0.0
v 16.000000 76.077766 800.821533
#joint 33
#vjoint 219
f 218/739 217/740 219/741
#fvcolorindex 3 3 3 
vt 0.671875 0.621094 0.0
vt 0.280273 0.758789 0.0
vt 0.280273 0.596680 0.0
v 23.000000 60.077766 800.821533
#joint 33
#vjoint 220
f 218/742 219/743 220/744
#fvcolorindex 3 3 3 
vt 0.280273 0.758789 0.0
vt 0.671875 0.837891 0.0
vt 0.671875 0.927734 0.0
v 0.000000 90.077766 721.821533
#joint 33
#vjoint 221
f 219/745 217/746 221/747
#fvcolorindex 3 3 3 
vt 0.280273 0.758789 0.0
vt 0.671875 0.927734 0.0
vt 0.280273 0.826172 0.0
v 0.000000 83.077766 800.821533
#joint 33
#vjoint 222
f 219/748 221/749 222/750
#fvcolorindex 3 3 3 
vt 0.671875 0.927734 0.0
vt 0.671875 0.837891 0.0
vt 0.970703 0.856445 0.0
f 221/751 217/752 216/753
#fvcolorindex 3 3 3 
vt 0.671875 0.927734 0.0
vt 0.970703 0.856445 0.0
vt 0.970703 0.946289 0.0
v 0.000000 90.077766 661.821533
#joint 33
#vjoint 223
f 221/754 216/755 223/756
#fvcolorindex 3 3 3 
vt 0.970703 0.856445 0.0
vt 0.671875 0.837891 0.0
vt 0.671875 0.927734 0.0
v -21.000000 81.077766 661.821533
#joint 33
#vjoint 224
v -21.000000 81.077766 721.821533
#joint 33
#vjoint 225
f 224/757 225/758 221/759
#fvcolorindex 3 3 3 
vt 0.970703 0.856445 0.0
vt 0.671875 0.927734 0.0
vt 0.970703 0.946289 0.0
f 224/760 221/761 223/762
#fvcolorindex 3 3 3 
vt 0.280273 0.758789 0.0
vt 0.280273 0.826172 0.0
vt 0.671875 0.927734 0.0
v -16.000000 76.077766 800.821533
#joint 33
#vjoint 226
f 226/763 222/764 221/765
#fvcolorindex 3 3 3 
vt 0.280273 0.758789 0.0
vt 0.671875 0.927734 0.0
vt 0.671875 0.837891 0.0
f 226/766 221/767 225/768
#fvcolorindex 3 3 3 
vt 0.280273 0.758789 0.0
vt 0.671875 0.837891 0.0
vt 0.671875 0.621094 0.0
v -30.000000 60.077766 721.821533
#joint 33
#vjoint 227
f 226/769 225/770 227/771
#fvcolorindex 3 3 3 
vt 0.280273 0.758789 0.0
vt 0.671875 0.621094 0.0
vt 0.280273 0.596680 0.0
v -22.000000 60.077766 800.821533
#joint 33
#vjoint 228
f 226/772 227/773 228/774
#fvcolorindex 3 3 3 
vt 0.671875 0.621094 0.0
vt 0.671875 0.837891 0.0
vt 0.970703 0.856445 0.0
f 227/775 225/776 224/777
#fvcolorindex 3 3 3 
vt 0.671875 0.621094 0.0
vt 0.970703 0.856445 0.0
vt 0.970703 0.640625 0.0
v -30.000000 60.077766 661.821533
#joint 33
#vjoint 229
f 227/778 224/779 229/780
#fvcolorindex 3 3 3 
vt 0.970703 0.640625 0.0
vt 0.671875 0.621094 0.0
vt 0.671875 0.315430 0.0
v 30.000000 30.077768 721.821533
#joint 33
#vjoint 230
f 215/781 218/782 230/783
#fvcolorindex 3 3 3 
vt 0.970703 0.640625 0.0
vt 0.671875 0.315430 0.0
vt 0.970703 0.334961 0.0
v 30.000000 30.077768 661.821533
#joint 33
#vjoint 231
f 215/784 230/785 231/786
#fvcolorindex 3 3 3 
vt 0.671875 0.315430 0.0
vt 0.671875 0.621094 0.0
vt 0.280273 0.596680 0.0
f 230/787 218/788 220/789
#fvcolorindex 3 3 3 
vt 0.671875 0.315430 0.0
vt 0.280273 0.596680 0.0
vt 0.280273 0.291016 0.0
v 23.000000 30.077768 800.821533
#joint 33
#vjoint 232
f 230/790 220/791 232/792
#fvcolorindex 3 3 3 
vt 0.970703 0.334961 0.0
vt 0.671875 0.315430 0.0
vt 0.671875 0.047852 0.0
v 30.000000 4.077768 721.821533
#joint 33
#vjoint 233
f 231/793 230/794 233/795
#fvcolorindex 3 3 3 
vt 0.970703 0.334961 0.0
vt 0.671875 0.047852 0.0
vt 0.970703 0.067383 0.0
v 30.000000 4.077768 661.821533
#joint 33
#vjoint 234
f 231/796 233/797 234/798
#fvcolorindex 3 3 3 
vt 0.970703 0.334961 0.0
vt 0.671875 0.315430 0.0
vt 0.671875 0.621094 0.0
v -30.000000 30.077768 661.821533
#joint 33
#vjoint 235
v -30.000000 30.077768 721.821533
#joint 33
#vjoint 236
f 235/799 236/800 227/801
#fvcolorindex 3 3 3 
vt 0.970703 0.334961 0.0
vt 0.671875 0.621094 0.0
vt 0.970703 0.640625 0.0
f 235/802 227/803 229/804
#fvcolorindex 3 3 3 
vt 0.280273 0.291016 0.0
vt 0.280273 0.596680 0.0
vt 0.671875 0.621094 0.0
v -22.000000 30.077768 800.821533
#joint 33
#vjoint 237
f 237/805 228/806 227/807
#fvcolorindex 3 3 3 
vt 0.280273 0.291016 0.0
vt 0.671875 0.621094 0.0
vt 0.671875 0.315430 0.0
f 237/808 227/809 236/810
#fvcolorindex 3 3 3 
vt 0.671875 0.315430 0.0
vt 0.970703 0.334961 0.0
vt 0.970703 0.067383 0.0
v -30.000000 4.077768 661.821533
#joint 33
#vjoint 238
f 236/811 235/812 238/813
#fvcolorindex 3 3 3 
vt 0.671875 0.315430 0.0
vt 0.970703 0.067383 0.0
vt 0.671875 0.047852 0.0
v -30.000000 4.077768 721.821533
#joint 33
#vjoint 239
f 236/814 238/815 239/816
#fvcolorindex 3 3 3 
vt 0.671875 0.047852 0.0
vt 0.671875 0.315430 0.0
vt 0.280273 0.291016 0.0
f 233/817 230/818 232/819
#fvcolorindex 3 3 3 
vt 0.671875 0.047852 0.0
vt 0.280273 0.291016 0.0
vt 0.280273 -0.244141 0.0
v 23.000000 -21.922232 800.821533
#joint 33
#vjoint 240
f 233/820 232/821 240/822
#fvcolorindex 3 3 3 
vt 0.280273 -0.244141 0.0
vt 0.280273 0.291016 0.0
vt 0.671875 0.315430 0.0
v -22.000000 -21.922232 800.821533
#joint 33
#vjoint 241
f 241/823 237/824 236/825
#fvcolorindex 3 3 3 
vt 0.280273 -0.244141 0.0
vt 0.671875 0.315430 0.0
vt 0.671875 0.047852 0.0
f 241/826 236/827 239/828
#fvcolorindex 3 3 3 
vt 0.671875 -0.333984 0.0
vt 0.671875 0.047852 0.0
vt 0.280273 -0.244141 0.0
v 23.000000 -33.922234 721.821533
#joint 33
#vjoint 242
f 242/829 233/830 240/831
#fvcolorindex 3 3 3 
vt 0.280273 -0.244141 0.0
vt 0.671875 0.047852 0.0
vt 0.671875 -0.333984 0.0
v -22.000000 -33.922234 721.821533
#joint 33
#vjoint 243
f 241/832 239/833 243/834
#fvcolorindex 3 3 3 
vt 0.970703 0.334961 0.0
vt 0.970703 0.334961 0.0
vt 0.970703 0.067383 0.0
f 235/835 231/836 234/837
#fvcolorindex 3 3 3 
vt 0.970703 0.334961 0.0
vt 0.970703 0.640625 0.0
vt 0.970703 0.640625 0.0
f 235/838 229/839 215/840
#fvcolorindex 3 3 3 
vt 0.970703 0.334961 0.0
vt 0.970703 0.640625 0.0
vt 0.970703 0.334961 0.0
f 235/841 215/842 231/843
#fvcolorindex 3 3 3 
vt 0.970703 0.334961 0.0
vt 0.970703 0.334961 0.0
vt 0.970703 0.067383 0.0
f 235/844 231/845 234/846
#fvcolorindex 3 3 3 
vt 0.970703 0.334961 0.0
vt 0.970703 0.067383 0.0
vt 0.970703 0.067383 0.0
f 235/847 234/848 238/849
#fvcolorindex 3 3 3 
vt 0.970703 0.856445 0.0
vt 0.970703 0.856445 0.0
vt 0.970703 0.640625 0.0
f 224/850 216/851 215/852
#fvcolorindex 3 3 3 
vt 0.970703 0.856445 0.0
vt 0.970703 0.640625 0.0
vt 0.970703 0.640625 0.0
f 224/853 215/854 229/855
#fvcolorindex 3 3 3 
vt 0.970703 0.946289 0.0
vt 0.970703 0.856445 0.0
vt 0.970703 0.856445 0.0
f 223/856 216/857 224/858
#fvcolorindex 3 3 3 
vt 0.671875 -0.333984 0.0
vt 0.671875 0.047852 0.0
vt 0.671875 0.047852 0.0
f 243/859 239/860 233/861
#fvcolorindex 3 3 3 
vt 0.671875 -0.333984 0.0
vt 0.671875 0.047852 0.0
vt 0.671875 -0.333984 0.0
f 243/862 233/863 242/864
#fvcolorindex 3 3 3 
vt 0.000000 0.000000 0.0
vt 0.000000 0.000000 0.0
vt 0.000000 0.000000 0.0
f 238/865 234/866 233/867
#fvcolorindex 3 3 3 
vt 0.000000 0.000000 0.0
vt 0.000000 0.000000 0.0
vt 0.000000 0.000000 0.0
f 238/868 233/869 239/870
#fvcolorindex 3 3 3 
vt 0.671875 -0.333984 0.0
vt 0.671875 -0.333984 0.0
vt 0.280273 -0.244141 0.0
f 243/871 242/872 240/873
#fvcolorindex 3 3 3 
vt 0.671875 -0.333984 0.0
vt 0.280273 -0.244141 0.0
vt 0.280273 -0.244141 0.0
f 243/874 240/875 241/876
#fvcolorindex 3 3 3 
vt 0.151367 0.432617 0.0
vt -0.105469 0.842773 0.0
vt -0.411133 0.537109 0.0
v 11.000000 -55.922234 657.821533
#joint 33
#vjoint 244
v 11.000000 -67.922234 702.821533
#joint 33
#vjoint 245
v 15.000000 -104.922234 684.821533
#joint 33
#vjoint 246
f 244/877 245/878 246/879
#fvcolorindex 3 3 3 
vt 0.151367 0.432617 0.0
vt -0.411133 0.537109 0.0
vt -0.018555 0.211914 0.0
v 15.000000 -78.922234 642.821533
#joint 33
#vjoint 247
f 244/880 246/881 247/882
#fvcolorindex 3 3 3 
vt -0.105469 0.842773 0.0
vt 0.151367 0.432617 0.0
vt 0.389648 0.592773 0.0
f 245/883 244/884 185/885
#fvcolorindex 3 3 3 
vt -0.105469 0.842773 0.0
vt 0.389648 0.592773 0.0
vt 0.244141 1.039062 0.0
v 15.000000 -29.922232 710.821533
#joint 33
#vjoint 248
f 245/886 185/887 248/888
#fvcolorindex 3 3 3 
vt 0.525391 -0.238281 0.0
vt 0.847656 -0.026367 0.0
vt 0.568359 0.292969 0.0
v -15.000000 -78.922234 642.821533
#joint 33
#vjoint 249
f 244/889 247/890 249/891
#fvcolorindex 3 3 3 
vt 0.525391 -0.238281 0.0
vt 0.568359 0.292969 0.0
vt 0.315430 0.000977 0.0
v -11.000000 -55.922234 657.821533
#joint 33
#vjoint 250
f 244/892 249/893 250/894
#fvcolorindex 3 3 3 
vt 0.003906 -0.200195 0.0
vt 0.283203 -0.519531 0.0
vt 0.525391 -0.238281 0.0
f 186/895 185/896 244/897
#fvcolorindex 3 3 3 
vt 0.003906 -0.200195 0.0
vt 0.525391 -0.238281 0.0
vt 0.315430 0.000977 0.0
f 186/898 244/899 250/900
#fvcolorindex 3 3 3 
vt 0.568359 0.292969 0.0
vt 0.847656 -0.026367 0.0
vt 0.835938 -0.036133 0.0
f 249/901 247/902 246/903
#fvcolorindex 3 3 3 
vt 0.568359 0.292969 0.0
vt 0.835938 -0.036133 0.0
vt 0.557617 0.283203 0.0
v -15.000000 -104.922234 684.821533
#joint 33
#vjoint 251
f 249/904 246/905 251/906
#fvcolorindex 3 3 3 
vt 0.244141 1.039062 0.0
vt 0.389648 0.592773 0.0
vt 0.151367 0.432617 0.0
v -15.000000 -29.922232 710.821533
#joint 33
#vjoint 252
f 252/907 186/908 250/909
#fvcolorindex 3 3 3 
vt 0.244141 1.039062 0.0
vt 0.151367 0.432617 0.0
vt -0.105469 0.842773 0.0
v -11.000000 -67.922234 702.821533
#joint 33
#vjoint 253
f 252/910 250/911 253/912
#fvcolorindex 3 3 3 
vt -0.018555 0.211914 0.0
vt -0.411133 0.537109 0.0
vt -0.105469 0.842773 0.0
f 249/913 251/914 253/915
#fvcolorindex 3 3 3 
vt -0.018555 0.211914 0.0
vt -0.105469 0.842773 0.0
vt 0.151367 0.432617 0.0
f 249/916 253/917 250/918
#fvcolorindex 3 3 3 
usemtl m12
vt 0.000000 0.000000 0.0
vt 6.215820 0.000000 0.0
vt 6.215820 0.981445 0.0
f 56/919 59/920 65/921
#fvcolorindex 3 3 3 
vt 0.000000 0.000000 0.0
vt 6.215820 0.981445 0.0
vt 0.000000 0.981445 0.0
f 56/922 65/923 62/924
#fvcolorindex 3 3 3 
vt 1.333008 0.999023 0.0
vt 1.000000 0.000000 0.0
vt 0.000000 0.000000 0.0
f 97/925 64/926 60/927
#fvcolorindex 3 3 3 
vt 1.333008 0.999023 0.0
vt 0.000000 0.000000 0.0
vt -0.333008 0.999023 0.0
f 97/928 60/929 132/930
#fvcolorindex 3 3 3 
usemtl m13
vt 0.666016 0.890625 0.0
vt -0.191406 0.667969 0.0
vt -0.191406 0.000000 0.0
f 132/931 128/932 129/933
#fvcolorindex 3 3 3 
vt 0.666016 0.890625 0.0
vt -0.191406 0.000000 0.0
vt 1.156250 0.000000 0.0
f 132/934 129/935 133/936
#fvcolorindex 3 3 3 
vt 0.000000 -0.000977 0.0
vt 0.899902 0.000000 0.0
vt 1.100586 0.832031 0.0
f 173/937 172/938 171/939
#fvcolorindex 3 3 3 
vt 0.000000 -0.000977 0.0
vt 1.100586 0.832031 0.0
vt 0.200684 0.831055 0.0
f 173/940 171/941 174/942
#fvcolorindex 3 3 3 
vt 0.200684 0.831055 0.0
vt 1.100586 0.832031 0.0
vt 0.899902 0.000000 0.0
f 184/943 181/944 180/945
#fvcolorindex 3 3 3 
vt 0.200684 0.831055 0.0
vt 0.899902 0.000000 0.0
vt 0.000000 -0.000977 0.0
f 184/946 180/947 182/948
#fvcolorindex 3 3 3 
usemtl m14MirrorS
vt 2.003906 0.000000 0.0
vt 1.860840 0.999023 0.0
vt 0.143066 0.999023 0.0
f 129/949 127/950 125/951
#fvcolorindex 3 3 3 
vt 2.003906 0.000000 0.0
vt 0.143066 0.999023 0.0
vt 0.000000 0.000000 0.0
f 129/952 125/953 124/954
#fvcolorindex 3 3 3 
usemtl m15
vt 3.795898 0.000000 0.0
vt 6.783691 0.000000 0.0
vt 7.026367 0.968750 0.0
f 119/955 120/956 134/957
#fvcolorindex 3 3 3 
vt 3.795898 0.000000 0.0
vt 7.026367 0.968750 0.0
vt 6.057129 0.968750 0.0
f 119/958 134/959 133/960
#fvcolorindex 3 3 3 
vt 0.000000 0.000000 0.0
vt 2.745605 0.000000 0.0
vt 2.503418 0.968750 0.0
f 115/961 114/962 129/963
#fvcolorindex 3 3 3 
vt 0.000000 0.000000 0.0
vt 2.503418 0.968750 0.0
vt 0.242188 0.968750 0.0
f 115/964 129/965 124/966
#fvcolorindex 3 3 3 
vt 2.503418 0.968750 0.0
vt 2.745605 0.000000 0.0
vt 3.795898 0.000000 0.0
f 129/967 114/968 119/969
#fvcolorindex 3 3 3 
vt 2.503418 0.968750 0.0
vt 3.795898 0.000000 0.0
vt 6.057129 0.968750 0.0
f 129/970 119/971 133/972
#fvcolorindex 3 3 3 
vt -2.180664 0.000000 0.0
vt 0.000000 0.000000 0.0
vt 0.242188 0.968750 0.0
f 136/973 115/974 124/975
#fvcolorindex 3 3 3 
vt -2.180664 0.000000 0.0
vt 0.242188 0.968750 0.0
vt -1.453613 0.968750 0.0
f 136/976 124/977 131/978
#fvcolorindex 3 3 3 
vt -2.180664 0.000000 0.0
vt -1.453613 0.968750 0.0
vt -2.180664 0.968750 0.0
f 136/979 131/980 137/981
#fvcolorindex 3 3 3 
vt 0.000000 0.000000 0.0
vt 1.000000 0.000000 0.0
vt 1.000000 -0.117188 0.0
f 82/982 80/983 137/984
#fvcolorindex 3 3 3 
vt 0.000000 0.000000 0.0
vt 1.000000 -0.117188 0.0
vt 0.000000 -0.117188 0.0
f 82/985 137/986 131/987
#fvcolorindex 3 3 3 
vt 6.057129 0.968750 0.0
vt 7.026367 0.968750 0.0
vt 6.783691 0.000000 0.0
f 101/988 135/989 146/990
#fvcolorindex 3 3 3 
vt 6.057129 0.968750 0.0
vt 6.783691 0.000000 0.0
vt 3.795898 0.000000 0.0
f 101/991 146/992 147/993
#fvcolorindex 3 3 3 
vt 6.057129 0.968750 0.0
vt 3.795898 0.000000 0.0
vt 2.745605 0.000000 0.0
f 101/994 147/995 151/996
#fvcolorindex 3 3 3 
vt 6.057129 0.968750 0.0
vt 2.745605 0.000000 0.0
vt 3.149414 0.968750 0.0
f 101/997 151/998 98/999
#fvcolorindex 3 3 3 
vt 3.149414 0.968750 0.0
vt 2.745605 0.000000 0.0
vt 0.000000 0.000000 0.0
f 98/1000 151/1001 156/1002
#fvcolorindex 3 3 3 
vt 3.149414 0.968750 0.0
vt 0.000000 0.000000 0.0
vt 0.080566 0.968750 0.0
f 98/1003 156/1004 99/1005
#fvcolorindex 3 3 3 
vt -1.453613 0.968750 0.0
vt 0.080566 0.968750 0.0
vt 0.000000 0.000000 0.0
f 138/1006 99/1007 156/1008
#fvcolorindex 3 3 3 
vt -1.453613 0.968750 0.0
vt 0.000000 0.000000 0.0
vt -2.180664 0.000000 0.0
f 138/1009 156/1010 157/1011
#fvcolorindex 3 3 3 
vt -2.180664 0.968750 0.0
vt -1.453613 0.968750 0.0
vt -2.180664 0.000000 0.0
f 158/1012 138/1013 157/1014
#fvcolorindex 3 3 3 
vt 0.000000 -0.117188 0.0
vt 1.000000 -0.117188 0.0
vt 1.000000 0.000000 0.0
f 138/1015 158/1016 77/1017
#fvcolorindex 3 3 3 
vt 0.000000 -0.117188 0.0
vt 1.000000 0.000000 0.0
vt 0.000000 0.000000 0.0
f 138/1018 77/1019 81/1020
#fvcolorindex 3 3 3 
vt 0.000000 0.000000 0.0
vt 1.125977 0.000000 0.0
vt 0.594238 0.520508 0.0
v 23.000000 4.077768 661.821533
#joint 33
#vjoint 254
f 162/1021 161/1022 254/1023
#fvcolorindex 3 3 3 
vt 0.000000 0.000000 0.0
vt 0.594238 0.520508 0.0
vt 0.000000 0.520508 0.0
v 23.000000 4.077768 721.821533
#joint 33
#vjoint 255
f 162/1024 254/1025 255/1026
#fvcolorindex 3 3 3 
vt 0.594238 0.520508 0.0
vt 1.125977 0.000000 0.0
vt 1.300293 0.817383 0.0
v 23.000000 19.077768 590.821533
#joint 33
#vjoint 256
f 254/1027 161/1028 256/1029
#fvcolorindex 3 3 3 
vt 0.594238 0.520508 0.0
vt 1.300293 0.817383 0.0
vt 0.594238 0.817383 0.0
v 23.000000 19.077768 661.821533
#joint 33
#vjoint 257
f 254/1030 256/1031 257/1032
#fvcolorindex 3 3 3 
vt 0.594238 0.817383 0.0
vt 1.300293 0.817383 0.0
vt 1.374512 1.040039 0.0
v 11.000000 30.077768 582.821533
#joint 33
#vjoint 258
f 257/1033 256/1034 258/1035
#fvcolorindex 3 3 3 
vt 0.594238 0.817383 0.0
vt 1.374512 1.040039 0.0
vt 0.594238 1.040039 0.0
v 11.000000 30.077768 661.821533
#joint 33
#vjoint 259
f 257/1036 258/1037 259/1038
#fvcolorindex 3 3 3 
vt 0.000000 0.996094 0.0
vt 0.000000 0.675781 0.0
vt 0.560547 0.675781 0.0
v -11.000000 30.077768 582.821533
#joint 33
#vjoint 260
v -11.000000 30.077768 661.821533
#joint 33
#vjoint 261
f 258/1039 260/1040 261/1041
#fvcolorindex 3 3 3 
vt 0.000000 0.996094 0.0
vt 0.560547 0.675781 0.0
vt 0.560547 0.996094 0.0
f 258/1042 261/1043 259/1044
#fvcolorindex 3 3 3 
vt 0.000000 0.520508 0.0
vt 0.594238 0.520508 0.0
vt 1.125977 0.000000 0.0
v -22.000000 4.077768 721.821533
#joint 33
#vjoint 262
v -22.000000 4.077768 661.821533
#joint 33
#vjoint 263
f 262/1045 263/1046 177/1047
#fvcolorindex 3 3 3 
vt 0.000000 0.520508 0.0
vt 1.125977 0.000000 0.0
vt 0.000000 0.000000 0.0
f 262/1048 177/1049 176/1050
#fvcolorindex 3 3 3 
vt 0.594238 0.817383 0.0
vt 1.300293 0.817383 0.0
vt 1.125977 0.000000 0.0
v -22.000000 19.077768 661.821533
#joint 33
#vjoint 264
v -22.000000 19.077768 590.821533
#joint 33
#vjoint 265
f 264/1051 265/1052 177/1053
#fvcolorindex 3 3 3 
vt 0.594238 0.817383 0.0
vt 1.125977 0.000000 0.0
vt 0.594238 0.520508 0.0
f 264/1054 177/1055 263/1056
#fvcolorindex 3 3 3 
vt 0.594238 1.040039 0.0
vt 1.374512 1.040039 0.0
vt 1.300293 0.817383 0.0
f 261/1057 260/1058 265/1059
#fvcolorindex 3 3 3 
vt 0.594238 1.040039 0.0
vt 1.300293 0.817383 0.0
vt 0.594238 0.817383 0.0
f 261/1060 265/1061 264/1062
#fvcolorindex 3 3 3 
g Room06
g Room06_primary
usemtl m5
vt -0.208984 0.610352 0.0
vt -0.208984 0.647461 0.0
vt -0.208984 0.442383 0.0
v -10.000000 60.077766 856.821533
#joint 33
#vjoint 266
#vcolor 254.000000 254.000000 254.000000 255.000000
v -15.000000 60.077766 856.821533
#joint 33
#vjoint 267
v -13.000000 53.077766 856.821533
#joint 33
#vjoint 268
f 266/1063 267/1064 268/1065
#fvcolorindex 4 4 4 
vt -0.208984 0.610352 0.0
vt -0.208984 0.442383 0.0
vt -0.208984 0.264648 0.0
v -7.000000 47.077766 856.821533
#joint 33
#vjoint 269
f 266/1066 268/1067 269/1068
#fvcolorindex 4 4 4 
vt -0.208984 0.825195 0.0
vt -0.208984 0.927734 0.0
vt -0.208984 0.927734 0.0
v 8.000000 73.077766 856.821533
#joint 33
#vjoint 270
v 0.000000 75.077766 856.821533
#joint 33
#vjoint 271
v -7.000000 73.077766 856.821533
#joint 33
#vjoint 272
f 270/1069 271/1070 272/1071
#fvcolorindex 4 4 4 
vt -0.208984 0.825195 0.0
vt -0.208984 0.927734 0.0
vt -0.208984 0.724609 0.0
v 5.000000 68.077766 856.821533
#joint 33
#vjoint 273
f 270/1072 272/1073 273/1074
#fvcolorindex 4 4 4 
vt -0.208984 0.162109 0.0
vt -0.208984 0.264648 0.0
vt -0.208984 0.442383 0.0
v 8.000000 47.077766 856.821533
#joint 33
#vjoint 274
v 13.000000 53.077766 856.821533
#joint 33
#vjoint 275
v 15.000000 60.077766 856.821533
#joint 33
#vjoint 276
f 274/1075 275/1076 276/1077
#fvcolorindex 4 4 4 
vt -0.208984 0.162109 0.0
vt -0.208984 0.442383 0.0
vt -0.208984 0.299805 0.0
v 5.000000 52.077766 856.821533
#joint 33
#vjoint 277
f 274/1078 276/1079 277/1080
#fvcolorindex 4 4 4 
usemtl m6
vt 0.309570 0.695312 0.0
vt 0.184082 0.695312 0.0
vt 0.219727 -0.000977 0.0
v 30.000000 -33.922234 500.821533
#joint 33
#vjoint 278
v -30.000000 -33.922234 500.821533
#joint 33
#vjoint 279
v -19.000000 -70.922234 384.821533
#joint 33
#vjoint 280
f 278/1081 279/1082 280/1083
#fvcolorindex 4 4 4 
vt 0.309570 0.695312 0.0
vt 0.219727 -0.000977 0.0
vt 0.298340 -0.000977 0.0
v 19.000000 -70.922234 384.821533
#joint 33
#vjoint 281
f 278/1084 280/1085 281/1086
#fvcolorindex 4 4 4 
vt 0.701660 0.000000 0.0
vt 0.803223 0.000000 0.0
vt 0.824707 0.709961 0.0
v -19.000000 -70.922234 526.821533
#joint 33
#vjoint 282
v 19.000000 -70.922234 526.821533
#joint 33
#vjoint 283
v 30.000000 -33.922234 612.821533
#joint 33
#vjoint 284
f 282/1087 283/1088 284/1089
#fvcolorindex 4 4 4 
vt 0.701660 0.000000 0.0
vt 0.824707 0.709961 0.0
vt 0.662109 0.709961 0.0
v -30.000000 -33.922234 612.821533
#joint 33
#vjoint 285
f 282/1090 284/1091 285/1092
#fvcolorindex 4 4 4 
vt 0.199219 0.000000 0.0
vt 0.751953 0.000000 0.0
vt 0.751953 0.728516 0.0
v -11.000000 105.077766 327.821533
#joint 33
#vjoint 286
v 11.000000 105.077766 327.821533
#joint 33
#vjoint 287
v 11.000000 135.077774 339.821533
#joint 33
#vjoint 288
f 286/1093 287/1094 288/1095
#fvcolorindex 4 4 4 
vt 0.199219 0.000000 0.0
vt 0.751953 0.728516 0.0
vt 0.199219 0.728516 0.0
v -11.000000 135.077774 339.821533
#joint 33
#vjoint 289
f 286/1096 288/1097 289/1098
#fvcolorindex 4 4 4 
usemtl m7
vt 1.070312 0.000000 0.0
vt 1.083984 0.652344 0.0
vt -1.487305 0.652344 0.0
v 11.000000 135.077774 459.821533
#joint 33
#vjoint 290
f 289/1099 288/1100 290/1101
#fvcolorindex 4 4 4 
vt 1.070312 0.000000 0.0
vt -1.487305 0.652344 0.0
vt -1.500977 0.000000 0.0
v -11.000000 135.077774 459.821533
#joint 33
#vjoint 291
f 289/1102 290/1103 291/1104
#fvcolorindex 4 4 4 
usemtl m8
vt 1.095703 0.172852 0.0
vt 1.095703 0.987305 0.0
vt 1.095703 0.987305 0.0
v 15.000000 -99.275436 519.264526
#joint 34
#vjoint 292
v 15.000000 -37.275440 492.264526
#joint 34
#vjoint 293
v -15.000000 -37.275440 492.264526
#joint 34
#vjoint 294
f 292/1105 293/1106 294/1107
#fvcolorindex 4 4 4 
vt 1.095703 0.172852 0.0
vt 1.095703 0.987305 0.0
vt 1.095703 0.172852 0.0
v -15.000000 -99.275436 519.264526
#joint 34
#vjoint 295
f 292/1108 294/1109 295/1110
#fvcolorindex 4 4 4 
vt 1.095703 0.596680 0.0
vt 1.095703 0.987305 0.0
vt 1.095703 0.987305 0.0
v 12.000000 -37.275440 492.264526
#joint 34
#vjoint 296
v 12.000000 0.724561 476.264526
#joint 34
#vjoint 297
v -12.000000 0.724561 476.264526
#joint 34
#vjoint 298
f 296/1111 297/1112 298/1113
#fvcolorindex 4 4 4 
vt 1.095703 0.596680 0.0
vt 1.095703 0.987305 0.0
vt 1.095703 0.596680 0.0
v -12.000000 -37.275440 492.264526
#joint 34
#vjoint 299
f 296/1114 298/1115 299/1116
#fvcolorindex 4 4 4 
vt 1.095703 0.172852 0.0
vt 1.095703 0.172852 0.0
vt 1.095703 0.987305 0.0
v -15.000000 -148.275436 433.264526
#joint 34
#vjoint 300
v 15.000000 -148.275436 433.264526
#joint 34
#vjoint 301
f 300/1117 301/1118 292/1119
#fvcolorindex 4 4 4 
vt 1.095703 0.172852 0.0
vt 1.095703 0.987305 0.0
vt 1.095703 0.987305 0.0
f 300/1120 292/1121 295/1122
#fvcolorindex 4 4 4 
vt 1.095703 0.987305 0.0
vt 1.095703 0.987305 0.0
vt 1.095703 0.172852 0.0
v -11.000000 -147.275436 425.264526
#joint 34
#vjoint 302
v 11.000000 -147.275436 425.264526
#joint 34
#vjoint 303
f 302/1123 303/1124 301/1125
#fvcolorindex 4 4 4 
vt 1.095703 0.987305 0.0
vt 1.095703 0.172852 0.0
vt 1.095703 0.172852 0.0
f 302/1126 301/1127 300/1128
#fvcolorindex 4 4 4 
vt 0.548828 0.000000 0.0
vt 1.000000 0.000000 0.0
vt 1.000000 1.000000 0.0
v -19.000000 -33.922234 129.821533
#joint 33
#vjoint 304
v 19.000000 -33.922234 129.821533
#joint 33
#vjoint 305
v 19.000000 -33.922234 242.821533
#joint 33
#vjoint 306
f 304/1129 305/1130 306/1131
#fvcolorindex 4 4 4 
vt 0.548828 0.000000 0.0
vt 1.000000 1.000000 0.0
vt 0.548828 1.000000 0.0
v -19.000000 -33.922234 242.821533
#joint 33
#vjoint 307
f 304/1132 306/1133 307/1134
#fvcolorindex 4 4 4 
vt 1.095703 0.172852 0.0
vt 1.095703 0.172852 0.0
vt 1.095703 0.987305 0.0
v -17.000000 -110.674278 552.478088
#joint 35
#vjoint 308
v 17.000000 -110.674278 552.478088
#joint 35
#vjoint 309
v 17.000000 -74.674278 623.478088
#joint 35
#vjoint 310
f 308/1135 309/1136 310/1137
#fvcolorindex 4 4 4 
vt 1.095703 0.172852 0.0
vt 1.095703 0.987305 0.0
vt 1.095703 0.987305 0.0
v -17.000000 -74.674278 623.478088
#joint 35
#vjoint 311
f 308/1138 310/1139 311/1140
#fvcolorindex 4 4 4 
vt 1.095703 0.987305 0.0
vt 1.095703 0.987305 0.0
vt 1.095703 0.172852 0.0
v -13.000000 -111.674278 546.478088
#joint 35
#vjoint 312
v 13.000000 -111.674278 546.478088
#joint 35
#vjoint 313
f 312/1141 313/1142 309/1143
#fvcolorindex 4 4 4 
vt 1.095703 0.987305 0.0
vt 1.095703 0.172852 0.0
vt 1.095703 0.172852 0.0
f 312/1144 309/1145 308/1146
#fvcolorindex 4 4 4 
vt 1.095703 0.172852 0.0
vt 1.095703 0.987305 0.0
vt 1.095703 0.987305 0.0
v 17.000000 -36.674278 606.478088
#joint 35
#vjoint 314
v -17.000000 -36.674278 606.478088
#joint 35
#vjoint 315
f 310/1147 314/1148 315/1149
#fvcolorindex 4 4 4 
vt 1.095703 0.172852 0.0
vt 1.095703 0.987305 0.0
vt 1.095703 0.172852 0.0
f 310/1150 315/1151 311/1152
#fvcolorindex 4 4 4 
vt 1.095703 0.596680 0.0
vt 1.095703 0.987305 0.0
vt 1.095703 0.987305 0.0
v 14.000000 -36.674278 606.478088
#joint 35
#vjoint 316
v 14.000000 1.325724 590.478088
#joint 35
#vjoint 317
v -14.000000 1.325724 590.478088
#joint 35
#vjoint 318
f 316/1153 317/1154 318/1155
#fvcolorindex 4 4 4 
vt 1.095703 0.596680 0.0
vt 1.095703 0.987305 0.0
vt 1.095703 0.596680 0.0
v -14.000000 -36.674278 606.478088
#joint 35
#vjoint 319
f 316/1156 318/1157 319/1158
#fvcolorindex 4 4 4 
usemtl m9
vt 0.626953 0.000000 0.0
vt 0.484375 0.000000 0.0
vt 0.000000 0.000000 0.0
v 30.000000 -33.922234 260.821533
#joint 33
#vjoint 320
v 30.000000 -33.922234 320.821533
#joint 33
#vjoint 321
f 306/1159 320/1160 321/1161
#fvcolorindex 4 4 4 
vt 0.626953 0.000000 0.0
vt 0.000000 0.000000 0.0
vt -0.090820 0.000000 0.0
v 19.000000 -33.922234 331.821533
#joint 33
#vjoint 322
f 306/1162 321/1163 322/1164
#fvcolorindex 4 4 4 
vt -0.090820 0.000000 0.0
vt 0.000000 0.000000 0.0
vt 0.484375 0.000000 0.0
v -19.000000 -33.922234 331.821533
#joint 33
#vjoint 323
v -30.000000 -33.922234 320.821533
#joint 33
#vjoint 324
v -30.000000 -33.922234 260.821533
#joint 33
#vjoint 325
f 323/1165 324/1166 325/1167
#fvcolorindex 4 4 4 
vt -0.090820 0.000000 0.0
vt 0.484375 0.000000 0.0
vt 0.626953 0.000000 0.0
f 323/1168 325/1169 307/1170
#fvcolorindex 4 4 4 
vt 0.000000 0.000000 0.0
vt 1.000000 0.000000 0.0
vt 1.000000 0.902344 0.0
v -19.000000 53.077766 541.821533
#joint 33
#vjoint 326
v 19.000000 53.077766 541.821533
#joint 33
#vjoint 327
v 19.000000 98.077766 541.821533
#joint 33
#vjoint 328
f 326/1171 327/1172 328/1173
#fvcolorindex 4 4 4 
vt 0.000000 0.000000 0.0
vt 1.000000 0.902344 0.0
vt 0.000000 0.902344 0.0
v -19.000000 98.077766 541.821533
#joint 33
#vjoint 329
f 326/1174 328/1175 329/1176
#fvcolorindex 4 4 4 
vt 0.184570 0.838867 0.0
vt 0.000000 0.000000 0.0
vt 0.000000 0.000000 0.0
v -30.000000 19.077768 477.821533
#joint 33
#vjoint 330
f 330/1177 279/1178 278/1179
#fvcolorindex 4 4 4 
vt 0.184570 0.838867 0.0
vt 0.000000 0.000000 0.0
vt 0.184570 0.838867 0.0
v 30.000000 19.077768 477.821533
#joint 33
#vjoint 331
f 330/1180 278/1181 331/1182
#fvcolorindex 4 4 4 
vt 0.215332 1.018555 0.0
vt 0.184570 0.838867 0.0
vt 0.184570 0.838867 0.0
v -19.000000 30.077768 474.821533
#joint 33
#vjoint 332
f 332/1183 330/1184 331/1185
#fvcolorindex 4 4 4 
vt 0.215332 1.018555 0.0
vt 0.184570 0.838867 0.0
vt 0.215332 1.018555 0.0
v 19.000000 30.077768 474.821533
#joint 33
#vjoint 333
f 332/1186 331/1187 333/1188
#fvcolorindex 4 4 4 
vt 0.000000 0.000000 0.0
vt 0.215332 0.000000 0.0
vt 0.686035 0.000000 0.0
v 19.000000 30.077768 575.821533
#joint 33
#vjoint 334
f 332/1189 333/1190 334/1191
#fvcolorindex 4 4 4 
vt 0.000000 0.000000 0.0
vt 0.686035 0.000000 0.0
vt 0.686035 0.000000 0.0
v -19.000000 30.077768 575.821533
#joint 33
#vjoint 335
f 332/1192 334/1193 335/1194
#fvcolorindex 4 4 4 
vt 0.686035 0.000000 0.0
vt 0.686035 0.000000 0.0
vt 0.000000 0.000000 0.0
v 0.000000 30.077768 601.821533
#joint 33
#vjoint 336
f 335/1195 334/1196 336/1197
#fvcolorindex 4 4 4 
vt 1.168457 0.000000 0.0
vt 1.383301 0.000000 0.0
vt 1.383301 0.000000 0.0
v -19.000000 -33.922234 357.821533
#joint 33
#vjoint 337
f 337/1198 323/1199 322/1200
#fvcolorindex 4 4 4 
vt 1.168457 0.000000 0.0
vt 1.383301 0.000000 0.0
vt 1.168457 0.000000 0.0
v 19.000000 -33.922234 357.821533
#joint 33
#vjoint 338
f 337/1201 322/1202 338/1203
#fvcolorindex 4 4 4 
vt 0.626953 0.000000 0.0
vt 0.626953 0.000000 0.0
vt -0.090820 0.000000 0.0
f 307/1204 306/1205 322/1206
#fvcolorindex 4 4 4 
vt 0.626953 0.000000 0.0
vt -0.090820 0.000000 0.0
vt -0.090820 0.000000 0.0
f 307/1207 322/1208 323/1209
#fvcolorindex 4 4 4 
vt 0.237305 1.008789 0.0
vt 0.178223 0.831055 0.0
vt 0.178223 0.831055 0.0
v -19.000000 30.077768 582.821533
#joint 33
#vjoint 339
v -30.000000 19.077768 590.821533
#joint 33
#vjoint 340
v 30.000000 19.077768 590.821533
#joint 33
#vjoint 341
f 339/1210 340/1211 341/1212
#fvcolorindex 4 4 4 
vt 0.237305 1.008789 0.0
vt 0.178223 0.831055 0.0
vt 0.237305 1.008789 0.0
v 19.000000 30.077768 582.821533
#joint 33
#vjoint 342
f 339/1213 341/1214 342/1215
#fvcolorindex 4 4 4 
vt 1.543457 0.000000 0.0
vt 1.694824 0.000000 0.0
vt 1.694824 0.000000 0.0
v -30.000000 -33.922234 110.821533
#joint 33
#vjoint 343
v 30.000000 -33.922234 110.821533
#joint 33
#vjoint 344
f 304/1216 343/1217 344/1218
#fvcolorindex 4 4 4 
vt 1.543457 0.000000 0.0
vt 1.694824 0.000000 0.0
vt 1.543457 0.000000 0.0
f 304/1219 344/1220 305/1221
#fvcolorindex 4 4 4 
vt 0.971191 0.255859 0.0
vt 0.971191 0.255859 0.0
vt 0.000000 0.255859 0.0
v -15.000000 -29.922232 710.821533
#joint 33
#vjoint 345
v 15.000000 -29.922232 710.821533
#joint 33
#vjoint 346
v 15.000000 -29.922232 721.821533
#joint 33
#vjoint 347
f 345/1222 346/1223 347/1224
#fvcolorindex 4 4 4 
vt 0.971191 0.255859 0.0
vt 0.000000 0.255859 0.0
vt 0.000000 0.255859 0.0
v -15.000000 -29.922232 721.821533
#joint 33
#vjoint 348
f 345/1225 347/1226 348/1227
#fvcolorindex 4 4 4 
usemtl m10
vt 1.940430 0.000000 0.0
vt 1.948242 1.012695 0.0
vt 1.948242 1.012695 0.0
v -11.000000 105.077766 541.821533
#joint 33
#vjoint 349
f 349/1228 329/1229 328/1230
#fvcolorindex 4 4 4 
vt 1.940430 0.000000 0.0
vt 1.948242 1.012695 0.0
vt 1.940430 0.000000 0.0
v 11.000000 105.077766 541.821533
#joint 33
#vjoint 350
f 349/1231 328/1232 350/1233
#fvcolorindex 4 4 4 
usemtl m11
vt -0.186523 -0.087891 0.0
vt -0.181641 -0.239258 0.0
vt -0.210938 -0.240234 0.0
v -11.000000 -70.922234 384.821533
#joint 33
#vjoint 351
v -11.000000 -74.922234 312.821533
#joint 33
#vjoint 352
v 11.000000 -74.922234 312.821533
#joint 33
#vjoint 353
f 351/1234 352/1235 353/1236
#fvcolorindex 4 4 4 
vt -0.186523 -0.087891 0.0
vt -0.210938 -0.240234 0.0
vt -0.215820 -0.088867 0.0
v 11.000000 -70.922234 384.821533
#joint 33
#vjoint 354
f 351/1237 353/1238 354/1239
#fvcolorindex 4 4 4 
vt 0.000000 0.000000 0.0
vt 0.000000 0.000000 0.0
vt 0.000000 0.000000 0.0
v 15.000000 -33.922234 320.821533
#joint 33
#vjoint 355
f 352/1240 353/1241 355/1242
#fvcolorindex 4 4 4 
vt 0.000000 0.000000 0.0
vt 0.000000 0.000000 0.0
vt 0.000000 0.000000 0.0
v -15.000000 -33.922234 320.821533
#joint 33
#vjoint 356
f 352/1243 355/1244 356/1245
#fvcolorindex 4 4 4 
vt -0.283203 0.674805 0.0
vt -0.283203 0.674805 0.0
vt 0.201172 0.895508 0.0
v -15.000000 -156.922226 294.821533
#joint 33
#vjoint 357
v 15.000000 -156.922226 294.821533
#joint 33
#vjoint 358
f 357/1246 358/1247 353/1248
#fvcolorindex 4 4 4 
vt -0.283203 0.674805 0.0
vt 0.201172 0.895508 0.0
vt 0.201172 0.895508 0.0
f 357/1249 353/1250 352/1251
#fvcolorindex 4 4 4 
vt 1.077148 0.328125 0.0
vt 1.112305 0.269531 0.0
vt 0.951172 0.394531 0.0
v -30.000000 -63.922234 95.821533
#joint 33
#vjoint 359
v 30.000000 -63.922234 95.821533
#joint 33
#vjoint 360
f 359/1252 360/1253 344/1254
#fvcolorindex 4 4 4 
vt 1.077148 0.328125 0.0
vt 0.951172 0.394531 0.0
vt 0.881836 0.437500 0.0
f 359/1255 344/1256 343/1257
#fvcolorindex 4 4 4 
vt 0.000000 0.000000 0.0
vt 0.026367 0.377930 0.0
vt 1.112305 0.269531 0.0
v -30.000000 -48.922234 57.821533
#joint 33
#vjoint 361
v 30.000000 -48.922234 57.821533
#joint 33
#vjoint 362
f 361/1258 362/1259 360/1260
#fvcolorindex 4 4 4 
vt 0.000000 0.000000 0.0
vt 1.112305 0.269531 0.0
vt 1.077148 0.328125 0.0
f 361/1261 360/1262 359/1263
#fvcolorindex 4 4 4 
vt 0.000000 0.000000 0.0
vt 0.000000 0.000000 0.0
vt 0.000000 0.000000 0.0
v 0.000000 83.077766 800.821533
#joint 33
#vjoint 363
v -16.000000 76.077766 800.821533
#joint 33
#vjoint 364
v 16.000000 76.077766 800.821533
#joint 33
#vjoint 365
f 363/1264 364/1265 365/1266
#fvcolorindex 4 4 4 
vt 0.280273 0.758789 0.0
vt 0.280273 0.758789 0.0
vt 0.280273 0.596680 0.0
v -22.000000 60.077766 800.821533
#joint 33
#vjoint 366
f 365/1267 364/1268 366/1269
#fvcolorindex 4 4 4 
vt 0.280273 0.758789 0.0
vt 0.280273 0.596680 0.0
vt 0.280273 0.596680 0.0
v 23.000000 60.077766 800.821533
#joint 33
#vjoint 367
f 365/1270 366/1271 367/1272
#fvcolorindex 4 4 4 
vt 0.280273 0.291016 0.0
vt 0.280273 0.596680 0.0
vt 0.280273 0.596680 0.0
v 23.000000 30.077768 800.821533
#joint 33
#vjoint 368
f 368/1273 367/1274 366/1275
#fvcolorindex 4 4 4 
vt 0.280273 0.291016 0.0
vt 0.280273 0.596680 0.0
vt 0.000000 0.000000 0.0
v -22.000000 30.077768 800.821533
#joint 33
#vjoint 369
f 368/1276 366/1277 369/1278
#fvcolorindex 4 4 4 
vt 0.280273 -0.244141 0.0
vt 0.280273 -0.244141 0.0
vt 0.280273 0.291016 0.0
v -22.000000 -21.922232 800.821533
#joint 33
#vjoint 370
v 23.000000 -21.922232 800.821533
#joint 33
#vjoint 371
f 370/1279 371/1280 368/1281
#fvcolorindex 4 4 4 
vt 0.280273 -0.244141 0.0
vt 0.280273 0.291016 0.0
vt 0.280273 0.291016 0.0
f 370/1282 368/1283 369/1284
#fvcolorindex 4 4 4 
vt -0.105469 0.842773 0.0
vt -0.105469 0.842773 0.0
vt 0.244141 1.039062 0.0
v -11.000000 -67.922234 702.821533
#joint 33
#vjoint 372
v 11.000000 -67.922234 702.821533
#joint 33
#vjoint 373
f 372/1285 373/1286 346/1287
#fvcolorindex 4 4 4 
vt -0.105469 0.842773 0.0
vt 0.244141 1.039062 0.0
vt 0.244141 1.039062 0.0
f 372/1288 346/1289 345/1290
#fvcolorindex 4 4 4 
vt -0.411133 0.537109 0.0
vt -0.411133 0.537109 0.0
vt -0.105469 0.842773 0.0
v -15.000000 -104.922234 684.821533
#joint 33
#vjoint 374
v 15.000000 -104.922234 684.821533
#joint 33
#vjoint 375
f 374/1291 375/1292 373/1293
#fvcolorindex 4 4 4 
vt -0.411133 0.537109 0.0
vt -0.105469 0.842773 0.0
vt -0.105469 0.842773 0.0
f 374/1294 373/1295 372/1296
#fvcolorindex 4 4 4 
usemtl m13
vt 1.000000 0.834961 0.0
vt 0.000000 0.834961 0.0
vt 0.000000 0.000000 0.0
f 341/1297 340/1298 285/1299
#fvcolorindex 4 4 4 
vt 1.000000 0.834961 0.0
vt 0.000000 0.000000 0.0
vt 1.000000 0.000000 0.0
f 341/1300 285/1301 284/1302
#fvcolorindex 4 4 4 
usemtl m16
vt 0.357422 0.507812 0.0
vt 0.522461 0.506836 0.0
vt 0.381836 0.592773 0.0
v -15.126130 59.500000 802.273926
#joint 0
#vjoint 376
v -0.126130 59.500000 801.273926
#joint 0
#vjoint 377
#vcolor 0.000000 0.000000 0.000000 255.000000
v -13.126130 67.500000 802.273926
#joint 0
#vjoint 378
f 376/1303 377/1304 378/1305
#fvcolorindex 4 5 4 
vt 0.663086 0.421875 0.0
vt 0.687500 0.505859 0.0
vt 0.522461 0.506836 0.0
v 12.873870 51.500000 802.273926
#joint 0
#vjoint 379
v 14.873870 59.500000 802.273926
#joint 0
#vjoint 380
f 379/1306 380/1307 377/1308
#fvcolorindex 4 4 5 
vt 0.443359 0.655273 0.0
vt 0.381836 0.592773 0.0
vt 0.522461 0.506836 0.0
v -7.126130 72.500000 802.273926
#joint 0
#vjoint 381
f 381/1309 378/1310 377/1311
#fvcolorindex 4 4 5 
usemtl m17
vt 0.522461 0.506836 0.0
vt 0.526367 0.677734 0.0
vt 0.443359 0.655273 0.0
v -0.126130 74.500000 802.273926
#joint 0
#vjoint 382
f 377/1312 382/1313 381/1314
#fvcolorindex 5 4 4 
usemtl m16
vt 0.608398 0.654297 0.0
vt 0.526367 0.677734 0.0
vt 0.522461 0.506836 0.0
v 7.873870 72.500000 802.273926
#joint 0
#vjoint 383
f 383/1315 382/1316 377/1317
#fvcolorindex 4 4 5 
usemtl m17
vt 0.522461 0.506836 0.0
vt 0.666992 0.591797 0.0
vt 0.608398 0.654297 0.0
v 12.873870 67.500000 802.273926
#joint 0
#vjoint 384
f 377/1318 384/1319 383/1320
#fvcolorindex 5 4 4 
usemtl m16
vt 0.687500 0.505859 0.0
vt 0.666992 0.591797 0.0
vt 0.522461 0.506836 0.0
f 380/1321 384/1322 377/1323
#fvcolorindex 4 4 5 
vt 0.600586 0.359375 0.0
vt 0.663086 0.421875 0.0
vt 0.522461 0.506836 0.0
v 7.873870 46.500000 802.273926
#joint 0
#vjoint 385
f 385/1324 379/1325 377/1326
#fvcolorindex 4 4 5 
vt 0.517578 0.336914 0.0
vt 0.600586 0.359375 0.0
vt 0.522461 0.506836 0.0
v -0.126130 44.500000 802.273926
#joint 0
#vjoint 386
f 386/1327 385/1328 377/1329
#fvcolorindex 4 4 5 
vt 0.436523 0.360352 0.0
vt 0.517578 0.336914 0.0
vt 0.522461 0.506836 0.0
v -7.126130 46.500000 802.273926
#joint 0
#vjoint 387
f 387/1330 386/1331 377/1332
#fvcolorindex 4 4 5 
vt 0.377930 0.422852 0.0
vt 0.436523 0.360352 0.0
vt 0.522461 0.506836 0.0
v -13.126130 51.500000 802.273926
#joint 0
#vjoint 388
f 388/1333 387/1334 377/1335
#fvcolorindex 4 4 5 
vt 0.357422 0.507812 0.0
vt 0.377930 0.422852 0.0
vt 0.522461 0.506836 0.0
f 376/1336 388/1337 377/1338
#fvcolorindex 4 4 5 
g Room31
g Room31_primary
usemtl m5
vt 1.249023 0.000000 0.0
vt 1.249023 0.136719 0.0
vt -3.119141 0.136719 0.0
v 253.874985 -67.276344 399.264404
#joint 36
#vjoint 389
#vcolor 254.000000 254.000000 254.000000 255.000000
v 250.874985 -67.276344 399.264404
#joint 36
#vjoint 390
v 250.874985 -37.276344 492.264404
#joint 36
#vjoint 391
f 389/1339 390/1340 391/1341
#fvcolorindex 6 6 6 
vt 1.249023 0.000000 0.0
vt -3.119141 0.136719 0.0
vt -3.119141 0.000000 0.0
v 253.874985 -37.276344 492.264404
#joint 36
#vjoint 392
f 389/1342 391/1343 392/1344
#fvcolorindex 6 6 6 
vt 1.584961 0.166992 0.0
vt 1.584961 0.304688 0.0
vt 1.249023 0.136719 0.0
v 249.874985 -69.276344 392.264404
#joint 36
#vjoint 393
v 246.874985 -69.276344 392.264404
#joint 36
#vjoint 394
f 393/1345 394/1346 390/1347
#fvcolorindex 6 6 6 
vt 1.584961 0.166992 0.0
vt 1.249023 0.136719 0.0
vt 1.249023 0.000000 0.0
f 393/1348 390/1349 389/1350
#fvcolorindex 6 6 6 
vt -0.612305 0.148438 0.0
vt -0.612305 0.000000 0.0
vt 4.125000 0.000000 0.0
v 226.874985 -67.276344 399.264404
#joint 36
#vjoint 395
v 223.874985 -67.276344 399.264404
#joint 36
#vjoint 396
v 223.874985 -37.276344 492.264404
#joint 36
#vjoint 397
f 395/1351 396/1352 397/1353
#fvcolorindex 6 6 6 
vt -0.612305 0.148438 0.0
vt 4.125000 0.000000 0.0
vt 4.125000 0.148438 0.0
v 226.874985 -37.276344 492.264404
#joint 36
#vjoint 398
f 395/1354 397/1355 398/1356
#fvcolorindex 6 6 6 
vt -0.976562 0.330078 0.0
vt -0.976562 0.181641 0.0
vt -0.612305 0.000000 0.0
v 230.874985 -69.276344 392.264404
#joint 36
#vjoint 399
v 227.874985 -69.276344 392.264404
#joint 36
#vjoint 400
f 399/1357 400/1358 396/1359
#fvcolorindex 6 6 6 
vt -0.976562 0.330078 0.0
vt -0.612305 0.000000 0.0
vt -0.612305 0.148438 0.0
f 399/1360 396/1361 395/1362
#fvcolorindex 6 6 6 
usemtl m8
vt 1.000000 0.980469 0.0
vt -0.250000 0.900391 0.0
vt -0.250000 0.250977 0.0
v 253.874985 -99.276344 519.264404
#joint 36
#vjoint 401
f 389/1363 392/1364 401/1365
#fvcolorindex 6 6 6 
vt 1.000000 0.980469 0.0
vt -0.250000 0.250977 0.0
vt 0.999023 0.136719 0.0
v 253.874985 -148.276352 433.264404
#joint 36
#vjoint 402
f 389/1366 401/1367 402/1368
#fvcolorindex 6 6 6 
vt 1.095703 0.172852 0.0
vt 1.095703 0.987305 0.0
vt 1.000000 0.980469 0.0
v 249.874985 -147.276352 425.264404
#joint 36
#vjoint 403
f 403/1369 393/1370 389/1371
#fvcolorindex 6 6 6 
vt 1.095703 0.172852 0.0
vt 1.000000 0.980469 0.0
vt 0.999023 0.136719 0.0
f 403/1372 389/1373 402/1374
#fvcolorindex 6 6 6 
vt 1.095703 0.987305 0.0
vt 1.095703 0.172852 0.0
vt 1.095703 0.172852 0.0
v 227.874985 -147.276352 425.264404
#joint 36
#vjoint 404
f 393/1375 403/1376 404/1377
#fvcolorindex 6 6 6 
vt 1.095703 0.987305 0.0
vt 1.095703 0.172852 0.0
vt 1.095703 0.987305 0.0
f 393/1378 404/1379 400/1380
#fvcolorindex 6 6 6 
vt 1.095703 0.987305 0.0
vt 1.095703 0.172852 0.0
vt 0.999023 0.136719 0.0
v 223.874985 -148.276352 433.264404
#joint 36
#vjoint 405
f 400/1381 404/1382 405/1383
#fvcolorindex 6 6 6 
vt 1.095703 0.987305 0.0
vt 0.999023 0.136719 0.0
vt 1.000000 0.980469 0.0
f 400/1384 405/1385 396/1386
#fvcolorindex 6 6 6 
vt 1.000000 0.980469 0.0
vt 0.999023 0.136719 0.0
vt -0.250000 0.250977 0.0
v 223.874985 -99.276344 519.264404
#joint 36
#vjoint 406
f 396/1387 405/1388 406/1389
#fvcolorindex 6 6 6 
vt 1.000000 0.980469 0.0
vt -0.250000 0.250977 0.0
vt -0.250000 0.900391 0.0
f 396/1390 406/1391 397/1392
#fvcolorindex 6 6 6 
vt 1.000000 0.980469 0.0
vt 1.000000 0.589844 0.0
vt -0.250000 0.509766 0.0
v 226.874985 -29.276346 383.264404
#joint 36
#vjoint 407
f 407/1393 395/1394 398/1395
#fvcolorindex 6 6 6 
vt 1.000000 0.980469 0.0
vt -0.250000 0.509766 0.0
vt -0.250000 0.900391 0.0
v 226.874985 0.723654 476.264404
#joint 36
#vjoint 408
f 407/1396 398/1397 408/1398
#fvcolorindex 6 6 6 
vt 1.095703 0.987305 0.0
vt 1.095703 0.596680 0.0
vt 1.000000 0.589844 0.0
v 230.874985 -31.276346 375.264404
#joint 36
#vjoint 409
f 409/1399 399/1400 395/1401
#fvcolorindex 6 6 6 
vt 1.095703 0.987305 0.0
vt 1.000000 0.589844 0.0
vt 1.000000 0.980469 0.0
f 409/1402 395/1403 407/1404
#fvcolorindex 6 6 6 
vt 1.095703 0.987305 0.0
vt 1.095703 0.596680 0.0
vt 1.095703 0.596680 0.0
v 246.874985 -31.276346 375.264404
#joint 36
#vjoint 410
f 410/1405 394/1406 399/1407
#fvcolorindex 6 6 6 
vt 1.095703 0.987305 0.0
vt 1.095703 0.596680 0.0
vt 1.095703 0.987305 0.0
f 410/1408 399/1409 409/1410
#fvcolorindex 6 6 6 
vt 1.095703 0.596680 0.0
vt 1.095703 0.987305 0.0
vt 1.000000 0.980469 0.0
v 250.874985 -29.276346 383.264404
#joint 36
#vjoint 411
f 394/1411 410/1412 411/1413
#fvcolorindex 6 6 6 
vt 1.095703 0.596680 0.0
vt 1.000000 0.980469 0.0
vt 1.000000 0.589844 0.0
f 394/1414 411/1415 390/1416
#fvcolorindex 6 6 6 
vt 1.000000 0.980469 0.0
vt -0.250000 0.900391 0.0
vt -0.250000 0.509766 0.0
v 250.874985 0.723654 476.264404
#joint 36
#vjoint 412
f 411/1417 412/1418 391/1419
#fvcolorindex 6 6 6 
vt 1.000000 0.980469 0.0
vt -0.250000 0.509766 0.0
vt 1.000000 0.589844 0.0
f 411/1420 391/1421 390/1422
#fvcolorindex 6 6 6 
usemtl m14MirrorS
vt 1.000000 0.000000 0.0
vt 1.000000 1.000000 0.0
vt 0.000000 1.000000 0.0
f 411/1423 407/1424 408/1425
#fvcolorindex 6 6 6 
vt 1.000000 0.000000 0.0
vt 0.000000 1.000000 0.0
vt 0.000000 0.000000 0.0
f 411/1426 408/1427 412/1428
#fvcolorindex 6 6 6 
vt 1.077148 0.157227 0.0
vt 1.077148 0.842773 0.0
vt 1.000000 1.000000 0.0
f 410/1429 409/1430 407/1431
#fvcolorindex 6 6 6 
vt 1.077148 0.157227 0.0
vt 1.000000 1.000000 0.0
vt 1.000000 0.000000 0.0
f 410/1432 407/1433 411/1434
#fvcolorindex 6 6 6 
g Room33
g Room33_primary
usemtl m5
vt -0.976562 0.330078 0.0
vt -0.976562 0.181641 0.0
vt -0.612305 0.000000 0.0
v 184.123108 -70.674271 528.478027
#joint 37
#vjoint 413
#vcolor 254.000000 254.000000 254.000000 255.000000
v 181.123108 -70.674271 528.478027
#joint 37
#vjoint 414
v 177.123108 -67.674271 534.478027
#joint 37
#vjoint 415
f 413/1435 414/1436 415/1437
#fvcolorindex 7 7 7 
vt -0.976562 0.330078 0.0
vt -0.612305 0.000000 0.0
vt -0.612305 0.148438 0.0
v 180.123108 -67.674271 534.478027
#joint 37
#vjoint 416
f 413/1438 415/1439 416/1440
#fvcolorindex 7 7 7 
vt -0.612305 0.148438 0.0
vt -0.612305 0.000000 0.0
vt 4.125000 0.000000 0.0
v 177.123108 -36.674274 606.478027
#joint 37
#vjoint 417
f 416/1441 415/1442 417/1443
#fvcolorindex 7 7 7 
vt -0.612305 0.148438 0.0
vt 4.125000 0.000000 0.0
vt 4.125000 0.148438 0.0
v 180.123108 -36.674274 606.478027
#joint 37
#vjoint 418
f 416/1444 417/1445 418/1446
#fvcolorindex 7 7 7 
vt 1.584961 0.166992 0.0
vt 1.584961 0.304688 0.0
vt 1.249023 0.136719 0.0
v 207.123108 -70.674271 528.478027
#joint 37
#vjoint 419
v 204.123108 -70.674271 528.478027
#joint 37
#vjoint 420
v 208.123108 -67.674271 534.478027
#joint 37
#vjoint 421
f 419/1447 420/1448 421/1449
#fvcolorindex 7 7 7 
vt 1.584961 0.166992 0.0
vt 1.249023 0.136719 0.0
vt 1.249023 0.000000 0.0
v 211.123108 -67.674271 534.478027
#joint 37
#vjoint 422
f 419/1450 421/1451 422/1452
#fvcolorindex 7 7 7 
vt 1.249023 0.000000 0.0
vt 1.249023 0.136719 0.0
vt -3.119141 0.136719 0.0
v 208.123108 -36.674274 606.478027
#joint 37
#vjoint 423
f 422/1453 421/1454 423/1455
#fvcolorindex 7 7 7 
vt 1.249023 0.000000 0.0
vt -3.119141 0.136719 0.0
vt -3.119141 0.000000 0.0
v 211.123108 -36.674274 606.478027
#joint 37
#vjoint 424
f 422/1456 423/1457 424/1458
#fvcolorindex 7 7 7 
usemtl m8
vt 1.363281 0.916016 0.0
vt 0.247070 0.916016 0.0
vt 0.247070 0.196289 0.0
v 211.123108 -74.674271 623.478027
#joint 37
#vjoint 425
f 422/1459 424/1460 425/1461
#fvcolorindex 7 7 7 
vt 1.363281 0.916016 0.0
vt 0.247070 0.196289 0.0
vt 1.363281 0.113281 0.0
v 211.123108 -110.674271 552.478027
#joint 37
#vjoint 426
f 422/1462 425/1463 426/1464
#fvcolorindex 7 7 7 
vt 1.449219 0.141602 0.0
vt 1.449219 0.916016 0.0
vt 1.363281 0.916016 0.0
v 207.123108 -111.674271 546.478027
#joint 37
#vjoint 427
f 427/1465 419/1466 422/1467
#fvcolorindex 7 7 7 
vt 1.449219 0.141602 0.0
vt 1.363281 0.916016 0.0
vt 1.363281 0.113281 0.0
f 427/1468 422/1469 426/1470
#fvcolorindex 7 7 7 
vt 1.449219 0.916016 0.0
vt 1.449219 0.141602 0.0
vt 1.449219 0.141602 0.0
v 181.123108 -111.674271 546.478027
#joint 37
#vjoint 428
f 419/1471 427/1472 428/1473
#fvcolorindex 7 7 7 
vt 1.449219 0.916016 0.0
vt 1.449219 0.141602 0.0
vt 1.449219 0.916016 0.0
f 419/1474 428/1475 414/1476
#fvcolorindex 7 7 7 
vt 1.449219 0.916016 0.0
vt 1.449219 0.141602 0.0
vt 1.363281 0.113281 0.0
v 177.123108 -110.674271 552.478027
#joint 37
#vjoint 429
f 414/1477 428/1478 429/1479
#fvcolorindex 7 7 7 
vt 1.449219 0.916016 0.0
vt 1.363281 0.113281 0.0
vt 1.363281 0.916016 0.0
f 414/1480 429/1481 415/1482
#fvcolorindex 7 7 7 
vt 1.363281 0.916016 0.0
vt 1.363281 0.113281 0.0
vt 0.247070 0.196289 0.0
v 177.123108 -74.674271 623.478027
#joint 37
#vjoint 430
f 415/1483 429/1484 430/1485
#fvcolorindex 7 7 7 
vt 1.363281 0.916016 0.0
vt 0.247070 0.196289 0.0
vt 0.247070 0.916016 0.0
f 415/1486 430/1487 417/1488
#fvcolorindex 7 7 7 
vt 1.000000 0.980469 0.0
vt -0.250000 0.900391 0.0
vt -0.250000 0.509766 0.0
v 208.123108 -30.674274 518.478027
#joint 37
#vjoint 431
v 208.123108 1.325726 590.478027
#joint 37
#vjoint 432
f 431/1489 432/1490 423/1491
#fvcolorindex 7 7 7 
vt 1.000000 0.980469 0.0
vt -0.250000 0.509766 0.0
vt 1.000000 0.589844 0.0
f 431/1492 423/1493 421/1494
#fvcolorindex 7 7 7 
vt 1.095703 0.596680 0.0
vt 1.095703 0.987305 0.0
vt 1.000000 0.980469 0.0
v 204.123108 -32.674274 512.478027
#joint 37
#vjoint 433
f 420/1495 433/1496 431/1497
#fvcolorindex 7 7 7 
vt 1.095703 0.596680 0.0
vt 1.000000 0.980469 0.0
vt 1.000000 0.589844 0.0
f 420/1498 431/1499 421/1500
#fvcolorindex 7 7 7 
vt 1.095703 0.987305 0.0
vt 1.095703 0.596680 0.0
vt 1.095703 0.596680 0.0
f 433/1501 420/1502 413/1503
#fvcolorindex 7 7 7 
vt 1.095703 0.987305 0.0
vt 1.095703 0.596680 0.0
vt 1.095703 0.987305 0.0
v 184.123108 -32.674274 512.478027
#joint 37
#vjoint 434
f 433/1504 413/1505 434/1506
#fvcolorindex 7 7 7 
vt 1.095703 0.987305 0.0
vt 1.095703 0.596680 0.0
vt 1.000000 0.589844 0.0
f 434/1507 413/1508 416/1509
#fvcolorindex 7 7 7 
vt 1.095703 0.987305 0.0
vt 1.000000 0.589844 0.0
vt 1.000000 0.980469 0.0
v 180.123108 -30.674274 518.478027
#joint 37
#vjoint 435
f 434/1510 416/1511 435/1512
#fvcolorindex 7 7 7 
vt 1.000000 0.980469 0.0
vt 1.000000 0.589844 0.0
vt -0.250000 0.509766 0.0
f 435/1513 416/1514 418/1515
#fvcolorindex 7 7 7 
vt 1.000000 0.980469 0.0
vt -0.250000 0.509766 0.0
vt -0.250000 0.900391 0.0
v 180.123108 1.325726 590.478027
#joint 37
#vjoint 436
f 435/1516 418/1517 436/1518
#fvcolorindex 7 7 7 
usemtl m14MirrorS
vt 1.077148 0.157227 0.0
vt 1.077148 0.842773 0.0
vt 1.000000 1.000000 0.0
f 433/1519 434/1520 435/1521
#fvcolorindex 7 7 7 
vt 1.077148 0.157227 0.0
vt 1.000000 1.000000 0.0
vt 1.000000 0.000000 0.0
f 433/1522 435/1523 431/1524
#fvcolorindex 7 7 7 
vt 1.000000 0.000000 0.0
vt 1.000000 1.000000 0.0
vt 0.000000 1.000000 0.0
f 431/1525 435/1526 436/1527
#fvcolorindex 7 7 7 
vt 1.000000 0.000000 0.0
vt 0.000000 1.000000 0.0
vt 0.000000 0.000000 0.0
f 431/1528 436/1529 432/1530
#fvcolorindex 7 7 7 
g Room35
g Room35_primary
usemtl m5
vt 1.249023 0.000000 0.0
vt 1.249023 0.136719 0.0
vt -3.119141 0.136719 0.0
v 15.000000 -67.275436 399.264526
#joint 34
#vjoint 437
#vcolor 254.000000 254.000000 254.000000 255.000000
v 12.000000 -67.275436 399.264526
#joint 34
#vjoint 438
v 12.000000 -37.275440 492.264526
#joint 34
#vjoint 439
f 437/1531 438/1532 439/1533
#fvcolorindex 8 8 8 
vt 1.249023 0.000000 0.0
vt -3.119141 0.136719 0.0
vt -3.119141 0.000000 0.0
v 15.000000 -37.275440 492.264526
#joint 34
#vjoint 440
f 437/1534 439/1535 440/1536
#fvcolorindex 8 8 8 
vt 1.584961 0.166992 0.0
vt 1.584961 0.304688 0.0
vt 1.249023 0.136719 0.0
v 11.000000 -69.275436 392.264526
#joint 34
#vjoint 441
v 8.000000 -69.275436 392.264526
#joint 34
#vjoint 442
f 441/1537 442/1538 438/1539
#fvcolorindex 8 8 8 
vt 1.584961 0.166992 0.0
vt 1.249023 0.136719 0.0
vt 1.249023 0.000000 0.0
f 441/1540 438/1541 437/1542
#fvcolorindex 8 8 8 
vt -0.612305 0.148438 0.0
vt -0.612305 0.000000 0.0
vt 4.125000 0.000000 0.0
v -12.000000 -67.275436 399.264526
#joint 34
#vjoint 443
v -15.000000 -67.275436 399.264526
#joint 34
#vjoint 444
v -15.000000 -37.275440 492.264526
#joint 34
#vjoint 445
f 443/1543 444/1544 445/1545
#fvcolorindex 8 8 8 
vt -0.612305 0.148438 0.0
vt 4.125000 0.000000 0.0
vt 4.125000 0.148438 0.0
v -12.000000 -37.275440 492.264526
#joint 34
#vjoint 446
f 443/1546 445/1547 446/1548
#fvcolorindex 8 8 8 
vt -0.976562 0.330078 0.0
vt -0.976562 0.181641 0.0
vt -0.612305 0.000000 0.0
v -8.000000 -69.275436 392.264526
#joint 34
#vjoint 447
v -11.000000 -69.275436 392.264526
#joint 34
#vjoint 448
f 447/1549 448/1550 444/1551
#fvcolorindex 8 8 8 
vt -0.976562 0.330078 0.0
vt -0.612305 0.000000 0.0
vt -0.612305 0.148438 0.0
f 447/1552 444/1553 443/1554
#fvcolorindex 8 8 8 
usemtl m8
vt 1.000000 0.980469 0.0
vt -0.250000 0.900391 0.0
vt -0.250000 0.250977 0.0
v 15.000000 -99.275436 519.264526
#joint 34
#vjoint 449
f 437/1555 440/1556 449/1557
#fvcolorindex 8 8 8 
vt 1.000000 0.980469 0.0
vt -0.250000 0.250977 0.0
vt 0.999023 0.136719 0.0
v 15.000000 -148.275436 433.264526
#joint 34
#vjoint 450
f 437/1558 449/1559 450/1560
#fvcolorindex 8 8 8 
vt 1.095703 0.172852 0.0
vt 1.095703 0.987305 0.0
vt 1.000000 0.980469 0.0
v 11.000000 -147.275436 425.264526
#joint 34
#vjoint 451
f 451/1561 441/1562 437/1563
#fvcolorindex 8 8 8 
vt 1.095703 0.172852 0.0
vt 1.000000 0.980469 0.0
vt 0.999023 0.136719 0.0
f 451/1564 437/1565 450/1566
#fvcolorindex 8 8 8 
vt 1.095703 0.987305 0.0
vt 1.095703 0.172852 0.0
vt 1.095703 0.172852 0.0
v -11.000000 -147.275436 425.264526
#joint 34
#vjoint 452
f 441/1567 451/1568 452/1569
#fvcolorindex 8 8 8 
vt 1.095703 0.987305 0.0
vt 1.095703 0.172852 0.0
vt 1.095703 0.987305 0.0
f 441/1570 452/1571 448/1572
#fvcolorindex 8 8 8 
vt 1.095703 0.987305 0.0
vt 1.095703 0.172852 0.0
vt 0.999023 0.136719 0.0
v -15.000000 -148.275436 433.264526
#joint 34
#vjoint 453
f 448/1573 452/1574 453/1575
#fvcolorindex 8 8 8 
vt 1.095703 0.987305 0.0
vt 0.999023 0.136719 0.0
vt 1.000000 0.980469 0.0
f 448/1576 453/1577 444/1578
#fvcolorindex 8 8 8 
vt 1.000000 0.980469 0.0
vt 0.999023 0.136719 0.0
vt -0.250000 0.250977 0.0
v -15.000000 -99.275436 519.264526
#joint 34
#vjoint 454
f 444/1579 453/1580 454/1581
#fvcolorindex 8 8 8 
vt 1.000000 0.980469 0.0
vt -0.250000 0.250977 0.0
vt -0.250000 0.900391 0.0
f 444/1582 454/1583 445/1584
#fvcolorindex 8 8 8 
vt 1.000000 0.980469 0.0
vt 1.000000 0.589844 0.0
vt -0.250000 0.509766 0.0
v -12.000000 -29.275440 383.264526
#joint 34
#vjoint 455
f 455/1585 443/1586 446/1587
#fvcolorindex 8 8 8 
vt 1.000000 0.980469 0.0
vt -0.250000 0.509766 0.0
vt -0.250000 0.900391 0.0
v -12.000000 0.724561 476.264526
#joint 34
#vjoint 456
f 455/1588 446/1589 456/1590
#fvcolorindex 8 8 8 
vt 1.095703 0.987305 0.0
vt 1.095703 0.596680 0.0
vt 1.000000 0.589844 0.0
v -8.000000 -31.275440 375.264526
#joint 34
#vjoint 457
f 457/1591 447/1592 443/1593
#fvcolorindex 8 8 8 
vt 1.095703 0.987305 0.0
vt 1.000000 0.589844 0.0
vt 1.000000 0.980469 0.0
f 457/1594 443/1595 455/1596
#fvcolorindex 8 8 8 
vt 1.095703 0.987305 0.0
vt 1.095703 0.596680 0.0
vt 1.095703 0.596680 0.0
v 8.000000 -31.275440 375.264526
#joint 34
#vjoint 458
f 458/1597 442/1598 447/1599
#fvcolorindex 8 8 8 
vt 1.095703 0.987305 0.0
vt 1.095703 0.596680 0.0
vt 1.095703 0.987305 0.0
f 458/1600 447/1601 457/1602
#fvcolorindex 8 8 8 
vt 1.095703 0.596680 0.0
vt 1.095703 0.987305 0.0
vt 1.000000 0.980469 0.0
v 12.000000 -29.275440 383.264526
#joint 34
#vjoint 459
f 442/1603 458/1604 459/1605
#fvcolorindex 8 8 8 
vt 1.095703 0.596680 0.0
vt 1.000000 0.980469 0.0
vt 1.000000 0.589844 0.0
f 442/1606 459/1607 438/1608
#fvcolorindex 8 8 8 
vt 1.000000 0.980469 0.0
vt -0.250000 0.900391 0.0
vt -0.250000 0.509766 0.0
v 12.000000 0.724561 476.264526
#joint 34
#vjoint 460
f 459/1609 460/1610 439/1611
#fvcolorindex 8 8 8 
vt 1.000000 0.980469 0.0
vt -0.250000 0.509766 0.0
vt 1.000000 0.589844 0.0
f 459/1612 439/1613 438/1614
#fvcolorindex 8 8 8 
usemtl m14MirrorS
vt 1.000000 0.000000 0.0
vt 1.000000 1.000000 0.0
vt 0.000000 1.000000 0.0
f 459/1615 455/1616 456/1617
#fvcolorindex 8 8 8 
vt 1.000000 0.000000 0.0
vt 0.000000 1.000000 0.0
vt 0.000000 0.000000 0.0
f 459/1618 456/1619 460/1620
#fvcolorindex 8 8 8 
vt 1.077148 0.157227 0.0
vt 1.077148 0.842773 0.0
vt 1.000000 1.000000 0.0
f 458/1621 457/1622 455/1623
#fvcolorindex 8 8 8 
vt 1.077148 0.157227 0.0
vt 1.000000 1.000000 0.0
vt 1.000000 0.000000 0.0
f 458/1624 455/1625 459/1626
#fvcolorindex 8 8 8 
g Room37
g Room37_primary
usemtl m5
vt -0.976562 0.330078 0.0
vt -0.976562 0.181641 0.0
vt -0.612305 0.000000 0.0
v -10.000000 -70.674278 528.478088
#joint 35
#vjoint 461
#vcolor 254.000000 254.000000 254.000000 255.000000
v -13.000000 -70.674278 528.478088
#joint 35
#vjoint 462
v -17.000000 -67.674278 534.478088
#joint 35
#vjoint 463
f 461/1627 462/1628 463/1629
#fvcolorindex 9 9 9 
vt -0.976562 0.330078 0.0
vt -0.612305 0.000000 0.0
vt -0.612305 0.148438 0.0
v -14.000000 -67.674278 534.478088
#joint 35
#vjoint 464
f 461/1630 463/1631 464/1632
#fvcolorindex 9 9 9 
vt -0.612305 0.148438 0.0
vt -0.612305 0.000000 0.0
vt 4.125000 0.000000 0.0
v -17.000000 -36.674278 606.478088
#joint 35
#vjoint 465
f 464/1633 463/1634 465/1635
#fvcolorindex 9 9 9 
vt -0.612305 0.148438 0.0
vt 4.125000 0.000000 0.0
vt 4.125000 0.148438 0.0
v -14.000000 -36.674278 606.478088
#joint 35
#vjoint 466
f 464/1636 465/1637 466/1638
#fvcolorindex 9 9 9 
vt 1.584961 0.166992 0.0
vt 1.584961 0.304688 0.0
vt 1.249023 0.136719 0.0
v 13.000000 -70.674278 528.478088
#joint 35
#vjoint 467
v 10.000000 -70.674278 528.478088
#joint 35
#vjoint 468
v 14.000000 -67.674278 534.478088
#joint 35
#vjoint 469
f 467/1639 468/1640 469/1641
#fvcolorindex 9 9 9 
vt 1.584961 0.166992 0.0
vt 1.249023 0.136719 0.0
vt 1.249023 0.000000 0.0
v 17.000000 -67.674278 534.478088
#joint 35
#vjoint 470
f 467/1642 469/1643 470/1644
#fvcolorindex 9 9 9 
vt 1.249023 0.000000 0.0
vt 1.249023 0.136719 0.0
vt -3.119141 0.136719 0.0
v 14.000000 -36.674278 606.478088
#joint 35
#vjoint 471
f 470/1645 469/1646 471/1647
#fvcolorindex 9 9 9 
vt 1.249023 0.000000 0.0
vt -3.119141 0.136719 0.0
vt -3.119141 0.000000 0.0
v 17.000000 -36.674278 606.478088
#joint 35
#vjoint 472
f 470/1648 471/1649 472/1650
#fvcolorindex 9 9 9 
usemtl m8
vt 1.363281 0.916016 0.0
vt 0.247070 0.916016 0.0
vt 0.247070 0.196289 0.0
v 17.000000 -74.674278 623.478088
#joint 35
#vjoint 473
f 470/1651 472/1652 473/1653
#fvcolorindex 9 9 9 
vt 1.363281 0.916016 0.0
vt 0.247070 0.196289 0.0
vt 1.363281 0.113281 0.0
v 17.000000 -110.674278 552.478088
#joint 35
#vjoint 474
f 470/1654 473/1655 474/1656
#fvcolorindex 9 9 9 
vt 1.449219 0.141602 0.0
vt 1.449219 0.916016 0.0
vt 1.363281 0.916016 0.0
v 13.000000 -111.674278 546.478088
#joint 35
#vjoint 475
f 475/1657 467/1658 470/1659
#fvcolorindex 9 9 9 
vt 1.449219 0.141602 0.0
vt 1.363281 0.916016 0.0
vt 1.363281 0.113281 0.0
f 475/1660 470/1661 474/1662
#fvcolorindex 9 9 9 
vt 1.449219 0.916016 0.0
vt 1.449219 0.141602 0.0
vt 1.449219 0.141602 0.0
v -13.000000 -111.674278 546.478088
#joint 35
#vjoint 476
f 467/1663 475/1664 476/1665
#fvcolorindex 9 9 9 
vt 1.449219 0.916016 0.0
vt 1.449219 0.141602 0.0
vt 1.449219 0.916016 0.0
f 467/1666 476/1667 462/1668
#fvcolorindex 9 9 9 
vt 1.449219 0.916016 0.0
vt 1.449219 0.141602 0.0
vt 1.363281 0.113281 0.0
v -17.000000 -110.674278 552.478088
#joint 35
#vjoint 477
f 462/1669 476/1670 477/1671
#fvcolorindex 9 9 9 
vt 1.449219 0.916016 0.0
vt 1.363281 0.113281 0.0
vt 1.363281 0.916016 0.0
f 462/1672 477/1673 463/1674
#fvcolorindex 9 9 9 
vt 1.363281 0.916016 0.0
vt 1.363281 0.113281 0.0
vt 0.247070 0.196289 0.0
v -17.000000 -74.674278 623.478088
#joint 35
#vjoint 478
f 463/1675 477/1676 478/1677
#fvcolorindex 9 9 9 
vt 1.363281 0.916016 0.0
vt 0.247070 0.196289 0.0
vt 0.247070 0.916016 0.0
f 463/1678 478/1679 465/1680
#fvcolorindex 9 9 9 
vt 1.000000 0.980469 0.0
vt -0.250000 0.900391 0.0
vt -0.250000 0.509766 0.0
v 14.000000 -30.674276 518.478088
#joint 35
#vjoint 479
v 14.000000 1.325724 590.478088
#joint 35
#vjoint 480
f 479/1681 480/1682 471/1683
#fvcolorindex 9 9 9 
vt 1.000000 0.980469 0.0
vt -0.250000 0.509766 0.0
vt 1.000000 0.589844 0.0
f 479/1684 471/1685 469/1686
#fvcolorindex 9 9 9 
vt 1.095703 0.596680 0.0
vt 1.095703 0.987305 0.0
vt 1.000000 0.980469 0.0
v 10.000000 -32.674278 512.478088
#joint 35
#vjoint 481
f 468/1687 481/1688 479/1689
#fvcolorindex 9 9 9 
vt 1.095703 0.596680 0.0
vt 1.000000 0.980469 0.0
vt 1.000000 0.589844 0.0
f 468/1690 479/1691 469/1692
#fvcolorindex 9 9 9 
vt 1.095703 0.987305 0.0
vt 1.095703 0.596680 0.0
vt 1.095703 0.596680 0.0
f 481/1693 468/1694 461/1695
#fvcolorindex 9 9 9 
vt 1.095703 0.987305 0.0
vt 1.095703 0.596680 0.0
vt 1.095703 0.987305 0.0
v -10.000000 -32.674278 512.478088
#joint 35
#vjoint 482
f 481/1696 461/1697 482/1698
#fvcolorindex 9 9 9 
vt 1.095703 0.987305 0.0
vt 1.095703 0.596680 0.0
vt 1.000000 0.589844 0.0
f 482/1699 461/1700 464/1701
#fvcolorindex 9 9 9 
vt 1.095703 0.987305 0.0
vt 1.000000 0.589844 0.0
vt 1.000000 0.980469 0.0
v -14.000000 -30.674276 518.478088
#joint 35
#vjoint 483
f 482/1702 464/1703 483/1704
#fvcolorindex 9 9 9 
vt 1.000000 0.980469 0.0
vt 1.000000 0.589844 0.0
vt -0.250000 0.509766 0.0
f 483/1705 464/1706 466/1707
#fvcolorindex 9 9 9 
vt 1.000000 0.980469 0.0
vt -0.250000 0.509766 0.0
vt -0.250000 0.900391 0.0
v -14.000000 1.325724 590.478088
#joint 35
#vjoint 484
f 483/1708 466/1709 484/1710
#fvcolorindex 9 9 9 
usemtl m14MirrorS
vt 1.077148 0.157227 0.0
vt 1.077148 0.842773 0.0
vt 1.000000 1.000000 0.0
f 481/1711 482/1712 483/1713
#fvcolorindex 9 9 9 
vt 1.077148 0.157227 0.0
vt 1.000000 1.000000 0.0
vt 1.000000 0.000000 0.0
f 481/1714 483/1715 479/1716
#fvcolorindex 9 9 9 
vt 1.000000 0.000000 0.0
vt 1.000000 1.000000 0.0
vt 0.000000 1.000000 0.0
f 479/1717 483/1718 484/1719
#fvcolorindex 9 9 9 
vt 1.000000 0.000000 0.0
vt 0.000000 1.000000 0.0
vt 0.000000 0.000000 0.0
f 479/1720 484/1721 480/1722
#fvcolorindex 9 9 9 
