# Created by SubDrag and the GoldenEye Setup Editor V4.4
mtllib Gun0002.mtl
#joint 0
#jointposition 0.000000 -20.375574 -74.143860
#joint 1
#jointposition -0.126130 -34.500000 -403.726105
#joint 2
#jointposition 0.000000 -20.375574 -74.143860
#joint 3
#jointposition 28.404760 -54.346611 -32.664295
#joint 4
#jointposition 50.075203 -78.841194 -10.664248
#joint 5
#jointposition 28.643808 -16.714527 20.778549
#joint 6
#jointposition 26.518341 -24.155291 60.154758
#joint 7
#jointposition 24.862719 -25.637974 87.085503
#joint 8
#jointposition 8.820322 -11.296313 21.695198
#joint 9
#jointposition 8.668717 -23.348385 71.418152
#joint 10
#jointposition 7.570724 -26.182207 98.349426
#joint 11
#jointposition -7.449821 -15.536673 21.601517
#joint 12
#jointposition -6.777197 -21.532187 62.353848
#joint 13
#jointposition -6.290760 -23.494061 85.077034
#joint 14
#jointposition -23.590879 -23.057791 21.828247
#joint 15
#jointposition -21.894306 -25.130569 56.929543
#joint 16
#jointposition -20.740978 -24.727604 74.077179
#joint 17
#jointposition 234.474915 -34.500000 -403.725983
#joint 18
#jointposition 234.348785 -20.375599 -74.143890
#joint 19
#jointposition 205.943985 -54.346600 -32.664291
#joint 20
#jointposition 184.273590 -78.841202 -10.664192
#joint 21
#jointposition 205.704987 -16.714600 20.778511
#joint 22
#jointposition 207.830490 -24.155300 60.154812
#joint 23
#jointposition 209.561584 -25.811800 87.094810
#joint 24
#jointposition 225.528473 -11.296299 21.695213
#joint 25
#jointposition 225.680069 -23.348400 71.418114
#joint 26
#jointposition 226.778076 -26.182199 98.349411
#joint 27
#jointposition 241.798599 -15.536699 21.601509
#joint 28
#jointposition 241.125977 -21.532200 62.353809
#joint 29
#jointposition 240.639542 -23.494101 85.077011
#joint 30
#jointposition 257.939697 -23.057798 21.828209
#joint 31
#jointposition 256.243103 -25.130598 56.929508
#joint 32
#jointposition 255.089798 -24.727598 74.077209
#joint 33
#jointposition 0.000000 8.176691 53.571434
#joint 34
#jointposition 0.000000 39.755638 -9.586460
#joint 35
#jointposition -24.749153 51.286697 82.235107
#joint 36
#jointposition -21.998222 45.361862 195.889893
#joint 37
#jointposition -22.192528 47.386093 215.974915
#joint 38
#jointposition -22.192524 47.386093 236.893997
#joint 39
#jointposition -19.739126 89.125420 38.443439
#joint 40
#jointposition 261.986603 -572.602112 -199.977142
#joint 41
#jointposition -22.382334 38.955902 37.500732
#joint 42
#jointposition -27.327564 -5.668245 149.133484
#connection 0 1
#connection 1 2
#connection 2 3
#connection 3 4
#connection 2 5
#connection 5 6
#connection 6 7
#connection 2 8
#connection 8 9
#connection 9 10
#connection 2 11
#connection 11 12
#connection 12 13
#connection 2 14
#connection 14 15
#connection 15 16
#connection 2 33
#connection 33 36
#connection 36 37
#connection 36 38
#connection 33 34
#connection 33 41
#connection 33 35
#connection 33 39
#connection 33 42
#connection 0 17
#connection 17 18
#connection 18 19
#connection 19 20
#connection 18 21
#connection 21 22
#connection 22 23
#connection 18 24
#connection 24 25
#connection 25 26
#connection 18 27
#connection 27 28
#connection 28 29
#connection 18 30
#connection 30 31
#connection 31 32
#connection 18 40
g Room02
g Room02_primary
usemtl m0TransparentCullBothClampSClampT
vt 0.968750 0.000000 0.0
vt 0.000000 0.000000 0.0
vt 0.000000 0.968750 0.0
v -59.192524 10.386093 236.893997
#joint 38
#vjoint 1
#vcolor 255.000000 255.000000 255.000000 255.000000
v -22.192524 10.386093 236.893997
#joint 38
#vjoint 2
v -22.192524 47.386093 236.893997
#joint 38
#vjoint 3
f 1/1 2/2 3/3
#fvcolorindex 1 1 1 
vt 0.968750 0.000000 0.0
vt 0.000000 0.968750 0.0
vt 0.968750 0.968750 0.0
v -59.192524 47.386093 236.893997
#joint 38
#vjoint 4
f 1/4 3/5 4/6
#fvcolorindex 1 1 1 
vt 0.968750 0.000000 0.0
vt 0.000000 0.000000 0.0
vt 0.000000 0.968750 0.0
v 14.807472 10.386093 215.974915
#joint 37
#vjoint 5
v -22.192528 10.386093 215.974915
#joint 37
#vjoint 6
v -22.192528 47.386093 215.974915
#joint 37
#vjoint 7
f 5/7 6/8 7/9
#fvcolorindex 1 1 1 
vt 0.968750 0.000000 0.0
vt 0.000000 0.968750 0.0
vt 0.968750 0.968750 0.0
v 14.807472 47.386093 215.974915
#joint 37
#vjoint 8
f 5/10 7/11 8/12
#fvcolorindex 1 1 1 
usemtl m1TransparentCullBothClampSClampT
vt 0.968750 0.000000 0.0
vt 0.000000 0.000000 0.0
vt 0.000000 0.968750 0.0
v 14.807476 10.386093 236.893997
#joint 38
#vjoint 9
v 14.807476 47.386093 236.893997
#joint 38
#vjoint 10
f 2/13 9/14 10/15
#fvcolorindex 1 1 1 
vt 0.968750 0.000000 0.0
vt 0.000000 0.968750 0.0
vt 0.968750 0.968750 0.0
f 2/16 10/17 3/18
#fvcolorindex 1 1 1 
vt 0.968750 0.000000 0.0
vt 0.000000 0.000000 0.0
vt 0.000000 0.968750 0.0
v -59.192528 10.386093 215.974915
#joint 37
#vjoint 11
v -59.192528 47.386093 215.974915
#joint 37
#vjoint 12
f 6/19 11/20 12/21
#fvcolorindex 1 1 1 
vt 0.968750 0.000000 0.0
vt 0.000000 0.968750 0.0
vt 0.968750 0.968750 0.0
f 6/22 12/23 7/24
#fvcolorindex 1 1 1 
usemtl m2TransparentCullBothClampSClampT
vt 0.968750 0.000000 0.0
vt 0.000000 0.000000 0.0
vt 0.000000 0.968750 0.0
v 14.807476 84.386093 236.893997
#joint 38
#vjoint 13
f 3/25 10/26 13/27
#fvcolorindex 1 1 1 
vt 0.968750 0.000000 0.0
vt 0.000000 0.968750 0.0
vt 0.968750 0.968750 0.0
v -22.192524 84.386093 236.893997
#joint 38
#vjoint 14
f 3/28 13/29 14/30
#fvcolorindex 1 1 1 
vt 0.968750 0.000000 0.0
vt 0.000000 0.000000 0.0
vt 0.000000 0.968750 0.0
v -59.192528 84.386093 215.974915
#joint 37
#vjoint 15
f 7/31 12/32 15/33
#fvcolorindex 1 1 1 
vt 0.968750 0.000000 0.0
vt 0.000000 0.968750 0.0
vt 0.968750 0.968750 0.0
v -22.192528 84.386093 215.974915
#joint 37
#vjoint 16
f 7/34 15/35 16/36
#fvcolorindex 1 1 1 
usemtl m3TransparentCullBothClampSClampT
vt 0.968750 0.000000 0.0
vt 0.000000 0.000000 0.0
vt 0.000000 0.968750 0.0
f 4/37 3/38 14/39
#fvcolorindex 1 1 1 
vt 0.968750 0.000000 0.0
vt 0.000000 0.968750 0.0
vt 0.968750 0.968750 0.0
v -59.192524 84.386093 236.893997
#joint 38
#vjoint 17
f 4/40 14/41 17/42
#fvcolorindex 1 1 1 
vt 0.968750 0.000000 0.0
vt 0.000000 0.000000 0.0
vt 0.000000 0.968750 0.0
f 8/43 7/44 16/45
#fvcolorindex 1 1 1 
vt 0.968750 0.000000 0.0
vt 0.000000 0.968750 0.0
vt 0.968750 0.968750 0.0
v 14.807472 84.386093 215.974915
#joint 37
#vjoint 18
f 8/46 16/47 18/48
#fvcolorindex 1 1 1 
g Room03
g Room03_primary
usemtl m4CullBothEnvMappingTexScaleS0.031250TexScaleT0.031250
vt 0.000000 0.000000 0.0
vt 0.000000 0.000000 0.0
vt 0.000000 0.000000 0.0
v -14.000000 45.176689 115.571434
#joint 33
#vjoint 19
#vcolor 127.000000 0.000000 0.000000 255.000000
v -16.000000 51.176689 115.571434
#joint 33
#vjoint 20
#vcolor 89.000000 89.000000 0.000000 255.000000
v -16.000000 51.176689 195.571442
#joint 33
#vjoint 21
vn 1.000000 0.000000 0.000000
vn 0.700787 0.700787 0.000000
vn 0.700787 0.700787 0.000000
f 19/49/1 20/50/2 21/51/3
#fvcolorindex 2 3 3 
vt 0.000000 0.000000 0.0
vt 0.000000 0.000000 0.0
vt 0.000000 0.000000 0.0
v -14.000000 45.176689 195.571442
#joint 33
#vjoint 22
vn 1.000000 0.000000 0.000000
vn 0.700787 0.700787 0.000000
vn 1.000000 0.000000 0.000000
f 19/52/4 21/53/5 22/54/6
#fvcolorindex 2 3 2 
usemtl m5CullBothEnvMappingTexScaleS0.031250TexScaleT0.031250
vt 0.000000 0.000000 0.0
vt 0.000000 0.000000 0.0
vt 0.000000 0.000000 0.0
v -16.000000 39.176689 195.571442
#joint 33
#vjoint 23
#vcolor 89.000000 167.000000 0.000000 255.000000
v -16.000000 39.176689 115.571434
#joint 33
#vjoint 24
vn 0.700787 1.314961 0.000000
vn 0.700787 1.314961 0.000000
vn 1.000000 0.000000 0.000000
f 23/55/7 24/56/8 19/57/9
#fvcolorindex 4 4 2 
vt 0.000000 0.000000 0.0
vt 0.000000 0.000000 0.0
vt 0.000000 0.000000 0.0
vn 0.700787 1.314961 0.000000
vn 1.000000 0.000000 0.000000
vn 1.000000 0.000000 0.000000
f 23/58/10 19/59/11 22/60/12
#fvcolorindex 4 2 2 
usemtl m6CullBothEnvMappingTexScaleS0.031250TexScaleT0.031250
vt 0.000000 0.000000 0.0
vt 0.000000 0.000000 0.0
vt 0.000000 0.000000 0.0
v -22.000000 37.176689 195.571442
#joint 33
#vjoint 25
#vcolor 0.000000 129.000000 0.000000 255.000000
v -22.000000 37.176689 115.571434
#joint 33
#vjoint 26
vn 0.000000 1.015748 0.000000
vn 0.000000 1.015748 0.000000
vn 0.700787 1.314961 0.000000
f 25/61/13 26/62/14 24/63/15
#fvcolorindex 5 5 4 
vt 0.000000 0.000000 0.0
vt 0.000000 0.000000 0.0
vt 0.000000 0.000000 0.0
vn 0.000000 1.015748 0.000000
vn 0.700787 1.314961 0.000000
vn 0.700787 1.314961 0.000000
f 25/64/16 24/65/17 23/66/18
#fvcolorindex 5 4 4 
usemtl m7CullBothEnvMappingTexScaleS0.031250TexScaleT0.031250
vt 0.000000 0.000000 0.0
vt 0.000000 0.000000 0.0
vt 0.000000 0.000000 0.0
v -28.000000 39.176689 195.571442
#joint 33
#vjoint 27
#vcolor 167.000000 167.000000 0.000000 255.000000
v -28.000000 39.176689 115.571434
#joint 33
#vjoint 28
vn 1.314961 1.314961 0.000000
vn 1.314961 1.314961 0.000000
vn 0.000000 1.015748 0.000000
f 27/67/19 28/68/20 26/69/21
#fvcolorindex 6 6 5 
vt 0.000000 0.000000 0.0
vt 0.000000 0.000000 0.0
vt 0.000000 0.000000 0.0
vn 1.314961 1.314961 0.000000
vn 0.000000 1.015748 0.000000
vn 0.000000 1.015748 0.000000
f 27/70/22 26/71/23 25/72/24
#fvcolorindex 6 5 5 
usemtl m8CullBothEnvMappingTexScaleS0.031250TexScaleT0.031250
vt 0.000000 0.000000 0.0
vt 0.000000 0.000000 0.0
vt 0.000000 0.000000 0.0
v -30.000000 45.176689 195.571442
#joint 33
#vjoint 29
#vcolor 129.000000 0.000000 0.000000 255.000000
v -30.000000 45.176689 115.571434
#joint 33
#vjoint 30
vn 1.015748 0.000000 0.000000
vn 1.015748 0.000000 0.000000
vn 1.314961 1.314961 0.000000
f 29/73/25 30/74/26 28/75/27
#fvcolorindex 7 7 6 
vt 0.000000 0.000000 0.0
vt 0.000000 0.000000 0.0
vt 0.000000 0.000000 0.0
vn 1.015748 0.000000 0.000000
vn 1.314961 1.314961 0.000000
vn 1.314961 1.314961 0.000000
f 29/76/28 28/77/29 27/78/30
#fvcolorindex 7 6 6 
usemtl m9CullBothEnvMappingTexScaleS0.031250TexScaleT0.031250
vt 0.000000 0.000000 0.0
vt 0.000000 0.000000 0.0
vt 0.000000 0.000000 0.0
v -28.000000 51.176689 195.571442
#joint 33
#vjoint 31
#vcolor 167.000000 89.000000 0.000000 255.000000
v -28.000000 51.176689 115.571434
#joint 33
#vjoint 32
vn 1.314961 0.700787 0.000000
vn 1.314961 0.700787 0.000000
vn 1.015748 0.000000 0.000000
f 31/79/31 32/80/32 30/81/33
#fvcolorindex 8 8 7 
vt 0.000000 0.000000 0.0
vt 0.000000 0.000000 0.0
vt 0.000000 0.000000 0.0
vn 1.314961 0.700787 0.000000
vn 1.015748 0.000000 0.000000
vn 1.015748 0.000000 0.000000
f 31/82/34 30/83/35 29/84/36
#fvcolorindex 8 7 7 
usemtl m10CullBothEnvMappingTexScaleS0.031250TexScaleT0.031250
vt 0.000000 0.000000 0.0
vt 0.000000 0.000000 0.0
vt 0.000000 0.000000 0.0
v -22.000000 54.176689 195.571442
#joint 33
#vjoint 33
#vcolor 0.000000 127.000000 0.000000 255.000000
v -22.000000 54.176689 115.571434
#joint 33
#vjoint 34
vn 0.000000 1.000000 0.000000
vn 0.000000 1.000000 0.000000
vn 1.314961 0.700787 0.000000
f 33/85/37 34/86/38 32/87/39
#fvcolorindex 9 9 8 
vt 0.000000 0.000000 0.0
vt 0.000000 0.000000 0.0
vt 0.000000 0.000000 0.0
vn 0.000000 1.000000 0.000000
vn 1.314961 0.700787 0.000000
vn 1.314961 0.700787 0.000000
f 33/88/40 32/89/41 31/90/42
#fvcolorindex 9 8 8 
usemtl m11CullBothEnvMappingTexScaleS0.031250TexScaleT0.031250
vt 0.000000 0.000000 0.0
vt 0.000000 0.000000 0.0
vt 0.000000 0.000000 0.0
vn 0.700787 0.700787 0.000000
vn 0.700787 0.700787 0.000000
vn 0.000000 1.000000 0.000000
f 21/91/43 20/92/44 34/93/45
#fvcolorindex 3 3 9 
vt 0.000000 0.000000 0.0
vt 0.000000 0.000000 0.0
vt 0.000000 0.000000 0.0
vn 0.700787 0.700787 0.000000
vn 0.000000 1.000000 0.000000
vn 0.000000 1.000000 0.000000
f 21/94/46 34/95/47 33/96/48
#fvcolorindex 3 9 9 
usemtl m12CullBothEnvMappingTexScaleS0.031250TexScaleT0.031250
vt 0.000000 0.000000 0.0
vt 0.000000 0.000000 0.0
vt 0.000000 0.000000 0.0
v -25.000000 -20.823309 55.571434
#joint 33
#vjoint 35
#vcolor 160.000000 220.000000 73.000000 255.000000
v -22.000000 -25.823309 55.571434
#joint 33
#vjoint 36
#vcolor 150.000000 203.000000 45.000000 255.000000
v -22.000000 -25.823309 99.571434
#joint 33
#vjoint 37
#vcolor 143.000000 200.000000 0.000000 255.000000
vn 1.259843 1.732283 0.574803
vn 1.181102 1.598425 0.354331
vn 1.125984 1.574803 0.000000
f 35/97/49 36/98/50 37/99/51
#fvcolorindex 10 11 12 
vt 0.000000 0.000000 0.0
vt 0.000000 0.000000 0.0
vt 0.000000 0.000000 0.0
v -25.000000 -20.823309 99.571434
#joint 33
#vjoint 38
vn 1.259843 1.732283 0.574803
vn 1.125984 1.574803 0.000000
vn 1.125984 1.574803 0.000000
f 35/100/52 37/101/53 38/102/54
#fvcolorindex 10 12 12 
usemtl m13CullBothEnvMappingTexScaleS0.031250TexScaleT0.031250
vt 0.000000 0.000000 0.0
vt 0.000000 0.000000 0.0
vt 0.000000 0.000000 0.0
v -19.000000 -20.823309 99.571434
#joint 33
#vjoint 39
#vcolor 113.000000 200.000000 0.000000 255.000000
#vcolor 106.000000 203.000000 45.000000 255.000000
vn 0.889764 1.574803 0.000000
vn 0.889764 1.574803 0.000000
vn 0.834646 1.598425 0.354331
f 39/103/55 37/104/56 36/105/57
#fvcolorindex 13 13 14 
vt 0.000000 0.000000 0.0
vt 0.000000 0.000000 0.0
vt 0.000000 0.000000 0.0
v -19.000000 -20.823309 55.571434
#joint 33
#vjoint 40
#vcolor 96.000000 220.000000 73.000000 255.000000
vn 0.889764 1.574803 0.000000
vn 0.834646 1.598425 0.354331
vn 0.755906 1.732283 0.574803
f 39/106/58 36/107/59 40/108/60
#fvcolorindex 13 14 15 
usemtl m10CullBothEnvMappingTexScaleS0.031250TexScaleT0.031250
vt 0.000000 0.000000 0.0
vt 0.000000 0.000000 0.0
vt 0.000000 0.000000 0.0
vn 0.000000 1.000000 0.000000
vn 0.000000 1.000000 0.000000
vn 0.000000 1.000000 0.000000
f 40/109/61 35/110/62 38/111/63
#fvcolorindex 9 9 9 
vt 0.000000 0.000000 0.0
vt 0.000000 0.000000 0.0
vt 0.000000 0.000000 0.0
vn 0.000000 1.000000 0.000000
vn 0.000000 1.000000 0.000000
vn 0.000000 1.000000 0.000000
f 40/112/64 38/113/65 39/114/66
#fvcolorindex 9 9 9 
usemtl m8CullBothEnvMappingTexScaleS0.031250TexScaleT0.031250
vt 0.000000 0.000000 0.0
vt 0.000000 0.000000 0.0
vt 0.000000 0.000000 0.0
v -33.000000 26.176691 74.571434
#joint 33
#vjoint 41
v -33.000000 10.176691 74.571434
#joint 33
#vjoint 42
#vcolor 156.000000 181.000000 15.000000 255.000000
v -33.000000 15.176691 99.571434
#joint 33
#vjoint 43
#vcolor 143.000000 200.000000 12.000000 255.000000
vn 1.015748 0.000000 0.000000
vn 1.228346 1.425197 0.118110
vn 1.125984 1.574803 0.094488
f 41/115/67 42/116/68 43/117/69
#fvcolorindex 7 16 17 
vt 0.000000 0.000000 0.0
vt 0.000000 0.000000 0.0
vt 0.000000 0.000000 0.0
v -33.000000 26.176691 99.571434
#joint 33
#vjoint 44
vn 1.015748 0.000000 0.000000
vn 1.125984 1.574803 0.094488
vn 1.015748 0.000000 0.000000
f 41/118/70 43/119/71 44/120/72
#fvcolorindex 7 17 7 
usemtl m14CullBothEnvMappingTexScaleS0.031250TexScaleT0.031250
vt 0.000000 0.000000 0.0
vt 0.000000 0.000000 0.0
vt 0.000000 0.000000 0.0
v -22.000000 7.176691 99.571434
#joint 33
#vjoint 45
#vcolor 0.000000 132.000000 22.000000 255.000000
v -30.000000 4.176691 55.571434
#joint 33
#vjoint 46
#vcolor 159.000000 196.000000 54.000000 255.000000
v -22.000000 1.176691 60.571434
#joint 33
#vjoint 47
#vcolor 32.000000 149.000000 58.000000 255.000000
vn 0.000000 1.039370 0.173228
vn 1.251969 1.543307 0.425197
vn 0.251969 1.173228 0.456693
f 45/121/73 46/122/74 47/123/75
#fvcolorindex 18 19 20 
vt 0.000000 0.000000 0.0
vt 0.000000 0.000000 0.0
vt 0.000000 0.000000 0.0
vn 0.000000 1.039370 0.173228
vn 1.228346 1.425197 0.118110
vn 1.251969 1.543307 0.425197
f 45/124/76 42/125/77 46/126/78
#fvcolorindex 18 16 19 
vt 0.000000 0.000000 0.0
vt 0.000000 0.000000 0.0
vt 0.000000 0.000000 0.0
vn 0.000000 1.039370 0.173228
vn 1.125984 1.574803 0.094488
vn 1.228346 1.425197 0.118110
f 45/127/79 43/128/80 42/129/81
#fvcolorindex 18 17 16 
usemtl m15CullBothEnvMappingTexScaleS0.031250TexScaleT0.031250
vt 0.000000 0.000000 0.0
vt 0.000000 0.000000 0.0
vt 0.000000 0.000000 0.0
v -11.000000 15.176691 99.571434
#joint 33
#vjoint 48
#vcolor 113.000000 200.000000 12.000000 255.000000
v -11.000000 10.176691 74.571434
#joint 33
#vjoint 49
#vcolor 100.000000 181.000000 15.000000 255.000000
vn 0.889764 1.574803 0.094488
vn 0.000000 1.039370 0.173228
vn 0.787402 1.425197 0.118110
f 48/130/82 45/131/83 49/132/84
#fvcolorindex 21 18 22 
usemtl m14CullBothEnvMappingTexScaleS0.031250TexScaleT0.031250
vt 0.000000 0.000000 0.0
vt 0.000000 0.000000 0.0
vt 0.000000 0.000000 0.0
v -14.000000 4.176691 55.571434
#joint 33
#vjoint 50
#vcolor 97.000000 196.000000 54.000000 255.000000
vn 0.000000 1.039370 0.173228
vn 0.763780 1.543307 0.425197
vn 0.787402 1.425197 0.118110
f 45/133/85 50/134/86 49/135/87
#fvcolorindex 18 23 22 
vt 0.000000 0.000000 0.0
vt 0.000000 0.000000 0.0
vt 0.000000 0.000000 0.0
vn 0.000000 1.039370 0.173228
vn 0.251969 1.173228 0.456693
vn 0.763780 1.543307 0.425197
f 45/136/88 47/137/89 50/138/90
#fvcolorindex 18 20 23 
usemtl m4CullBothEnvMappingTexScaleS0.031250TexScaleT0.031250
vt 0.000000 0.000000 0.0
vt 0.000000 0.000000 0.0
vt 0.000000 0.000000 0.0
v -11.000000 26.176691 74.571434
#joint 33
#vjoint 51
v -11.000000 26.176691 99.571434
#joint 33
#vjoint 52
vn 1.000000 0.000000 0.000000
vn 1.000000 0.000000 0.000000
vn 0.889764 1.574803 0.094488
f 51/139/91 52/140/92 48/141/93
#fvcolorindex 2 2 21 
vt 0.000000 0.000000 0.0
vt 0.000000 0.000000 0.0
vt 0.000000 0.000000 0.0
vn 1.000000 0.000000 0.000000
vn 0.889764 1.574803 0.094488
vn 0.787402 1.425197 0.118110
f 51/142/94 48/143/95 49/144/96
#fvcolorindex 2 21 22 
usemtl m16CullBothEnvMappingTexScaleS0.031250TexScaleT0.031250
vt 0.000000 0.000000 0.0
vt 0.000000 0.000000 0.0
vt 0.000000 0.000000 0.0
#vcolor 82.000000 230.000000 92.000000 255.000000
vn 0.763780 1.543307 0.425197
vn 0.251969 1.173228 0.456693
vn 0.645669 1.811024 0.724409
f 50/145/97 47/146/98 40/147/99
#fvcolorindex 23 20 24 
vt 0.000000 0.000000 0.0
vt 0.000000 0.000000 0.0
vt 0.000000 0.000000 0.0
v -14.000000 -20.823309 49.571434
#joint 33
#vjoint 53
#vcolor 108.000000 234.000000 62.000000 255.000000
vn 0.763780 1.543307 0.425197
vn 0.645669 1.811024 0.724409
vn 0.850394 1.842520 0.488189
f 50/148/100 40/149/101 53/150/102
#fvcolorindex 23 24 25 
usemtl m17CullBothEnvMappingTexScaleS0.031250TexScaleT0.031250
vt 0.000000 0.000000 0.0
vt 0.000000 0.000000 0.0
vt 0.000000 0.000000 0.0
#vcolor 0.000000 200.000000 113.000000 255.000000
vn 0.850394 1.842520 0.488189
vn 0.645669 1.811024 0.724409
vn 0.000000 1.574803 0.889764
f 53/151/103 40/152/104 36/153/105
#fvcolorindex 25 24 26 
usemtl m16CullBothEnvMappingTexScaleS0.031250TexScaleT0.031250
vt 0.000000 0.000000 0.0
vt 0.000000 0.000000 0.0
vt 0.000000 0.000000 0.0
v -14.000000 -20.823309 38.571434
#joint 33
#vjoint 54
vn 0.763780 1.543307 0.425197
vn 0.850394 1.842520 0.488189
vn 1.000000 0.000000 0.000000
f 50/154/106 53/155/107 54/156/108
#fvcolorindex 23 25 2 
vt 0.000000 0.000000 0.0
vt 0.000000 0.000000 0.0
vt 0.000000 0.000000 0.0
v -14.000000 -3.823309 38.571434
#joint 33
#vjoint 55
vn 0.763780 1.543307 0.425197
vn 1.000000 0.000000 0.000000
vn 1.000000 0.000000 0.000000
f 50/157/109 54/158/110 55/159/111
#fvcolorindex 23 2 2 
usemtl m18CullBothEnvMappingTexScaleS0.031250TexScaleT0.031250
vt 0.000000 0.000000 0.0
vt 0.000000 0.000000 0.0
vt 0.000000 0.000000 0.0
v -30.000000 -20.823309 49.571434
#joint 33
#vjoint 56
#vcolor 148.000000 234.000000 62.000000 255.000000
#vcolor 174.000000 230.000000 92.000000 255.000000
vn 1.165354 1.842520 0.488189
vn 0.000000 1.574803 0.889764
vn 1.370079 1.811024 0.724409
f 56/160/112 36/161/113 35/162/114
#fvcolorindex 27 26 28 
usemtl m19CullBothEnvMappingTexScaleS0.031250TexScaleT0.031250
vt 0.000000 0.000000 0.0
vt 0.000000 0.000000 0.0
vt 0.000000 0.000000 0.0
#vcolor 183.000000 240.000000 102.000000 255.000000
vn 1.370079 1.811024 0.724409
vn 1.440945 1.889764 0.803150
vn 1.251969 1.543307 0.425197
f 35/163/115 47/164/116 46/165/117
#fvcolorindex 28 29 19 
vt 0.000000 0.000000 0.0
vt 0.000000 0.000000 0.0
vt 0.000000 0.000000 0.0
vn 1.370079 1.811024 0.724409
vn 1.251969 1.543307 0.425197
vn 1.165354 1.842520 0.488189
f 35/166/118 46/167/119 56/168/120
#fvcolorindex 28 19 27 
usemtl m8CullBothEnvMappingTexScaleS0.031250TexScaleT0.031250
vt 0.000000 0.000000 0.0
vt 0.000000 0.000000 0.0
vt 0.000000 0.000000 0.0
v -30.000000 -3.823309 38.571434
#joint 33
#vjoint 57
v -30.000000 -20.823309 38.571434
#joint 33
#vjoint 58
vn 1.015748 0.000000 0.000000
vn 1.015748 0.000000 0.000000
vn 1.165354 1.842520 0.488189
f 57/169/121 58/170/122 56/171/123
#fvcolorindex 7 7 27 
vt 0.000000 0.000000 0.0
vt 0.000000 0.000000 0.0
vt 0.000000 0.000000 0.0
vn 1.015748 0.000000 0.000000
vn 1.165354 1.842520 0.488189
vn 1.251969 1.543307 0.425197
f 57/172/124 56/173/125 46/174/126
#fvcolorindex 7 27 19 
vt 0.000000 0.000000 0.0
vt 0.000000 0.000000 0.0
vt 0.000000 0.000000 0.0
v -30.000000 -83.823311 16.571434
#joint 33
#vjoint 59
v -30.000000 -86.823311 19.571434
#joint 33
#vjoint 60
vn 1.015748 0.000000 0.000000
vn 1.015748 0.000000 0.000000
vn 1.015748 0.000000 0.000000
f 59/175/127 60/176/128 58/177/129
#fvcolorindex 7 7 7 
vt 0.000000 0.000000 0.0
vt 0.000000 0.000000 0.0
vt 0.000000 0.000000 0.0
vn 1.015748 0.000000 0.000000
vn 1.015748 0.000000 0.000000
vn 1.015748 0.000000 0.000000
f 59/178/130 58/179/131 57/180/132
#fvcolorindex 7 7 7 
usemtl m20CullBothEnvMappingTexScaleS0.031250TexScaleT0.031250
vt 0.000000 0.000000 0.0
vt 0.000000 0.000000 0.0
vt 0.000000 0.000000 0.0
v -30.000000 26.176691 -5.428566
#joint 33
#vjoint 61
#vcolor 0.000000 113.000000 200.000000 255.000000
v -22.000000 26.176691 -5.428566
#joint 33
#vjoint 62
v -22.000000 15.176691 -27.428566
#joint 33
#vjoint 63
#vcolor 0.000000 66.000000 148.000000 255.000000
vn 0.000000 0.889764 1.574803
vn 0.000000 0.889764 1.574803
vn 0.000000 0.519685 1.165354
f 61/181/133 62/182/134 63/183/135
#fvcolorindex 30 30 31 
vt 0.000000 0.000000 0.0
vt 0.000000 0.000000 0.0
vt 0.000000 0.000000 0.0
v -30.000000 15.176691 -27.428566
#joint 33
#vjoint 64
vn 0.000000 0.889764 1.574803
vn 0.000000 0.519685 1.165354
vn 0.000000 0.519685 1.165354
f 61/184/136 63/185/137 64/186/138
#fvcolorindex 30 31 31 
usemtl m21CullBothEnvMappingTexScaleS0.031250TexScaleT0.031250
vt 0.000000 0.000000 0.0
vt 0.000000 0.000000 0.0
vt 0.000000 0.000000 0.0
v -30.000000 -14.823309 -2.428566
#joint 33
#vjoint 65
#vcolor 178.000000 13.000000 157.000000 255.000000
v -22.000000 -14.823309 -5.428566
#joint 33
#vjoint 66
#vcolor 240.000000 28.000000 134.000000 255.000000
v -28.000000 -80.823311 -32.428566
#joint 33
#vjoint 67
#vcolor 197.000000 42.000000 153.000000 255.000000
vn 1.401575 0.102362 1.236220
vn 1.889764 0.220472 1.055118
vn 1.551181 0.330709 1.204724
f 65/187/139 66/188/140 67/189/141
#fvcolorindex 32 33 34 
vt 0.000000 0.000000 0.0
vt 0.000000 0.000000 0.0
vt 0.000000 0.000000 0.0
v -30.000000 -77.823311 -27.428566
#joint 33
#vjoint 68
#vcolor 151.000000 25.000000 191.000000 255.000000
vn 1.401575 0.102362 1.236220
vn 1.551181 0.330709 1.204724
vn 1.188976 0.196850 1.503937
f 65/190/142 67/191/143 68/192/144
#fvcolorindex 32 34 35 
usemtl m22CullBothEnvMappingTexScaleS0.031250TexScaleT0.031250
vt 0.000000 0.000000 0.0
vt 0.000000 0.000000 0.0
vt 0.000000 0.000000 0.0
v -30.000000 -3.823309 -2.428566
#joint 33
#vjoint 69
#vcolor 203.000000 199.000000 157.000000 255.000000
vn 1.889764 0.220472 1.055118
vn 1.401575 0.102362 1.236220
vn 1.598425 1.566929 1.236220
f 66/193/145 65/194/146 69/195/147
#fvcolorindex 33 32 36 
vt 0.000000 0.000000 0.0
vt 0.000000 0.000000 0.0
vt 0.000000 0.000000 0.0
v -22.000000 -6.823309 -5.428566
#joint 33
#vjoint 70
#vcolor 255.000000 174.000000 160.000000 255.000000
vn 1.889764 0.220472 1.055118
vn 1.598425 1.566929 1.236220
vn 2.007874 1.370079 1.259843
f 66/196/148 69/197/149 70/198/150
#fvcolorindex 33 36 37 
usemtl m23CullBothEnvMappingTexScaleS0.031250TexScaleT0.031250
vt 0.000000 0.000000 0.0
vt 0.000000 0.000000 0.0
vt 0.000000 0.000000 0.0
v -22.000000 7.176691 -27.428566
#joint 33
#vjoint 71
#vcolor 0.000000 196.000000 145.000000 255.000000
vn 0.000000 0.519685 1.165354
vn 0.000000 0.519685 1.165354
vn 0.000000 1.543307 1.141732
f 64/199/151 63/200/152 71/201/153
#fvcolorindex 31 31 38 
vt 0.000000 0.000000 0.0
vt 0.000000 0.000000 0.0
vt 0.000000 0.000000 0.0
v -30.000000 10.176691 -27.428566
#joint 33
#vjoint 72
#vcolor 222.000000 179.000000 162.000000 255.000000
vn 0.000000 0.519685 1.165354
vn 0.000000 1.543307 1.141732
vn 1.748031 1.409449 1.275591
f 64/202/154 71/203/155 72/204/156
#fvcolorindex 31 38 39 
usemtl m24CullBothEnvMappingTexScaleS0.031250TexScaleT0.031250
vt 0.000000 0.000000 0.0
vt 0.000000 0.000000 0.0
vt 0.000000 0.000000 0.0
vn 1.748031 1.409449 1.275591
vn 2.007874 1.370079 1.259843
vn 1.598425 1.566929 1.236220
f 72/205/157 70/206/158 69/207/159
#fvcolorindex 39 37 36 
usemtl m25CullBothEnvMappingTexScaleS0.031250TexScaleT0.031250
vt 0.000000 0.000000 0.0
vt 0.000000 0.000000 0.0
vt 0.000000 0.000000 0.0
vn 0.000000 1.543307 1.141732
vn 2.007874 1.370079 1.259843
vn 1.748031 1.409449 1.275591
f 71/208/160 70/209/161 72/210/162
#fvcolorindex 38 37 39 
usemtl m4CullBothEnvMappingTexScaleS0.031250TexScaleT0.031250
vt 0.000000 0.000000 0.0
vt 0.000000 0.000000 0.0
vt 0.000000 0.000000 0.0
v -14.000000 -86.823311 19.571434
#joint 33
#vjoint 73
vn 1.000000 0.000000 0.000000
vn 1.000000 0.000000 0.000000
vn 1.000000 0.000000 0.000000
f 55/211/163 54/212/164 73/213/165
#fvcolorindex 2 2 2 
vt 0.000000 0.000000 0.0
vt 0.000000 0.000000 0.0
vt 0.000000 0.000000 0.0
v -14.000000 -83.823311 16.571434
#joint 33
#vjoint 74
vn 1.000000 0.000000 0.000000
vn 1.000000 0.000000 0.000000
vn 1.000000 0.000000 0.000000
f 55/214/166 73/215/167 74/216/168
#fvcolorindex 2 2 2 
usemtl m22CullBothEnvMappingTexScaleS0.031250TexScaleT0.031250
vt 0.000000 0.000000 0.0
vt 0.000000 0.000000 0.0
vt 0.000000 0.000000 0.0
v -14.000000 -14.823309 -2.428566
#joint 33
#vjoint 75
#vcolor 38.000000 25.000000 138.000000 255.000000
v -14.000000 -77.823311 -27.428566
#joint 33
#vjoint 76
#vcolor 35.000000 49.000000 145.000000 255.000000
vn 1.889764 0.220472 1.055118
vn 0.299213 0.196850 1.086614
vn 0.275591 0.385827 1.141732
f 66/217/169 75/218/170 76/219/171
#fvcolorindex 33 40 41 
vt 0.000000 0.000000 0.0
vt 0.000000 0.000000 0.0
vt 0.000000 0.000000 0.0
v -17.000000 -80.823311 -32.428566
#joint 33
#vjoint 77
#vcolor 18.000000 49.000000 141.000000 255.000000
vn 1.889764 0.220472 1.055118
vn 0.275591 0.385827 1.141732
vn 0.141732 0.385827 1.110236
f 66/220/172 76/221/173 77/222/174
#fvcolorindex 33 41 42 
usemtl m26CullBothEnvMappingTexScaleS0.031250TexScaleT0.031250
vt 0.000000 0.000000 0.0
vt 0.000000 0.000000 0.0
vt 0.000000 0.000000 0.0
v -14.000000 -3.823309 -2.428566
#joint 33
#vjoint 78
#vcolor 51.000000 199.000000 156.000000 255.000000
vn 2.007874 1.370079 1.259843
vn 0.401575 1.566929 1.228346
vn 0.299213 0.196850 1.086614
f 70/223/175 78/224/176 75/225/177
#fvcolorindex 37 43 40 
vt 0.000000 0.000000 0.0
vt 0.000000 0.000000 0.0
vt 0.000000 0.000000 0.0
vn 2.007874 1.370079 1.259843
vn 0.299213 0.196850 1.086614
vn 1.889764 0.220472 1.055118
f 70/226/178 75/227/179 66/228/180
#fvcolorindex 37 40 33 
usemtl m27CullBothEnvMappingTexScaleS0.031250TexScaleT0.031250
vt 0.000000 0.000000 0.0
vt 0.000000 0.000000 0.0
vt 0.000000 0.000000 0.0
v -14.000000 10.176691 -27.428566
#joint 33
#vjoint 79
#vcolor 32.000000 178.000000 162.000000 255.000000
vn 0.251969 1.401575 1.275591
vn 0.401575 1.566929 1.228346
vn 2.007874 1.370079 1.259843
f 79/229/181 78/230/182 70/231/183
#fvcolorindex 44 43 37 
vt 0.000000 0.000000 0.0
vt 0.000000 0.000000 0.0
vt 0.000000 0.000000 0.0
vn 0.251969 1.401575 1.275591
vn 2.007874 1.370079 1.259843
vn 0.000000 1.543307 1.141732
f 79/232/184 70/233/185 71/234/186
#fvcolorindex 44 37 38 
vt 0.000000 0.000000 0.0
vt 0.000000 0.000000 0.0
vt 0.000000 0.000000 0.0
vn 0.251969 1.401575 1.275591
vn 0.000000 1.543307 1.141732
vn 0.000000 0.519685 1.165354
f 79/235/187 71/236/188 63/237/189
#fvcolorindex 44 38 31 
vt 0.000000 0.000000 0.0
vt 0.000000 0.000000 0.0
vt 0.000000 0.000000 0.0
v -14.000000 15.176691 -27.428566
#joint 33
#vjoint 80
vn 0.251969 1.401575 1.275591
vn 0.000000 0.519685 1.165354
vn 0.000000 0.519685 1.165354
f 79/238/190 63/239/191 80/240/192
#fvcolorindex 44 31 31 
usemtl m23CullBothEnvMappingTexScaleS0.031250TexScaleT0.031250
vt 0.000000 0.000000 0.0
vt 0.000000 0.000000 0.0
vt 0.000000 0.000000 0.0
vn 0.000000 0.519685 1.165354
vn 0.000000 0.519685 1.165354
vn 0.000000 0.889764 1.574803
f 80/241/193 63/242/194 62/243/195
#fvcolorindex 31 31 30 
vt 0.000000 0.000000 0.0
vt 0.000000 0.000000 0.0
vt 0.000000 0.000000 0.0
v -14.000000 26.176691 -5.428566
#joint 33
#vjoint 81
vn 0.000000 0.519685 1.165354
vn 0.000000 0.889764 1.574803
vn 0.000000 0.889764 1.574803
f 80/244/196 62/245/197 81/246/198
#fvcolorindex 31 30 30 
usemtl m28CullBothEnvMappingTexScaleS0.031250TexScaleT0.031250
vt 0.000000 0.000000 0.0
vt 0.000000 0.000000 0.0
vt 0.000000 0.000000 0.0
vn 0.141732 0.385827 1.110236
vn 1.551181 0.330709 1.204724
vn 1.889764 0.220472 1.055118
f 77/247/199 67/248/200 66/249/201
#fvcolorindex 42 34 33 
usemtl m29CullBothEnvMappingTexScaleS0.031250TexScaleT0.031250
vt 0.000000 0.000000 0.0
vt 0.000000 0.000000 0.0
vt 0.000000 0.000000 0.0
v -22.000000 -14.823309 0.571434
#joint 33
#vjoint 82
#vcolor 244.000000 202.000000 114.000000 255.000000
#vcolor 73.000000 215.000000 94.000000 255.000000
#vcolor 166.000000 216.000000 79.000000 255.000000
vn 1.921260 1.590551 0.897638
vn 0.574803 1.692913 0.740157
vn 1.307087 1.700787 0.622047
f 82/250/202 67/251/203 77/252/204
#fvcolorindex 45 46 47 
vt 0.000000 0.000000 0.0
vt 0.000000 0.000000 0.0
vt 0.000000 0.000000 0.0
v -31.000000 -44.823311 -11.428566
#joint 33
#vjoint 83
#vcolor 110.000000 232.000000 58.000000 255.000000
vn 1.921260 1.590551 0.897638
vn 0.866142 1.826772 0.456693
vn 0.574803 1.692913 0.740157
f 82/253/205 83/254/206 68/255/207
#fvcolorindex 45 48 46 
vt 0.000000 0.000000 0.0
vt 0.000000 0.000000 0.0
vt 0.000000 0.000000 0.0
vn 1.921260 1.590551 0.897638
vn 0.574803 1.692913 0.740157
vn 0.574803 1.692913 0.740157
f 82/256/208 68/257/209 67/258/210
#fvcolorindex 45 46 46 
usemtl m30CullBothEnvMappingTexScaleS0.031250TexScaleT0.031250
vt 0.000000 0.000000 0.0
vt 0.000000 0.000000 0.0
vt 0.000000 0.000000 0.0
v -30.000000 -44.823311 29.571434
#joint 33
#vjoint 84
#vcolor 88.000000 26.000000 169.000000 255.000000
v -19.000000 -39.823311 30.571434
#joint 33
#vjoint 85
#vcolor 165.000000 21.000000 171.000000 255.000000
v -14.000000 -83.823311 18.571434
#joint 33
#vjoint 86
vn 0.692913 0.204724 1.330709
vn 1.299213 0.165354 1.346457
vn 1.299213 0.165354 1.346457
f 84/259/211 85/260/212 86/261/213
#fvcolorindex 49 50 50 
vt 0.000000 0.000000 0.0
vt 0.000000 0.000000 0.0
vt 0.000000 0.000000 0.0
v -30.000000 -83.823311 18.571434
#joint 33
#vjoint 87
vn 0.692913 0.204724 1.330709
vn 1.299213 0.165354 1.346457
vn 0.692913 0.204724 1.330709
f 84/262/214 86/263/215 87/264/216
#fvcolorindex 49 50 49 
usemtl m31CullBothEnvMappingTexScaleS0.031250TexScaleT0.031250
vt 0.000000 0.000000 0.0
vt 0.000000 0.000000 0.0
vt 0.000000 0.000000 0.0
v -18.000000 -38.823311 -4.428566
#joint 33
#vjoint 88
#vcolor 139.000000 232.000000 42.000000 255.000000
vn 1.299213 0.165354 1.346457
vn 1.094488 1.826772 0.330709
vn 1.307087 1.700787 0.622047
f 85/265/217 88/266/218 76/267/219
#fvcolorindex 50 51 47 
vt 0.000000 0.000000 0.0
vt 0.000000 0.000000 0.0
vt 0.000000 0.000000 0.0
vn 1.299213 0.165354 1.346457
vn 1.307087 1.700787 0.622047
vn 1.299213 0.165354 1.346457
f 85/268/220 76/269/221 86/270/222
#fvcolorindex 50 47 50 
usemtl m29CullBothEnvMappingTexScaleS0.031250TexScaleT0.031250
vt 0.000000 0.000000 0.0
vt 0.000000 0.000000 0.0
vt 0.000000 0.000000 0.0
vn 1.921260 1.590551 0.897638
vn 1.307087 1.700787 0.622047
vn 1.307087 1.700787 0.622047
f 82/271/223 77/272/224 76/273/225
#fvcolorindex 45 47 47 
vt 0.000000 0.000000 0.0
vt 0.000000 0.000000 0.0
vt 0.000000 0.000000 0.0
vn 1.921260 1.590551 0.897638
vn 1.307087 1.700787 0.622047
vn 1.094488 1.826772 0.330709
f 82/274/226 76/275/227 88/276/228
#fvcolorindex 45 47 51 
usemtl m32CullBothEnvMappingTexScaleS0.031250TexScaleT0.031250
vt 0.000000 0.000000 0.0
vt 0.000000 0.000000 0.0
vt 0.000000 0.000000 0.0
vn 0.866142 1.826772 0.456693
vn 0.692913 0.204724 1.330709
vn 0.692913 0.204724 1.330709
f 83/277/229 84/278/230 87/279/231
#fvcolorindex 48 49 49 
vt 0.000000 0.000000 0.0
vt 0.000000 0.000000 0.0
vt 0.000000 0.000000 0.0
vn 0.866142 1.826772 0.456693
vn 0.692913 0.204724 1.330709
vn 0.574803 1.692913 0.740157
f 83/280/232 87/281/233 68/282/234
#fvcolorindex 48 49 46 
usemtl m33CullBothEnvMappingTexScaleS0.031250TexScaleT0.031250
vt 0.000000 0.000000 0.0
vt 0.000000 0.000000 0.0
vt 0.000000 0.000000 0.0
v -29.000000 47.755638 97.413544
#joint 34
#vjoint 89
#vcolor 141.000000 52.000000 0.000000 255.000000
v -28.000000 50.755638 97.413544
#joint 34
#vjoint 90
#vcolor 169.000000 92.000000 0.000000 255.000000
v -28.000000 50.755638 67.413544
#joint 34
#vjoint 91
vn 1.110236 0.409449 0.000000
vn 1.330709 0.724409 0.000000
vn 1.330709 0.724409 0.000000
f 89/283/235 90/284/236 91/285/237
#fvcolorindex 52 53 53 
vt 0.000000 0.000000 0.0
vt 0.000000 0.000000 0.0
vt 0.000000 0.000000 0.0
v -29.000000 47.755638 67.413544
#joint 34
#vjoint 92
vn 1.110236 0.409449 0.000000
vn 1.330709 0.724409 0.000000
vn 1.110236 0.409449 0.000000
f 89/286/238 91/287/239 92/288/240
#fvcolorindex 52 53 52 
usemtl m34CullBothEnvMappingTexScaleS0.031250TexScaleT0.031250
vt 0.000000 0.000000 0.0
vt 0.000000 0.000000 0.0
vt 0.000000 0.000000 0.0
v -22.000000 53.755638 97.413544
#joint 34
#vjoint 93
#vcolor 233.000000 124.000000 0.000000 255.000000
vn 1.330709 0.724409 0.000000
vn 1.330709 0.724409 0.000000
vn 1.834646 0.976378 0.000000
f 91/289/241 90/290/242 93/291/243
#fvcolorindex 53 53 54 
vt 0.000000 0.000000 0.0
vt 0.000000 0.000000 0.0
vt 0.000000 0.000000 0.0
v -22.000000 53.755638 67.413544
#joint 34
#vjoint 94
vn 1.330709 0.724409 0.000000
vn 1.834646 0.976378 0.000000
vn 1.834646 0.976378 0.000000
f 91/292/244 93/293/245 94/294/246
#fvcolorindex 53 54 54 
usemtl m35CullBothEnvMappingTexScaleS0.031250TexScaleT0.031250
vt 0.000000 0.000000 0.0
vt 0.000000 0.000000 0.0
vt 0.000000 0.000000 0.0
v -19.000000 53.755638 97.413544
#joint 34
#vjoint 95
vn 1.834646 0.976378 0.000000
vn 1.834646 0.976378 0.000000
vn 0.000000 1.000000 0.000000
f 94/295/247 93/296/248 95/297/249
#fvcolorindex 54 54 9 
vt 0.000000 0.000000 0.0
vt 0.000000 0.000000 0.0
vt 0.000000 0.000000 0.0
v -19.000000 53.755638 67.413544
#joint 34
#vjoint 96
vn 1.834646 0.976378 0.000000
vn 0.000000 1.000000 0.000000
vn 0.000000 1.000000 0.000000
f 94/298/250 95/299/251 96/300/252
#fvcolorindex 54 9 9 
usemtl m10CullBothEnvMappingTexScaleS0.031250TexScaleT0.031250
vt 0.000000 0.000000 0.0
vt 0.000000 0.000000 0.0
vt 0.000000 0.000000 0.0
v -36.000000 47.755638 67.413544
#joint 34
#vjoint 97
vn 0.000000 1.000000 0.000000
vn 0.000000 1.000000 0.000000
vn 0.000000 1.000000 0.000000
f 89/301/253 92/302/254 97/303/255
#fvcolorindex 9 9 9 
vt 0.000000 0.000000 0.0
vt 0.000000 0.000000 0.0
vt 0.000000 0.000000 0.0
v -36.000000 47.755638 97.413544
#joint 34
#vjoint 98
vn 0.000000 1.000000 0.000000
vn 0.000000 1.000000 0.000000
vn 0.000000 1.000000 0.000000
f 89/304/256 97/305/257 98/306/258
#fvcolorindex 9 9 9 
usemtl m36CullBothEnvMappingTexScaleS0.031250TexScaleT0.031250
vt 0.000000 0.000000 0.0
vt 0.000000 0.000000 0.0
vt 0.000000 0.000000 0.0
#vcolor 0.000000 0.000000 129.000000 255.000000
v -36.000000 50.755638 97.413544
#joint 34
#vjoint 99
vn 0.000000 0.000000 1.015748
vn 0.000000 0.000000 1.015748
vn 0.000000 0.000000 1.015748
f 89/307/259 98/308/260 99/309/261
#fvcolorindex 55 55 55 
vt 0.000000 0.000000 0.0
vt 0.000000 0.000000 0.0
vt 0.000000 0.000000 0.0
v -32.000000 53.755638 97.413544
#joint 34
#vjoint 100
vn 0.000000 0.000000 1.015748
vn 0.000000 0.000000 1.015748
vn 0.000000 0.000000 1.015748
f 89/310/262 99/311/263 100/312/264
#fvcolorindex 55 55 55 
vt 0.000000 0.000000 0.0
vt 0.000000 0.000000 0.0
vt 0.000000 0.000000 0.0
vn 0.000000 0.000000 1.015748
vn 0.000000 0.000000 1.015748
vn 0.000000 0.000000 1.015748
f 90/313/265 89/314/266 100/315/267
#fvcolorindex 55 55 55 
vt 0.000000 0.000000 0.0
vt 0.000000 0.000000 0.0
vt 0.000000 0.000000 0.0
v -25.000000 55.755638 97.413544
#joint 34
#vjoint 101
vn 0.000000 0.000000 1.015748
vn 0.000000 0.000000 1.015748
vn 0.000000 0.000000 1.015748
f 90/316/268 100/317/269 101/318/270
#fvcolorindex 55 55 55 
vt 0.000000 0.000000 0.0
vt 0.000000 0.000000 0.0
vt 0.000000 0.000000 0.0
vn 0.000000 0.000000 1.015748
vn 0.000000 0.000000 1.015748
vn 0.000000 0.000000 1.015748
f 93/319/271 90/320/272 101/321/273
#fvcolorindex 55 55 55 
vt 0.000000 0.000000 0.0
vt 0.000000 0.000000 0.0
vt 0.000000 0.000000 0.0
v -19.000000 55.755638 97.413544
#joint 34
#vjoint 102
vn 0.000000 0.000000 1.015748
vn 0.000000 0.000000 1.015748
vn 0.000000 0.000000 1.015748
f 93/322/274 101/323/275 102/324/276
#fvcolorindex 55 55 55 
vt 0.000000 0.000000 0.0
vt 0.000000 0.000000 0.0
vt 0.000000 0.000000 0.0
vn 0.000000 0.000000 1.015748
vn 0.000000 0.000000 1.015748
vn 0.000000 0.000000 1.015748
f 95/325/277 93/326/278 102/327/279
#fvcolorindex 55 55 55 
usemtl m8CullBothEnvMappingTexScaleS0.031250TexScaleT0.031250
vt 0.000000 0.000000 0.0
vt 0.000000 0.000000 0.0
vt 0.000000 0.000000 0.0
v -19.000000 55.755638 67.413544
#joint 34
#vjoint 103
vn 1.015748 0.000000 0.000000
vn 1.015748 0.000000 0.000000
vn 1.015748 0.000000 0.000000
f 95/328/280 102/329/281 103/330/282
#fvcolorindex 7 7 7 
vt 0.000000 0.000000 0.0
vt 0.000000 0.000000 0.0
vt 0.000000 0.000000 0.0
vn 1.015748 0.000000 0.000000
vn 1.015748 0.000000 0.000000
vn 1.015748 0.000000 0.000000
f 95/331/283 103/332/284 96/333/285
#fvcolorindex 7 7 7 
usemtl m37CullBothEnvMappingTexScaleS0.031250TexScaleT0.031250
vt 0.000000 0.000000 0.0
vt 0.000000 0.000000 0.0
vt 0.000000 0.000000 0.0
v -25.000000 55.755638 179.413544
#joint 34
#vjoint 104
#vcolor 168.000000 78.000000 210.000000 255.000000
v -25.000000 55.755638 188.413544
#joint 34
#vjoint 105
#vcolor 149.000000 67.000000 0.000000 255.000000
v -22.000000 61.755638 188.413544
#joint 34
#vjoint 106
vn 1.322835 0.614173 1.653543
vn 1.173228 0.527559 0.000000
vn 1.173228 0.527559 0.000000
f 104/334/286 105/335/287 106/336/288
#fvcolorindex 56 57 57 
usemtl m38CullBothEnvMappingTexScaleS0.031250TexScaleT0.031250
vt 0.000000 0.000000 0.0
vt 0.000000 0.000000 0.0
vt 0.000000 0.000000 0.0
v -22.000000 61.755638 182.413544
#joint 34
#vjoint 107
#vcolor 188.000000 78.000000 184.000000 255.000000
vn 1.480315 0.614173 1.448819
vn 1.322835 0.614173 1.653543
vn 1.173228 0.527559 0.000000
f 107/337/289 104/338/290 106/339/291
#fvcolorindex 58 56 57 
usemtl m39CullBothEnvMappingTexScaleS0.031250TexScaleT0.031250
vt 0.000000 0.000000 0.0
vt 0.000000 0.000000 0.0
vt 0.000000 0.000000 0.0
v -19.000000 55.755638 179.413544
#joint 34
#vjoint 108
#vcolor 88.000000 78.000000 210.000000 255.000000
vn 0.692913 0.614173 1.653543
vn 1.322835 0.614173 1.653543
vn 1.480315 0.614173 1.448819
f 108/340/292 104/341/293 107/342/294
#fvcolorindex 59 56 58 
vt 0.000000 0.000000 0.0
vt 0.000000 0.000000 0.0
vt 0.000000 0.000000 0.0
#vcolor 107.000000 67.000000 0.000000 255.000000
vn 0.692913 0.614173 1.653543
vn 0.842520 0.527559 0.000000
vn 0.842520 0.527559 0.000000
f 108/343/295 107/344/296 106/345/297
#fvcolorindex 59 60 60 
usemtl m40CullBothEnvMappingTexScaleS0.031250TexScaleT0.031250
vt 0.000000 0.000000 0.0
vt 0.000000 0.000000 0.0
vt 0.000000 0.000000 0.0
v -19.000000 55.755638 188.413544
#joint 34
#vjoint 109
vn 0.842520 0.527559 0.000000
vn 0.842520 0.527559 0.000000
vn 0.692913 0.614173 1.653543
f 106/346/298 109/347/299 108/348/300
#fvcolorindex 60 60 59 
usemtl m4CullBothEnvMappingTexScaleS0.031250TexScaleT0.031250
vt 0.000000 0.000000 0.0
vt 0.000000 0.000000 0.0
vt 0.000000 0.000000 0.0
v -8.000000 25.755638 149.413544
#joint 34
#vjoint 110
v -8.000000 50.755638 83.413544
#joint 34
#vjoint 111
#vcolor 121.000000 36.000000 0.000000 255.000000
v -8.000000 34.755638 160.413544
#joint 34
#vjoint 112
#vcolor 126.000000 243.000000 4.000000 255.000000
vn 1.000000 0.000000 0.000000
vn 0.952756 0.283465 0.000000
vn 0.992126 1.913386 0.031496
f 110/349/301 111/350/302 112/351/303
#fvcolorindex 2 61 62 
usemtl m41CullBothEnvMappingTexScaleS0.031250TexScaleT0.031250
vt 0.000000 0.000000 0.0
vt 0.000000 0.000000 0.0
vt 0.000000 0.000000 0.0
v -8.000000 50.755638 193.413544
#joint 34
#vjoint 113
vn 0.952756 0.283465 0.000000
vn 0.952756 0.283465 0.000000
vn 0.992126 1.913386 0.031496
f 111/352/304 113/353/305 112/354/306
#fvcolorindex 61 61 62 
usemtl m42CullBothEnvMappingTexScaleS0.031250TexScaleT0.031250
vt 0.000000 0.000000 0.0
vt 0.000000 0.000000 0.0
vt 0.000000 0.000000 0.0
v -25.000000 55.755638 6.413540
#joint 34
#vjoint 114
#vcolor 249.000000 120.000000 216.000000 255.000000
v -32.000000 53.755638 1.413540
#joint 34
#vjoint 115
#vcolor 227.000000 114.000000 210.000000 255.000000
v -32.000000 53.755638 67.413544
#joint 34
#vjoint 116
#vcolor 185.000000 104.000000 0.000000 255.000000
vn 1.960630 0.944882 1.700787
vn 1.787402 0.897638 1.653543
vn 1.456693 0.818898 0.000000
f 114/355/307 115/356/308 116/357/309
#fvcolorindex 63 64 65 
vt 0.000000 0.000000 0.0
vt 0.000000 0.000000 0.0
vt 0.000000 0.000000 0.0
v -25.000000 55.755638 67.413544
#joint 34
#vjoint 117
#vcolor 232.000000 124.000000 0.000000 255.000000
vn 1.960630 0.944882 1.700787
vn 1.456693 0.818898 0.000000
vn 1.826772 0.976378 0.000000
f 114/358/310 116/359/311 117/360/312
#fvcolorindex 63 65 66 
usemtl m43CullBothEnvMappingTexScaleS0.031250TexScaleT0.031250
vt 0.000000 0.000000 0.0
vt 0.000000 0.000000 0.0
vt 0.000000 0.000000 0.0
#vcolor 35.000000 121.000000 0.000000 255.000000
v -19.000000 55.755638 6.413540
#joint 34
#vjoint 118
#vcolor 5.000000 117.000000 208.000000 255.000000
vn 1.826772 0.976378 0.000000
vn 0.275591 0.952756 0.000000
vn 0.039370 0.921260 1.637795
f 117/361/313 103/362/314 118/363/315
#fvcolorindex 66 67 68 
vt 0.000000 0.000000 0.0
vt 0.000000 0.000000 0.0
vt 0.000000 0.000000 0.0
vn 1.826772 0.976378 0.000000
vn 0.039370 0.921260 1.637795
vn 1.960630 0.944882 1.700787
f 117/364/316 118/365/317 114/366/318
#fvcolorindex 66 68 63 
usemtl m4CullBothEnvMappingTexScaleS0.031250TexScaleT0.031250
vt 0.000000 0.000000 0.0
vt 0.000000 0.000000 0.0
vt 0.000000 0.000000 0.0
v -8.000000 25.755638 50.413540
#joint 34
#vjoint 119
vn 1.000000 0.000000 0.000000
vn 0.952756 0.283465 0.000000
vn 1.000000 0.000000 0.000000
f 119/367/319 111/368/320 110/369/321
#fvcolorindex 2 61 2 
usemtl m44CullBothEnvMappingTexScaleS0.031250TexScaleT0.031250
vt 0.000000 0.000000 0.0
vt 0.000000 0.000000 0.0
vt 0.000000 0.000000 0.0
v -12.000000 53.755638 193.413544
#joint 34
#vjoint 120
#vcolor 63.000000 109.000000 0.000000 255.000000
vn 0.496063 0.858268 0.000000
vn 0.952756 0.283465 0.000000
vn 0.952756 0.283465 0.000000
f 120/370/322 113/371/323 111/372/324
#fvcolorindex 69 61 61 
vt 0.000000 0.000000 0.0
vt 0.000000 0.000000 0.0
vt 0.000000 0.000000 0.0
v -12.000000 53.755638 83.413544
#joint 34
#vjoint 121
#vcolor 60.000000 111.000000 0.000000 255.000000
vn 0.496063 0.858268 0.000000
vn 0.952756 0.283465 0.000000
vn 0.472441 0.874016 0.000000
f 120/373/325 111/374/326 121/375/327
#fvcolorindex 69 61 70 
usemtl m45CullBothEnvMappingTexScaleS0.031250TexScaleT0.031250
vt 0.000000 0.000000 0.0
vt 0.000000 0.000000 0.0
vt 0.000000 0.000000 0.0
#vcolor 31.000000 122.000000 0.000000 255.000000
v -19.000000 55.755638 193.413544
#joint 34
#vjoint 122
#vcolor 24.000000 124.000000 0.000000 255.000000
vn 0.244094 0.960630 0.000000
vn 0.188976 0.976378 0.000000
vn 0.496063 0.858268 0.000000
f 102/376/328 122/377/329 120/378/330
#fvcolorindex 71 72 69 
vt 0.000000 0.000000 0.0
vt 0.000000 0.000000 0.0
vt 0.000000 0.000000 0.0
vn 0.244094 0.960630 0.000000
vn 0.496063 0.858268 0.000000
vn 0.472441 0.874016 0.000000
f 102/379/331 120/380/332 121/381/333
#fvcolorindex 71 69 70 
usemtl m46CullBothEnvMappingTexScaleS0.031250TexScaleT0.031250
vt 0.000000 0.000000 0.0
vt 0.000000 0.000000 0.0
vt 0.000000 0.000000 0.0
v -8.000000 50.755638 56.413540
#joint 34
#vjoint 123
#vcolor 114.000000 55.000000 0.000000 255.000000
vn 0.472441 0.874016 0.000000
vn 0.952756 0.283465 0.000000
vn 0.897638 0.433071 0.000000
f 121/382/334 111/383/335 123/384/336
#fvcolorindex 70 61 73 
vt 0.000000 0.000000 0.0
vt 0.000000 0.000000 0.0
vt 0.000000 0.000000 0.0
v -12.000000 53.755638 56.413540
#joint 34
#vjoint 124
#vcolor 67.000000 107.000000 0.000000 255.000000
vn 0.472441 0.874016 0.000000
vn 0.897638 0.433071 0.000000
vn 0.527559 0.842520 0.000000
f 121/385/337 123/386/338 124/387/339
#fvcolorindex 70 73 74 
usemtl m47CullBothEnvMappingTexScaleS0.031250TexScaleT0.031250
vt 0.000000 0.000000 0.0
vt 0.000000 0.000000 0.0
vt 0.000000 0.000000 0.0
vn 0.275591 0.952756 0.000000
vn 0.244094 0.960630 0.000000
vn 0.472441 0.874016 0.000000
f 103/388/340 102/389/341 121/390/342
#fvcolorindex 67 71 70 
usemtl m48CullBothEnvMappingTexScaleS0.031250TexScaleT0.031250
vt 0.000000 0.000000 0.0
vt 0.000000 0.000000 0.0
vt 0.000000 0.000000 0.0
v -8.000000 50.755638 25.413540
#joint 34
#vjoint 125
#vcolor 119.000000 43.000000 0.000000 255.000000
vn 0.527559 0.842520 0.000000
vn 0.897638 0.433071 0.000000
vn 0.937008 0.338583 0.000000
f 124/391/343 123/392/344 125/393/345
#fvcolorindex 74 73 75 
vt 0.000000 0.000000 0.0
vt 0.000000 0.000000 0.0
vt 0.000000 0.000000 0.0
v -8.000000 50.755638 -1.586460
#joint 34
#vjoint 126
#vcolor 29.000000 103.000000 190.000000 255.000000
vn 0.527559 0.842520 0.000000
vn 0.937008 0.338583 0.000000
vn 0.228346 0.811024 1.496063
f 124/394/346 125/395/347 126/396/348
#fvcolorindex 74 75 76 
vt 0.000000 0.000000 0.0
vt 0.000000 0.000000 0.0
vt 0.000000 0.000000 0.0
v -12.000000 53.755638 1.413540
#joint 34
#vjoint 127
#vcolor 29.000000 114.000000 210.000000 255.000000
vn 0.527559 0.842520 0.000000
vn 0.228346 0.811024 1.496063
vn 0.228346 0.897638 1.653543
f 124/397/349 126/398/350 127/399/351
#fvcolorindex 74 76 77 
usemtl m47CullBothEnvMappingTexScaleS0.031250TexScaleT0.031250
vt 0.000000 0.000000 0.0
vt 0.000000 0.000000 0.0
vt 0.000000 0.000000 0.0
vn 0.275591 0.952756 0.000000
vn 0.472441 0.874016 0.000000
vn 0.527559 0.842520 0.000000
f 103/400/352 121/401/353 124/402/354
#fvcolorindex 67 70 74 
vt 0.000000 0.000000 0.0
vt 0.000000 0.000000 0.0
vt 0.000000 0.000000 0.0
vn 0.275591 0.952756 0.000000
vn 0.527559 0.842520 0.000000
vn 0.228346 0.897638 1.653543
f 103/403/355 124/404/356 127/405/357
#fvcolorindex 67 74 77 
vt 0.000000 0.000000 0.0
vt 0.000000 0.000000 0.0
vt 0.000000 0.000000 0.0
vn 0.275591 0.952756 0.000000
vn 0.228346 0.897638 1.653543
vn 0.039370 0.921260 1.637795
f 103/406/358 127/407/359 118/408/360
#fvcolorindex 67 77 68 
usemtl m45CullBothEnvMappingTexScaleS0.031250TexScaleT0.031250
vt 0.000000 0.000000 0.0
vt 0.000000 0.000000 0.0
vt 0.000000 0.000000 0.0
v -25.000000 55.755638 193.413544
#joint 34
#vjoint 128
vn 0.244094 0.960630 0.000000
vn 1.826772 0.976378 0.000000
vn 1.826772 0.976378 0.000000
f 102/409/361 101/410/362 128/411/363
#fvcolorindex 71 66 66 
vt 0.000000 0.000000 0.0
vt 0.000000 0.000000 0.0
vt 0.000000 0.000000 0.0
vn 0.244094 0.960630 0.000000
vn 1.826772 0.976378 0.000000
vn 0.188976 0.976378 0.000000
f 102/412/364 128/413/365 122/414/366
#fvcolorindex 71 66 72 
usemtl m49CullBothEnvMappingTexScaleS0.031250TexScaleT0.031250
vt 0.000000 0.000000 0.0
vt 0.000000 0.000000 0.0
vt 0.000000 0.000000 0.0
v -36.000000 50.755638 67.413544
#joint 34
#vjoint 129
#vcolor 142.000000 55.000000 0.000000 255.000000
v -36.000000 50.755638 56.413540
#joint 34
#vjoint 130
#vcolor 137.000000 43.000000 0.000000 255.000000
vn 1.118110 0.433071 0.000000
vn 1.078740 0.338583 0.000000
vn 1.015748 0.000000 0.000000
f 129/415/367 130/416/368 97/417/369
#fvcolorindex 78 79 7 
usemtl m8CullBothEnvMappingTexScaleS0.031250TexScaleT0.031250
vt 0.000000 0.000000 0.0
vt 0.000000 0.000000 0.0
vt 0.000000 0.000000 0.0
v -36.000000 50.755638 193.413544
#joint 34
#vjoint 131
#vcolor 132.000000 26.000000 0.000000 255.000000
vn 1.015748 0.000000 0.000000
vn 1.039370 0.204724 0.000000
vn 1.118110 0.433071 0.000000
f 98/418/370 131/419/371 99/420/372
#fvcolorindex 7 80 78 
usemtl m50CullBothEnvMappingTexScaleS0.031250TexScaleT0.031250
vt 0.000000 0.000000 0.0
vt 0.000000 0.000000 0.0
vt 0.000000 0.000000 0.0
v -33.000000 25.755638 163.413544
#joint 34
#vjoint 132
#vcolor 131.000000 240.000000 6.000000 255.000000
v -36.000000 34.755638 160.413544
#joint 34
#vjoint 133
#vcolor 130.000000 243.000000 4.000000 255.000000
v -36.000000 25.755638 149.413544
#joint 34
#vjoint 134
#vcolor 139.000000 208.000000 7.000000 255.000000
vn 1.031496 1.889764 0.047244
vn 1.023622 1.913386 0.031496
vn 1.094488 1.637795 0.055118
f 132/421/373 133/422/374 134/423/375
#fvcolorindex 81 82 83 
usemtl m51CullBothEnvMappingTexScaleS0.031250TexScaleT0.031250
vt 0.000000 0.000000 0.0
vt 0.000000 0.000000 0.0
vt 0.000000 0.000000 0.0
v -33.000000 20.755638 149.413544
#joint 34
#vjoint 135
#vcolor 132.000000 233.000000 0.000000 255.000000
v -33.000000 25.755638 149.413544
#joint 34
#vjoint 136
vn 1.039370 1.834646 0.000000
vn 1.031496 1.889764 0.047244
vn 1.015748 0.000000 0.000000
f 135/424/376 132/425/377 136/426/378
#fvcolorindex 84 81 7 
usemtl m52CullBothEnvMappingTexScaleS0.031250TexScaleT0.031250
vt 0.000000 0.000000 0.0
vt 0.000000 0.000000 0.0
vt 0.000000 0.000000 0.0
v -11.000000 20.755638 193.413544
#joint 34
#vjoint 137
#vcolor 122.000000 221.000000 0.000000 255.000000
v -11.000000 20.755638 149.413544
#joint 34
#vjoint 138
#vcolor 124.000000 233.000000 0.000000 255.000000
v -11.000000 25.755638 163.413544
#joint 34
#vjoint 139
#vcolor 125.000000 240.000000 6.000000 255.000000
vn 0.960630 1.740157 0.000000
vn 0.976378 1.834646 0.000000
vn 0.984252 1.889764 0.047244
f 137/427/379 138/428/380 139/429/381
#fvcolorindex 85 86 87 
vt 0.000000 0.000000 0.0
vt 0.000000 0.000000 0.0
vt 0.000000 0.000000 0.0
v -11.000000 25.755638 193.413544
#joint 34
#vjoint 140
#vcolor 125.000000 238.000000 0.000000 255.000000
vn 0.960630 1.740157 0.000000
vn 0.984252 1.889764 0.047244
vn 0.984252 1.874016 0.000000
f 137/430/382 139/431/383 140/432/384
#fvcolorindex 85 87 88 
usemtl m53CullBothEnvMappingTexScaleS0.031250TexScaleT0.031250
vt 0.000000 0.000000 0.0
vt 0.000000 0.000000 0.0
vt 0.000000 0.000000 0.0
v -14.000000 14.755638 193.413544
#joint 34
#vjoint 141
#vcolor 61.000000 145.000000 0.000000 255.000000
v -14.000000 14.755638 149.413544
#joint 34
#vjoint 142
vn 0.480315 1.141732 0.000000
vn 0.480315 1.141732 0.000000
vn 0.976378 1.834646 0.000000
f 141/433/385 142/434/386 138/435/387
#fvcolorindex 89 89 86 
vt 0.000000 0.000000 0.0
vt 0.000000 0.000000 0.0
vt 0.000000 0.000000 0.0
vn 0.480315 1.141732 0.000000
vn 0.976378 1.834646 0.000000
vn 0.960630 1.740157 0.000000
f 141/436/388 138/437/389 137/438/390
#fvcolorindex 89 86 85 
usemtl m54CullBothEnvMappingTexScaleS0.031250TexScaleT0.031250
vt 0.000000 0.000000 0.0
vt 0.000000 0.000000 0.0
vt 0.000000 0.000000 0.0
v -30.000000 14.755638 193.413544
#joint 34
#vjoint 143
#vcolor 195.000000 145.000000 0.000000 255.000000
v -30.000000 14.755638 149.413544
#joint 34
#vjoint 144
vn 1.535433 1.141732 0.000000
vn 1.535433 1.141732 0.000000
vn 0.480315 1.141732 0.000000
f 143/439/391 144/440/392 142/441/393
#fvcolorindex 90 90 89 
vt 0.000000 0.000000 0.0
vt 0.000000 0.000000 0.0
vt 0.000000 0.000000 0.0
vn 1.535433 1.141732 0.000000
vn 0.480315 1.141732 0.000000
vn 0.480315 1.141732 0.000000
f 143/442/394 142/443/395 141/444/396
#fvcolorindex 90 89 89 
usemtl m55CullBothEnvMappingTexScaleS0.031250TexScaleT0.031250
vt 0.000000 0.000000 0.0
vt 0.000000 0.000000 0.0
vt 0.000000 0.000000 0.0
v -11.000000 25.755638 149.413544
#joint 34
#vjoint 145
vn 0.984252 1.889764 0.047244
vn 0.976378 1.834646 0.000000
vn 1.000000 0.000000 0.000000
f 139/445/397 138/446/398 145/447/399
#fvcolorindex 87 86 2 
vt 0.000000 0.000000 0.0
vt 0.000000 0.000000 0.0
vt 0.000000 0.000000 0.0
#vcolor 77.000000 157.000000 15.000000 255.000000
vn 0.984252 1.889764 0.047244
vn 0.606299 1.236220 0.118110
vn 0.992126 1.913386 0.031496
f 139/448/400 110/449/401 112/450/402
#fvcolorindex 87 91 62 
usemtl m56CullBothEnvMappingTexScaleS0.031250TexScaleT0.031250
vt 0.000000 0.000000 0.0
vt 0.000000 0.000000 0.0
vt 0.000000 0.000000 0.0
v -8.000000 34.755638 193.413544
#joint 34
#vjoint 146
vn 0.984252 1.874016 0.000000
vn 0.984252 1.874016 0.000000
vn 0.984252 1.889764 0.047244
f 146/451/403 140/452/404 139/453/405
#fvcolorindex 88 88 87 
vt 0.000000 0.000000 0.0
vt 0.000000 0.000000 0.0
vt 0.000000 0.000000 0.0
vn 0.984252 1.874016 0.000000
vn 0.984252 1.889764 0.047244
vn 0.992126 1.913386 0.031496
f 146/454/406 139/455/407 112/456/408
#fvcolorindex 88 87 62 
usemtl m41CullBothEnvMappingTexScaleS0.031250TexScaleT0.031250
vt 0.000000 0.000000 0.0
vt 0.000000 0.000000 0.0
vt 0.000000 0.000000 0.0
vn 0.952756 0.283465 0.000000
vn 0.984252 1.874016 0.000000
vn 0.992126 1.913386 0.031496
f 113/457/409 146/458/410 112/459/411
#fvcolorindex 61 88 62 
vt 0.000000 0.000000 0.0
vt 0.000000 0.000000 0.0
vt 0.000000 0.000000 0.0
vn 0.952756 0.283465 0.000000
vn 1.000000 0.000000 0.000000
vn 0.897638 0.433071 0.000000
f 111/460/412 119/461/413 123/462/414
#fvcolorindex 61 2 73 
usemtl m57CullBothEnvMappingTexScaleS0.031250TexScaleT0.031250
vt 0.000000 0.000000 0.0
vt 0.000000 0.000000 0.0
vt 0.000000 0.000000 0.0
v -8.000000 25.755638 20.413540
#joint 34
#vjoint 147
vn 0.897638 0.433071 0.000000
vn 1.000000 0.000000 0.000000
vn 1.000000 0.000000 0.000000
f 123/463/415 119/464/416 147/465/417
#fvcolorindex 73 2 2 
vt 0.000000 0.000000 0.0
vt 0.000000 0.000000 0.0
vt 0.000000 0.000000 0.0
vn 0.897638 0.433071 0.000000
vn 1.000000 0.000000 0.000000
vn 0.937008 0.338583 0.000000
f 123/466/418 147/467/419 125/468/420
#fvcolorindex 73 2 75 
usemtl m58CullBothEnvMappingTexScaleS0.031250TexScaleT0.031250
vt 0.000000 0.000000 0.0
vt 0.000000 0.000000 0.0
vt 0.000000 0.000000 0.0
v -8.000000 25.755638 -4.586460
#joint 34
#vjoint 148
vn 0.937008 0.338583 0.000000
vn 1.000000 0.000000 0.000000
vn 1.000000 0.000000 0.000000
f 125/469/421 147/470/422 148/471/423
#fvcolorindex 75 2 2 
vt 0.000000 0.000000 0.0
vt 0.000000 0.000000 0.0
vt 0.000000 0.000000 0.0
v -8.000000 47.755638 -4.586460
#joint 34
#vjoint 149
vn 0.937008 0.338583 0.000000
vn 1.000000 0.000000 0.000000
vn 1.000000 0.000000 0.000000
f 125/472/424 148/473/425 149/474/426
#fvcolorindex 75 2 2 
vt 0.000000 0.000000 0.0
vt 0.000000 0.000000 0.0
vt 0.000000 0.000000 0.0
vn 0.937008 0.338583 0.000000
vn 1.000000 0.000000 0.000000
vn 1.000000 0.000000 0.000000
f 125/475/427 149/476/428 126/477/429
#fvcolorindex 75 2 2 
usemtl m49CullBothEnvMappingTexScaleS0.031250TexScaleT0.031250
vt 0.000000 0.000000 0.0
vt 0.000000 0.000000 0.0
vt 0.000000 0.000000 0.0
v -32.000000 53.755638 193.413544
#joint 34
#vjoint 150
#vcolor 193.000000 109.000000 0.000000 255.000000
vn 1.118110 0.433071 0.000000
vn 1.039370 0.204724 0.000000
vn 1.519685 0.858268 0.000000
f 99/478/430 131/479/431 150/480/432
#fvcolorindex 78 80 92 
vt 0.000000 0.000000 0.0
vt 0.000000 0.000000 0.0
vt 0.000000 0.000000 0.0
vn 1.118110 0.433071 0.000000
vn 1.519685 0.858268 0.000000
vn 1.519685 0.858268 0.000000
f 99/481/433 150/482/434 100/483/435
#fvcolorindex 78 92 92 
usemtl m59CullBothEnvMappingTexScaleS0.031250TexScaleT0.031250
vt 0.000000 0.000000 0.0
vt 0.000000 0.000000 0.0
vt 0.000000 0.000000 0.0
vn 1.519685 0.858268 0.000000
vn 1.519685 0.858268 0.000000
vn 1.826772 0.976378 0.000000
f 100/484/436 150/485/437 128/486/438
#fvcolorindex 92 92 66 
vt 0.000000 0.000000 0.0
vt 0.000000 0.000000 0.0
vt 0.000000 0.000000 0.0
vn 1.519685 0.858268 0.000000
vn 1.826772 0.976378 0.000000
vn 1.826772 0.976378 0.000000
f 100/487/439 128/488/440 101/489/441
#fvcolorindex 92 66 66 
usemtl m60CullBothEnvMappingTexScaleS0.031250TexScaleT0.031250
vt 0.000000 0.000000 0.0
vt 0.000000 0.000000 0.0
vt 0.000000 0.000000 0.0
vn 1.078740 0.338583 0.000000
vn 1.118110 0.433071 0.000000
vn 1.456693 0.818898 0.000000
f 130/490/442 129/491/443 116/492/444
#fvcolorindex 79 78 65 
vt 0.000000 0.000000 0.0
vt 0.000000 0.000000 0.0
vt 0.000000 0.000000 0.0
v -36.000000 50.755638 25.413540
#joint 34
#vjoint 151
vn 1.078740 0.338583 0.000000
vn 1.078740 0.338583 0.000000
vn 1.456693 0.818898 0.000000
f 151/493/445 130/494/446 116/495/447
#fvcolorindex 79 79 65 
usemtl m61CullBothEnvMappingTexScaleS0.031250TexScaleT0.031250
vt 0.000000 0.000000 0.0
vt 0.000000 0.000000 0.0
vt 0.000000 0.000000 0.0
v -36.000000 50.755638 -1.586460
#joint 34
#vjoint 152
#vcolor 189.000000 90.000000 198.000000 255.000000
vn 1.787402 0.897638 1.653543
vn 1.488189 0.708661 1.559055
vn 1.078740 0.338583 0.000000
f 115/496/448 152/497/449 151/498/450
#fvcolorindex 64 93 79 
vt 0.000000 0.000000 0.0
vt 0.000000 0.000000 0.0
vt 0.000000 0.000000 0.0
vn 1.787402 0.897638 1.653543
vn 1.078740 0.338583 0.000000
vn 1.456693 0.818898 0.000000
f 115/499/451 151/500/452 116/501/453
#fvcolorindex 64 79 65 
usemtl m36CullBothEnvMappingTexScaleS0.031250TexScaleT0.031250
vt 0.000000 0.000000 0.0
vt 0.000000 0.000000 0.0
vt 0.000000 0.000000 0.0
v -36.000000 25.755638 -4.586460
#joint 34
#vjoint 153
v -36.000000 47.755638 -4.586460
#joint 34
#vjoint 154
#vcolor 0.000000 48.000000 139.000000 255.000000
v -25.000000 47.755638 -4.586460
#joint 34
#vjoint 155
#vcolor 3.000000 85.000000 162.000000 255.000000
vn 0.000000 0.000000 1.015748
vn 0.000000 0.377953 1.094488
vn 0.023622 0.669291 1.275591
f 153/502/454 154/503/455 155/504/456
#fvcolorindex 55 94 95 
vt 0.000000 0.000000 0.0
vt 0.000000 0.000000 0.0
vt 0.000000 0.000000 0.0
v -25.000000 25.755638 -4.586460
#joint 34
#vjoint 156
#vcolor 0.000000 220.000000 135.000000 255.000000
vn 0.000000 0.000000 1.015748
vn 0.023622 0.669291 1.275591
vn 0.000000 1.732283 1.062992
f 153/505/457 155/506/458 156/507/459
#fvcolorindex 55 95 96 
usemtl m62CullBothEnvMappingTexScaleS0.031250TexScaleT0.031250
vt 0.000000 0.000000 0.0
vt 0.000000 0.000000 0.0
vt 0.000000 0.000000 0.0
v -19.000000 47.755638 -4.586460
#joint 34
#vjoint 157
#vcolor 252.000000 81.000000 159.000000 255.000000
vn 0.039370 0.921260 1.637795
vn 0.228346 0.897638 1.653543
vn 1.984252 0.637795 1.251969
f 118/508/460 127/509/461 157/510/462
#fvcolorindex 68 77 97 
vt 0.000000 0.000000 0.0
vt 0.000000 0.000000 0.0
vt 0.000000 0.000000 0.0
vn 0.039370 0.921260 1.637795
vn 1.984252 0.637795 1.251969
vn 0.023622 0.669291 1.275591
f 118/511/463 157/512/464 155/513/465
#fvcolorindex 68 97 95 
usemtl m63CullBothEnvMappingTexScaleS0.031250TexScaleT0.031250
vt 0.000000 0.000000 0.0
vt 0.000000 0.000000 0.0
vt 0.000000 0.000000 0.0
v -19.000000 25.755638 -4.586460
#joint 34
#vjoint 158
vn 0.000000 1.732283 1.062992
vn 1.984252 0.637795 1.251969
vn 0.000000 0.377953 1.094488
f 158/514/466 157/515/467 149/516/468
#fvcolorindex 96 97 94 
vt 0.000000 0.000000 0.0
vt 0.000000 0.000000 0.0
vt 0.000000 0.000000 0.0
vn 0.000000 1.732283 1.062992
vn 0.000000 0.377953 1.094488
vn 0.000000 0.000000 1.015748
f 158/517/469 149/518/470 148/519/471
#fvcolorindex 96 94 55 
usemtl m42CullBothEnvMappingTexScaleS0.031250TexScaleT0.031250
vt 0.000000 0.000000 0.0
vt 0.000000 0.000000 0.0
vt 0.000000 0.000000 0.0
vn 1.960630 0.944882 1.700787
vn 0.023622 0.669291 1.275591
vn 1.787402 0.897638 1.653543
f 114/520/472 155/521/473 115/522/474
#fvcolorindex 63 95 64 
usemtl m62CullBothEnvMappingTexScaleS0.031250TexScaleT0.031250
vt 0.000000 0.000000 0.0
vt 0.000000 0.000000 0.0
vt 0.000000 0.000000 0.0
vn 0.039370 0.921260 1.637795
vn 0.023622 0.669291 1.275591
vn 1.960630 0.944882 1.700787
f 118/523/475 155/524/476 114/525/477
#fvcolorindex 68 95 63 
usemtl m64CullBothEnvMappingTexScaleS0.031250TexScaleT0.031250
vt 0.000000 0.000000 0.0
vt 0.000000 0.000000 0.0
vt 0.000000 0.000000 0.0
vn 1.984252 0.637795 1.251969
vn 0.228346 0.897638 1.653543
vn 0.228346 0.811024 1.496063
f 157/526/478 127/527/479 126/528/480
#fvcolorindex 97 77 76 
usemtl m65CullBothEnvMappingTexScaleS0.031250TexScaleT0.031250
vt 0.000000 0.000000 0.0
vt 0.000000 0.000000 0.0
vt 0.000000 0.000000 0.0
vn 0.000000 0.377953 1.094488
vn 1.984252 0.637795 1.251969
vn 0.228346 0.811024 1.496063
f 149/529/481 157/530/482 126/531/483
#fvcolorindex 94 97 76 
usemtl m66CullBothEnvMappingTexScaleS0.031250TexScaleT0.031250
vt 0.000000 0.000000 0.0
vt 0.000000 0.000000 0.0
vt 0.000000 0.000000 0.0
vn 1.488189 0.708661 1.559055
vn 1.787402 0.897638 1.653543
vn 0.023622 0.669291 1.275591
f 152/532/484 115/533/485 155/534/486
#fvcolorindex 93 64 95 
usemtl m65CullBothEnvMappingTexScaleS0.031250TexScaleT0.031250
vt 0.000000 0.000000 0.0
vt 0.000000 0.000000 0.0
vt 0.000000 0.000000 0.0
vn 0.000000 0.377953 1.094488
vn 1.488189 0.708661 1.559055
vn 0.023622 0.669291 1.275591
f 154/535/487 152/536/488 155/537/489
#fvcolorindex 94 93 95 
usemtl m8CullBothEnvMappingTexScaleS0.031250TexScaleT0.031250
vt 0.000000 0.000000 0.0
vt 0.000000 0.000000 0.0
vt 0.000000 0.000000 0.0
v -25.000000 50.755638 -12.586460
#joint 34
#vjoint 159
vn 1.015748 0.000000 0.000000
vn 1.015748 0.000000 0.000000
vn 1.015748 0.000000 0.000000
f 156/538/490 155/539/491 159/540/492
#fvcolorindex 7 7 7 
vt 0.000000 0.000000 0.0
vt 0.000000 0.000000 0.0
vt 0.000000 0.000000 0.0
v -25.000000 42.755638 -15.586460
#joint 34
#vjoint 160
vn 1.015748 0.000000 0.000000
vn 1.015748 0.000000 0.000000
vn 1.015748 0.000000 0.000000
f 156/541/493 159/542/494 160/543/495
#fvcolorindex 7 7 7 
usemtl m67CullBothEnvMappingTexScaleS0.031250TexScaleT0.031250
vt 0.000000 0.000000 0.0
vt 0.000000 0.000000 0.0
vt 0.000000 0.000000 0.0
#vcolor 0.000000 120.000000 40.000000 255.000000
vn 0.000000 0.944882 0.314961
vn 0.000000 0.944882 0.314961
vn 0.000000 0.944882 0.314961
f 159/544/496 155/545/497 157/546/498
#fvcolorindex 98 98 98 
vt 0.000000 0.000000 0.0
vt 0.000000 0.000000 0.0
vt 0.000000 0.000000 0.0
v -19.000000 50.755638 -12.586460
#joint 34
#vjoint 161
vn 0.000000 0.944882 0.314961
vn 0.000000 0.944882 0.314961
vn 0.000000 0.944882 0.314961
f 159/547/499 157/548/500 161/549/501
#fvcolorindex 98 98 98 
usemtl m4CullBothEnvMappingTexScaleS0.031250TexScaleT0.031250
vt 0.000000 0.000000 0.0
vt 0.000000 0.000000 0.0
vt 0.000000 0.000000 0.0
vn 1.000000 0.000000 0.000000
vn 1.000000 0.000000 0.000000
vn 1.000000 0.000000 0.000000
f 161/550/502 157/551/503 158/552/504
#fvcolorindex 2 2 2 
vt 0.000000 0.000000 0.0
vt 0.000000 0.000000 0.0
vt 0.000000 0.000000 0.0
v -19.000000 42.755638 -15.586460
#joint 34
#vjoint 162
vn 1.000000 0.000000 0.000000
vn 1.000000 0.000000 0.000000
vn 1.000000 0.000000 0.000000
f 161/553/505 158/554/506 162/555/507
#fvcolorindex 2 2 2 
usemtl m68CullBothEnvMappingTexScaleS0.031250TexScaleT0.031250
vt 0.000000 0.000000 0.0
vt 0.000000 0.000000 0.0
vt 0.000000 0.000000 0.0
#vcolor 0.000000 240.000000 131.000000 255.000000
#vcolor 0.000000 40.000000 136.000000 255.000000
vn 0.000000 1.889764 1.031496
vn 0.000000 0.314961 1.070866
vn 0.000000 0.314961 1.070866
f 160/556/508 159/557/509 161/558/510
#fvcolorindex 99 100 100 
vt 0.000000 0.000000 0.0
vt 0.000000 0.000000 0.0
vt 0.000000 0.000000 0.0
vn 0.000000 1.889764 1.031496
vn 0.000000 0.314961 1.070866
vn 0.000000 1.889764 1.031496
f 160/559/511 161/560/512 162/561/513
#fvcolorindex 99 100 99 
vt 0.000000 0.000000 0.0
vt 0.000000 0.000000 0.0
vt 0.000000 0.000000 0.0
vn 0.000000 1.889764 1.031496
vn 0.000000 1.889764 1.031496
vn 0.000000 1.732283 1.062992
f 160/562/514 162/563/515 158/564/516
#fvcolorindex 99 99 96 
vt 0.000000 0.000000 0.0
vt 0.000000 0.000000 0.0
vt 0.000000 0.000000 0.0
vn 0.000000 1.889764 1.031496
vn 0.000000 1.732283 1.062992
vn 0.000000 1.732283 1.062992
f 160/565/517 158/566/518 156/567/519
#fvcolorindex 99 96 96 
usemtl m69CullBothEnvMappingTexScaleS0.031250TexScaleT0.031250
vt 0.000000 0.000000 0.0
vt 0.000000 0.000000 0.0
vt 0.000000 0.000000 0.0
#vcolor 0.000000 0.000000 127.000000 255.000000
vn 0.000000 0.000000 1.000000
vn 0.000000 0.000000 1.000000
vn 0.000000 0.000000 1.000000
f 103/568/520 94/569/521 96/570/522
#fvcolorindex 101 101 101 
vt 0.000000 0.000000 0.0
vt 0.000000 0.000000 0.0
vt 0.000000 0.000000 0.0
vn 0.000000 0.000000 1.000000
vn 0.000000 0.000000 1.000000
vn 0.000000 0.000000 1.000000
f 103/571/523 117/572/524 94/573/525
#fvcolorindex 101 101 101 
vt 0.000000 0.000000 0.0
vt 0.000000 0.000000 0.0
vt 0.000000 0.000000 0.0
vn 0.000000 0.000000 1.000000
vn 0.000000 0.000000 1.000000
vn 0.000000 0.000000 1.000000
f 129/574/526 97/575/527 92/576/528
#fvcolorindex 101 101 101 
vt 0.000000 0.000000 0.0
vt 0.000000 0.000000 0.0
vt 0.000000 0.000000 0.0
vn 0.000000 0.000000 1.000000
vn 0.000000 0.000000 1.000000
vn 0.000000 0.000000 1.000000
f 91/577/529 116/578/530 92/579/531
#fvcolorindex 101 101 101 
vt 0.000000 0.000000 0.0
vt 0.000000 0.000000 0.0
vt 0.000000 0.000000 0.0
vn 0.000000 0.000000 1.000000
vn 0.000000 0.000000 1.000000
vn 0.000000 0.000000 1.000000
f 129/580/532 92/581/533 116/582/534
#fvcolorindex 101 101 101 
vt 0.000000 0.000000 0.0
vt 0.000000 0.000000 0.0
vt 0.000000 0.000000 0.0
vn 0.000000 0.000000 1.000000
vn 0.000000 0.000000 1.000000
vn 0.000000 0.000000 1.000000
f 117/583/535 116/584/536 91/585/537
#fvcolorindex 101 101 101 
vt 0.000000 0.000000 0.0
vt 0.000000 0.000000 0.0
vt 0.000000 0.000000 0.0
vn 0.000000 0.000000 1.000000
vn 0.000000 0.000000 1.000000
vn 0.000000 0.000000 1.000000
f 117/586/538 91/587/539 94/588/540
#fvcolorindex 101 101 101 
usemtl m6CullBothEnvMappingTexScaleS0.031250TexScaleT0.031250
vt 0.000000 0.000000 0.0
vt 0.000000 0.000000 0.0
vt 0.000000 0.000000 0.0
vn 0.000000 1.015748 0.000000
vn 1.094488 1.637795 0.055118
vn 0.000000 1.015748 0.000000
f 132/589/541 134/590/542 136/591/543
#fvcolorindex 5 83 5 
vt 0.000000 0.000000 0.0
vt 0.000000 0.000000 0.0
vt 0.000000 0.000000 0.0
vn 0.000000 1.015748 0.000000
vn 0.000000 1.015748 0.000000
vn 0.606299 1.236220 0.118110
f 139/592/544 145/593/545 110/594/546
#fvcolorindex 5 5 91 
usemtl m69CullBothEnvMappingTexScaleS0.031250TexScaleT0.031250
vt 0.000000 0.000000 0.0
vt 0.000000 0.000000 0.0
vt 0.000000 0.000000 0.0
vn 0.000000 0.000000 1.000000
vn 0.000000 0.000000 1.000000
vn 0.000000 0.000000 1.000000
f 105/595/547 109/596/548 106/597/549
#fvcolorindex 101 101 101 
usemtl m8CullBothEnvMappingTexScaleS0.031250TexScaleT0.031250
vt 0.000000 0.000000 0.0
vt 0.000000 0.000000 0.0
vt 0.000000 0.000000 0.0
v -36.000000 25.755638 20.413540
#joint 34
#vjoint 163
vn 1.015748 0.000000 0.000000
vn 1.015748 0.000000 0.000000
vn 1.015748 0.000000 0.000000
f 154/598/550 153/599/551 163/600/552
#fvcolorindex 7 7 7 
vt 0.000000 0.000000 0.0
vt 0.000000 0.000000 0.0
vt 0.000000 0.000000 0.0
vn 1.015748 0.000000 0.000000
vn 1.015748 0.000000 0.000000
vn 1.015748 0.000000 0.000000
f 154/601/553 163/602/554 151/603/555
#fvcolorindex 7 7 7 
vt 0.000000 0.000000 0.0
vt 0.000000 0.000000 0.0
vt 0.000000 0.000000 0.0
v -36.000000 25.755638 50.413540
#joint 34
#vjoint 164
vn 1.015748 0.000000 0.000000
vn 1.015748 0.000000 0.000000
vn 1.015748 0.000000 0.000000
f 164/604/556 130/605/557 151/606/558
#fvcolorindex 7 7 7 
vt 0.000000 0.000000 0.0
vt 0.000000 0.000000 0.0
vt 0.000000 0.000000 0.0
vn 1.015748 0.000000 0.000000
vn 1.015748 0.000000 0.000000
vn 1.015748 0.000000 0.000000
f 164/607/559 151/608/560 163/609/561
#fvcolorindex 7 7 7 
vt 0.000000 0.000000 0.0
vt 0.000000 0.000000 0.0
vt 0.000000 0.000000 0.0
vn 1.015748 0.000000 0.000000
vn 1.015748 0.000000 0.000000
vn 1.015748 0.000000 0.000000
f 130/610/562 164/611/563 97/612/564
#fvcolorindex 7 7 7 
vt 0.000000 0.000000 0.0
vt 0.000000 0.000000 0.0
vt 0.000000 0.000000 0.0
vn 1.015748 0.000000 0.000000
vn 1.015748 0.000000 0.000000
vn 1.015748 0.000000 0.000000
f 134/613/565 98/614/566 97/615/567
#fvcolorindex 7 7 7 
vt 0.000000 0.000000 0.0
vt 0.000000 0.000000 0.0
vt 0.000000 0.000000 0.0
vn 1.015748 0.000000 0.000000
vn 1.015748 0.000000 0.000000
vn 1.015748 0.000000 0.000000
f 134/616/568 97/617/569 164/618/570
#fvcolorindex 7 7 7 
vt 0.000000 0.000000 0.0
vt 0.000000 0.000000 0.0
vt 0.000000 0.000000 0.0
#vcolor 130.000000 244.000000 0.000000 255.000000
vn 1.015748 0.000000 0.000000
vn 1.023622 1.921260 0.000000
vn 1.015748 0.000000 0.000000
f 134/619/571 133/620/572 98/621/573
#fvcolorindex 7 102 7 
usemtl m70CullBothEnvMappingTexScaleS0.031250TexScaleT0.031250
vt 0.000000 0.000000 0.0
vt 0.000000 0.000000 0.0
vt 0.000000 0.000000 0.0
vn 1.023622 1.921260 0.000000
vn 1.015748 0.000000 0.000000
vn 1.015748 0.000000 0.000000
f 133/622/574 131/623/575 98/624/576
#fvcolorindex 102 7 7 
usemtl m71CullBothEnvMappingTexScaleS0.031250TexScaleT0.031250
vt 0.000000 0.000000 0.0
vt 0.000000 0.000000 0.0
vt 0.000000 0.000000 0.0
v -36.000000 34.755638 193.413544
#joint 34
#vjoint 165
#vcolor 131.000000 238.000000 0.000000 255.000000
vn 1.031496 1.874016 0.000000
vn 1.015748 0.000000 0.000000
vn 1.023622 1.921260 0.000000
f 165/625/577 131/626/578 133/627/579
#fvcolorindex 103 7 102 
usemtl m70CullBothEnvMappingTexScaleS0.031250TexScaleT0.031250
vt 0.000000 0.000000 0.0
vt 0.000000 0.000000 0.0
vt 0.000000 0.000000 0.0
v -33.000000 25.755638 193.413544
#joint 34
#vjoint 166
vn 1.023622 1.921260 0.000000
vn 1.031496 1.874016 0.000000
vn 1.031496 1.874016 0.000000
f 132/628/580 166/629/581 165/630/582
#fvcolorindex 102 103 103 
vt 0.000000 0.000000 0.0
vt 0.000000 0.000000 0.0
vt 0.000000 0.000000 0.0
vn 1.023622 1.921260 0.000000
vn 1.031496 1.874016 0.000000
vn 1.023622 1.921260 0.000000
f 132/631/583 165/632/584 133/633/585
#fvcolorindex 102 103 102 
usemtl m72CullBothEnvMappingTexScaleS0.031250TexScaleT0.031250
vt 0.000000 0.000000 0.0
vt 0.000000 0.000000 0.0
vt 0.000000 0.000000 0.0
#vcolor 138.000000 210.000000 0.000000 255.000000
v -33.000000 20.755638 193.413544
#joint 34
#vjoint 167
vn 1.086614 1.653543 0.000000
vn 1.086614 1.653543 0.000000
vn 1.031496 1.874016 0.000000
f 135/634/586 167/635/587 166/636/588
#fvcolorindex 104 104 103 
vt 0.000000 0.000000 0.0
vt 0.000000 0.000000 0.0
vt 0.000000 0.000000 0.0
vn 1.086614 1.653543 0.000000
vn 1.031496 1.874016 0.000000
vn 1.023622 1.921260 0.000000
f 135/637/589 166/638/590 132/639/591
#fvcolorindex 104 103 102 
vt 0.000000 0.000000 0.0
vt 0.000000 0.000000 0.0
vt 0.000000 0.000000 0.0
vn 1.086614 1.653543 0.000000
vn 1.086614 1.653543 0.000000
vn 1.086614 1.653543 0.000000
f 144/640/592 143/641/593 167/642/594
#fvcolorindex 104 104 104 
vt 0.000000 0.000000 0.0
vt 0.000000 0.000000 0.0
vt 0.000000 0.000000 0.0
vn 1.086614 1.653543 0.000000
vn 1.086614 1.653543 0.000000
vn 1.086614 1.653543 0.000000
f 144/643/595 167/644/596 135/645/597
#fvcolorindex 104 104 104 
usemtl m8CullBothEnvMappingTexScaleS0.031250TexScaleT0.031250
vt 0.000000 0.000000 0.0
vt 0.000000 0.000000 0.0
vt 0.000000 0.000000 0.0
vn 1.015748 0.000000 0.000000
vn 1.015748 0.000000 0.000000
vn 1.015748 0.000000 0.000000
f 152/646/598 154/647/599 151/648/600
#fvcolorindex 7 7 7 
usemtl m73CullBothEnvMappingTexScaleS0.031250TexScaleT0.031250
vt 0.000000 0.000000 0.0
vt 0.000000 0.000000 0.0
vt 0.000000 0.000000 0.0
v -19.000000 -25.823309 99.571434
#joint 33
#vjoint 168
v -11.000000 0.176691 99.571434
#joint 33
#vjoint 169
vn 0.000000 0.000000 1.015748
vn 0.000000 0.000000 1.015748
vn 0.000000 0.000000 1.015748
f 168/649/601 45/650/602 169/651/603
#fvcolorindex 55 55 55 
vt 0.000000 0.000000 0.0
vt 0.000000 0.000000 0.0
vt 0.000000 0.000000 0.0
vn 0.000000 0.000000 1.015748
vn 0.000000 0.000000 1.015748
vn 0.000000 0.000000 1.015748
f 45/652/604 48/653/605 169/654/606
#fvcolorindex 55 55 55 
vt 0.000000 0.000000 0.0
vt 0.000000 0.000000 0.0
vt 0.000000 0.000000 0.0
v -33.000000 -25.823309 99.571434
#joint 33
#vjoint 170
vn 0.000000 0.000000 1.015748
vn 0.000000 0.000000 1.015748
vn 0.000000 0.000000 1.015748
f 168/655/607 170/656/608 45/657/609
#fvcolorindex 55 55 55 
vt 0.000000 0.000000 0.0
vt 0.000000 0.000000 0.0
vt 0.000000 0.000000 0.0
vn 0.000000 0.000000 1.015748
vn 0.000000 0.000000 1.015748
vn 0.000000 0.000000 1.015748
f 170/658/610 43/659/611 45/660/612
#fvcolorindex 55 55 55 
vt 0.000000 0.000000 0.0
vt 0.000000 0.000000 0.0
vt 0.000000 0.000000 0.0
v -3.000000 8.176691 99.571434
#joint 33
#vjoint 171
vn 0.000000 0.000000 1.015748
vn 0.000000 0.000000 1.015748
vn 0.000000 0.000000 1.015748
f 171/661/613 169/662/614 48/663/615
#fvcolorindex 55 55 55 
vt 0.000000 0.000000 0.0
vt 0.000000 0.000000 0.0
vt 0.000000 0.000000 0.0
v -3.000000 18.176691 99.571434
#joint 33
#vjoint 172
vn 0.000000 0.000000 1.015748
vn 0.000000 0.000000 1.015748
vn 0.000000 0.000000 1.015748
f 171/664/616 48/665/617 172/666/618
#fvcolorindex 55 55 55 
vt 0.000000 0.000000 0.0
vt 0.000000 0.000000 0.0
vt 0.000000 0.000000 0.0
v -41.000000 18.176691 99.571434
#joint 33
#vjoint 173
vn 0.000000 0.000000 1.015748
vn 0.000000 0.000000 1.015748
vn 0.000000 0.000000 1.015748
f 173/667/619 43/668/620 170/669/621
#fvcolorindex 55 55 55 
vt 0.000000 0.000000 0.0
vt 0.000000 0.000000 0.0
vt 0.000000 0.000000 0.0
v -41.000000 -17.823309 99.571434
#joint 33
#vjoint 174
vn 0.000000 0.000000 1.015748
vn 0.000000 0.000000 1.015748
vn 0.000000 0.000000 1.015748
f 173/670/622 170/671/623 174/672/624
#fvcolorindex 55 55 55 
usemtl m74CullBothEnvMappingTexScaleS0.031250TexScaleT0.031250
vt 0.000000 0.000000 0.0
vt 0.000000 0.000000 0.0
vt 0.000000 0.000000 0.0
#vcolor 117.000000 48.000000 0.000000 255.000000
v -11.000000 26.176691 148.571442
#joint 33
#vjoint 175
vn 0.921260 0.377953 0.000000
vn 0.921260 0.377953 0.000000
vn 0.700787 0.700787 0.000000
f 172/673/625 52/674/626 175/675/627
#fvcolorindex 105 105 3 
vt 0.000000 0.000000 0.0
vt 0.000000 0.000000 0.0
vt 0.000000 0.000000 0.0
v -3.000000 18.176691 148.571442
#joint 33
#vjoint 176
vn 0.921260 0.377953 0.000000
vn 0.700787 0.700787 0.000000
vn 0.921260 0.377953 0.000000
f 172/676/628 175/677/629 176/678/630
#fvcolorindex 105 3 105 
usemtl m75CullBothEnvMappingTexScaleS0.031250TexScaleT0.031250
vt 0.000000 0.000000 0.0
vt 0.000000 0.000000 0.0
vt 0.000000 0.000000 0.0
v -3.000000 8.176691 148.571442
#joint 33
#vjoint 177
#vcolor 117.000000 208.000000 0.000000 255.000000
vn 0.921260 1.637795 0.000000
vn 0.921260 1.637795 0.000000
vn 0.921260 0.377953 0.000000
f 177/679/631 171/680/632 172/681/633
#fvcolorindex 106 106 105 
vt 0.000000 0.000000 0.0
vt 0.000000 0.000000 0.0
vt 0.000000 0.000000 0.0
vn 0.921260 1.637795 0.000000
vn 0.921260 0.377953 0.000000
vn 0.921260 0.377953 0.000000
f 177/682/634 172/683/635 176/684/636
#fvcolorindex 106 105 105 
vt 0.000000 0.000000 0.0
vt 0.000000 0.000000 0.0
vt 0.000000 0.000000 0.0
vn 0.921260 1.637795 0.000000
vn 0.921260 1.637795 0.000000
vn 0.921260 1.637795 0.000000
f 169/685/637 171/686/638 177/687/639
#fvcolorindex 106 106 106 
vt 0.000000 0.000000 0.0
vt 0.000000 0.000000 0.0
vt 0.000000 0.000000 0.0
v -11.000000 0.176691 148.571442
#joint 33
#vjoint 178
vn 0.921260 1.637795 0.000000
vn 0.921260 1.637795 0.000000
vn 0.921260 1.637795 0.000000
f 169/688/640 177/689/641 178/690/642
#fvcolorindex 106 106 106 
usemtl m76CullBothEnvMappingTexScaleS0.031250TexScaleT0.031250
vt 0.000000 0.000000 0.0
vt 0.000000 0.000000 0.0
vt 0.000000 0.000000 0.0
v -33.000000 -25.823309 148.571442
#joint 33
#vjoint 179
#vcolor 208.000000 139.000000 0.000000 255.000000
vn 1.637795 1.094488 0.000000
vn 1.637795 1.094488 0.000000
vn 0.000000 1.015748 0.000000
f 179/691/643 170/692/644 168/693/645
#fvcolorindex 107 107 5 
vt 0.000000 0.000000 0.0
vt 0.000000 0.000000 0.0
vt 0.000000 0.000000 0.0
v -19.000000 -25.823309 148.571442
#joint 33
#vjoint 180
vn 1.637795 1.094488 0.000000
vn 0.000000 1.015748 0.000000
vn 0.000000 1.015748 0.000000
f 179/694/646 168/695/647 180/696/648
#fvcolorindex 107 5 5 
usemtl m77CullBothEnvMappingTexScaleS0.031250TexScaleT0.031250
vt 0.000000 0.000000 0.0
vt 0.000000 0.000000 0.0
vt 0.000000 0.000000 0.0
#vcolor 139.000000 208.000000 0.000000 255.000000
vn 1.094488 1.637795 0.000000
vn 1.637795 1.094488 0.000000
vn 1.637795 1.094488 0.000000
f 174/697/649 170/698/650 179/699/651
#fvcolorindex 108 107 107 
vt 0.000000 0.000000 0.0
vt 0.000000 0.000000 0.0
vt 0.000000 0.000000 0.0
v -41.000000 -17.823309 148.571442
#joint 33
#vjoint 181
vn 1.094488 1.637795 0.000000
vn 1.637795 1.094488 0.000000
vn 1.094488 1.637795 0.000000
f 174/700/652 179/701/653 181/702/654
#fvcolorindex 108 107 108 
usemtl m78CullBothEnvMappingTexScaleS0.031250TexScaleT0.031250
vt 0.000000 0.000000 0.0
vt 0.000000 0.000000 0.0
vt 0.000000 0.000000 0.0
v -41.000000 18.176691 148.571442
#joint 33
#vjoint 182
#vcolor 139.000000 48.000000 0.000000 255.000000
vn 1.094488 0.377953 0.000000
vn 1.094488 0.377953 0.000000
vn 1.094488 1.637795 0.000000
f 182/703/655 173/704/656 174/705/657
#fvcolorindex 109 109 108 
vt 0.000000 0.000000 0.0
vt 0.000000 0.000000 0.0
vt 0.000000 0.000000 0.0
vn 1.094488 0.377953 0.000000
vn 1.094488 1.637795 0.000000
vn 1.094488 1.637795 0.000000
f 182/706/658 174/707/659 181/708/660
#fvcolorindex 109 108 108 
vt 0.000000 0.000000 0.0
vt 0.000000 0.000000 0.0
vt 0.000000 0.000000 0.0
v -33.000000 26.176691 148.571442
#joint 33
#vjoint 183
vn 1.094488 0.377953 0.000000
vn 1.314961 0.700787 0.000000
vn 1.094488 0.377953 0.000000
f 182/709/661 183/710/662 44/711/663
#fvcolorindex 109 8 109 
vt 0.000000 0.000000 0.0
vt 0.000000 0.000000 0.0
vt 0.000000 0.000000 0.0
vn 1.094488 0.377953 0.000000
vn 1.094488 0.377953 0.000000
vn 1.094488 0.377953 0.000000
f 182/712/664 44/713/665 173/714/666
#fvcolorindex 109 109 109 
usemtl m73CullBothEnvMappingTexScaleS0.031250TexScaleT0.031250
vt 0.000000 0.000000 0.0
vt 0.000000 0.000000 0.0
vt 0.000000 0.000000 0.0
vn 0.000000 0.000000 1.015748
vn 0.000000 0.000000 1.015748
vn 0.000000 0.000000 1.015748
f 52/715/667 172/716/668 48/717/669
#fvcolorindex 55 55 55 
vt 0.000000 0.000000 0.0
vt 0.000000 0.000000 0.0
vt 0.000000 0.000000 0.0
vn 0.000000 0.000000 1.015748
vn 0.000000 0.000000 1.015748
vn 0.000000 0.000000 1.015748
f 43/718/670 173/719/671 44/720/672
#fvcolorindex 55 55 55 
usemtl m79CullBothEnvMappingTexScaleS0.031250TexScaleT0.031250
vt 0.000000 0.000000 0.0
vt 0.000000 0.000000 0.0
vt 0.000000 0.000000 0.0
vn 1.000000 0.000000 0.000000
vn 1.000000 0.000000 0.000000
vn 0.921260 1.637795 0.000000
f 180/721/673 168/722/674 169/723/675
#fvcolorindex 2 2 106 
vt 0.000000 0.000000 0.0
vt 0.000000 0.000000 0.0
vt 0.000000 0.000000 0.0
vn 1.000000 0.000000 0.000000
vn 0.921260 1.637795 0.000000
vn 0.921260 1.637795 0.000000
f 180/724/676 169/725/677 178/726/678
#fvcolorindex 2 106 106 
usemtl m80CullBothEnvMappingTexScaleS0.031250TexScaleT0.031250
vt 0.000000 0.000000 0.0
vt 0.000000 0.000000 0.0
vt 0.000000 0.000000 0.0
v -8.000000 -14.823309 2.571434
#joint 33
#vjoint 184
#vcolor 123.000000 3.000000 226.000000 255.000000
#vcolor 116.000000 12.000000 208.000000 255.000000
#vcolor 88.000000 17.000000 168.000000 255.000000
vn 0.968504 0.023622 1.779528
vn 0.913386 0.094488 1.637795
vn 0.692913 0.133858 1.322835
f 184/727/679 76/728/680 75/729/681
#fvcolorindex 110 111 112 
vt 0.000000 0.000000 0.0
vt 0.000000 0.000000 0.0
vt 0.000000 0.000000 0.0
#vcolor 94.000000 213.000000 184.000000 255.000000
vn 0.968504 0.023622 1.779528
vn 0.692913 0.133858 1.322835
vn 0.740157 1.677165 1.448819
f 184/730/682 75/731/683 78/732/684
#fvcolorindex 110 112 113 
vt 0.000000 0.000000 0.0
vt 0.000000 0.000000 0.0
vt 0.000000 0.000000 0.0
v -8.000000 -0.823309 2.571434
#joint 33
#vjoint 185
#vcolor 124.000000 240.000000 235.000000 255.000000
vn 0.968504 0.023622 1.779528
vn 0.740157 1.677165 1.448819
vn 0.976378 1.889764 1.850394
f 184/733/685 78/734/686 185/735/687
#fvcolorindex 110 113 114 
usemtl m81CullBothEnvMappingTexScaleS0.031250TexScaleT0.031250
vt 0.000000 0.000000 0.0
vt 0.000000 0.000000 0.0
vt 0.000000 0.000000 0.0
vn 0.976378 1.889764 1.850394
vn 0.740157 1.677165 1.448819
vn 0.740157 1.677165 1.448819
f 185/736/688 78/737/689 79/738/690
#fvcolorindex 114 113 113 
vt 0.000000 0.000000 0.0
vt 0.000000 0.000000 0.0
vt 0.000000 0.000000 0.0
v -8.000000 15.176691 -21.428566
#joint 33
#vjoint 186
#vcolor 112.000000 6.000000 197.000000 255.000000
vn 0.976378 1.889764 1.850394
vn 0.740157 1.677165 1.448819
vn 0.881890 0.047244 1.551181
f 185/739/691 79/740/692 186/741/693
#fvcolorindex 114 113 115 
usemtl m82CullBothEnvMappingTexScaleS0.031250TexScaleT0.031250
vt 0.000000 0.000000 0.0
vt 0.000000 0.000000 0.0
vt 0.000000 0.000000 0.0
#vcolor 79.000000 58.000000 177.000000 255.000000
vn 0.881890 0.047244 1.551181
vn 0.740157 1.677165 1.448819
vn 0.622047 0.456693 1.393701
f 186/742/694 79/743/695 80/744/696
#fvcolorindex 115 113 116 
vt 0.000000 0.000000 0.0
vt 0.000000 0.000000 0.0
vt 0.000000 0.000000 0.0
#vcolor 51.000000 103.000000 205.000000 255.000000
vn 0.881890 0.047244 1.551181
vn 0.622047 0.456693 1.393701
vn 0.401575 0.811024 1.614173
f 186/745/697 80/746/698 81/747/699
#fvcolorindex 115 116 117 
vt 0.000000 0.000000 0.0
vt 0.000000 0.000000 0.0
vt 0.000000 0.000000 0.0
v -8.000000 26.176691 -5.428566
#joint 33
#vjoint 187
#vcolor 125.000000 14.000000 251.000000 255.000000
vn 0.881890 0.047244 1.551181
vn 0.401575 0.811024 1.614173
vn 0.984252 0.110236 1.976378
f 186/748/700 81/749/701 187/750/702
#fvcolorindex 115 117 118 
usemtl m81CullBothEnvMappingTexScaleS0.031250TexScaleT0.031250
vt 0.000000 0.000000 0.0
vt 0.000000 0.000000 0.0
vt 0.000000 0.000000 0.0
vn 0.976378 1.889764 1.850394
vn 0.881890 0.047244 1.551181
vn 0.984252 0.110236 1.976378
f 185/751/703 186/752/704 187/753/705
#fvcolorindex 114 115 118 
usemtl m83CullBothEnvMappingTexScaleS0.031250TexScaleT0.031250
vt 0.000000 0.000000 0.0
vt 0.000000 0.000000 0.0
vt 0.000000 0.000000 0.0
#vcolor 125.000000 253.000000 16.000000 255.000000
vn 0.984252 1.992126 0.125984
vn 0.976378 1.889764 1.850394
vn 0.984252 0.110236 1.976378
f 55/754/706 185/755/707 187/756/708
#fvcolorindex 119 114 118 
usemtl m84CullBothEnvMappingTexScaleS0.031250TexScaleT0.031250
vt 0.000000 0.000000 0.0
vt 0.000000 0.000000 0.0
vt 0.000000 0.000000 0.0
v -8.000000 26.176691 68.571434
#joint 33
#vjoint 188
#vcolor 124.000000 237.000000 15.000000 255.000000
#vcolor 124.000000 244.000000 24.000000 255.000000
#vcolor 124.000000 234.000000 255.000000 255.000000
vn 0.976378 1.866142 0.118110
vn 0.976378 1.921260 0.188976
vn 0.976378 1.842520 2.007874
f 188/757/709 49/758/710 50/759/711
#fvcolorindex 120 121 122 
vt 0.000000 0.000000 0.0
vt 0.000000 0.000000 0.0
vt 0.000000 0.000000 0.0
#vcolor 113.000000 0.000000 56.000000 255.000000
vn 0.976378 1.866142 0.118110
vn 0.889764 0.000000 0.440945
vn 0.976378 1.921260 0.188976
f 188/760/712 51/761/713 49/762/714
#fvcolorindex 120 123 121 
usemtl m85CullBothEnvMappingTexScaleS0.031250TexScaleT0.031250
vt 0.000000 0.000000 0.0
vt 0.000000 0.000000 0.0
vt 0.000000 0.000000 0.0
vn 0.984252 0.110236 1.976378
vn 0.976378 1.866142 0.118110
vn 0.976378 1.842520 2.007874
f 187/763/715 188/764/716 50/765/717
#fvcolorindex 118 120 122 
vt 0.000000 0.000000 0.0
vt 0.000000 0.000000 0.0
vt 0.000000 0.000000 0.0
vn 0.984252 0.110236 1.976378
vn 0.976378 1.842520 2.007874
vn 0.984252 1.992126 0.125984
f 187/766/718 50/767/719 55/768/720
#fvcolorindex 118 122 119 
usemtl m80CullBothEnvMappingTexScaleS0.031250TexScaleT0.031250
vt 0.000000 0.000000 0.0
vt 0.000000 0.000000 0.0
vt 0.000000 0.000000 0.0
vn 0.968504 0.023622 1.779528
vn 0.976378 1.889764 1.850394
vn 0.984252 1.992126 0.125984
f 184/769/721 185/770/722 55/771/723
#fvcolorindex 110 114 119 
vt 0.000000 0.000000 0.0
vt 0.000000 0.000000 0.0
vt 0.000000 0.000000 0.0
#vcolor 126.000000 248.000000 9.000000 255.000000
vn 0.968504 0.023622 1.779528
vn 0.984252 1.992126 0.125984
vn 0.992126 1.952756 0.070866
f 184/772/724 55/773/725 74/774/726
#fvcolorindex 110 119 124 
usemtl m86CullBothEnvMappingTexScaleS0.031250TexScaleT0.031250
vt 0.000000 0.000000 0.0
vt 0.000000 0.000000 0.0
vt 0.000000 0.000000 0.0
vn 0.913386 0.094488 1.637795
vn 0.968504 0.023622 1.779528
vn 0.992126 1.952756 0.070866
f 76/775/727 184/776/728 74/777/729
#fvcolorindex 111 110 124 
usemtl m87CullBothEnvMappingTexScaleS0.031250TexScaleT0.031250
vt 0.000000 0.000000 0.0
vt 0.000000 0.000000 0.0
vt 0.000000 0.000000 0.0
#vcolor 168.000000 17.000000 168.000000 255.000000
#vcolor 140.000000 12.000000 208.000000 255.000000
v -36.000000 -14.823309 2.571434
#joint 33
#vjoint 189
#vcolor 133.000000 3.000000 226.000000 255.000000
vn 1.322835 0.133858 1.322835
vn 1.102362 0.094488 1.637795
vn 1.047244 0.023622 1.779528
f 65/778/730 68/779/731 189/780/732
#fvcolorindex 125 126 127 
usemtl m88CullBothEnvMappingTexScaleS0.031250TexScaleT0.031250
vt 0.000000 0.000000 0.0
vt 0.000000 0.000000 0.0
vt 0.000000 0.000000 0.0
v -36.000000 -0.823309 2.571434
#joint 33
#vjoint 190
#vcolor 133.000000 241.000000 234.000000 255.000000
#vcolor 162.000000 216.000000 182.000000 255.000000
vn 1.047244 1.897638 1.842520
vn 1.275591 1.700787 1.433071
vn 1.322835 0.133858 1.322835
f 190/781/733 69/782/734 65/783/735
#fvcolorindex 128 129 125 
vt 0.000000 0.000000 0.0
vt 0.000000 0.000000 0.0
vt 0.000000 0.000000 0.0
vn 1.047244 1.897638 1.842520
vn 1.322835 0.133858 1.322835
vn 1.047244 0.023622 1.779528
f 190/784/736 65/785/737 189/786/738
#fvcolorindex 128 125 127 
usemtl m89CullBothEnvMappingTexScaleS0.031250TexScaleT0.031250
vt 0.000000 0.000000 0.0
vt 0.000000 0.000000 0.0
vt 0.000000 0.000000 0.0
v -36.000000 15.176691 -21.428566
#joint 33
#vjoint 191
#vcolor 145.000000 5.000000 195.000000 255.000000
vn 1.141732 0.039370 1.535433
vn 1.275591 1.700787 1.433071
vn 1.275591 1.700787 1.433071
f 191/787/739 72/788/740 69/789/741
#fvcolorindex 130 129 129 
vt 0.000000 0.000000 0.0
vt 0.000000 0.000000 0.0
vt 0.000000 0.000000 0.0
vn 1.141732 0.039370 1.535433
vn 1.275591 1.700787 1.433071
vn 1.047244 1.897638 1.842520
f 191/790/742 69/791/743 190/792/744
#fvcolorindex 130 129 128 
usemtl m90CullBothEnvMappingTexScaleS0.031250TexScaleT0.031250
vt 0.000000 0.000000 0.0
vt 0.000000 0.000000 0.0
vt 0.000000 0.000000 0.0
#vcolor 174.000000 50.000000 174.000000 255.000000
vn 1.370079 0.393701 1.370079
vn 1.275591 1.700787 1.433071
vn 1.141732 0.039370 1.535433
f 64/793/745 72/794/746 191/795/747
#fvcolorindex 131 129 130 
usemtl m91CullBothEnvMappingTexScaleS0.031250TexScaleT0.031250
vt 0.000000 0.000000 0.0
vt 0.000000 0.000000 0.0
vt 0.000000 0.000000 0.0
v -36.000000 26.176691 -5.428566
#joint 33
#vjoint 192
#vcolor 130.000000 12.000000 249.000000 255.000000
#vcolor 195.000000 92.000000 195.000000 255.000000
vn 1.023622 0.094488 1.960630
vn 1.535433 0.724409 1.535433
vn 1.370079 0.393701 1.370079
f 192/796/748 61/797/749 64/798/750
#fvcolorindex 132 133 131 
vt 0.000000 0.000000 0.0
vt 0.000000 0.000000 0.0
vt 0.000000 0.000000 0.0
vn 1.023622 0.094488 1.960630
vn 1.370079 0.393701 1.370079
vn 1.141732 0.039370 1.535433
f 192/799/751 64/800/752 191/801/753
#fvcolorindex 132 131 130 
vt 0.000000 0.000000 0.0
vt 0.000000 0.000000 0.0
vt 0.000000 0.000000 0.0
vn 1.023622 0.094488 1.960630
vn 1.141732 0.039370 1.535433
vn 1.047244 1.897638 1.842520
f 192/802/754 191/803/755 190/804/756
#fvcolorindex 132 130 128 
vt 0.000000 0.000000 0.0
vt 0.000000 0.000000 0.0
vt 0.000000 0.000000 0.0
#vcolor 131.000000 253.000000 16.000000 255.000000
vn 1.023622 0.094488 1.960630
vn 1.047244 1.897638 1.842520
vn 1.031496 1.992126 0.125984
f 192/805/757 190/806/758 57/807/759
#fvcolorindex 132 128 134 
usemtl m92CullBothEnvMappingTexScaleS0.031250TexScaleT0.031250
vt 0.000000 0.000000 0.0
vt 0.000000 0.000000 0.0
vt 0.000000 0.000000 0.0
#vcolor 132.000000 234.000000 255.000000 255.000000
#vcolor 132.000000 244.000000 24.000000 255.000000
v -36.000000 26.176691 68.571434
#joint 33
#vjoint 193
#vcolor 132.000000 237.000000 15.000000 255.000000
vn 1.039370 1.842520 2.007874
vn 1.039370 1.921260 0.188976
vn 1.039370 1.866142 0.118110
f 46/808/760 42/809/761 193/810/762
#fvcolorindex 135 136 137 
usemtl m93CullBothEnvMappingTexScaleS0.031250TexScaleT0.031250
vt 0.000000 0.000000 0.0
vt 0.000000 0.000000 0.0
vt 0.000000 0.000000 0.0
#vcolor 143.000000 0.000000 56.000000 255.000000
vn 1.039370 1.921260 0.188976
vn 1.125984 0.000000 0.440945
vn 1.039370 1.866142 0.118110
f 42/811/763 41/812/764 193/813/765
#fvcolorindex 136 138 137 
usemtl m92CullBothEnvMappingTexScaleS0.031250TexScaleT0.031250
vt 0.000000 0.000000 0.0
vt 0.000000 0.000000 0.0
vt 0.000000 0.000000 0.0
vn 1.039370 1.842520 2.007874
vn 1.039370 1.866142 0.118110
vn 1.023622 0.094488 1.960630
f 46/814/766 193/815/767 192/816/768
#fvcolorindex 135 137 132 
usemtl m94CullBothEnvMappingTexScaleS0.031250TexScaleT0.031250
vt 0.000000 0.000000 0.0
vt 0.000000 0.000000 0.0
vt 0.000000 0.000000 0.0
vn 1.031496 1.992126 0.125984
vn 1.039370 1.842520 2.007874
vn 1.023622 0.094488 1.960630
f 57/817/769 46/818/770 192/819/771
#fvcolorindex 134 135 132 
vt 0.000000 0.000000 0.0
vt 0.000000 0.000000 0.0
vt 0.000000 0.000000 0.0
vn 1.031496 1.992126 0.125984
vn 1.047244 1.897638 1.842520
vn 1.047244 0.023622 1.779528
f 57/820/772 190/821/773 189/822/774
#fvcolorindex 134 128 127 
usemtl m95CullBothEnvMappingTexScaleS0.031250TexScaleT0.031250
vt 0.000000 0.000000 0.0
vt 0.000000 0.000000 0.0
vt 0.000000 0.000000 0.0
#vcolor 130.000000 248.000000 9.000000 255.000000
vn 1.023622 1.952756 0.070866
vn 1.031496 1.992126 0.125984
vn 1.047244 0.023622 1.779528
f 59/823/775 57/824/776 189/825/777
#fvcolorindex 139 134 127 
vt 0.000000 0.000000 0.0
vt 0.000000 0.000000 0.0
vt 0.000000 0.000000 0.0
vn 1.023622 1.952756 0.070866
vn 1.047244 0.023622 1.779528
vn 1.102362 0.094488 1.637795
f 59/826/778 189/827/779 68/828/780
#fvcolorindex 139 127 126 
g Room06
g Room06_primary
usemtl m96CullBothEnvMappingTexScaleS0.031250TexScaleT0.031250
vt 0.000000 0.000000 0.0
vt 0.000000 0.000000 0.0
vt 0.000000 0.000000 0.0
v -35.000000 59.176689 195.571442
#joint 33
#vjoint 194
#vcolor 187.000000 89.000000 200.000000 255.000000
v -22.000000 65.176689 365.571442
#joint 33
#vjoint 195
#vcolor 243.000000 112.000000 56.000000 255.000000
v -22.000000 65.176689 195.571442
#joint 33
#vjoint 196
#vcolor 13.000000 112.000000 200.000000 255.000000
vn 1.472441 0.700787 1.574803
vn 1.913386 0.881890 0.440945
vn 0.102362 0.881890 1.574803
f 194/829/781 195/830/782 196/831/783
#fvcolorindex 140 141 142 
usemtl m97CullBothEnvMappingTexScaleS0.031250TexScaleT0.031250
vt 0.000000 0.000000 0.0
vt 0.000000 0.000000 0.0
vt 0.000000 0.000000 0.0
v -35.000000 59.176689 365.571442
#joint 33
#vjoint 197
#vcolor 167.000000 69.000000 56.000000 255.000000
vn 1.314961 0.543307 0.440945
vn 1.913386 0.881890 0.440945
vn 1.472441 0.700787 1.574803
f 197/832/784 195/833/785 194/834/786
#fvcolorindex 143 141 140 
usemtl m98CullBothEnvMappingTexScaleS0.031250TexScaleT0.031250
vt 0.000000 0.000000 0.0
vt 0.000000 0.000000 0.0
vt 0.000000 0.000000 0.0
v -41.000000 46.176689 195.571442
#joint 33
#vjoint 198
#vcolor 144.000000 13.000000 200.000000 255.000000
vn 1.133858 0.102362 1.574803
vn 1.314961 0.543307 0.440945
vn 1.472441 0.700787 1.574803
f 198/835/787 197/836/788 194/837/789
#fvcolorindex 144 143 140 
usemtl m99CullBothEnvMappingTexScaleS0.031250TexScaleT0.031250
vt 0.000000 0.000000 0.0
vt 0.000000 0.000000 0.0
vt 0.000000 0.000000 0.0
v -41.000000 46.176689 365.571442
#joint 33
#vjoint 199
#vcolor 144.000000 243.000000 56.000000 255.000000
vn 1.133858 1.913386 0.440945
vn 1.314961 0.543307 0.440945
vn 1.133858 0.102362 1.574803
f 199/838/790 197/839/791 198/840/792
#fvcolorindex 145 143 144 
usemtl m100CullBothEnvMappingTexScaleS0.031250TexScaleT0.031250
vt 0.000000 0.000000 0.0
vt 0.000000 0.000000 0.0
vt 0.000000 0.000000 0.0
v -35.000000 33.176689 195.571442
#joint 33
#vjoint 200
#vcolor 167.000000 187.000000 200.000000 255.000000
vn 1.314961 1.472441 1.574803
vn 1.133858 1.913386 0.440945
vn 1.133858 0.102362 1.574803
f 200/841/793 199/842/794 198/843/795
#fvcolorindex 146 145 144 
usemtl m101CullBothEnvMappingTexScaleS0.031250TexScaleT0.031250
vt 0.000000 0.000000 0.0
vt 0.000000 0.000000 0.0
vt 0.000000 0.000000 0.0
v -35.000000 33.176689 365.571442
#joint 33
#vjoint 201
#vcolor 187.000000 167.000000 56.000000 255.000000
vn 1.472441 1.314961 0.440945
vn 1.133858 1.913386 0.440945
vn 1.314961 1.472441 1.574803
f 201/844/796 199/845/797 200/846/798
#fvcolorindex 147 145 146 
usemtl m102CullBothEnvMappingTexScaleS0.031250TexScaleT0.031250
vt 0.000000 0.000000 0.0
vt 0.000000 0.000000 0.0
vt 0.000000 0.000000 0.0
v -22.000000 28.176691 195.571442
#joint 33
#vjoint 202
#vcolor 243.000000 144.000000 200.000000 255.000000
vn 1.913386 1.133858 1.574803
vn 1.472441 1.314961 0.440945
vn 1.314961 1.472441 1.574803
f 202/847/799 201/848/800 200/849/801
#fvcolorindex 148 147 146 
usemtl m103CullBothEnvMappingTexScaleS0.031250TexScaleT0.031250
vt 0.000000 0.000000 0.0
vt 0.000000 0.000000 0.0
vt 0.000000 0.000000 0.0
v -22.000000 28.176691 365.571442
#joint 33
#vjoint 203
#vcolor 13.000000 144.000000 56.000000 255.000000
vn 0.102362 1.133858 0.440945
vn 1.472441 1.314961 0.440945
vn 1.913386 1.133858 1.574803
f 203/850/802 201/851/803 202/852/804
#fvcolorindex 149 147 148 
usemtl m104CullBothEnvMappingTexScaleS0.031250TexScaleT0.031250
vt 0.000000 0.000000 0.0
vt 0.000000 0.000000 0.0
vt 0.000000 0.000000 0.0
v -9.000000 33.176689 195.571442
#joint 33
#vjoint 204
#vcolor 69.000000 167.000000 200.000000 255.000000
vn 0.543307 1.314961 1.574803
vn 0.102362 1.133858 0.440945
vn 1.913386 1.133858 1.574803
f 204/853/805 203/854/806 202/855/807
#fvcolorindex 150 149 148 
usemtl m105CullBothEnvMappingTexScaleS0.031250TexScaleT0.031250
vt 0.000000 0.000000 0.0
vt 0.000000 0.000000 0.0
vt 0.000000 0.000000 0.0
v -9.000000 33.176689 365.571442
#joint 33
#vjoint 205
#vcolor 89.000000 187.000000 56.000000 255.000000
vn 0.700787 1.472441 0.440945
vn 0.102362 1.133858 0.440945
vn 0.543307 1.314961 1.574803
f 205/856/808 203/857/809 204/858/810
#fvcolorindex 151 149 150 
usemtl m106CullBothEnvMappingTexScaleS0.031250TexScaleT0.031250
vt 0.000000 0.000000 0.0
vt 0.000000 0.000000 0.0
vt 0.000000 0.000000 0.0
v -3.000000 46.176689 195.571442
#joint 33
#vjoint 206
#vcolor 112.000000 243.000000 200.000000 255.000000
vn 0.881890 1.913386 1.574803
vn 0.700787 1.472441 0.440945
vn 0.543307 1.314961 1.574803
f 206/859/811 205/860/812 204/861/813
#fvcolorindex 152 151 150 
usemtl m107CullBothEnvMappingTexScaleS0.031250TexScaleT0.031250
vt 0.000000 0.000000 0.0
vt 0.000000 0.000000 0.0
vt 0.000000 0.000000 0.0
v -3.000000 46.176689 365.571442
#joint 33
#vjoint 207
#vcolor 112.000000 13.000000 56.000000 255.000000
vn 0.881890 0.102362 0.440945
vn 0.700787 1.472441 0.440945
vn 0.881890 1.913386 1.574803
f 207/862/814 205/863/815 206/864/816
#fvcolorindex 153 151 152 
usemtl m108CullBothEnvMappingTexScaleS0.031250TexScaleT0.031250
vt 0.000000 0.000000 0.0
vt 0.000000 0.000000 0.0
vt 0.000000 0.000000 0.0
v -9.000000 59.176689 195.571442
#joint 33
#vjoint 208
#vcolor 89.000000 69.000000 200.000000 255.000000
vn 0.700787 0.543307 1.574803
vn 0.881890 0.102362 0.440945
vn 0.881890 1.913386 1.574803
f 208/865/817 207/866/818 206/867/819
#fvcolorindex 154 153 152 
usemtl m109CullBothEnvMappingTexScaleS0.031250TexScaleT0.031250
vt 0.000000 0.000000 0.0
vt 0.000000 0.000000 0.0
vt 0.000000 0.000000 0.0
v -9.000000 59.176689 365.571442
#joint 33
#vjoint 209
#vcolor 69.000000 89.000000 56.000000 255.000000
vn 0.543307 0.700787 0.440945
vn 0.881890 0.102362 0.440945
vn 0.700787 0.543307 1.574803
f 209/868/820 207/869/821 208/870/822
#fvcolorindex 155 153 154 
usemtl m110CullBothEnvMappingTexScaleS0.031250TexScaleT0.031250
vt 0.000000 0.000000 0.0
vt 0.000000 0.000000 0.0
vt 0.000000 0.000000 0.0
vn 0.102362 0.881890 1.574803
vn 0.543307 0.700787 0.440945
vn 0.700787 0.543307 1.574803
f 196/871/823 209/872/824 208/873/825
#fvcolorindex 142 155 154 
usemtl m111CullBothEnvMappingTexScaleS0.031250TexScaleT0.031250
vt 0.000000 0.000000 0.0
vt 0.000000 0.000000 0.0
vt 0.000000 0.000000 0.0
vn 1.913386 0.881890 0.440945
vn 0.543307 0.700787 0.440945
vn 0.102362 0.881890 1.574803
f 195/874/826 209/875/827 196/876/828
#fvcolorindex 141 155 142 
usemtl m112CullBothEnvMappingTexScaleS0.031250TexScaleT0.031250
vt 0.000000 0.000000 0.0
vt 0.000000 0.000000 0.0
vt 0.000000 0.000000 0.0
#vcolor 249.000000 7.000000 130.000000 255.000000
#vcolor 0.000000 10.000000 130.000000 255.000000
v -22.000000 46.176689 195.571442
#joint 33
#vjoint 210
#vcolor 0.000000 0.000000 129.000000 255.000000
vn 1.960630 0.055118 1.023622
vn 0.000000 0.078740 1.023622
vn 0.000000 0.000000 1.015748
f 194/877/829 196/878/830 210/879/831
#fvcolorindex 156 157 158 
usemtl m113CullBothEnvMappingTexScaleS0.031250TexScaleT0.031250
vt 0.000000 0.000000 0.0
vt 0.000000 0.000000 0.0
vt 0.000000 0.000000 0.0
#vcolor 246.000000 0.000000 130.000000 255.000000
vn 1.937008 0.000000 1.023622
vn 1.960630 0.055118 1.023622
vn 0.000000 0.000000 1.015748
f 198/880/832 194/881/833 210/882/834
#fvcolorindex 159 156 158 
usemtl m114CullBothEnvMappingTexScaleS0.031250TexScaleT0.031250
vt 0.000000 0.000000 0.0
vt 0.000000 0.000000 0.0
vt 0.000000 0.000000 0.0
#vcolor 249.000000 249.000000 130.000000 255.000000
vn 1.960630 1.960630 1.023622
vn 1.937008 0.000000 1.023622
vn 0.000000 0.000000 1.015748
f 200/883/835 198/884/836 210/885/837
#fvcolorindex 160 159 158 
usemtl m115CullBothEnvMappingTexScaleS0.031250TexScaleT0.031250
vt 0.000000 0.000000 0.0
vt 0.000000 0.000000 0.0
vt 0.000000 0.000000 0.0
#vcolor 0.000000 246.000000 130.000000 255.000000
vn 0.000000 1.937008 1.023622
vn 1.960630 1.960630 1.023622
vn 0.000000 0.000000 1.015748
f 202/886/838 200/887/839 210/888/840
#fvcolorindex 161 160 158 
usemtl m116CullBothEnvMappingTexScaleS0.031250TexScaleT0.031250
vt 0.000000 0.000000 0.0
vt 0.000000 0.000000 0.0
vt 0.000000 0.000000 0.0
#vcolor 7.000000 249.000000 130.000000 255.000000
vn 0.055118 1.960630 1.023622
vn 0.000000 1.937008 1.023622
vn 0.000000 0.000000 1.015748
f 204/889/841 202/890/842 210/891/843
#fvcolorindex 162 161 158 
usemtl m117CullBothEnvMappingTexScaleS0.031250TexScaleT0.031250
vt 0.000000 0.000000 0.0
vt 0.000000 0.000000 0.0
vt 0.000000 0.000000 0.0
#vcolor 10.000000 0.000000 130.000000 255.000000
vn 0.078740 0.000000 1.023622
vn 0.055118 1.960630 1.023622
vn 0.000000 0.000000 1.015748
f 206/892/844 204/893/845 210/894/846
#fvcolorindex 163 162 158 
usemtl m118CullBothEnvMappingTexScaleS0.031250TexScaleT0.031250
vt 0.000000 0.000000 0.0
vt 0.000000 0.000000 0.0
vt 0.000000 0.000000 0.0
#vcolor 7.000000 7.000000 130.000000 255.000000
vn 0.055118 0.055118 1.023622
vn 0.078740 0.000000 1.023622
vn 0.000000 0.000000 1.015748
f 208/895/847 206/896/848 210/897/849
#fvcolorindex 164 163 158 
usemtl m119CullBothEnvMappingTexScaleS0.031250TexScaleT0.031250
vt 0.000000 0.000000 0.0
vt 0.000000 0.000000 0.0
vt 0.000000 0.000000 0.0
vn 0.000000 0.078740 1.023622
vn 0.055118 0.055118 1.023622
vn 0.000000 0.000000 1.015748
f 196/898/850 208/899/851 210/900/852
#fvcolorindex 157 164 158 
g Room08
g Room08_primary
usemtl m69CullBothEnvMappingTexScaleS0.031250TexScaleT0.031250
vt 0.000000 0.000000 0.0
vt 0.000000 0.000000 0.0
vt 0.000000 0.000000 0.0
v -33.000000 21.176691 192.571442
#joint 33
#vjoint 211
#vcolor 0.000000 0.000000 127.000000 255.000000
v -30.000000 15.176691 192.571442
#joint 33
#vjoint 212
v -14.000000 15.176691 192.571442
#joint 33
#vjoint 213
vn 0.000000 0.000000 1.000000
vn 0.000000 0.000000 1.000000
vn 0.000000 0.000000 1.000000
f 211/901/853 212/902/854 213/903/855
#fvcolorindex 165 165 165 
vt 0.000000 0.000000 0.0
vt 0.000000 0.000000 0.0
vt 0.000000 0.000000 0.0
v -11.000000 21.176691 192.571442
#joint 33
#vjoint 214
vn 0.000000 0.000000 1.000000
vn 0.000000 0.000000 1.000000
vn 0.000000 0.000000 1.000000
f 211/904/856 213/905/857 214/906/858
#fvcolorindex 165 165 165 
vt 0.000000 0.000000 0.0
vt 0.000000 0.000000 0.0
vt 0.000000 0.000000 0.0
v -11.000000 26.176691 192.571442
#joint 33
#vjoint 215
v -33.000000 26.176691 192.571442
#joint 33
#vjoint 216
vn 0.000000 0.000000 1.000000
vn 0.000000 0.000000 1.000000
vn 0.000000 0.000000 1.000000
f 215/907/859 216/908/860 211/909/861
#fvcolorindex 165 165 165 
vt 0.000000 0.000000 0.0
vt 0.000000 0.000000 0.0
vt 0.000000 0.000000 0.0
vn 0.000000 0.000000 1.000000
vn 0.000000 0.000000 1.000000
vn 0.000000 0.000000 1.000000
f 215/910/862 211/911/863 214/912/864
#fvcolorindex 165 165 165 
vt 0.000000 0.000000 0.0
vt 0.000000 0.000000 0.0
vt 0.000000 0.000000 0.0
v -22.000000 37.176689 192.571442
#joint 33
#vjoint 217
vn 0.000000 0.000000 1.000000
vn 0.000000 0.000000 1.000000
vn 0.000000 0.000000 1.000000
f 217/913/865 216/914/866 215/915/867
#fvcolorindex 165 165 165 
vt 0.000000 0.000000 0.0
vt 0.000000 0.000000 0.0
vt 0.000000 0.000000 0.0
v -28.000000 39.176689 192.571442
#joint 33
#vjoint 218
vn 0.000000 0.000000 1.000000
vn 0.000000 0.000000 1.000000
vn 0.000000 0.000000 1.000000
f 218/916/868 216/917/869 217/918/870
#fvcolorindex 165 165 165 
vt 0.000000 0.000000 0.0
vt 0.000000 0.000000 0.0
vt 0.000000 0.000000 0.0
v -16.000000 39.176689 192.571442
#joint 33
#vjoint 219
vn 0.000000 0.000000 1.000000
vn 0.000000 0.000000 1.000000
vn 0.000000 0.000000 1.000000
f 217/919/871 215/920/872 219/921/873
#fvcolorindex 165 165 165 
vt 0.000000 0.000000 0.0
vt 0.000000 0.000000 0.0
vt 0.000000 0.000000 0.0
v -36.000000 35.176689 192.571442
#joint 33
#vjoint 220
vn 0.000000 0.000000 1.000000
vn 0.000000 0.000000 1.000000
vn 0.000000 0.000000 1.000000
f 216/922/874 218/923/875 220/924/876
#fvcolorindex 165 165 165 
vt 0.000000 0.000000 0.0
vt 0.000000 0.000000 0.0
vt 0.000000 0.000000 0.0
v -8.000000 35.176689 192.571442
#joint 33
#vjoint 221
vn 0.000000 0.000000 1.000000
vn 0.000000 0.000000 1.000000
vn 0.000000 0.000000 1.000000
f 221/925/877 219/926/878 215/927/879
#fvcolorindex 165 165 165 
vt 0.000000 0.000000 0.0
vt 0.000000 0.000000 0.0
vt 0.000000 0.000000 0.0
v -30.000000 45.176689 192.571442
#joint 33
#vjoint 222
vn 0.000000 0.000000 1.000000
vn 0.000000 0.000000 1.000000
vn 0.000000 0.000000 1.000000
f 220/928/880 218/929/881 222/930/882
#fvcolorindex 165 165 165 
vt 0.000000 0.000000 0.0
vt 0.000000 0.000000 0.0
vt 0.000000 0.000000 0.0
v -14.000000 45.176689 192.571442
#joint 33
#vjoint 223
vn 0.000000 0.000000 1.000000
vn 0.000000 0.000000 1.000000
vn 0.000000 0.000000 1.000000
f 223/931/883 219/932/884 221/933/885
#fvcolorindex 165 165 165 
vt 0.000000 0.000000 0.0
vt 0.000000 0.000000 0.0
vt 0.000000 0.000000 0.0
v -36.000000 51.176689 192.571442
#joint 33
#vjoint 224
vn 0.000000 0.000000 1.000000
vn 0.000000 0.000000 1.000000
vn 0.000000 0.000000 1.000000
f 224/934/886 220/935/887 222/936/888
#fvcolorindex 165 165 165 
vt 0.000000 0.000000 0.0
vt 0.000000 0.000000 0.0
vt 0.000000 0.000000 0.0
v -8.000000 51.176689 192.571442
#joint 33
#vjoint 225
vn 0.000000 0.000000 1.000000
vn 0.000000 0.000000 1.000000
vn 0.000000 0.000000 1.000000
f 223/937/889 221/938/890 225/939/891
#fvcolorindex 165 165 165 
vt 0.000000 0.000000 0.0
vt 0.000000 0.000000 0.0
vt 0.000000 0.000000 0.0
v -12.000000 54.176689 192.571442
#joint 33
#vjoint 226
vn 0.000000 0.000000 1.000000
vn 0.000000 0.000000 1.000000
vn 0.000000 0.000000 1.000000
f 226/940/892 223/941/893 225/942/894
#fvcolorindex 165 165 165 
vt 0.000000 0.000000 0.0
vt 0.000000 0.000000 0.0
vt 0.000000 0.000000 0.0
v -32.000000 54.176689 192.571442
#joint 33
#vjoint 227
vn 0.000000 0.000000 1.000000
vn 0.000000 0.000000 1.000000
vn 0.000000 0.000000 1.000000
f 224/943/895 222/944/896 227/945/897
#fvcolorindex 165 165 165 
vt 0.000000 0.000000 0.0
vt 0.000000 0.000000 0.0
vt 0.000000 0.000000 0.0
v -28.000000 51.176689 192.571442
#joint 33
#vjoint 228
vn 0.000000 0.000000 1.000000
vn 0.000000 0.000000 1.000000
vn 0.000000 0.000000 1.000000
f 227/946/898 222/947/899 228/948/900
#fvcolorindex 165 165 165 
vt 0.000000 0.000000 0.0
vt 0.000000 0.000000 0.0
vt 0.000000 0.000000 0.0
v -16.000000 51.176689 192.571442
#joint 33
#vjoint 229
vn 0.000000 0.000000 1.000000
vn 0.000000 0.000000 1.000000
vn 0.000000 0.000000 1.000000
f 229/949/901 223/950/902 226/951/903
#fvcolorindex 165 165 165 
vt 0.000000 0.000000 0.0
vt 0.000000 0.000000 0.0
vt 0.000000 0.000000 0.0
v -19.000000 56.176689 192.571442
#joint 33
#vjoint 230
vn 0.000000 0.000000 1.000000
vn 0.000000 0.000000 1.000000
vn 0.000000 0.000000 1.000000
f 229/952/904 226/953/905 230/954/906
#fvcolorindex 165 165 165 
vt 0.000000 0.000000 0.0
vt 0.000000 0.000000 0.0
vt 0.000000 0.000000 0.0
v -25.000000 56.176689 192.571442
#joint 33
#vjoint 231
vn 0.000000 0.000000 1.000000
vn 0.000000 0.000000 1.000000
vn 0.000000 0.000000 1.000000
f 231/955/907 227/956/908 228/957/909
#fvcolorindex 165 165 165 
vt 0.000000 0.000000 0.0
vt 0.000000 0.000000 0.0
vt 0.000000 0.000000 0.0
v -22.000000 54.176689 192.571442
#joint 33
#vjoint 232
vn 0.000000 0.000000 1.000000
vn 0.000000 0.000000 1.000000
vn 0.000000 0.000000 1.000000
f 231/958/910 228/959/911 232/960/912
#fvcolorindex 165 165 165 
vt 0.000000 0.000000 0.0
vt 0.000000 0.000000 0.0
vt 0.000000 0.000000 0.0
vn 0.000000 0.000000 1.000000
vn 0.000000 0.000000 1.000000
vn 0.000000 0.000000 1.000000
f 232/961/913 229/962/914 230/963/915
#fvcolorindex 165 165 165 
vt 0.000000 0.000000 0.0
vt 0.000000 0.000000 0.0
vt 0.000000 0.000000 0.0
vn 0.000000 0.000000 1.000000
vn 0.000000 0.000000 1.000000
vn 0.000000 0.000000 1.000000
f 232/964/916 230/965/917 231/966/918
#fvcolorindex 165 165 165 
usemtl m120CullBothEnvMappingTexScaleS0.031250TexScaleT0.031250
vt 0.000000 0.000000 0.0
vt 0.000000 0.000000 0.0
vt 0.000000 0.000000 0.0
v -30.000000 -77.823311 -27.428566
#joint 33
#vjoint 233
#vcolor 135.000000 251.000000 220.000000 255.000000
v -30.000000 -86.823311 19.571434
#joint 33
#vjoint 234
#vcolor 142.000000 26.000000 48.000000 255.000000
v -30.000000 -83.823311 16.571434
#joint 33
#vjoint 235
#vcolor 130.000000 252.000000 4.000000 255.000000
vn 1.062992 1.976378 1.732283
vn 1.118110 0.204724 0.377953
vn 1.023622 1.984252 0.031496
f 233/967/919 234/968/920 235/969/921
#fvcolorindex 166 167 168 
usemtl m121CullBothEnvMappingTexScaleS0.031250TexScaleT0.031250
vt 0.000000 0.000000 0.0
vt 0.000000 0.000000 0.0
vt 0.000000 0.000000 0.0
#vcolor 219.000000 138.000000 232.000000 255.000000
v -28.000000 -80.823311 -32.428566
#joint 33
#vjoint 236
#vcolor 164.000000 0.000000 169.000000 255.000000
vn 1.724409 1.086614 1.826772
vn 1.062992 1.976378 1.732283
vn 1.291339 0.000000 1.330709
f 234/970/922 233/971/923 236/972/924
#fvcolorindex 169 166 170 
usemtl m122CullBothEnvMappingTexScaleS0.031250TexScaleT0.031250
vt 0.000000 0.000000 0.0
vt 0.000000 0.000000 0.0
vt 0.000000 0.000000 0.0
v -14.000000 -77.823311 -27.428566
#joint 33
#vjoint 237
#vcolor 116.000000 0.000000 205.000000 255.000000
v -14.000000 -86.823311 19.571434
#joint 33
#vjoint 238
#vcolor 54.000000 142.000000 11.000000 255.000000
v -17.000000 -80.823311 -32.428566
#joint 33
#vjoint 239
#vcolor 56.000000 144.000000 242.000000 255.000000
vn 0.913386 0.000000 1.614173
vn 0.425197 1.118110 0.086614
vn 0.440945 1.133858 1.905512
f 237/973/925 238/974/926 239/975/927
#fvcolorindex 171 172 173 
usemtl m123CullBothEnvMappingTexScaleS0.031250TexScaleT0.031250
vt 0.000000 0.000000 0.0
vt 0.000000 0.000000 0.0
vt 0.000000 0.000000 0.0
v -14.000000 -83.823311 16.571434
#joint 33
#vjoint 240
#vcolor 126.000000 252.000000 4.000000 255.000000
#vcolor 116.000000 46.000000 19.000000 255.000000
vn 0.992126 1.984252 0.031496
vn 0.913386 0.362205 0.149606
vn 0.913386 0.000000 1.614173
f 240/976/928 238/977/929 237/978/930
#fvcolorindex 174 175 171 
usemtl m124CullBothEnvMappingTexScaleS0.031250TexScaleT0.031250
vt 0.000000 0.000000 0.0
vt 0.000000 0.000000 0.0
vt 0.000000 0.000000 0.0
v -17.000000 -88.823311 27.571434
#joint 33
#vjoint 241
#vcolor 0.000000 136.000000 216.000000 255.000000
v -28.000000 -88.823311 27.571434
#joint 33
#vjoint 242
vn 0.000000 1.070866 1.700787
vn 0.000000 1.070866 1.700787
vn 1.724409 1.086614 1.826772
f 241/979/931 242/980/932 234/981/933
#fvcolorindex 176 176 169 
vt 0.000000 0.000000 0.0
vt 0.000000 0.000000 0.0
vt 0.000000 0.000000 0.0
vn 0.000000 1.070866 1.700787
vn 1.724409 1.086614 1.826772
vn 0.425197 1.118110 0.086614
f 241/982/934 234/983/935 238/984/936
#fvcolorindex 176 169 172 
usemtl m125CullBothEnvMappingTexScaleS0.031250TexScaleT0.031250
vt 0.000000 0.000000 0.0
vt 0.000000 0.000000 0.0
vt 0.000000 0.000000 0.0
#vcolor 0.000000 130.000000 243.000000 255.000000
vn 0.425197 1.118110 0.086614
vn 1.724409 1.086614 1.826772
vn 0.000000 1.023622 1.913386
f 238/985/937 234/986/938 236/987/939
#fvcolorindex 172 169 177 
vt 0.000000 0.000000 0.0
vt 0.000000 0.000000 0.0
vt 0.000000 0.000000 0.0
vn 0.425197 1.118110 0.086614
vn 0.000000 1.023622 1.913386
vn 0.440945 1.133858 1.905512
f 238/988/940 236/989/941 239/990/942
#fvcolorindex 172 177 173 
usemtl m126CullBothEnvMappingTexScaleS0.031250TexScaleT0.031250
vt 0.000000 0.000000 0.0
vt 0.000000 0.000000 0.0
vt 0.000000 0.000000 0.0
v -14.000000 -20.823309 38.571434
#joint 33
#vjoint 243
#vcolor 110.000000 198.000000 24.000000 255.000000
v -14.000000 -20.823309 49.571434
#joint 33
#vjoint 244
#vcolor 106.000000 208.000000 49.000000 255.000000
v -22.000000 -25.823309 55.571434
#joint 33
#vjoint 245
#vcolor 92.000000 172.000000 22.000000 255.000000
vn 0.866142 1.559055 0.188976
vn 0.834646 1.637795 0.385827
vn 0.724409 1.354331 0.173228
f 243/991/943 244/992/944 245/993/945
#fvcolorindex 178 179 180 
usemtl m127CullBothEnvMappingTexScaleS0.031250TexScaleT0.031250
vt 0.000000 0.000000 0.0
vt 0.000000 0.000000 0.0
vt 0.000000 0.000000 0.0
v -30.000000 -20.823309 38.571434
#joint 33
#vjoint 246
#vcolor 146.000000 199.000000 24.000000 255.000000
v -22.000000 -25.823309 44.571434
#joint 33
#vjoint 247
#vcolor 224.000000 143.000000 48.000000 255.000000
#vcolor 164.000000 172.000000 22.000000 255.000000
vn 1.149606 1.566929 0.188976
vn 1.763780 1.125984 0.377953
vn 1.291339 1.354331 0.173228
f 246/994/946 247/995/947 245/996/948
#fvcolorindex 181 182 183 
usemtl m128CullBothEnvMappingTexScaleS0.031250TexScaleT0.031250
vt 0.000000 0.000000 0.0
vt 0.000000 0.000000 0.0
vt 0.000000 0.000000 0.0
v -30.000000 -20.823309 49.571434
#joint 33
#vjoint 248
#vcolor 150.000000 208.000000 49.000000 255.000000
vn 1.181102 1.637795 0.385827
vn 1.149606 1.566929 0.188976
vn 1.291339 1.354331 0.173228
f 248/997/949 246/998/950 245/999/951
#fvcolorindex 184 181 183 
usemtl m127CullBothEnvMappingTexScaleS0.031250TexScaleT0.031250
vt 0.000000 0.000000 0.0
vt 0.000000 0.000000 0.0
vt 0.000000 0.000000 0.0
v -22.000000 -86.823311 24.571434
#joint 33
#vjoint 249
#vcolor 10.000000 47.000000 117.000000 255.000000
vn 1.149606 1.566929 0.188976
vn 1.118110 0.204724 0.377953
vn 0.078740 0.370079 0.921260
f 246/1000/952 234/1001/953 249/1002/954
#fvcolorindex 181 167 185 
vt 0.000000 0.000000 0.0
vt 0.000000 0.000000 0.0
vt 0.000000 0.000000 0.0
vn 1.149606 1.566929 0.188976
vn 0.078740 0.370079 0.921260
vn 1.763780 1.125984 0.377953
f 246/1003/955 249/1004/956 247/1005/957
#fvcolorindex 181 185 182 
usemtl m126CullBothEnvMappingTexScaleS0.031250TexScaleT0.031250
vt 0.000000 0.000000 0.0
vt 0.000000 0.000000 0.0
vt 0.000000 0.000000 0.0
#vcolor 68.000000 224.000000 102.000000 255.000000
vn 0.866142 1.559055 0.188976
vn 0.535433 1.763780 0.803150
vn 0.078740 0.370079 0.921260
f 243/1006/958 247/1007/959 249/1008/960
#fvcolorindex 178 186 185 
vt 0.000000 0.000000 0.0
vt 0.000000 0.000000 0.0
vt 0.000000 0.000000 0.0
vn 0.866142 1.559055 0.188976
vn 0.078740 0.370079 0.921260
vn 0.425197 1.118110 0.086614
f 243/1009/961 249/1010/962 238/1011/963
#fvcolorindex 178 185 172 
usemtl m129CullBothEnvMappingTexScaleS0.031250TexScaleT0.031250
vt 0.000000 0.000000 0.0
vt 0.000000 0.000000 0.0
vt 0.000000 0.000000 0.0
#vcolor 16.000000 104.000000 70.000000 255.000000
vn 0.913386 0.362205 0.149606
vn 0.078740 0.370079 0.921260
vn 0.125984 0.818898 0.551181
f 238/1012/964 249/1013/965 241/1014/966
#fvcolorindex 175 185 187 
usemtl m130CullBothEnvMappingTexScaleS0.031250TexScaleT0.031250
vt 0.000000 0.000000 0.0
vt 0.000000 0.000000 0.0
vt 0.000000 0.000000 0.0
#vcolor 240.000000 104.000000 70.000000 255.000000
vn 1.889764 0.818898 0.551181
vn 0.125984 0.818898 0.551181
vn 0.078740 0.370079 0.921260
f 242/1015/967 241/1016/968 249/1017/969
#fvcolorindex 188 187 185 
vt 0.000000 0.000000 0.0
vt 0.000000 0.000000 0.0
vt 0.000000 0.000000 0.0
#vcolor 224.000000 112.000000 48.000000 255.000000
vn 1.889764 0.818898 0.551181
vn 1.763780 0.881890 0.377953
vn 1.118110 0.204724 0.377953
f 242/1018/970 249/1019/971 234/1020/972
#fvcolorindex 188 189 167 
usemtl m126CullBothEnvMappingTexScaleS0.031250TexScaleT0.031250
vt 0.000000 0.000000 0.0
vt 0.000000 0.000000 0.0
vt 0.000000 0.000000 0.0
vn 0.866142 1.559055 0.188976
vn 0.724409 1.354331 0.173228
vn 1.763780 1.125984 0.377953
f 243/1021/973 245/1022/974 247/1023/975
#fvcolorindex 178 180 182 
usemtl m131CullBothEnvMappingTexScaleS0.031250TexScaleT0.031250
vt 0.000000 0.000000 0.0
vt 0.000000 0.000000 0.0
vt 0.000000 0.000000 0.0
v -25.000000 -20.823309 55.571434
#joint 33
#vjoint 250
#vcolor 175.000000 219.000000 90.000000 255.000000
v -19.000000 -20.823309 55.571434
#joint 33
#vjoint 251
#vcolor 81.000000 219.000000 90.000000 255.000000
v -22.000000 1.176691 60.571434
#joint 33
#vjoint 252
#vcolor 232.000000 165.000000 84.000000 255.000000
vn 1.377953 1.724409 0.708661
vn 0.637795 1.724409 0.708661
vn 1.826772 1.299213 0.661417
f 250/1024/976 251/1025/977 252/1026/978
#fvcolorindex 190 191 192 
usemtl m132CullBoth
vt -0.065430 0.705078 0.0
vt -0.051758 0.931641 0.0
vt -0.187500 0.666992 0.0
v -11.000000 21.176691 148.571442
#joint 33
#vjoint 253
#vcolor 254.000000 254.000000 254.000000 255.000000
v -3.000000 18.176691 148.571442
#joint 33
#vjoint 254
v -11.000000 26.176691 148.571442
#joint 33
#vjoint 255
f 253/1027 254/1028 255/1029
#fvcolorindex 193 193 193 
vt -0.065430 0.705078 0.0
vt 0.076172 0.656250 0.0
vt -0.051758 0.931641 0.0
v -14.000000 15.176691 148.571442
#joint 33
#vjoint 256
f 253/1030 256/1031 254/1032
#fvcolorindex 193 193 193 
vt -0.051758 0.931641 0.0
vt 0.397461 0.848633 0.0
vt 0.166992 0.999023 0.0
v -11.000000 0.176691 148.571442
#joint 33
#vjoint 257
v -3.000000 8.176691 148.571442
#joint 33
#vjoint 258
f 254/1033 257/1034 258/1035
#fvcolorindex 193 193 193 
vt -0.051758 0.931641 0.0
vt 0.076172 0.656250 0.0
vt 0.397461 0.848633 0.0
f 254/1036 256/1037 257/1038
#fvcolorindex 193 193 193 
vt 0.076172 0.656250 0.0
vt 1.019531 0.818359 0.0
vt 0.397461 0.848633 0.0
v -19.000000 -25.823309 148.571442
#joint 33
#vjoint 259
f 256/1039 259/1040 257/1041
#fvcolorindex 193 193 193 
vt 0.076172 0.656250 0.0
vt 0.163086 0.275391 0.0
vt 1.097656 0.472656 0.0
v -30.000000 15.176691 148.571442
#joint 33
#vjoint 260
v -33.000000 -25.823309 148.571442
#joint 33
#vjoint 261
f 256/1042 260/1043 261/1044
#fvcolorindex 193 193 193 
vt 0.076172 0.656250 0.0
vt 1.097656 0.472656 0.0
vt 1.019531 0.818359 0.0
f 256/1045 261/1046 259/1047
#fvcolorindex 193 193 193 
vt 0.961914 0.208008 0.0
vt 1.097656 0.472656 0.0
vt 0.167969 -0.037109 0.0
v -41.000000 -17.823309 148.571442
#joint 33
#vjoint 262
v -41.000000 18.176691 148.571442
#joint 33
#vjoint 263
f 262/1048 261/1049 263/1050
#fvcolorindex 193 193 193 
vt 0.163086 0.275391 0.0
vt 0.167969 -0.037109 0.0
vt 1.097656 0.472656 0.0
f 260/1051 263/1052 261/1053
#fvcolorindex 193 193 193 
vt 0.060547 0.151367 0.0
vt 0.167969 -0.037109 0.0
vt 0.163086 0.275391 0.0
v -33.000000 21.176691 148.571442
#joint 33
#vjoint 264
f 264/1054 263/1055 260/1056
#fvcolorindex 193 193 193 
vt -0.061523 0.113281 0.0
vt 0.167969 -0.037109 0.0
vt 0.060547 0.151367 0.0
v -33.000000 26.176691 148.571442
#joint 33
#vjoint 265
f 265/1057 263/1058 264/1059
#fvcolorindex 193 193 193 
usemtl m133CullBoth
vt 0.684570 0.736328 0.0
vt 0.611328 0.563477 0.0
vt 0.835938 0.794922 0.0
v -22.000000 54.176689 195.571442
#joint 33
#vjoint 266
#vcolor 100.000000 100.000000 100.000000 255.000000
v -28.000000 51.176689 195.571442
#joint 33
#vjoint 267
v -16.000000 51.176689 195.571442
#joint 33
#vjoint 268
f 266/1060 267/1061 268/1062
#fvcolorindex 194 194 194 
vt 0.835938 0.794922 0.0
vt 0.611328 0.563477 0.0
vt 0.657227 0.376953 0.0
v -30.000000 45.176689 195.571442
#joint 33
#vjoint 269
f 268/1063 267/1064 269/1065
#fvcolorindex 194 194 194 
vt 0.975586 0.704102 0.0
vt 0.835938 0.794922 0.0
vt 0.657227 0.376953 0.0
v -14.000000 45.176689 195.571442
#joint 33
#vjoint 270
f 270/1066 268/1067 269/1068
#fvcolorindex 194 194 194 
vt 0.975586 0.704102 0.0
vt 0.657227 0.376953 0.0
vt 0.797852 0.287109 0.0
v -28.000000 39.176689 195.571442
#joint 33
#vjoint 271
f 270/1069 269/1070 271/1071
#fvcolorindex 194 194 194 
vt 1.022461 0.518555 0.0
vt 0.975586 0.704102 0.0
vt 0.797852 0.287109 0.0
v -16.000000 39.176689 195.571442
#joint 33
#vjoint 272
f 272/1072 270/1073 271/1074
#fvcolorindex 194 194 194 
vt 1.022461 0.518555 0.0
vt 0.797852 0.287109 0.0
vt 0.948242 0.345703 0.0
v -22.000000 37.176689 195.571442
#joint 33
#vjoint 273
f 272/1075 271/1076 273/1077
#fvcolorindex 194 194 194 
g Room0B
g Room0B_primary
usemtl m134CullBothEnvMappingTexScaleS0.031250TexScaleT0.031250
vt 0.000000 0.000000 0.0
vt 0.000000 0.000000 0.0
vt 0.000000 0.000000 0.0
v -22.000000 28.176691 365.571442
#joint 33
#vjoint 274
#vcolor 0.000000 0.000000 0.000000 255.000000
v -22.000000 38.624428 365.856140
#joint 0
#vjoint 275
v -27.000000 40.624428 365.856140
#joint 0
#vjoint 276
vn 0.000000 0.000000 0.000000
vn 0.000000 0.000000 0.000000
vn 0.000000 0.000000 0.000000
f 274/1078/979 275/1079/980 276/1080/981
#fvcolorindex 195 195 195 
vt 0.000000 0.000000 0.0
vt 0.000000 0.000000 0.0
vt 0.000000 0.000000 0.0
v -35.000000 33.176689 365.571442
#joint 33
#vjoint 277
vn 0.000000 0.000000 0.000000
vn 0.000000 0.000000 0.000000
vn 0.000000 0.000000 0.000000
f 274/1081/982 276/1082/983 277/1083/984
#fvcolorindex 195 195 195 
vt 0.000000 0.000000 0.0
vt 0.000000 0.000000 0.0
vt 0.000000 0.000000 0.0
v -29.000000 45.624428 365.856140
#joint 0
#vjoint 278
vn 0.000000 0.000000 0.000000
vn 0.000000 0.000000 0.000000
vn 0.000000 0.000000 0.000000
f 277/1084/985 276/1085/986 278/1086/987
#fvcolorindex 195 195 195 
vt 0.000000 0.000000 0.0
vt 0.000000 0.000000 0.0
vt 0.000000 0.000000 0.0
v -41.000000 46.176689 365.571442
#joint 33
#vjoint 279
vn 0.000000 0.000000 0.000000
vn 0.000000 0.000000 0.000000
vn 0.000000 0.000000 0.000000
f 277/1087/988 278/1088/989 279/1089/990
#fvcolorindex 195 195 195 
vt 0.000000 0.000000 0.0
vt 0.000000 0.000000 0.0
vt 0.000000 0.000000 0.0
v -27.000000 51.624428 365.856140
#joint 0
#vjoint 280
v -35.000000 59.176689 365.571442
#joint 33
#vjoint 281
vn 0.000000 0.000000 0.000000
vn 0.000000 0.000000 0.000000
vn 0.000000 0.000000 0.000000
f 278/1090/991 280/1091/992 281/1092/993
#fvcolorindex 195 195 195 
vt 0.000000 0.000000 0.0
vt 0.000000 0.000000 0.0
vt 0.000000 0.000000 0.0
vn 0.000000 0.000000 0.000000
vn 0.000000 0.000000 0.000000
vn 0.000000 0.000000 0.000000
f 278/1093/994 281/1094/995 279/1095/996
#fvcolorindex 195 195 195 
vt 0.000000 0.000000 0.0
vt 0.000000 0.000000 0.0
vt 0.000000 0.000000 0.0
v -22.000000 53.624428 365.856140
#joint 0
#vjoint 282
v -22.000000 65.176689 365.571442
#joint 33
#vjoint 283
vn 0.000000 0.000000 0.000000
vn 0.000000 0.000000 0.000000
vn 0.000000 0.000000 0.000000
f 282/1096/997 283/1097/998 281/1098/999
#fvcolorindex 195 195 195 
vt 0.000000 0.000000 0.0
vt 0.000000 0.000000 0.0
vt 0.000000 0.000000 0.0
vn 0.000000 0.000000 0.000000
vn 0.000000 0.000000 0.000000
vn 0.000000 0.000000 0.000000
f 282/1099/1000 281/1100/1001 280/1101/1002
#fvcolorindex 195 195 195 
vt 0.000000 0.000000 0.0
vt 0.000000 0.000000 0.0
vt 0.000000 0.000000 0.0
v -17.000000 51.624428 365.856140
#joint 0
#vjoint 284
v -9.000000 59.176689 365.571442
#joint 33
#vjoint 285
vn 0.000000 0.000000 0.000000
vn 0.000000 0.000000 0.000000
vn 0.000000 0.000000 0.000000
f 284/1102/1003 285/1103/1004 283/1104/1005
#fvcolorindex 195 195 195 
vt 0.000000 0.000000 0.0
vt 0.000000 0.000000 0.0
vt 0.000000 0.000000 0.0
vn 0.000000 0.000000 0.000000
vn 0.000000 0.000000 0.000000
vn 0.000000 0.000000 0.000000
f 284/1105/1006 283/1106/1007 282/1107/1008
#fvcolorindex 195 195 195 
vt 0.000000 0.000000 0.0
vt 0.000000 0.000000 0.0
vt 0.000000 0.000000 0.0
v -15.000000 45.624428 365.856140
#joint 0
#vjoint 286
v -3.000000 46.176689 365.571442
#joint 33
#vjoint 287
vn 0.000000 0.000000 0.000000
vn 0.000000 0.000000 0.000000
vn 0.000000 0.000000 0.000000
f 286/1108/1009 287/1109/1010 285/1110/1011
#fvcolorindex 195 195 195 
vt 0.000000 0.000000 0.0
vt 0.000000 0.000000 0.0
vt 0.000000 0.000000 0.0
vn 0.000000 0.000000 0.000000
vn 0.000000 0.000000 0.000000
vn 0.000000 0.000000 0.000000
f 286/1111/1012 285/1112/1013 284/1113/1014
#fvcolorindex 195 195 195 
vt 0.000000 0.000000 0.0
vt 0.000000 0.000000 0.0
vt 0.000000 0.000000 0.0
v -9.000000 33.176689 365.571442
#joint 33
#vjoint 288
vn 0.000000 0.000000 0.000000
vn 0.000000 0.000000 0.000000
vn 0.000000 0.000000 0.000000
f 288/1114/1015 287/1115/1016 286/1116/1017
#fvcolorindex 195 195 195 
vt 0.000000 0.000000 0.0
vt 0.000000 0.000000 0.0
vt 0.000000 0.000000 0.0
v -17.000000 40.624428 365.856140
#joint 0
#vjoint 289
vn 0.000000 0.000000 0.000000
vn 0.000000 0.000000 0.000000
vn 0.000000 0.000000 0.000000
f 288/1117/1018 286/1118/1019 289/1119/1020
#fvcolorindex 195 195 195 
vt 0.000000 0.000000 0.0
vt 0.000000 0.000000 0.0
vt 0.000000 0.000000 0.0
vn 0.000000 0.000000 0.000000
vn 0.000000 0.000000 0.000000
vn 0.000000 0.000000 0.000000
f 288/1120/1021 289/1121/1022 275/1122/1023
#fvcolorindex 195 195 195 
vt 0.000000 0.000000 0.0
vt 0.000000 0.000000 0.0
vt 0.000000 0.000000 0.0
vn 0.000000 0.000000 0.000000
vn 0.000000 0.000000 0.000000
vn 0.000000 0.000000 0.000000
f 288/1123/1024 275/1124/1025 274/1125/1026
#fvcolorindex 195 195 195 
usemtl m135CullBoth
vt 0.347656 0.558594 0.0
vt 0.606445 0.345703 0.0
vt 0.592773 0.645508 0.0
v -27.000000 51.624428 333.856140
#joint 0
#vjoint 290
v -22.000000 45.624428 333.856140
#joint 0
#vjoint 291
v -22.000000 53.624428 333.856140
#joint 0
#vjoint 292
f 290/1126 291/1127 292/1128
#fvcolorindex 195 195 195 
vt 0.254883 0.347656 0.0
vt 0.606445 0.345703 0.0
vt 0.347656 0.558594 0.0
v -29.000000 45.624428 333.856140
#joint 0
#vjoint 293
f 293/1129 291/1130 290/1131
#fvcolorindex 195 195 195 
vt 0.368164 0.134766 0.0
vt 0.606445 0.345703 0.0
vt 0.254883 0.347656 0.0
v -27.000000 40.624428 333.856140
#joint 0
#vjoint 294
f 294/1132 291/1133 293/1134
#fvcolorindex 195 195 195 
vt 0.621094 0.046875 0.0
vt 0.606445 0.345703 0.0
vt 0.368164 0.134766 0.0
v -22.000000 38.624428 333.856140
#joint 0
#vjoint 295
f 295/1135 291/1136 294/1137
#fvcolorindex 195 195 195 
vt 0.866211 0.132812 0.0
vt 0.606445 0.345703 0.0
vt 0.621094 0.046875 0.0
v -17.000000 40.624428 333.856140
#joint 0
#vjoint 296
f 296/1138 291/1139 295/1140
#fvcolorindex 195 195 195 
vt 0.958984 0.344727 0.0
vt 0.606445 0.345703 0.0
vt 0.866211 0.132812 0.0
v -15.000000 45.624428 333.856140
#joint 0
#vjoint 297
f 297/1141 291/1142 296/1143
#fvcolorindex 195 195 195 
vt 0.845703 0.556641 0.0
vt 0.606445 0.345703 0.0
vt 0.958984 0.344727 0.0
v -17.000000 51.624428 333.856140
#joint 0
#vjoint 298
f 298/1144 291/1145 297/1146
#fvcolorindex 195 195 195 
vt 0.592773 0.645508 0.0
vt 0.606445 0.345703 0.0
vt 0.845703 0.556641 0.0
f 292/1147 291/1148 298/1149
#fvcolorindex 195 195 195 
usemtl m136CullBoth
vt 0.000000 0.000000 0.0
vt 1.000000 0.000000 0.0
vt 1.000000 0.500000 0.0
#vcolor 254.000000 254.000000 254.000000 255.000000
f 275/1150 295/1151 294/1152
#fvcolorindex 196 195 195 
vt 0.000000 0.000000 0.0
vt 1.000000 0.500000 0.0
vt 0.000000 0.500000 0.0
f 275/1153 294/1154 276/1155
#fvcolorindex 196 195 196 
vt 0.000000 0.500000 0.0
vt 1.000000 0.500000 0.0
vt 1.000000 1.000000 0.0
f 276/1156 294/1157 293/1158
#fvcolorindex 196 195 195 
vt 0.000000 0.500000 0.0
vt 1.000000 1.000000 0.0
vt 0.000000 1.000000 0.0
f 276/1159 293/1160 278/1161
#fvcolorindex 196 195 196 
vt 0.000000 0.000000 0.0
vt 1.000000 0.000000 0.0
vt 1.000000 0.175781 0.0
f 278/1162 293/1163 290/1164
#fvcolorindex 196 195 195 
vt 0.000000 0.000000 0.0
vt 1.000000 0.175781 0.0
vt 0.000000 0.175781 0.0
f 278/1165 290/1166 280/1167
#fvcolorindex 196 195 196 
usemtl m137CullBoth
vt 1.000000 0.175781 0.0
vt 1.000000 0.352539 0.0
vt 0.000000 0.352539 0.0
f 290/1168 292/1169 282/1170
#fvcolorindex 195 195 196 
vt 1.000000 0.175781 0.0
vt 0.000000 0.352539 0.0
vt 0.000000 0.175781 0.0
f 290/1171 282/1172 280/1173
#fvcolorindex 195 196 196 
usemtl m136CullBoth
vt 1.000000 0.500000 0.0
vt 1.000000 0.000000 0.0
vt 0.000000 0.000000 0.0
f 284/1174 282/1175 292/1176
#fvcolorindex 196 196 195 
vt 1.000000 0.500000 0.0
vt 0.000000 0.000000 0.0
vt 0.000000 0.500000 0.0
f 284/1177 292/1178 298/1179
#fvcolorindex 196 195 195 
vt 1.000000 1.000000 0.0
vt 1.000000 0.500000 0.0
vt 0.000000 0.500000 0.0
f 286/1180 284/1181 298/1182
#fvcolorindex 196 196 195 
vt 1.000000 1.000000 0.0
vt 0.000000 0.500000 0.0
vt 0.000000 1.000000 0.0
f 286/1183 298/1184 297/1185
#fvcolorindex 196 195 195 
vt 1.000000 0.191406 0.0
vt 1.000000 0.382812 0.0
vt 0.000000 0.382812 0.0
f 289/1186 286/1187 297/1188
#fvcolorindex 196 196 195 
vt 1.000000 0.191406 0.0
vt 0.000000 0.382812 0.0
vt 0.000000 0.191406 0.0
f 289/1189 297/1190 296/1191
#fvcolorindex 196 195 195 
vt 1.000000 0.000000 0.0
vt 1.000000 0.191406 0.0
vt 0.000000 0.191406 0.0
f 275/1192 289/1193 296/1194
#fvcolorindex 196 196 195 
vt 1.000000 0.000000 0.0
vt 0.000000 0.191406 0.0
vt 0.000000 0.000000 0.0
f 275/1195 296/1196 295/1197
#fvcolorindex 196 195 195 
g Room0D
g Room0D_primary
usemtl m138CullBothEnvMappingTexScaleS0.031250TexScaleT0.031250
vt 0.000000 0.000000 0.0
vt 0.000000 0.000000 0.0
vt 0.000000 0.000000 0.0
v -16.382334 30.955902 54.500732
#joint 41
#vjoint 299
#vcolor 100.000000 61.000000 46.000000 255.000000
v -16.382334 8.955902 39.500732
#joint 41
#vjoint 300
#vcolor 115.000000 41.000000 32.000000 255.000000
v -16.382334 11.955902 16.500732
#joint 41
#vjoint 301
#vcolor 118.000000 46.000000 0.000000 255.000000
vn 0.787402 0.480315 0.362205
vn 0.905512 0.322835 0.251969
vn 0.929134 0.362205 0.000000
f 299/1198/1027 300/1199/1028 301/1200/1029
#fvcolorindex 197 198 199 
vt 0.000000 0.000000 0.0
vt 0.000000 0.000000 0.0
vt 0.000000 0.000000 0.0
v -16.382334 34.955902 17.500732
#joint 41
#vjoint 302
#vcolor 105.000000 70.000000 1.000000 255.000000
vn 0.787402 0.480315 0.362205
vn 0.929134 0.362205 0.000000
vn 0.826772 0.551181 0.007874
f 299/1201/1030 301/1202/1031 302/1203/1032
#fvcolorindex 197 199 200 
usemtl m139CullBothEnvMappingTexScaleS0.031250TexScaleT0.031250
vt 0.000000 0.000000 0.0
vt 0.000000 0.000000 0.0
vt 0.000000 0.000000 0.0
v -16.382334 -80.044098 11.500732
#joint 41
#vjoint 303
#vcolor 102.000000 182.000000 251.000000 255.000000
v -16.382334 -52.044098 15.500732
#joint 41
#vjoint 304
#vcolor 121.000000 221.000000 2.000000 255.000000
vn 0.803150 1.433071 1.976378
vn 0.952756 1.740157 0.015748
vn 0.905512 0.322835 0.251969
f 303/1204/1033 304/1205/1034 300/1206/1035
#fvcolorindex 201 202 198 
vt 0.000000 0.000000 0.0
vt 0.000000 0.000000 0.0
vt 0.000000 0.000000 0.0
vn 0.803150 1.433071 1.976378
vn 0.905512 0.322835 0.251969
vn 0.787402 0.480315 0.362205
f 303/1207/1036 300/1208/1037 299/1209/1038
#fvcolorindex 201 198 197 
usemtl m140CullBothEnvMappingTexScaleS0.031250TexScaleT0.031250
vt 0.000000 0.000000 0.0
vt 0.000000 0.000000 0.0
vt 0.000000 0.000000 0.0
v -16.382334 -53.044098 -7.499268
#joint 41
#vjoint 305
#vcolor 118.000000 221.000000 227.000000 255.000000
v -16.382334 -79.044098 -24.499268
#joint 41
#vjoint 306
#vcolor 96.000000 188.000000 210.000000 255.000000
vn 0.929134 1.740157 1.787402
vn 0.755906 1.480315 1.653543
vn 0.826772 0.551181 0.007874
f 305/1210/1039 306/1211/1040 302/1212/1041
#fvcolorindex 203 204 200 
vt 0.000000 0.000000 0.0
vt 0.000000 0.000000 0.0
vt 0.000000 0.000000 0.0
vn 0.929134 1.740157 1.787402
vn 0.826772 0.551181 0.007874
vn 0.929134 0.362205 0.000000
f 305/1213/1042 302/1214/1043 301/1215/1044
#fvcolorindex 203 200 199 
usemtl m139CullBothEnvMappingTexScaleS0.031250TexScaleT0.031250
vt 0.000000 0.000000 0.0
vt 0.000000 0.000000 0.0
vt 0.000000 0.000000 0.0
vn 0.803150 1.433071 1.976378
vn 0.755906 1.480315 1.653543
vn 0.929134 1.740157 1.787402
f 303/1216/1045 306/1217/1046 305/1218/1047
#fvcolorindex 201 204 203 
vt 0.000000 0.000000 0.0
vt 0.000000 0.000000 0.0
vt 0.000000 0.000000 0.0
vn 0.803150 1.433071 1.976378
vn 0.929134 1.740157 1.787402
vn 0.952756 1.740157 0.015748
f 303/1219/1048 305/1220/1049 304/1221/1050
#fvcolorindex 201 203 202 
usemtl m141CullBothEnvMappingTexScaleS0.031250TexScaleT0.031250
vt 0.000000 0.000000 0.0
vt 0.000000 0.000000 0.0
vt 0.000000 0.000000 0.0
v -27.382334 -80.044098 11.500732
#joint 41
#vjoint 307
#vcolor 154.000000 182.000000 251.000000 255.000000
v -27.382334 -52.044098 15.500732
#joint 41
#vjoint 308
#vcolor 135.000000 221.000000 2.000000 255.000000
v -27.382334 -53.044098 -7.499268
#joint 41
#vjoint 309
#vcolor 138.000000 221.000000 227.000000 255.000000
vn 1.212598 1.433071 1.976378
vn 1.062992 1.740157 0.015748
vn 1.086614 1.740157 1.787402
f 307/1222/1051 308/1223/1052 309/1224/1053
#fvcolorindex 205 206 207 
vt 0.000000 0.000000 0.0
vt 0.000000 0.000000 0.0
vt 0.000000 0.000000 0.0
v -27.382334 -79.044098 -24.499268
#joint 41
#vjoint 310
#vcolor 160.000000 188.000000 210.000000 255.000000
vn 1.212598 1.433071 1.976378
vn 1.086614 1.740157 1.787402
vn 1.259843 1.480315 1.653543
f 307/1225/1054 309/1226/1055 310/1227/1056
#fvcolorindex 205 207 208 
usemtl m142CullBothEnvMappingTexScaleS0.031250TexScaleT0.031250
vt 0.000000 0.000000 0.0
vt 0.000000 0.000000 0.0
vt 0.000000 0.000000 0.0
v -27.382334 11.955902 16.500732
#joint 41
#vjoint 311
#vcolor 138.000000 46.000000 0.000000 255.000000
vn 1.259843 1.480315 1.653543
vn 1.086614 1.740157 1.787402
vn 1.086614 0.362205 0.000000
f 310/1228/1057 309/1229/1058 311/1230/1059
#fvcolorindex 208 207 209 
vt 0.000000 0.000000 0.0
vt 0.000000 0.000000 0.0
vt 0.000000 0.000000 0.0
v -27.382334 34.955902 17.500732
#joint 41
#vjoint 312
#vcolor 151.000000 70.000000 1.000000 255.000000
vn 1.259843 1.480315 1.653543
vn 1.086614 0.362205 0.000000
vn 1.188976 0.551181 0.007874
f 310/1231/1060 311/1232/1061 312/1233/1062
#fvcolorindex 208 209 210 
usemtl m143CullBothEnvMappingTexScaleS0.031250TexScaleT0.031250
vt 0.000000 0.000000 0.0
vt 0.000000 0.000000 0.0
vt 0.000000 0.000000 0.0
v -27.382334 30.955902 54.500732
#joint 41
#vjoint 313
#vcolor 156.000000 61.000000 46.000000 255.000000
vn 1.062992 1.740157 0.015748
vn 1.212598 1.433071 1.976378
vn 1.228346 0.480315 0.362205
f 308/1234/1063 307/1235/1064 313/1236/1065
#fvcolorindex 206 205 211 
vt 0.000000 0.000000 0.0
vt 0.000000 0.000000 0.0
vt 0.000000 0.000000 0.0
v -27.382334 8.955902 39.500732
#joint 41
#vjoint 314
#vcolor 141.000000 41.000000 32.000000 255.000000
vn 1.062992 1.740157 0.015748
vn 1.228346 0.480315 0.362205
vn 1.110236 0.322835 0.251969
f 308/1237/1066 313/1238/1067 314/1239/1068
#fvcolorindex 206 211 212 
usemtl m144CullBothEnvMappingTexScaleS0.031250TexScaleT0.031250
vt 0.000000 0.000000 0.0
vt 0.000000 0.000000 0.0
vt 0.000000 0.000000 0.0
vn 1.188976 0.551181 0.007874
vn 1.086614 0.362205 0.000000
vn 1.110236 0.322835 0.251969
f 312/1240/1069 311/1241/1070 314/1242/1071
#fvcolorindex 210 209 212 
vt 0.000000 0.000000 0.0
vt 0.000000 0.000000 0.0
vt 0.000000 0.000000 0.0
vn 1.188976 0.551181 0.007874
vn 1.110236 0.322835 0.251969
vn 1.228346 0.480315 0.362205
f 312/1243/1072 314/1244/1073 313/1245/1074
#fvcolorindex 210 212 211 
usemtl m145CullBothEnvMappingTexScaleS0.031250TexScaleT0.031250
vt 0.000000 0.000000 0.0
vt 0.000000 0.000000 0.0
vt 0.000000 0.000000 0.0
#vcolor 249.000000 139.000000 208.000000 255.000000
#vcolor 7.000000 139.000000 208.000000 255.000000
#vcolor 8.000000 132.000000 25.000000 255.000000
vn 1.960630 1.094488 1.637795
vn 0.055118 1.094488 1.637795
vn 0.062992 1.039370 0.196850
f 310/1246/1075 306/1247/1076 303/1248/1077
#fvcolorindex 213 214 215 
vt 0.000000 0.000000 0.0
vt 0.000000 0.000000 0.0
vt 0.000000 0.000000 0.0
#vcolor 248.000000 132.000000 25.000000 255.000000
vn 1.960630 1.094488 1.637795
vn 0.062992 1.039370 0.196850
vn 1.952756 1.039370 0.196850
f 310/1249/1078 303/1250/1079 307/1251/1080
#fvcolorindex 213 215 216 
usemtl m146CullBothEnvMappingTexScaleS0.031250TexScaleT0.031250
vt 0.000000 0.000000 0.0
vt 0.000000 0.000000 0.0
vt 0.000000 0.000000 0.0
#vcolor 249.000000 114.000000 54.000000 255.000000
#vcolor 7.000000 114.000000 54.000000 255.000000
#vcolor 7.000000 124.000000 232.000000 255.000000
vn 1.960630 0.897638 0.425197
vn 0.055118 0.897638 0.425197
vn 0.055118 0.976378 1.826772
f 313/1252/1081 299/1253/1082 302/1254/1083
#fvcolorindex 217 218 219 
vt 0.000000 0.000000 0.0
vt 0.000000 0.000000 0.0
vt 0.000000 0.000000 0.0
#vcolor 249.000000 124.000000 232.000000 255.000000
vn 1.960630 0.897638 0.425197
vn 0.055118 0.976378 1.826772
vn 1.960630 0.976378 1.826772
f 313/1255/1084 302/1256/1085 312/1257/1086
#fvcolorindex 217 219 220 
usemtl m147CullBothEnvMappingTexScaleS0.031250TexScaleT0.031250
vt 0.000000 0.000000 0.0
vt 0.000000 0.000000 0.0
vt 0.000000 0.000000 0.0
#vcolor 250.000000 122.000000 225.000000 255.000000
#vcolor 6.000000 122.000000 225.000000 255.000000
#vcolor 7.000000 210.000000 138.000000 255.000000
vn 1.968504 0.960630 1.771654
vn 0.047244 0.960630 1.771654
vn 0.055118 1.653543 1.086614
f 312/1258/1087 302/1259/1088 306/1260/1089
#fvcolorindex 221 222 223 
vt 0.000000 0.000000 0.0
vt 0.000000 0.000000 0.0
vt 0.000000 0.000000 0.0
#vcolor 249.000000 210.000000 138.000000 255.000000
vn 1.968504 0.960630 1.771654
vn 0.055118 1.653543 1.086614
vn 1.960630 1.653543 1.086614
f 312/1261/1090 306/1262/1091 310/1263/1092
#fvcolorindex 221 223 224 
usemtl m148CullBothEnvMappingTexScaleS0.031250TexScaleT0.031250
vt 0.000000 0.000000 0.0
vt 0.000000 0.000000 0.0
vt 0.000000 0.000000 0.0
#vcolor 250.000000 134.000000 33.000000 255.000000
#vcolor 6.000000 134.000000 33.000000 255.000000
#vcolor 7.000000 42.000000 119.000000 255.000000
vn 1.968504 1.055118 0.259843
vn 0.047244 1.055118 0.259843
vn 0.055118 0.330709 0.937008
f 307/1264/1093 303/1265/1094 299/1266/1095
#fvcolorindex 225 226 227 
vt 0.000000 0.000000 0.0
vt 0.000000 0.000000 0.0
vt 0.000000 0.000000 0.0
#vcolor 249.000000 42.000000 119.000000 255.000000
vn 1.968504 1.055118 0.259843
vn 0.055118 0.330709 0.937008
vn 1.960630 0.330709 0.937008
f 307/1267/1096 299/1268/1097 313/1269/1098
#fvcolorindex 225 227 228 
usemtl m149CullBothClampSClampT
vt 0.000000 0.000000 0.0
vt 1.000000 0.000000 0.0
vt 1.000000 0.250000 0.0
#vcolor 67.000000 67.000000 67.000000 255.000000
f 301/1270 300/1271 304/1272
#fvcolorindex 229 229 229 
vt 0.000000 0.000000 0.0
vt 1.000000 0.250000 0.0
vt 0.081055 0.263021 0.0
f 301/1273 304/1274 305/1275
#fvcolorindex 229 229 229 
usemtl m150CullBothClampSClampT
vt 1.000000 0.000000 0.0
vt 0.000000 0.000000 0.0
vt 0.081055 0.263021 0.0
#vcolor 111.000000 111.000000 111.000000 255.000000
f 314/1276 311/1277 309/1278
#fvcolorindex 230 230 230 
vt 1.000000 0.000000 0.0
vt 0.081055 0.263021 0.0
vt 1.000000 0.250000 0.0
f 314/1279 309/1280 308/1281
#fvcolorindex 230 230 230 
g Room0F
g Room0F_primary
usemtl m151CullBothEnvMappingTexScaleS0.031250TexScaleT0.031250
vt 0.000000 0.000000 0.0
vt 0.000000 0.000000 0.0
vt 0.000000 0.000000 0.0
v 336.986603 -473.602112 -248.977142
#joint 40
#vjoint 315
#vcolor 11.000000 120.000000 38.000000 255.000000
v 324.986603 -492.602112 -236.977142
#joint 40
#vjoint 316
#vcolor 252.000000 111.000000 61.000000 255.000000
v 335.986603 -505.602112 -221.977142
#joint 40
#vjoint 317
#vcolor 12.000000 94.000000 83.000000 255.000000
vn 0.086614 0.944882 0.299213
vn 1.984252 0.874016 0.480315
vn 0.094488 0.740157 0.653543
f 315/1282/1099 316/1283/1100 317/1284/1101
#fvcolorindex 231 232 233 
vt 0.000000 0.000000 0.0
vt 0.000000 0.000000 0.0
vt 0.000000 0.000000 0.0
v 355.986603 -494.602112 -224.977142
#joint 40
#vjoint 318
#vcolor 36.000000 98.000000 70.000000 255.000000
vn 0.086614 0.944882 0.299213
vn 0.094488 0.740157 0.653543
vn 0.283465 0.771654 0.551181
f 315/1285/1102 317/1286/1103 318/1287/1104
#fvcolorindex 231 233 234 
usemtl m152CullBothEnvMappingTexScaleS0.031250TexScaleT0.031250
vt 0.000000 0.000000 0.0
vt 0.000000 0.000000 0.0
vt 0.000000 0.000000 0.0
v 256.986603 -551.602112 -208.977142
#joint 40
#vjoint 319
#vcolor 169.000000 25.000000 88.000000 255.000000
v 277.986603 -538.602112 -212.977142
#joint 40
#vjoint 320
#vcolor 195.000000 60.000000 93.000000 255.000000
vn 1.330709 0.196850 0.692913
vn 1.535433 0.472441 0.732283
vn 1.984252 0.874016 0.480315
f 319/1288/1105 320/1289/1106 316/1290/1107
#fvcolorindex 235 236 232 
vt 0.000000 0.000000 0.0
vt 0.000000 0.000000 0.0
vt 0.000000 0.000000 0.0
vn 1.330709 0.196850 0.692913
vn 1.984252 0.874016 0.480315
vn 0.086614 0.944882 0.299213
f 319/1291/1108 316/1292/1109 315/1293/1110
#fvcolorindex 235 232 231 
usemtl m153CullBothEnvMappingTexScaleS0.031250TexScaleT0.031250
vt 0.000000 0.000000 0.0
vt 0.000000 0.000000 0.0
vt 0.000000 0.000000 0.0
v 286.986603 -553.602112 -198.977142
#joint 40
#vjoint 321
#vcolor 209.000000 37.000000 111.000000 255.000000
v 272.986603 -574.602112 -185.977142
#joint 40
#vjoint 322
#vcolor 193.000000 254.000000 109.000000 255.000000
vn 1.645669 0.291339 0.874016
vn 1.519685 2.000000 0.858268
vn 0.283465 0.771654 0.551181
f 321/1294/1111 322/1295/1112 318/1296/1113
#fvcolorindex 237 238 234 
vt 0.000000 0.000000 0.0
vt 0.000000 0.000000 0.0
vt 0.000000 0.000000 0.0
vn 1.645669 0.291339 0.874016
vn 0.283465 0.771654 0.551181
vn 0.094488 0.740157 0.653543
f 321/1297/1114 318/1298/1115 317/1299/1116
#fvcolorindex 237 234 233 
usemtl m152CullBothEnvMappingTexScaleS0.031250TexScaleT0.031250
vt 0.000000 0.000000 0.0
vt 0.000000 0.000000 0.0
vt 0.000000 0.000000 0.0
vn 1.330709 0.196850 0.692913
vn 1.519685 2.000000 0.858268
vn 1.645669 0.291339 0.874016
f 319/1300/1117 322/1301/1118 321/1302/1119
#fvcolorindex 235 238 237 
vt 0.000000 0.000000 0.0
vt 0.000000 0.000000 0.0
vt 0.000000 0.000000 0.0
vn 1.330709 0.196850 0.692913
vn 1.645669 0.291339 0.874016
vn 1.535433 0.472441 0.732283
f 319/1303/1120 321/1304/1121 320/1305/1122
#fvcolorindex 235 237 236 
usemtl m154CullBothEnvMappingTexScaleS0.031250TexScaleT0.031250
vt 0.000000 0.000000 0.0
vt 0.000000 0.000000 0.0
vt 0.000000 0.000000 0.0
v 259.986603 -559.602112 -217.977142
#joint 40
#vjoint 323
#vcolor 218.000000 155.000000 191.000000 255.000000
v 280.986603 -545.602112 -221.977142
#joint 40
#vjoint 324
#vcolor 253.000000 167.000000 167.000000 255.000000
v 289.986603 -560.602112 -206.977142
#joint 40
#vjoint 325
#vcolor 8.000000 148.000000 191.000000 255.000000
vn 1.716535 1.220472 1.503937
vn 1.992126 1.314961 1.314961
vn 0.062992 1.165354 1.503937
f 323/1306/1123 324/1307/1124 325/1308/1125
#fvcolorindex 239 240 241 
vt 0.000000 0.000000 0.0
vt 0.000000 0.000000 0.0
vt 0.000000 0.000000 0.0
v 274.986603 -581.602112 -194.977142
#joint 40
#vjoint 326
#vcolor 238.000000 136.000000 222.000000 255.000000
vn 1.716535 1.220472 1.503937
vn 0.062992 1.165354 1.503937
vn 1.874016 1.070866 1.748031
f 323/1309/1126 325/1310/1127 326/1311/1128
#fvcolorindex 239 241 242 
usemtl m155CullBothEnvMappingTexScaleS0.031250TexScaleT0.031250
vt 0.000000 0.000000 0.0
vt 0.000000 0.000000 0.0
vt 0.000000 0.000000 0.0
v 338.986603 -513.602112 -230.977142
#joint 40
#vjoint 327
#vcolor 68.000000 205.000000 162.000000 255.000000
vn 1.874016 1.070866 1.748031
vn 0.062992 1.165354 1.503937
vn 0.535433 1.614173 1.275591
f 326/1312/1129 325/1313/1130 327/1314/1131
#fvcolorindex 242 241 243 
vt 0.000000 0.000000 0.0
vt 0.000000 0.000000 0.0
vt 0.000000 0.000000 0.0
v 358.986603 -502.602112 -233.977142
#joint 40
#vjoint 328
#vcolor 86.000000 225.000000 169.000000 255.000000
vn 1.874016 1.070866 1.748031
vn 0.535433 1.614173 1.275591
vn 0.677165 1.771654 1.330709
f 326/1315/1132 327/1316/1133 328/1317/1134
#fvcolorindex 242 243 244 
usemtl m156CullBothEnvMappingTexScaleS0.031250TexScaleT0.031250
vt 0.000000 0.000000 0.0
vt 0.000000 0.000000 0.0
vt 0.000000 0.000000 0.0
v 339.986603 -480.602112 -257.977142
#joint 40
#vjoint 329
#vcolor 59.000000 253.000000 144.000000 255.000000
vn 1.992126 1.314961 1.314961
vn 1.716535 1.220472 1.503937
vn 0.464567 1.992126 1.133858
f 324/1318/1135 323/1319/1136 329/1320/1137
#fvcolorindex 240 239 245 
vt 0.000000 0.000000 0.0
vt 0.000000 0.000000 0.0
vt 0.000000 0.000000 0.0
v 326.986603 -499.602112 -245.977142
#joint 40
#vjoint 330
#vcolor 50.000000 225.000000 144.000000 255.000000
vn 1.992126 1.314961 1.314961
vn 0.464567 1.992126 1.133858
vn 0.393701 1.771654 1.133858
f 324/1321/1138 329/1322/1139 330/1323/1140
#fvcolorindex 240 245 246 
usemtl m157CullBothEnvMappingTexScaleS0.031250TexScaleT0.031250
vt 0.000000 0.000000 0.0
vt 0.000000 0.000000 0.0
vt 0.000000 0.000000 0.0
vn 0.677165 1.771654 1.330709
vn 0.535433 1.614173 1.275591
vn 0.393701 1.771654 1.133858
f 328/1324/1141 327/1325/1142 330/1326/1143
#fvcolorindex 244 243 246 
vt 0.000000 0.000000 0.0
vt 0.000000 0.000000 0.0
vt 0.000000 0.000000 0.0
vn 0.677165 1.771654 1.330709
vn 0.393701 1.771654 1.133858
vn 0.464567 1.992126 1.133858
f 328/1327/1144 330/1328/1145 329/1329/1146
#fvcolorindex 244 246 245 
usemtl m158CullBothEnvMappingTexScaleS0.031250TexScaleT0.031250
vt 0.000000 0.000000 0.0
vt 0.000000 0.000000 0.0
vt 0.000000 0.000000 0.0
#vcolor 175.000000 167.000000 38.000000 255.000000
#vcolor 172.000000 176.000000 49.000000 255.000000
#vcolor 135.000000 220.000000 2.000000 255.000000
vn 1.377953 1.314961 0.299213
vn 1.354331 1.385827 0.385827
vn 1.062992 1.732283 0.015748
f 326/1330/1147 322/1331/1148 319/1332/1149
#fvcolorindex 247 248 249 
vt 0.000000 0.000000 0.0
vt 0.000000 0.000000 0.0
vt 0.000000 0.000000 0.0
#vcolor 139.000000 210.000000 246.000000 255.000000
vn 1.377953 1.314961 0.299213
vn 1.062992 1.732283 0.015748
vn 1.094488 1.653543 1.937008
f 326/1333/1150 319/1334/1151 323/1335/1152
#fvcolorindex 247 249 250 
usemtl m159CullBothEnvMappingTexScaleS0.031250TexScaleT0.031250
vt 0.000000 0.000000 0.0
vt 0.000000 0.000000 0.0
vt 0.000000 0.000000 0.0
#vcolor 80.000000 83.000000 204.000000 255.000000
#vcolor 76.000000 92.000000 215.000000 255.000000
#vcolor 117.000000 46.000000 9.000000 255.000000
vn 0.629921 0.653543 1.606299
vn 0.598425 0.724409 1.692913
vn 0.921260 0.362205 0.070866
f 329/1336/1153 315/1337/1154 318/1338/1155
#fvcolorindex 251 252 253 
vt 0.000000 0.000000 0.0
vt 0.000000 0.000000 0.0
vt 0.000000 0.000000 0.0
#vcolor 121.000000 37.000000 254.000000 255.000000
vn 0.629921 0.653543 1.606299
vn 0.921260 0.362205 0.070866
vn 0.952756 0.291339 2.000000
f 329/1339/1156 318/1340/1157 328/1341/1158
#fvcolorindex 251 253 254 
usemtl m160CullBothEnvMappingTexScaleS0.031250TexScaleT0.031250
vt 0.000000 0.000000 0.0
vt 0.000000 0.000000 0.0
vt 0.000000 0.000000 0.0
#vcolor 122.000000 32.000000 2.000000 255.000000
#vcolor 119.000000 40.000000 12.000000 255.000000
#vcolor 6.000000 165.000000 87.000000 255.000000
vn 0.960630 0.251969 0.015748
vn 0.937008 0.314961 0.094488
vn 0.047244 1.299213 0.685039
f 328/1342/1159 318/1343/1160 322/1344/1161
#fvcolorindex 255 256 257 
vt 0.000000 0.000000 0.0
vt 0.000000 0.000000 0.0
vt 0.000000 0.000000 0.0
#vcolor 9.000000 155.000000 76.000000 255.000000
vn 0.960630 0.251969 0.015748
vn 0.047244 1.299213 0.685039
vn 0.070866 1.220472 0.598425
f 328/1345/1162 322/1346/1163 326/1347/1164
#fvcolorindex 255 257 258 
usemtl m161CullBothEnvMappingTexScaleS0.031250TexScaleT0.031250
vt 0.000000 0.000000 0.0
vt 0.000000 0.000000 0.0
vt 0.000000 0.000000 0.0
#vcolor 137.000000 217.000000 242.000000 255.000000
#vcolor 133.000000 225.000000 253.000000 255.000000
#vcolor 243.000000 100.000000 180.000000 255.000000
vn 1.078740 1.708661 1.905512
vn 1.047244 1.771654 1.992126
vn 1.913386 0.787402 1.417323
f 323/1348/1165 319/1349/1166 315/1350/1167
#fvcolorindex 259 260 261 
vt 0.000000 0.000000 0.0
vt 0.000000 0.000000 0.0
vt 0.000000 0.000000 0.0
#vcolor 247.000000 91.000000 169.000000 255.000000
vn 1.078740 1.708661 1.905512
vn 1.913386 0.787402 1.417323
vn 1.944882 0.716535 1.330709
f 323/1351/1168 315/1352/1169 329/1353/1170
#fvcolorindex 259 261 262 
usemtl m149CullBothClampSClampT
vt 1.000000 0.000000 0.0
vt 0.000000 0.000000 0.0
vt 0.076172 0.212240 0.0
#vcolor 67.000000 67.000000 67.000000 255.000000
f 317/1354 316/1355 320/1356
#fvcolorindex 263 263 263 
vt 1.000000 0.000000 0.0
vt 0.076172 0.212240 0.0
vt 1.000000 0.222656 0.0
f 317/1357 320/1358 321/1359
#fvcolorindex 263 263 263 
usemtl m162CullBothClampSClampT
vt 0.000000 0.000000 0.0
vt 1.000000 0.000000 0.0
vt 1.000000 0.222656 0.0
#vcolor 110.000000 110.000000 110.000000 255.000000
f 330/1360 327/1361 325/1362
#fvcolorindex 264 264 264 
vt 0.000000 0.000000 0.0
vt 1.000000 0.222656 0.0
vt 0.076172 0.212240 0.0
f 330/1363 325/1364 324/1365
#fvcolorindex 264 264 264 
g Room3B
g Room3B_primary
usemtl m163CullBothEnvMappingTexScaleS0.031250TexScaleT0.031250
vt 0.000000 0.000000 0.0
vt 0.000000 0.000000 0.0
vt 0.000000 0.000000 0.0
v -8.739126 90.125420 177.443436
#joint 39
#vjoint 331
#vcolor 126.000000 243.000000 0.000000 255.000000
v -8.739126 90.125420 64.443436
#joint 39
#vjoint 332
v -10.739126 99.125420 64.443436
#joint 39
#vjoint 333
#vcolor 105.000000 70.000000 0.000000 255.000000
vn 0.992126 1.913386 0.000000
vn 0.992126 1.913386 0.000000
vn 0.826772 0.551181 0.000000
f 331/1366/1171 332/1367/1172 333/1368/1173
#fvcolorindex 265 265 266 
vt 0.000000 0.000000 0.0
vt 0.000000 0.000000 0.0
vt 0.000000 0.000000 0.0
v -10.739126 99.125420 177.443436
#joint 39
#vjoint 334
vn 0.992126 1.913386 0.000000
vn 0.826772 0.551181 0.000000
vn 0.826772 0.551181 0.000000
f 331/1369/1174 333/1370/1175 334/1371/1176
#fvcolorindex 265 266 266 
usemtl m164CullBothEnvMappingTexScaleS0.031250TexScaleT0.031250
vt 0.000000 0.000000 0.0
vt 0.000000 0.000000 0.0
vt 0.000000 0.000000 0.0
v -17.739126 104.125420 64.443436
#joint 39
#vjoint 335
#vcolor 35.000000 121.000000 0.000000 255.000000
vn 0.826772 0.551181 0.000000
vn 0.826772 0.551181 0.000000
vn 0.275591 0.952756 0.000000
f 334/1372/1177 333/1373/1178 335/1374/1179
#fvcolorindex 266 266 267 
vt 0.000000 0.000000 0.0
vt 0.000000 0.000000 0.0
vt 0.000000 0.000000 0.0
v -17.739126 104.125420 177.443436
#joint 39
#vjoint 336
vn 0.826772 0.551181 0.000000
vn 0.275591 0.952756 0.000000
vn 0.275591 0.952756 0.000000
f 334/1375/1180 335/1376/1181 336/1377/1182
#fvcolorindex 266 267 267 
usemtl m47CullBothEnvMappingTexScaleS0.031250TexScaleT0.031250
vt 0.000000 0.000000 0.0
vt 0.000000 0.000000 0.0
vt 0.000000 0.000000 0.0
v -26.739126 104.125420 64.443436
#joint 39
#vjoint 337
#vcolor 205.000000 116.000000 0.000000 255.000000
vn 0.275591 0.952756 0.000000
vn 0.275591 0.952756 0.000000
vn 1.614173 0.913386 0.000000
f 336/1378/1183 335/1379/1184 337/1380/1185
#fvcolorindex 267 267 268 
vt 0.000000 0.000000 0.0
vt 0.000000 0.000000 0.0
vt 0.000000 0.000000 0.0
v -26.739126 104.125420 177.443436
#joint 39
#vjoint 338
vn 0.275591 0.952756 0.000000
vn 1.614173 0.913386 0.000000
vn 1.614173 0.913386 0.000000
f 336/1381/1186 337/1382/1187 338/1383/1188
#fvcolorindex 267 268 268 
usemtl m165CullBothEnvMappingTexScaleS0.031250TexScaleT0.031250
vt 0.000000 0.000000 0.0
vt 0.000000 0.000000 0.0
vt 0.000000 0.000000 0.0
v -33.739128 97.125420 64.443436
#joint 39
#vjoint 339
#vcolor 143.000000 56.000000 0.000000 255.000000
vn 1.614173 0.913386 0.000000
vn 1.614173 0.913386 0.000000
vn 1.125984 0.440945 0.000000
f 338/1384/1189 337/1385/1190 339/1386/1191
#fvcolorindex 268 268 269 
vt 0.000000 0.000000 0.0
vt 0.000000 0.000000 0.0
vt 0.000000 0.000000 0.0
v -33.739128 97.125420 177.443436
#joint 39
#vjoint 340
vn 1.614173 0.913386 0.000000
vn 1.125984 0.440945 0.000000
vn 1.125984 0.440945 0.000000
f 338/1387/1192 339/1388/1193 340/1389/1194
#fvcolorindex 268 269 269 
usemtl m166CullBothEnvMappingTexScaleS0.031250TexScaleT0.031250
vt 0.000000 0.000000 0.0
vt 0.000000 0.000000 0.0
vt 0.000000 0.000000 0.0
v -34.739128 88.125420 64.443436
#joint 39
#vjoint 341
#vcolor 133.000000 226.000000 0.000000 255.000000
vn 1.125984 0.440945 0.000000
vn 1.125984 0.440945 0.000000
vn 1.047244 1.779528 0.000000
f 340/1390/1195 339/1391/1196 341/1392/1197
#fvcolorindex 269 269 270 
vt 0.000000 0.000000 0.0
vt 0.000000 0.000000 0.0
vt 0.000000 0.000000 0.0
v -34.739128 88.125420 177.443436
#joint 39
#vjoint 342
vn 1.125984 0.440945 0.000000
vn 1.047244 1.779528 0.000000
vn 1.047244 1.779528 0.000000
f 340/1393/1198 341/1394/1199 342/1395/1200
#fvcolorindex 269 270 270 
usemtl m167CullBothEnvMappingTexScaleS0.031250TexScaleT0.031250
vt 0.000000 0.000000 0.0
vt 0.000000 0.000000 0.0
vt 0.000000 0.000000 0.0
v -29.739126 81.125420 64.443436
#joint 39
#vjoint 343
#vcolor 181.000000 154.000000 0.000000 255.000000
vn 1.047244 1.779528 0.000000
vn 1.047244 1.779528 0.000000
vn 1.425197 1.212598 0.000000
f 342/1396/1201 341/1397/1202 343/1398/1203
#fvcolorindex 270 270 271 
vt 0.000000 0.000000 0.0
vt 0.000000 0.000000 0.0
vt 0.000000 0.000000 0.0
v -29.739126 81.125420 177.443436
#joint 39
#vjoint 344
vn 1.047244 1.779528 0.000000
vn 1.425197 1.212598 0.000000
vn 1.425197 1.212598 0.000000
f 342/1399/1204 343/1400/1205 344/1401/1206
#fvcolorindex 270 271 271 
usemtl m168CullBothEnvMappingTexScaleS0.031250TexScaleT0.031250
vt 0.000000 0.000000 0.0
vt 0.000000 0.000000 0.0
vt 0.000000 0.000000 0.0
v -20.739126 78.125420 64.443436
#joint 39
#vjoint 345
#vcolor 8.000000 130.000000 0.000000 255.000000
vn 1.425197 1.212598 0.000000
vn 1.425197 1.212598 0.000000
vn 0.062992 1.023622 0.000000
f 344/1402/1207 343/1403/1208 345/1404/1209
#fvcolorindex 271 271 272 
vt 0.000000 0.000000 0.0
vt 0.000000 0.000000 0.0
vt 0.000000 0.000000 0.0
v -20.739126 78.125420 177.443436
#joint 39
#vjoint 346
vn 1.425197 1.212598 0.000000
vn 0.062992 1.023622 0.000000
vn 0.062992 1.023622 0.000000
f 344/1405/1210 345/1406/1211 346/1407/1212
#fvcolorindex 271 272 272 
usemtl m169CullBothEnvMappingTexScaleS0.031250TexScaleT0.031250
vt 0.000000 0.000000 0.0
vt 0.000000 0.000000 0.0
vt 0.000000 0.000000 0.0
v -12.739126 82.125420 64.443436
#joint 39
#vjoint 347
#vcolor 87.000000 165.000000 0.000000 255.000000
vn 0.062992 1.023622 0.000000
vn 0.062992 1.023622 0.000000
vn 0.685039 1.299213 0.000000
f 346/1408/1213 345/1409/1214 347/1410/1215
#fvcolorindex 272 272 273 
vt 0.000000 0.000000 0.0
vt 0.000000 0.000000 0.0
vt 0.000000 0.000000 0.0
v -12.739126 82.125420 177.443436
#joint 39
#vjoint 348
vn 0.062992 1.023622 0.000000
vn 0.685039 1.299213 0.000000
vn 0.685039 1.299213 0.000000
f 346/1411/1216 347/1412/1217 348/1413/1218
#fvcolorindex 272 273 273 
usemtl m170CullBothEnvMappingTexScaleS0.031250TexScaleT0.031250
vt 0.000000 0.000000 0.0
vt 0.000000 0.000000 0.0
vt 0.000000 0.000000 0.0
vn 0.685039 1.299213 0.000000
vn 0.685039 1.299213 0.000000
vn 0.992126 1.913386 0.000000
f 348/1414/1219 347/1415/1220 332/1416/1221
#fvcolorindex 273 273 265 
vt 0.000000 0.000000 0.0
vt 0.000000 0.000000 0.0
vt 0.000000 0.000000 0.0
vn 0.685039 1.299213 0.000000
vn 0.992126 1.913386 0.000000
vn 0.992126 1.913386 0.000000
f 348/1417/1222 332/1418/1223 331/1419/1224
#fvcolorindex 273 265 265 
usemtl m171CullBothEnvMappingTexScaleS0.031250TexScaleT0.031250
vt 0.000000 0.000000 0.0
vt 0.000000 0.000000 0.0
vt 0.000000 0.000000 0.0
v -6.739126 101.125420 215.443436
#joint 39
#vjoint 349
#vcolor 87.000000 59.000000 70.000000 255.000000
v -16.739126 108.125420 215.443436
#joint 39
#vjoint 350
#vcolor 29.000000 101.000000 70.000000 255.000000
v -28.739126 108.125420 215.443436
#joint 39
#vjoint 351
#vcolor 214.000000 96.000000 70.000000 255.000000
vn 0.685039 0.464567 0.551181
vn 0.228346 0.795276 0.551181
vn 1.685039 0.755906 0.551181
f 349/1420/1225 350/1421/1226 351/1422/1227
#fvcolorindex 274 275 276 
vt 0.000000 0.000000 0.0
vt 0.000000 0.000000 0.0
vt 0.000000 0.000000 0.0
v -37.739128 99.125420 215.443436
#joint 39
#vjoint 352
#vcolor 162.000000 47.000000 70.000000 255.000000
vn 0.685039 0.464567 0.551181
vn 1.685039 0.755906 0.551181
vn 1.275591 0.370079 0.551181
f 349/1423/1228 351/1424/1229 352/1425/1230
#fvcolorindex 274 276 277 
vt 0.000000 0.000000 0.0
vt 0.000000 0.000000 0.0
vt 0.000000 0.000000 0.0
v -38.739128 87.125420 215.443436
#joint 39
#vjoint 353
#vcolor 154.000000 233.000000 71.000000 255.000000
vn 0.685039 0.464567 0.551181
vn 1.275591 0.370079 0.551181
vn 1.212598 1.834646 0.559055
f 349/1426/1231 352/1427/1232 353/1428/1233
#fvcolorindex 274 277 278 
vt 0.000000 0.000000 0.0
vt 0.000000 0.000000 0.0
vt 0.000000 0.000000 0.0
v -31.739126 77.125420 215.443436
#joint 39
#vjoint 354
#vcolor 194.000000 172.000000 71.000000 255.000000
vn 0.685039 0.464567 0.551181
vn 1.212598 1.834646 0.559055
vn 1.527559 1.354331 0.559055
f 349/1429/1234 353/1430/1235 354/1431/1236
#fvcolorindex 274 278 279 
vt 0.000000 0.000000 0.0
vt 0.000000 0.000000 0.0
vt 0.000000 0.000000 0.0
v -20.739126 74.125420 215.443436
#joint 39
#vjoint 355
#vcolor 6.000000 152.000000 71.000000 255.000000
vn 0.685039 0.464567 0.551181
vn 1.527559 1.354331 0.559055
vn 0.047244 1.196850 0.559055
f 349/1432/1237 354/1433/1238 355/1434/1239
#fvcolorindex 274 279 280 
vt 0.000000 0.000000 0.0
vt 0.000000 0.000000 0.0
vt 0.000000 0.000000 0.0
v -9.739126 79.125420 215.443436
#joint 39
#vjoint 356
#vcolor 72.000000 181.000000 71.000000 255.000000
vn 0.685039 0.464567 0.551181
vn 0.047244 1.196850 0.559055
vn 0.566929 1.425197 0.559055
f 349/1435/1240 355/1436/1241 356/1437/1242
#fvcolorindex 274 280 281 
vt 0.000000 0.000000 0.0
vt 0.000000 0.000000 0.0
vt 0.000000 0.000000 0.0
v -4.739126 89.125420 215.443436
#joint 39
#vjoint 357
#vcolor 104.000000 246.000000 71.000000 255.000000
vn 0.685039 0.464567 0.551181
vn 0.566929 1.425197 0.559055
vn 0.818898 1.937008 0.559055
f 349/1438/1243 356/1439/1244 357/1440/1245
#fvcolorindex 274 281 282 
usemtl m172CullBothEnvMappingTexScaleS0.031250TexScaleT0.031250
vt 0.000000 0.000000 0.0
vt 0.000000 0.000000 0.0
vt 0.000000 0.000000 0.0
v -4.739126 89.125420 177.443436
#joint 39
#vjoint 358
#vcolor 125.000000 244.000000 17.000000 255.000000
v -6.739126 101.125420 177.443436
#joint 39
#vjoint 359
#vcolor 104.000000 70.000000 17.000000 255.000000
vn 0.818898 1.937008 0.559055
vn 0.984252 1.921260 0.133858
vn 0.818898 0.551181 0.133858
f 357/1441/1246 358/1442/1247 359/1443/1248
#fvcolorindex 282 283 284 
vt 0.000000 0.000000 0.0
vt 0.000000 0.000000 0.0
vt 0.000000 0.000000 0.0
vn 0.818898 1.937008 0.559055
vn 0.818898 0.551181 0.133858
vn 0.685039 0.464567 0.551181
f 357/1444/1249 359/1445/1250 349/1446/1251
#fvcolorindex 282 284 274 
usemtl m173CullBothEnvMappingTexScaleS0.031250TexScaleT0.031250
vt 0.000000 0.000000 0.0
vt 0.000000 0.000000 0.0
vt 0.000000 0.000000 0.0
v -9.739126 79.125420 177.443436
#joint 39
#vjoint 360
#vcolor 87.000000 166.000000 17.000000 255.000000
vn 0.566929 1.425197 0.559055
vn 0.685039 1.307087 0.133858
vn 0.984252 1.921260 0.133858
f 356/1447/1252 360/1448/1253 358/1449/1254
#fvcolorindex 281 285 283 
vt 0.000000 0.000000 0.0
vt 0.000000 0.000000 0.0
vt 0.000000 0.000000 0.0
vn 0.566929 1.425197 0.559055
vn 0.984252 1.921260 0.133858
vn 0.818898 1.937008 0.559055
f 356/1450/1255 358/1451/1256 357/1452/1257
#fvcolorindex 281 283 282 
usemtl m174CullBothEnvMappingTexScaleS0.031250TexScaleT0.031250
vt 0.000000 0.000000 0.0
vt 0.000000 0.000000 0.0
vt 0.000000 0.000000 0.0
v -20.739126 74.125420 177.443436
#joint 39
#vjoint 361
#vcolor 8.000000 131.000000 17.000000 255.000000
vn 0.047244 1.196850 0.559055
vn 0.062992 1.031496 0.133858
vn 0.685039 1.307087 0.133858
f 355/1453/1258 361/1454/1259 360/1455/1260
#fvcolorindex 280 286 285 
vt 0.000000 0.000000 0.0
vt 0.000000 0.000000 0.0
vt 0.000000 0.000000 0.0
vn 0.047244 1.196850 0.559055
vn 0.685039 1.307087 0.133858
vn 0.566929 1.425197 0.559055
f 355/1456/1261 360/1457/1262 356/1458/1263
#fvcolorindex 280 285 281 
usemtl m175CullBothEnvMappingTexScaleS0.031250TexScaleT0.031250
vt 0.000000 0.000000 0.0
vt 0.000000 0.000000 0.0
vt 0.000000 0.000000 0.0
v -31.739126 77.125420 177.443436
#joint 39
#vjoint 362
#vcolor 181.000000 156.000000 17.000000 255.000000
vn 1.527559 1.354331 0.559055
vn 1.425197 1.228346 0.133858
vn 0.062992 1.031496 0.133858
f 354/1459/1264 362/1460/1265 361/1461/1266
#fvcolorindex 279 287 286 
vt 0.000000 0.000000 0.0
vt 0.000000 0.000000 0.0
vt 0.000000 0.000000 0.0
vn 1.527559 1.354331 0.559055
vn 0.062992 1.031496 0.133858
vn 0.047244 1.196850 0.559055
f 354/1462/1267 361/1463/1268 355/1464/1269
#fvcolorindex 279 286 280 
usemtl m176CullBothEnvMappingTexScaleS0.031250TexScaleT0.031250
vt 0.000000 0.000000 0.0
vt 0.000000 0.000000 0.0
vt 0.000000 0.000000 0.0
v -38.739128 87.125420 177.443436
#joint 39
#vjoint 363
#vcolor 134.000000 228.000000 17.000000 255.000000
vn 1.212598 1.834646 0.559055
vn 1.055118 1.795276 0.133858
vn 1.425197 1.228346 0.133858
f 353/1465/1270 363/1466/1271 362/1467/1272
#fvcolorindex 278 288 287 
vt 0.000000 0.000000 0.0
vt 0.000000 0.000000 0.0
vt 0.000000 0.000000 0.0
vn 1.212598 1.834646 0.559055
vn 1.425197 1.228346 0.133858
vn 1.527559 1.354331 0.559055
f 353/1468/1273 362/1469/1274 354/1470/1275
#fvcolorindex 278 287 279 
usemtl m177CullBothEnvMappingTexScaleS0.031250TexScaleT0.031250
vt 0.000000 0.000000 0.0
vt 0.000000 0.000000 0.0
vt 0.000000 0.000000 0.0
v -37.739128 99.125420 177.443436
#joint 39
#vjoint 364
#vcolor 144.000000 56.000000 17.000000 255.000000
vn 1.275591 0.370079 0.551181
vn 1.133858 0.440945 0.133858
vn 1.055118 1.795276 0.133858
f 352/1471/1276 364/1472/1277 363/1473/1278
#fvcolorindex 277 289 288 
vt 0.000000 0.000000 0.0
vt 0.000000 0.000000 0.0
vt 0.000000 0.000000 0.0
vn 1.275591 0.370079 0.551181
vn 1.055118 1.795276 0.133858
vn 1.212598 1.834646 0.559055
f 352/1474/1279 363/1475/1280 353/1476/1281
#fvcolorindex 277 288 278 
usemtl m178CullBothEnvMappingTexScaleS0.031250TexScaleT0.031250
vt 0.000000 0.000000 0.0
vt 0.000000 0.000000 0.0
vt 0.000000 0.000000 0.0
v -28.739126 108.125420 177.443436
#joint 39
#vjoint 365
#vcolor 206.000000 115.000000 16.000000 255.000000
vn 1.685039 0.755906 0.551181
vn 1.622047 0.905512 0.125984
vn 1.133858 0.440945 0.133858
f 351/1477/1282 365/1478/1283 364/1479/1284
#fvcolorindex 276 290 289 
vt 0.000000 0.000000 0.0
vt 0.000000 0.000000 0.0
vt 0.000000 0.000000 0.0
vn 1.685039 0.755906 0.551181
vn 1.133858 0.440945 0.133858
vn 1.275591 0.370079 0.551181
f 351/1480/1285 364/1481/1286 352/1482/1287
#fvcolorindex 276 289 277 
usemtl m179CullBothEnvMappingTexScaleS0.031250TexScaleT0.031250
vt 0.000000 0.000000 0.0
vt 0.000000 0.000000 0.0
vt 0.000000 0.000000 0.0
v -16.739126 108.125420 177.443436
#joint 39
#vjoint 366
#vcolor 35.000000 120.000000 16.000000 255.000000
vn 0.228346 0.795276 0.551181
vn 0.275591 0.944882 0.125984
vn 1.622047 0.905512 0.125984
f 350/1483/1288 366/1484/1289 365/1485/1290
#fvcolorindex 275 291 290 
vt 0.000000 0.000000 0.0
vt 0.000000 0.000000 0.0
vt 0.000000 0.000000 0.0
vn 0.228346 0.795276 0.551181
vn 1.622047 0.905512 0.125984
vn 1.685039 0.755906 0.551181
f 350/1486/1291 365/1487/1292 351/1488/1293
#fvcolorindex 275 290 276 
usemtl m171CullBothEnvMappingTexScaleS0.031250TexScaleT0.031250
vt 0.000000 0.000000 0.0
vt 0.000000 0.000000 0.0
vt 0.000000 0.000000 0.0
vn 0.685039 0.464567 0.551181
vn 0.818898 0.551181 0.133858
vn 0.275591 0.944882 0.125984
f 349/1489/1294 359/1490/1295 366/1491/1296
#fvcolorindex 274 284 291 
vt 0.000000 0.000000 0.0
vt 0.000000 0.000000 0.0
vt 0.000000 0.000000 0.0
vn 0.685039 0.464567 0.551181
vn 0.275591 0.944882 0.125984
vn 0.228346 0.795276 0.551181
f 349/1492/1297 366/1493/1298 350/1494/1299
#fvcolorindex 274 291 275 
usemtl m180CullBothEnvMappingTexScaleS0.031250TexScaleT0.031250
vt 0.000000 0.000000 0.0
vt 0.000000 0.000000 0.0
vt 0.000000 0.000000 0.0
#vcolor 3.000000 206.000000 140.000000 255.000000
#vcolor 224.000000 216.000000 140.000000 255.000000
#vcolor 231.000000 225.000000 136.000000 255.000000
vn 0.023622 1.622047 1.102362
vn 1.763780 1.700787 1.102362
vn 1.818898 1.771654 1.070866
f 361/1495/1300 362/1496/1301 344/1497/1302
#fvcolorindex 292 293 294 
vt 0.000000 0.000000 0.0
vt 0.000000 0.000000 0.0
vt 0.000000 0.000000 0.0
#vcolor 2.000000 217.000000 136.000000 255.000000
vn 0.023622 1.622047 1.102362
vn 1.818898 1.771654 1.070866
vn 0.015748 1.708661 1.070866
f 361/1498/1303 344/1499/1304 346/1500/1305
#fvcolorindex 292 294 295 
usemtl m181CullBothEnvMappingTexScaleS0.031250TexScaleT0.031250
vt 0.000000 0.000000 0.0
vt 0.000000 0.000000 0.0
vt 0.000000 0.000000 0.0
#vcolor 204.000000 247.000000 141.000000 255.000000
vn 1.818898 1.771654 1.070866
vn 1.763780 1.700787 1.102362
vn 1.606299 1.944882 1.110236
f 344/1501/1306 362/1502/1307 363/1503/1308
#fvcolorindex 294 293 296 
vt 0.000000 0.000000 0.0
vt 0.000000 0.000000 0.0
vt 0.000000 0.000000 0.0
#vcolor 215.000000 250.000000 137.000000 255.000000
vn 1.818898 1.771654 1.070866
vn 1.606299 1.944882 1.110236
vn 1.692913 1.968504 1.078740
f 344/1504/1309 363/1505/1310 342/1506/1311
#fvcolorindex 294 296 297 
usemtl m182CullBothEnvMappingTexScaleS0.031250TexScaleT0.031250
vt 0.000000 0.000000 0.0
vt 0.000000 0.000000 0.0
vt 0.000000 0.000000 0.0
#vcolor 208.000000 27.000000 142.000000 255.000000
vn 1.692913 1.968504 1.078740
vn 1.606299 1.944882 1.110236
vn 1.637795 0.212598 1.118110
f 342/1507/1312 363/1508/1313 364/1509/1314
#fvcolorindex 297 296 298 
vt 0.000000 0.000000 0.0
vt 0.000000 0.000000 0.0
vt 0.000000 0.000000 0.0
#vcolor 218.000000 22.000000 138.000000 255.000000
vn 1.692913 1.968504 1.078740
vn 1.637795 0.212598 1.118110
vn 1.716535 0.173228 1.086614
f 342/1510/1315 364/1511/1316 340/1512/1317
#fvcolorindex 297 298 299 
usemtl m183CullBothEnvMappingTexScaleS0.031250TexScaleT0.031250
vt 0.000000 0.000000 0.0
vt 0.000000 0.000000 0.0
vt 0.000000 0.000000 0.0
#vcolor 235.000000 52.000000 143.000000 255.000000
vn 1.716535 0.173228 1.086614
vn 1.637795 0.212598 1.118110
vn 1.850394 0.409449 1.125984
f 340/1513/1318 364/1514/1319 365/1515/1320
#fvcolorindex 299 298 300 
vt 0.000000 0.000000 0.0
vt 0.000000 0.000000 0.0
vt 0.000000 0.000000 0.0
#vcolor 239.000000 42.000000 138.000000 255.000000
vn 1.716535 0.173228 1.086614
vn 1.850394 0.409449 1.125984
vn 1.881890 0.330709 1.086614
f 340/1516/1321 365/1517/1322 338/1518/1323
#fvcolorindex 299 300 301 
usemtl m184CullBothEnvMappingTexScaleS0.031250TexScaleT0.031250
vt 0.000000 0.000000 0.0
vt 0.000000 0.000000 0.0
vt 0.000000 0.000000 0.0
#vcolor 11.000000 44.000000 138.000000 255.000000
vn 0.086614 0.346457 1.086614
vn 1.881890 0.330709 1.086614
vn 1.850394 0.409449 1.125984
f 336/1519/1324 338/1520/1325 365/1521/1326
#fvcolorindex 302 301 300 
vt 0.000000 0.000000 0.0
vt 0.000000 0.000000 0.0
vt 0.000000 0.000000 0.0
#vcolor 14.000000 54.000000 143.000000 255.000000
vn 0.086614 0.346457 1.086614
vn 1.850394 0.409449 1.125984
vn 0.110236 0.425197 1.125984
f 336/1522/1327 365/1523/1328 366/1524/1329
#fvcolorindex 302 300 303 
usemtl m185CullBothEnvMappingTexScaleS0.031250TexScaleT0.031250
vt 0.000000 0.000000 0.0
vt 0.000000 0.000000 0.0
vt 0.000000 0.000000 0.0
#vcolor 44.000000 33.000000 142.000000 255.000000
#vcolor 35.000000 27.000000 138.000000 255.000000
vn 0.346457 0.259843 1.118110
vn 0.275591 0.212598 1.086614
vn 0.086614 0.346457 1.086614
f 359/1525/1330 334/1526/1331 336/1527/1332
#fvcolorindex 304 305 302 
vt 0.000000 0.000000 0.0
vt 0.000000 0.000000 0.0
vt 0.000000 0.000000 0.0
vn 0.346457 0.259843 1.118110
vn 0.086614 0.346457 1.086614
vn 0.110236 0.425197 1.125984
f 359/1528/1333 336/1529/1334 366/1530/1335
#fvcolorindex 304 302 303 
usemtl m186CullBothEnvMappingTexScaleS0.031250TexScaleT0.031250
vt 0.000000 0.000000 0.0
vt 0.000000 0.000000 0.0
vt 0.000000 0.000000 0.0
#vcolor 42.000000 255.000000 137.000000 255.000000
vn 0.330709 2.007874 1.078740
vn 0.275591 0.212598 1.086614
vn 0.346457 0.259843 1.118110
f 331/1531/1336 334/1532/1337 359/1533/1338
#fvcolorindex 306 305 304 
vt 0.000000 0.000000 0.0
vt 0.000000 0.000000 0.0
vt 0.000000 0.000000 0.0
#vcolor 53.000000 254.000000 141.000000 255.000000
vn 0.330709 2.007874 1.078740
vn 0.346457 0.259843 1.118110
vn 0.417323 2.000000 1.110236
f 331/1534/1339 359/1535/1340 358/1536/1341
#fvcolorindex 306 304 307 
usemtl m187CullBothEnvMappingTexScaleS0.031250TexScaleT0.031250
vt 0.000000 0.000000 0.0
vt 0.000000 0.000000 0.0
vt 0.000000 0.000000 0.0
#vcolor 37.000000 221.000000 140.000000 255.000000
#vcolor 29.000000 229.000000 136.000000 255.000000
vn 0.291339 1.740157 1.102362
vn 0.228346 1.803150 1.070866
vn 0.330709 2.007874 1.078740
f 360/1537/1342 348/1538/1343 331/1539/1344
#fvcolorindex 308 309 306 
vt 0.000000 0.000000 0.0
vt 0.000000 0.000000 0.0
vt 0.000000 0.000000 0.0
vn 0.291339 1.740157 1.102362
vn 0.330709 2.007874 1.078740
vn 0.417323 2.000000 1.110236
f 360/1540/1345 331/1541/1346 358/1542/1347
#fvcolorindex 308 306 307 
vt 0.000000 0.000000 0.0
vt 0.000000 0.000000 0.0
vt 0.000000 0.000000 0.0
vn 0.291339 1.740157 1.102362
vn 0.023622 1.622047 1.102362
vn 0.015748 1.708661 1.070866
f 360/1543/1348 361/1544/1349 346/1545/1350
#fvcolorindex 308 292 295 
vt 0.000000 0.000000 0.0
vt 0.000000 0.000000 0.0
vt 0.000000 0.000000 0.0
vn 0.291339 1.740157 1.102362
vn 0.015748 1.708661 1.070866
vn 0.228346 1.803150 1.070866
f 360/1546/1351 346/1547/1352 348/1548/1353
#fvcolorindex 308 295 309 
usemtl m188CullBothEnvMappingTexScaleS0.031250TexScaleT0.031250
vt 0.000000 0.000000 0.0
vt 0.000000 0.000000 0.0
vt 0.000000 0.000000 0.0
v -8.739126 90.125420 14.443439
#joint 39
#vjoint 367
v -10.739126 99.125420 14.443439
#joint 39
#vjoint 368
vn 0.992126 1.913386 0.000000
vn 0.992126 1.913386 0.000000
vn 0.826772 0.551181 0.000000
f 332/1549/1354 367/1550/1355 368/1551/1356
#fvcolorindex 265 265 266 
vt 0.000000 0.000000 0.0
vt 0.000000 0.000000 0.0
vt 0.000000 0.000000 0.0
vn 0.992126 1.913386 0.000000
vn 0.826772 0.551181 0.000000
vn 0.826772 0.551181 0.000000
f 332/1552/1357 368/1553/1358 333/1554/1359
#fvcolorindex 265 266 266 
usemtl m189CullBothEnvMappingTexScaleS0.031250TexScaleT0.031250
vt 0.000000 0.000000 0.0
vt 0.000000 0.000000 0.0
vt 0.000000 0.000000 0.0
v -17.739126 104.125420 14.443439
#joint 39
#vjoint 369
vn 0.826772 0.551181 0.000000
vn 0.826772 0.551181 0.000000
vn 0.275591 0.952756 0.000000
f 333/1555/1360 368/1556/1361 369/1557/1362
#fvcolorindex 266 266 267 
vt 0.000000 0.000000 0.0
vt 0.000000 0.000000 0.0
vt 0.000000 0.000000 0.0
vn 0.826772 0.551181 0.000000
vn 0.275591 0.952756 0.000000
vn 0.275591 0.952756 0.000000
f 333/1558/1363 369/1559/1364 335/1560/1365
#fvcolorindex 266 267 267 
usemtl m190CullBothEnvMappingTexScaleS0.031250TexScaleT0.031250
vt 0.000000 0.000000 0.0
vt 0.000000 0.000000 0.0
vt 0.000000 0.000000 0.0
v -26.739126 104.125420 14.443439
#joint 39
#vjoint 370
vn 0.275591 0.952756 0.000000
vn 0.275591 0.952756 0.000000
vn 1.614173 0.913386 0.000000
f 335/1561/1366 369/1562/1367 370/1563/1368
#fvcolorindex 267 267 268 
vt 0.000000 0.000000 0.0
vt 0.000000 0.000000 0.0
vt 0.000000 0.000000 0.0
vn 0.275591 0.952756 0.000000
vn 1.614173 0.913386 0.000000
vn 1.614173 0.913386 0.000000
f 335/1564/1369 370/1565/1370 337/1566/1371
#fvcolorindex 267 268 268 
usemtl m191CullBothEnvMappingTexScaleS0.031250TexScaleT0.031250
vt 0.000000 0.000000 0.0
vt 0.000000 0.000000 0.0
vt 0.000000 0.000000 0.0
v -33.739128 97.125420 14.443439
#joint 39
#vjoint 371
vn 1.614173 0.913386 0.000000
vn 1.614173 0.913386 0.000000
vn 1.125984 0.440945 0.000000
f 337/1567/1372 370/1568/1373 371/1569/1374
#fvcolorindex 268 268 269 
vt 0.000000 0.000000 0.0
vt 0.000000 0.000000 0.0
vt 0.000000 0.000000 0.0
vn 1.614173 0.913386 0.000000
vn 1.125984 0.440945 0.000000
vn 1.125984 0.440945 0.000000
f 337/1570/1375 371/1571/1376 339/1572/1377
#fvcolorindex 268 269 269 
usemtl m192CullBothEnvMappingTexScaleS0.031250TexScaleT0.031250
vt 0.000000 0.000000 0.0
vt 0.000000 0.000000 0.0
vt 0.000000 0.000000 0.0
v -34.739128 88.125420 14.443439
#joint 39
#vjoint 372
vn 1.125984 0.440945 0.000000
vn 1.125984 0.440945 0.000000
vn 1.047244 1.779528 0.000000
f 339/1573/1378 371/1574/1379 372/1575/1380
#fvcolorindex 269 269 270 
vt 0.000000 0.000000 0.0
vt 0.000000 0.000000 0.0
vt 0.000000 0.000000 0.0
vn 1.125984 0.440945 0.000000
vn 1.047244 1.779528 0.000000
vn 1.047244 1.779528 0.000000
f 339/1576/1381 372/1577/1382 341/1578/1383
#fvcolorindex 269 270 270 
usemtl m193CullBothEnvMappingTexScaleS0.031250TexScaleT0.031250
vt 0.000000 0.000000 0.0
vt 0.000000 0.000000 0.0
vt 0.000000 0.000000 0.0
v -29.739126 81.125420 14.443439
#joint 39
#vjoint 373
vn 1.047244 1.779528 0.000000
vn 1.047244 1.779528 0.000000
vn 1.425197 1.212598 0.000000
f 341/1579/1384 372/1580/1385 373/1581/1386
#fvcolorindex 270 270 271 
vt 0.000000 0.000000 0.0
vt 0.000000 0.000000 0.0
vt 0.000000 0.000000 0.0
vn 1.047244 1.779528 0.000000
vn 1.425197 1.212598 0.000000
vn 1.425197 1.212598 0.000000
f 341/1582/1387 373/1583/1388 343/1584/1389
#fvcolorindex 270 271 271 
usemtl m194CullBothEnvMappingTexScaleS0.031250TexScaleT0.031250
vt 0.000000 0.000000 0.0
vt 0.000000 0.000000 0.0
vt 0.000000 0.000000 0.0
v -20.739126 78.125420 14.443439
#joint 39
#vjoint 374
vn 1.425197 1.212598 0.000000
vn 1.425197 1.212598 0.000000
vn 0.062992 1.023622 0.000000
f 343/1585/1390 373/1586/1391 374/1587/1392
#fvcolorindex 271 271 272 
vt 0.000000 0.000000 0.0
vt 0.000000 0.000000 0.0
vt 0.000000 0.000000 0.0
vn 1.425197 1.212598 0.000000
vn 0.062992 1.023622 0.000000
vn 0.062992 1.023622 0.000000
f 343/1588/1393 374/1589/1394 345/1590/1395
#fvcolorindex 271 272 272 
usemtl m195CullBothEnvMappingTexScaleS0.031250TexScaleT0.031250
vt 0.000000 0.000000 0.0
vt 0.000000 0.000000 0.0
vt 0.000000 0.000000 0.0
v -12.739126 82.125420 14.443439
#joint 39
#vjoint 375
vn 0.062992 1.023622 0.000000
vn 0.062992 1.023622 0.000000
vn 0.685039 1.299213 0.000000
f 345/1591/1396 374/1592/1397 375/1593/1398
#fvcolorindex 272 272 273 
vt 0.000000 0.000000 0.0
vt 0.000000 0.000000 0.0
vt 0.000000 0.000000 0.0
vn 0.062992 1.023622 0.000000
vn 0.685039 1.299213 0.000000
vn 0.685039 1.299213 0.000000
f 345/1594/1399 375/1595/1400 347/1596/1401
#fvcolorindex 272 273 273 
usemtl m196CullBothEnvMappingTexScaleS0.031250TexScaleT0.031250
vt 0.000000 0.000000 0.0
vt 0.000000 0.000000 0.0
vt 0.000000 0.000000 0.0
vn 0.685039 1.299213 0.000000
vn 0.685039 1.299213 0.000000
vn 0.992126 1.913386 0.000000
f 347/1597/1402 375/1598/1403 367/1599/1404
#fvcolorindex 273 273 265 
vt 0.000000 0.000000 0.0
vt 0.000000 0.000000 0.0
vt 0.000000 0.000000 0.0
vn 0.685039 1.299213 0.000000
vn 0.992126 1.913386 0.000000
vn 0.992126 1.913386 0.000000
f 347/1600/1405 367/1601/1406 332/1602/1407
#fvcolorindex 273 265 265 
usemtl m189CullBothEnvMappingTexScaleS0.031250TexScaleT0.031250
vt 0.000000 0.000000 0.0
vt 0.000000 0.000000 0.0
vt 0.000000 0.000000 0.0
v -5.739126 102.125420 14.443439
#joint 39
#vjoint 376
v -5.739126 102.125420 -34.556561
#joint 39
#vjoint 377
v -16.739126 110.125420 -34.556561
#joint 39
#vjoint 378
vn 0.826772 0.551181 0.000000
vn 0.826772 0.551181 0.000000
vn 0.275591 0.952756 0.000000
f 376/1603/1408 377/1604/1409 378/1605/1410
#fvcolorindex 266 266 267 
vt 0.000000 0.000000 0.0
vt 0.000000 0.000000 0.0
vt 0.000000 0.000000 0.0
v -16.739126 110.125420 14.443439
#joint 39
#vjoint 379
vn 0.826772 0.551181 0.000000
vn 0.275591 0.952756 0.000000
vn 0.275591 0.952756 0.000000
f 376/1606/1411 378/1607/1412 379/1608/1413
#fvcolorindex 266 267 267 
usemtl m190CullBothEnvMappingTexScaleS0.031250TexScaleT0.031250
vt 0.000000 0.000000 0.0
vt 0.000000 0.000000 0.0
vt 0.000000 0.000000 0.0
v -29.739126 109.125420 -34.556561
#joint 39
#vjoint 380
vn 0.275591 0.952756 0.000000
vn 0.275591 0.952756 0.000000
vn 1.614173 0.913386 0.000000
f 379/1609/1414 378/1610/1415 380/1611/1416
#fvcolorindex 267 267 268 
vt 0.000000 0.000000 0.0
vt 0.000000 0.000000 0.0
vt 0.000000 0.000000 0.0
v -29.739126 109.125420 14.443439
#joint 39
#vjoint 381
vn 0.275591 0.952756 0.000000
vn 1.614173 0.913386 0.000000
vn 1.614173 0.913386 0.000000
f 379/1612/1417 380/1613/1418 381/1614/1419
#fvcolorindex 267 268 268 
usemtl m191CullBothEnvMappingTexScaleS0.031250TexScaleT0.031250
vt 0.000000 0.000000 0.0
vt 0.000000 0.000000 0.0
vt 0.000000 0.000000 0.0
v -38.739128 100.125420 -34.556561
#joint 39
#vjoint 382
vn 1.614173 0.913386 0.000000
vn 1.614173 0.913386 0.000000
vn 1.125984 0.440945 0.000000
f 381/1615/1420 380/1616/1421 382/1617/1422
#fvcolorindex 268 268 269 
vt 0.000000 0.000000 0.0
vt 0.000000 0.000000 0.0
vt 0.000000 0.000000 0.0
v -38.739128 100.125420 14.443439
#joint 39
#vjoint 383
vn 1.614173 0.913386 0.000000
vn 1.125984 0.440945 0.000000
vn 1.125984 0.440945 0.000000
f 381/1618/1423 382/1619/1424 383/1620/1425
#fvcolorindex 268 269 269 
usemtl m192CullBothEnvMappingTexScaleS0.031250TexScaleT0.031250
vt 0.000000 0.000000 0.0
vt 0.000000 0.000000 0.0
vt 0.000000 0.000000 0.0
v -40.739128 87.125420 -34.556561
#joint 39
#vjoint 384
vn 1.125984 0.440945 0.000000
vn 1.125984 0.440945 0.000000
vn 1.047244 1.779528 0.000000
f 383/1621/1426 382/1622/1427 384/1623/1428
#fvcolorindex 269 269 270 
vt 0.000000 0.000000 0.0
vt 0.000000 0.000000 0.0
vt 0.000000 0.000000 0.0
v -40.739128 87.125420 14.443439
#joint 39
#vjoint 385
vn 1.125984 0.440945 0.000000
vn 1.047244 1.779528 0.000000
vn 1.047244 1.779528 0.000000
f 383/1624/1429 384/1625/1430 385/1626/1431
#fvcolorindex 269 270 270 
usemtl m193CullBothEnvMappingTexScaleS0.031250TexScaleT0.031250
vt 0.000000 0.000000 0.0
vt 0.000000 0.000000 0.0
vt 0.000000 0.000000 0.0
v -33.739128 76.125420 -34.556561
#joint 39
#vjoint 386
vn 1.047244 1.779528 0.000000
vn 1.047244 1.779528 0.000000
vn 1.425197 1.212598 0.000000
f 385/1627/1432 384/1628/1433 386/1629/1434
#fvcolorindex 270 270 271 
vt 0.000000 0.000000 0.0
vt 0.000000 0.000000 0.0
vt 0.000000 0.000000 0.0
v -33.739128 76.125420 14.443439
#joint 39
#vjoint 387
vn 1.047244 1.779528 0.000000
vn 1.425197 1.212598 0.000000
vn 1.425197 1.212598 0.000000
f 385/1630/1435 386/1631/1436 387/1632/1437
#fvcolorindex 270 271 271 
usemtl m194CullBothEnvMappingTexScaleS0.031250TexScaleT0.031250
vt 0.000000 0.000000 0.0
vt 0.000000 0.000000 0.0
vt 0.000000 0.000000 0.0
v -20.739126 72.125420 -34.556561
#joint 39
#vjoint 388
vn 1.425197 1.212598 0.000000
vn 1.425197 1.212598 0.000000
vn 0.062992 1.023622 0.000000
f 387/1633/1438 386/1634/1439 388/1635/1440
#fvcolorindex 271 271 272 
vt 0.000000 0.000000 0.0
vt 0.000000 0.000000 0.0
vt 0.000000 0.000000 0.0
v -20.739126 72.125420 14.443439
#joint 39
#vjoint 389
vn 1.425197 1.212598 0.000000
vn 0.062992 1.023622 0.000000
vn 0.062992 1.023622 0.000000
f 387/1636/1441 388/1637/1442 389/1638/1443
#fvcolorindex 271 272 272 
usemtl m195CullBothEnvMappingTexScaleS0.031250TexScaleT0.031250
vt 0.000000 0.000000 0.0
vt 0.000000 0.000000 0.0
vt 0.000000 0.000000 0.0
v -8.739126 77.125420 -34.556561
#joint 39
#vjoint 390
vn 0.062992 1.023622 0.000000
vn 0.062992 1.023622 0.000000
vn 0.685039 1.299213 0.000000
f 389/1639/1444 388/1640/1445 390/1641/1446
#fvcolorindex 272 272 273 
vt 0.000000 0.000000 0.0
vt 0.000000 0.000000 0.0
vt 0.000000 0.000000 0.0
v -8.739126 77.125420 14.443439
#joint 39
#vjoint 391
vn 0.062992 1.023622 0.000000
vn 0.685039 1.299213 0.000000
vn 0.685039 1.299213 0.000000
f 389/1642/1447 390/1643/1448 391/1644/1449
#fvcolorindex 272 273 273 
usemtl m196CullBothEnvMappingTexScaleS0.031250TexScaleT0.031250
vt 0.000000 0.000000 0.0
vt 0.000000 0.000000 0.0
vt 0.000000 0.000000 0.0
v -2.739126 89.125420 -34.556561
#joint 39
#vjoint 392
vn 0.685039 1.299213 0.000000
vn 0.685039 1.299213 0.000000
vn 0.992126 1.913386 0.000000
f 391/1645/1450 390/1646/1451 392/1647/1452
#fvcolorindex 273 273 265 
vt 0.000000 0.000000 0.0
vt 0.000000 0.000000 0.0
vt 0.000000 0.000000 0.0
v -2.739126 89.125420 14.443439
#joint 39
#vjoint 393
vn 0.685039 1.299213 0.000000
vn 0.992126 1.913386 0.000000
vn 0.992126 1.913386 0.000000
f 391/1648/1453 392/1649/1454 393/1650/1455
#fvcolorindex 273 265 265 
usemtl m188CullBothEnvMappingTexScaleS0.031250TexScaleT0.031250
vt 0.000000 0.000000 0.0
vt 0.000000 0.000000 0.0
vt 0.000000 0.000000 0.0
vn 0.992126 1.913386 0.000000
vn 0.992126 1.913386 0.000000
vn 0.826772 0.551181 0.000000
f 393/1651/1456 392/1652/1457 377/1653/1458
#fvcolorindex 265 265 266 
vt 0.000000 0.000000 0.0
vt 0.000000 0.000000 0.0
vt 0.000000 0.000000 0.0
vn 0.992126 1.913386 0.000000
vn 0.826772 0.551181 0.000000
vn 0.826772 0.551181 0.000000
f 393/1654/1459 377/1655/1460 376/1656/1461
#fvcolorindex 265 266 266 
usemtl m197CullBoth
vt 0.956055 -0.415039 0.0
vt 0.895508 -0.282227 0.0
vt 0.799805 -0.232422 0.0
#vcolor 165.000000 181.000000 213.000000 255.000000
f 392/1657 390/1658 388/1659
#fvcolorindex 310 310 310 
vt 0.956055 -0.415039 0.0
vt 0.799805 -0.232422 0.0
vt 0.712891 -0.289062 0.0
f 392/1660 388/1661 386/1662
#fvcolorindex 310 310 310 
vt 0.956055 -0.415039 0.0
vt 0.712891 -0.289062 0.0
vt 0.675781 -0.425781 0.0
f 392/1663 386/1664 384/1665
#fvcolorindex 310 310 310 
vt 0.956055 -0.415039 0.0
vt 0.675781 -0.425781 0.0
vt 0.705078 -0.578125 0.0
f 392/1666 384/1667 382/1668
#fvcolorindex 310 310 310 
vt 0.956055 -0.415039 0.0
vt 0.705078 -0.578125 0.0
vt 0.789062 -0.675781 0.0
f 392/1669 382/1670 380/1671
#fvcolorindex 310 310 310 
vt 0.956055 -0.415039 0.0
vt 0.789062 -0.675781 0.0
vt 0.885742 -0.671875 0.0
f 392/1672 380/1673 378/1674
#fvcolorindex 310 310 310 
vt 0.956055 -0.415039 0.0
vt 0.885742 -0.671875 0.0
vt 0.952148 -0.569336 0.0
f 392/1675 378/1676 377/1677
#fvcolorindex 310 310 310 
usemtl m198CullBothEnvMappingTexScaleS0.031250TexScaleT0.031250
vt 0.000000 0.000000 0.0
vt 0.000000 0.000000 0.0
vt 0.000000 0.000000 0.0
v -1.739126 70.125420 64.443436
#joint 39
#vjoint 394
#vcolor 2.000000 126.000000 0.000000 255.000000
v -1.739126 70.125420 14.443439
#joint 39
#vjoint 395
#vcolor 83.000000 95.000000 0.000000 255.000000
vn 0.015748 0.992126 0.000000
vn 0.015748 0.992126 0.000000
vn 0.653543 0.748031 0.000000
f 394/1678/1462 395/1679/1463 374/1680/1464
#fvcolorindex 311 311 312 
vt 0.000000 0.000000 0.0
vt 0.000000 0.000000 0.0
vt 0.000000 0.000000 0.0
vn 0.015748 0.992126 0.000000
vn 0.653543 0.748031 0.000000
vn 0.653543 0.748031 0.000000
f 394/1681/1465 374/1682/1466 345/1683/1467
#fvcolorindex 311 312 312 
usemtl m193CullBothEnvMappingTexScaleS0.031250TexScaleT0.031250
vt 0.000000 0.000000 0.0
vt 0.000000 0.000000 0.0
vt 0.000000 0.000000 0.0
v -1.739126 26.125420 40.443439
#joint 39
#vjoint 396
vn 1.047244 1.779528 0.000000
vn 1.047244 1.779528 0.000000
vn 1.125984 0.440945 0.000000
f 394/1684/1468 395/1685/1469 396/1686/1470
#fvcolorindex 270 270 269 
vt 0.000000 0.000000 0.0
vt 0.000000 0.000000 0.0
vt 0.000000 0.000000 0.0
v -1.739126 26.125420 71.443436
#joint 39
#vjoint 397
vn 1.047244 1.779528 0.000000
vn 1.125984 0.440945 0.000000
vn 1.125984 0.440945 0.000000
f 394/1687/1471 396/1688/1472 397/1689/1473
#fvcolorindex 270 269 269 
usemtl m198CullBothEnvMappingTexScaleS0.031250TexScaleT0.031250
vt 0.000000 0.000000 0.0
vt 0.000000 0.000000 0.0
vt 0.000000 0.000000 0.0
v -7.739126 26.125420 40.443439
#joint 39
#vjoint 398
vn 0.015748 0.992126 0.000000
vn 0.015748 0.992126 0.000000
vn 0.653543 0.748031 0.000000
f 397/1690/1474 396/1691/1475 398/1692/1476
#fvcolorindex 311 311 312 
vt 0.000000 0.000000 0.0
vt 0.000000 0.000000 0.0
vt 0.000000 0.000000 0.0
v -7.739126 26.125420 71.443436
#joint 39
#vjoint 399
vn 0.015748 0.992126 0.000000
vn 0.653543 0.748031 0.000000
vn 0.653543 0.748031 0.000000
f 397/1693/1477 398/1694/1478 399/1695/1479
#fvcolorindex 311 312 312 
